Copyright 1986-2022 Xilinx, Inc. All Rights Reserved. Copyright 2022-2026 Advanced Micro Devices, Inc. All Rights Reserved.
---------------------------------------------------------------------------------------------------------------------------------------------------------------------------------------------------------------------------------------------------------------
| Tool Version : Vivado v.2026.1 (win64) Build 6511674 Tue Jun 16 11:02:23 MDT 2026
| Date         : Mon Sep 14 03:17:38 2026
| Host         : harrylt running 64-bit major release  (build 9200)
| Command      : report_timing_summary -max_paths 10 -routable_nets -report_unconstrained -file lab2_segment_scan_timing_summary_routed.rpt -pb lab2_segment_scan_timing_summary_routed.pb -rpx lab2_segment_scan_timing_summary_routed.rpx -warn_on_violation
| Design       : lab2_segment_scan
| Device       : 7s75-fgga484
| Speed File   : -1  PRODUCTION 1.23 2018-06-13
| Design State : Routed
---------------------------------------------------------------------------------------------------------------------------------------------------------------------------------------------------------------------------------------------------------------

Timing Summary Report

------------------------------------------------------------------------------------------------
| Timer Settings
| --------------
------------------------------------------------------------------------------------------------

  Enable Multi Corner Analysis               :  Yes
  Enable Pessimism Removal                   :  Yes
  Pessimism Removal Resolution               :  Nearest Common Node
  Enable Input Delay Default Clock           :  No
  Enable Preset / Clear Arcs                 :  No
  Disable Flight Delays                      :  No
  Ignore I/O Paths                           :  No
  Timing Early Launch at Borrowing Latches   :  No
  Borrow Time for Max Delay Exceptions       :  Yes
  Merge Timing Exceptions                    :  Yes
  Inter-SLR Compensation                     :  Conservative

  Corner  Analyze    Analyze    
  Name    Max Paths  Min Paths  
  ------  ---------  ---------  
  Slow    Yes        Yes        
  Fast    Yes        Yes        


------------------------------------------------------------------------------------------------
| Report Methodology
| ------------------
------------------------------------------------------------------------------------------------

Rule       Severity  Description                    Violations  
---------  --------  -----------------------------  ----------  
TIMING-18  Warning   Missing input or output delay  24          

Note: This report is based on the most recent report_methodology run and may not be up-to-date. Run report_methodology on the current design for the latest report.



check_timing report

Table of Contents
-----------------
1. checking no_clock (0)
2. checking constant_clock (0)
3. checking pulse_width_clock (0)
4. checking unconstrained_internal_endpoints (0)
5. checking no_input_delay (5)
6. checking no_output_delay (18)
7. checking multiple_clock (0)
8. checking generated_clocks (0)
9. checking loops (0)
10. checking partial_input_delay (0)
11. checking partial_output_delay (0)
12. checking latch_loops (0)

1. checking no_clock (0)
------------------------
 There are 0 register/latch pins with no clock.


2. checking constant_clock (0)
------------------------------
 There are 0 register/latch pins with constant_clock.


3. checking pulse_width_clock (0)
---------------------------------
 There are 0 register/latch pins which need pulse_width check


4. checking unconstrained_internal_endpoints (0)
------------------------------------------------
 There are 0 pins that are not constrained for maximum delay.

 There are 0 pins that are not constrained for maximum delay due to constant clock.


5. checking no_input_delay (5)
------------------------------
 There are 0 input ports with no input delay specified.

 There are 5 input ports with no input delay but user has a false path constraint. (MEDIUM)


6. checking no_output_delay (18)
--------------------------------
 There are 18 ports with no output delay specified. (HIGH)

 There are 0 ports with no output delay but user has a false path constraint

 There are 0 ports with no output delay but with a timing clock defined on it or propagating through it


7. checking multiple_clock (0)
------------------------------
 There are 0 register/latch pins with multiple clocks.


8. checking generated_clocks (0)
--------------------------------
 There are 0 generated clocks that are not connected to a clock source.


9. checking loops (0)
---------------------
 There are 0 combinational loops in the design.


10. checking partial_input_delay (0)
------------------------------------
 There are 0 input ports with partial input delay specified.


11. checking partial_output_delay (0)
-------------------------------------
 There are 0 ports with partial output delay specified.


12. checking latch_loops (0)
----------------------------
 There are 0 combinational latch loops in the design through latch input



------------------------------------------------------------------------------------------------
| Design Timing Summary
| ---------------------
------------------------------------------------------------------------------------------------

    WNS(ns)      TNS(ns)  TNS Failing Endpoints  TNS Total Endpoints      WHS(ns)      THS(ns)  THS Failing Endpoints  THS Total Endpoints     WPWS(ns)     TPWS(ns)  TPWS Failing Endpoints  TPWS Total Endpoints  
    -------      -------  ---------------------  -------------------      -------      -------  ---------------------  -------------------     --------     --------  ----------------------  --------------------  
 999998.062        0.000                      0                   17        0.119        0.000                      0                   17   499999.375        0.000                       0                    15  


All user specified timing constraints are met.


------------------------------------------------------------------------------------------------
| Clock Summary
| -------------
------------------------------------------------------------------------------------------------

Clock         Waveform(ns)               Period(ns)      Frequency(MHz)
-----         ------------               ----------      --------------
trainer_1khz  {0.000 500000.031}         1000000.000     0.001           


------------------------------------------------------------------------------------------------
| Intra Clock Table
| -----------------
------------------------------------------------------------------------------------------------

Clock             WNS(ns)      TNS(ns)  TNS Failing Endpoints  TNS Total Endpoints      WHS(ns)      THS(ns)  THS Failing Endpoints  THS Total Endpoints     WPWS(ns)     TPWS(ns)  TPWS Failing Endpoints  TPWS Total Endpoints  
-----             -------      -------  ---------------------  -------------------      -------      -------  ---------------------  -------------------     --------     --------  ----------------------  --------------------  
trainer_1khz   999998.062        0.000                      0                    9        0.119        0.000                      0                    9   499999.375        0.000                       0                    15  


------------------------------------------------------------------------------------------------
| Inter Clock Table
| -----------------
------------------------------------------------------------------------------------------------

From Clock    To Clock          WNS(ns)      TNS(ns)  TNS Failing Endpoints  TNS Total Endpoints      WHS(ns)      THS(ns)  THS Failing Endpoints  THS Total Endpoints  
----------    --------          -------      -------  ---------------------  -------------------      -------      -------  ---------------------  -------------------  


------------------------------------------------------------------------------------------------
| Other Path Groups Table
| -----------------------
------------------------------------------------------------------------------------------------

Path Group         From Clock         To Clock               WNS(ns)      TNS(ns)  TNS Failing Endpoints  TNS Total Endpoints      WHS(ns)      THS(ns)  THS Failing Endpoints  THS Total Endpoints  
----------         ----------         --------               -------      -------  ---------------------  -------------------      -------      -------  ---------------------  -------------------  
**async_default**  trainer_1khz       trainer_1khz        999998.438        0.000                      0                    8        0.494        0.000                      0                    8  


------------------------------------------------------------------------------------------------
| User Ignored Path Table
| -----------------------
------------------------------------------------------------------------------------------------

Path Group    From Clock    To Clock    
----------    ----------    --------    
(none)                      trainer_1khz  


------------------------------------------------------------------------------------------------
| Unconstrained Path Table
| ------------------------
------------------------------------------------------------------------------------------------

Path Group    From Clock    To Clock    
----------    ----------    --------    
(none)        trainer_1khz                


------------------------------------------------------------------------------------------------
| Timing Details
| --------------
------------------------------------------------------------------------------------------------


---------------------------------------------------------------------------------------------------
From Clock:  trainer_1khz
  To Clock:  trainer_1khz

Setup :            0  Failing Endpoints,  Worst Slack   999998.062ns,  Total Violation        0.000ns
Hold  :            0  Failing Endpoints,  Worst Slack        0.119ns,  Total Violation        0.000ns
PW    :            0  Failing Endpoints,  Worst Slack   499999.375ns,  Total Violation        0.000ns
---------------------------------------------------------------------------------------------------


Max Delay Paths
--------------------------------------------------------------------------------------
Slack (MET) :             999998.062ns  (required time - arrival time)
  Source:                 inputs/reset_pipe_reg[1]/C
                            (rising edge-triggered cell FDPE clocked by trainer_1khz  {rise@0.000ns fall@500000.031ns period=1000000.000ns})
  Destination:            core/blank_reg/D
                            (rising edge-triggered cell FDRE clocked by trainer_1khz  {rise@0.000ns fall@500000.031ns period=1000000.000ns})
  Path Group:             trainer_1khz
  Path Type:              Setup (Max at Slow Process Corner)
  Requirement:            1000000.062ns  (trainer_1khz rise@1000000.062ns - trainer_1khz rise@0.000ns)
  Data Path Delay:        1.811ns  (logic 0.773ns (42.695%)  route 1.038ns (57.305%))
  Logic Levels:           1  (LUT2=1)
  Clock Path Skew:        -0.023ns (DCD - SCD + CPR)
    Destination Clock Delay (DCD):    5.286ns = ( 1000005.375 - 1000000.062 ) 
    Source Clock Delay      (SCD):    5.599ns
    Clock Pessimism Removal (CPR):    0.290ns
  Clock Uncertainty:      0.035ns  ((TSJ^2 + TIJ^2)^1/2 + DJ) / 2 + PE
    Total System Jitter     (TSJ):    0.071ns
    Total Input Jitter      (TIJ):    0.000ns
    Discrete Jitter          (DJ):    0.000ns
    Phase Error              (PE):    0.000ns

    Location             Delay type                Incr(ns)  Path(ns)    Netlist Resource(s)
  -------------------------------------------------------------------    -------------------
                         (clock trainer_1khz rise edge)
                                                      0.000     0.000 r  <hidden>
    B6                                                0.000     0.000 r  clk
                         net (fo=0)                   0.000     0.000    clk
    B6                   IBUF (Prop_ibuf_I_O)         1.500     1.500 r  clk_IBUF_inst/O
                         net (fo=1, routed)           2.315     3.815    clk_IBUF
    BUFGCTRL_X0Y16       BUFG (Prop_bufg_I_O)         0.096     3.911 r  clk_IBUF_BUFG_inst/O
                         net (fo=14, routed)          1.688     5.599    inputs/CLK
    SLICE_X84Y119        FDPE                                         r  inputs/reset_pipe_reg[1]/C
  -------------------------------------------------------------------    -------------------
    SLICE_X84Y119        FDPE (Prop_fdpe_C_Q)         0.478     6.077 r  inputs/reset_pipe_reg[1]/Q
                         net (fo=12, routed)          1.038     7.115    core/out[0]
    SLICE_X85Y118        LUT2 (Prop_lut2_I1_O)        0.295     7.410 r  core/blank_i_1/O
                         net (fo=1, routed)           0.000     7.410    core/blank_i_1_n_0
    SLICE_X85Y118        FDRE                                         r  core/blank_reg/D
  -------------------------------------------------------------------    -------------------

                         (clock trainer_1khz rise edge)
                                                  1000000.062 1000000.062 r  <hidden>
    B6                                                0.000 1000000.062 r  clk
                         net (fo=0)                   0.000 1000000.062    clk
    B6                   IBUF (Prop_ibuf_I_O)         1.429 1000001.500 r  clk_IBUF_inst/O
                         net (fo=1, routed)           2.196 1000003.688    clk_IBUF
    BUFGCTRL_X0Y16       BUFG (Prop_bufg_I_O)         0.091 1000003.750 r  clk_IBUF_BUFG_inst/O
                         net (fo=14, routed)          1.570 1000005.312    core/CLK
    SLICE_X85Y118        FDRE                                         r  core/blank_reg/C
                         clock pessimism              0.290 1000005.625    <hidden>
                         clock uncertainty           -0.035 1000005.562    <hidden>
    SLICE_X85Y118        FDRE (Setup_fdre_C_D)        0.029 1000005.562    core/blank_reg
  -------------------------------------------------------------------
                         required time                      1000005.500    <hidden>
                         arrival time                          -7.410    <hidden>
  -------------------------------------------------------------------
                         slack                              999998.062    <hidden>

Slack (MET) :             999998.188ns  (required time - arrival time)
  Source:                 inputs/reset_pipe_reg[1]/C
                            (rising edge-triggered cell FDPE clocked by trainer_1khz  {rise@0.000ns fall@500000.031ns period=1000000.000ns})
  Destination:            core/index_reg[0]/D
                            (rising edge-triggered cell FDRE clocked by trainer_1khz  {rise@0.000ns fall@500000.031ns period=1000000.000ns})
  Path Group:             trainer_1khz
  Path Type:              Setup (Max at Slow Process Corner)
  Requirement:            1000000.062ns  (trainer_1khz rise@1000000.062ns - trainer_1khz rise@0.000ns)
  Data Path Delay:        1.839ns  (logic 0.801ns (43.568%)  route 1.038ns (56.432%))
  Logic Levels:           1  (LUT3=1)
  Clock Path Skew:        -0.023ns (DCD - SCD + CPR)
    Destination Clock Delay (DCD):    5.286ns = ( 1000005.375 - 1000000.062 ) 
    Source Clock Delay      (SCD):    5.599ns
    Clock Pessimism Removal (CPR):    0.290ns
  Clock Uncertainty:      0.035ns  ((TSJ^2 + TIJ^2)^1/2 + DJ) / 2 + PE
    Total System Jitter     (TSJ):    0.071ns
    Total Input Jitter      (TIJ):    0.000ns
    Discrete Jitter          (DJ):    0.000ns
    Phase Error              (PE):    0.000ns

    Location             Delay type                Incr(ns)  Path(ns)    Netlist Resource(s)
  -------------------------------------------------------------------    -------------------
                         (clock trainer_1khz rise edge)
                                                      0.000     0.000 r  <hidden>
    B6                                                0.000     0.000 r  clk
                         net (fo=0)                   0.000     0.000    clk
    B6                   IBUF (Prop_ibuf_I_O)         1.500     1.500 r  clk_IBUF_inst/O
                         net (fo=1, routed)           2.315     3.815    clk_IBUF
    BUFGCTRL_X0Y16       BUFG (Prop_bufg_I_O)         0.096     3.911 r  clk_IBUF_BUFG_inst/O
                         net (fo=14, routed)          1.688     5.599    inputs/CLK
    SLICE_X84Y119        FDPE                                         r  inputs/reset_pipe_reg[1]/C
  -------------------------------------------------------------------    -------------------
    SLICE_X84Y119        FDPE (Prop_fdpe_C_Q)         0.478     6.077 f  inputs/reset_pipe_reg[1]/Q
                         net (fo=12, routed)          1.038     7.115    core/out[0]
    SLICE_X85Y118        LUT3 (Prop_lut3_I2_O)        0.323     7.438 r  core/index[0]_i_1/O
                         net (fo=1, routed)           0.000     7.438    core/index[0]_i_1_n_0
    SLICE_X85Y118        FDRE                                         r  core/index_reg[0]/D
  -------------------------------------------------------------------    -------------------

                         (clock trainer_1khz rise edge)
                                                  1000000.062 1000000.062 r  <hidden>
    B6                                                0.000 1000000.062 r  clk
                         net (fo=0)                   0.000 1000000.062    clk
    B6                   IBUF (Prop_ibuf_I_O)         1.429 1000001.500 r  clk_IBUF_inst/O
                         net (fo=1, routed)           2.196 1000003.688    clk_IBUF
    BUFGCTRL_X0Y16       BUFG (Prop_bufg_I_O)         0.091 1000003.750 r  clk_IBUF_BUFG_inst/O
                         net (fo=14, routed)          1.570 1000005.312    core/CLK
    SLICE_X85Y118        FDRE                                         r  core/index_reg[0]/C
                         clock pessimism              0.290 1000005.625    <hidden>
                         clock uncertainty           -0.035 1000005.562    <hidden>
    SLICE_X85Y118        FDRE (Setup_fdre_C_D)        0.075 1000005.625    core/index_reg[0]
  -------------------------------------------------------------------
                         required time                      1000005.625    <hidden>
                         arrival time                          -7.438    <hidden>
  -------------------------------------------------------------------
                         slack                              999998.188    <hidden>

Slack (MET) :             999998.312ns  (required time - arrival time)
  Source:                 core/index_reg[1]/C
                            (rising edge-triggered cell FDRE clocked by trainer_1khz  {rise@0.000ns fall@500000.031ns period=1000000.000ns})
  Destination:            core/index_reg[2]/D
                            (rising edge-triggered cell FDRE clocked by trainer_1khz  {rise@0.000ns fall@500000.031ns period=1000000.000ns})
  Path Group:             trainer_1khz
  Path Type:              Setup (Max at Slow Process Corner)
  Requirement:            1000000.062ns  (trainer_1khz rise@1000000.062ns - trainer_1khz rise@0.000ns)
  Data Path Delay:        1.738ns  (logic 0.642ns (36.936%)  route 1.096ns (63.064%))
  Logic Levels:           1  (LUT5=1)
  Clock Path Skew:        -0.024ns (DCD - SCD + CPR)
    Destination Clock Delay (DCD):    5.284ns = ( 1000005.375 - 1000000.062 ) 
    Source Clock Delay      (SCD):    5.598ns
    Clock Pessimism Removal (CPR):    0.290ns
  Clock Uncertainty:      0.035ns  ((TSJ^2 + TIJ^2)^1/2 + DJ) / 2 + PE
    Total System Jitter     (TSJ):    0.071ns
    Total Input Jitter      (TIJ):    0.000ns
    Discrete Jitter          (DJ):    0.000ns
    Phase Error              (PE):    0.000ns

    Location             Delay type                Incr(ns)  Path(ns)    Netlist Resource(s)
  -------------------------------------------------------------------    -------------------
                         (clock trainer_1khz rise edge)
                                                      0.000     0.000 r  <hidden>
    B6                                                0.000     0.000 r  clk
                         net (fo=0)                   0.000     0.000    clk
    B6                   IBUF (Prop_ibuf_I_O)         1.500     1.500 r  clk_IBUF_inst/O
                         net (fo=1, routed)           2.315     3.815    clk_IBUF
    BUFGCTRL_X0Y16       BUFG (Prop_bufg_I_O)         0.096     3.911 r  clk_IBUF_BUFG_inst/O
                         net (fo=14, routed)          1.687     5.598    core/CLK
    SLICE_X84Y120        FDRE                                         r  core/index_reg[1]/C
  -------------------------------------------------------------------    -------------------
    SLICE_X84Y120        FDRE (Prop_fdre_C_Q)         0.518     6.116 r  core/index_reg[1]/Q
                         net (fo=15, routed)          1.096     7.212    core/led_OBUF[1]
    SLICE_X84Y121        LUT5 (Prop_lut5_I2_O)        0.124     7.336 r  core/index[2]_i_1/O
                         net (fo=1, routed)           0.000     7.336    core/index[2]_i_1_n_0
    SLICE_X84Y121        FDRE                                         r  core/index_reg[2]/D
  -------------------------------------------------------------------    -------------------

                         (clock trainer_1khz rise edge)
                                                  1000000.062 1000000.062 r  <hidden>
    B6                                                0.000 1000000.062 r  clk
                         net (fo=0)                   0.000 1000000.062    clk
    B6                   IBUF (Prop_ibuf_I_O)         1.429 1000001.500 r  clk_IBUF_inst/O
                         net (fo=1, routed)           2.196 1000003.688    clk_IBUF
    BUFGCTRL_X0Y16       BUFG (Prop_bufg_I_O)         0.091 1000003.750 r  clk_IBUF_BUFG_inst/O
                         net (fo=14, routed)          1.568 1000005.312    core/CLK
    SLICE_X84Y121        FDRE                                         r  core/index_reg[2]/C
                         clock pessimism              0.290 1000005.625    <hidden>
                         clock uncertainty           -0.035 1000005.562    <hidden>
    SLICE_X84Y121        FDRE (Setup_fdre_C_D)        0.081 1000005.625    core/index_reg[2]
  -------------------------------------------------------------------
                         required time                      1000005.625    <hidden>
                         arrival time                          -7.336    <hidden>
  -------------------------------------------------------------------
                         slack                              999998.312    <hidden>

Slack (MET) :             999998.438ns  (required time - arrival time)
  Source:                 inputs/reset_pipe_reg[1]/C
                            (rising edge-triggered cell FDPE clocked by trainer_1khz  {rise@0.000ns fall@500000.031ns period=1000000.000ns})
  Destination:            core/index_reg[1]/D
                            (rising edge-triggered cell FDRE clocked by trainer_1khz  {rise@0.000ns fall@500000.031ns period=1000000.000ns})
  Path Group:             trainer_1khz
  Path Type:              Setup (Max at Slow Process Corner)
  Requirement:            1000000.062ns  (trainer_1khz rise@1000000.062ns - trainer_1khz rise@0.000ns)
  Data Path Delay:        1.617ns  (logic 0.773ns (47.803%)  route 0.844ns (52.197%))
  Logic Levels:           1  (LUT4=1)
  Clock Path Skew:        -0.024ns (DCD - SCD + CPR)
    Destination Clock Delay (DCD):    5.285ns = ( 1000005.375 - 1000000.062 ) 
    Source Clock Delay      (SCD):    5.599ns
    Clock Pessimism Removal (CPR):    0.290ns
  Clock Uncertainty:      0.035ns  ((TSJ^2 + TIJ^2)^1/2 + DJ) / 2 + PE
    Total System Jitter     (TSJ):    0.071ns
    Total Input Jitter      (TIJ):    0.000ns
    Discrete Jitter          (DJ):    0.000ns
    Phase Error              (PE):    0.000ns

    Location             Delay type                Incr(ns)  Path(ns)    Netlist Resource(s)
  -------------------------------------------------------------------    -------------------
                         (clock trainer_1khz rise edge)
                                                      0.000     0.000 r  <hidden>
    B6                                                0.000     0.000 r  clk
                         net (fo=0)                   0.000     0.000    clk
    B6                   IBUF (Prop_ibuf_I_O)         1.500     1.500 r  clk_IBUF_inst/O
                         net (fo=1, routed)           2.315     3.815    clk_IBUF
    BUFGCTRL_X0Y16       BUFG (Prop_bufg_I_O)         0.096     3.911 r  clk_IBUF_BUFG_inst/O
                         net (fo=14, routed)          1.688     5.599    inputs/CLK
    SLICE_X84Y119        FDPE                                         r  inputs/reset_pipe_reg[1]/C
  -------------------------------------------------------------------    -------------------
    SLICE_X84Y119        FDPE (Prop_fdpe_C_Q)         0.478     6.077 f  inputs/reset_pipe_reg[1]/Q
                         net (fo=12, routed)          0.844     6.921    core/out[0]
    SLICE_X84Y120        LUT4 (Prop_lut4_I3_O)        0.295     7.216 r  core/index[1]_i_1/O
                         net (fo=1, routed)           0.000     7.216    core/index[1]_i_1_n_0
    SLICE_X84Y120        FDRE                                         r  core/index_reg[1]/D
  -------------------------------------------------------------------    -------------------

                         (clock trainer_1khz rise edge)
                                                  1000000.062 1000000.062 r  <hidden>
    B6                                                0.000 1000000.062 r  clk
                         net (fo=0)                   0.000 1000000.062    clk
    B6                   IBUF (Prop_ibuf_I_O)         1.429 1000001.500 r  clk_IBUF_inst/O
                         net (fo=1, routed)           2.196 1000003.688    clk_IBUF
    BUFGCTRL_X0Y16       BUFG (Prop_bufg_I_O)         0.091 1000003.750 r  clk_IBUF_BUFG_inst/O
                         net (fo=14, routed)          1.569 1000005.312    core/CLK
    SLICE_X84Y120        FDRE                                         r  core/index_reg[1]/C
                         clock pessimism              0.290 1000005.625    <hidden>
                         clock uncertainty           -0.035 1000005.562    <hidden>
    SLICE_X84Y120        FDRE (Setup_fdre_C_D)        0.077 1000005.625    core/index_reg[1]
  -------------------------------------------------------------------
                         required time                      1000005.625    <hidden>
                         arrival time                          -7.216    <hidden>
  -------------------------------------------------------------------
                         slack                              999998.438    <hidden>

Slack (MET) :             999999.250ns  (required time - arrival time)
  Source:                 inputs/sw_meta_reg[5]/C
                            (rising edge-triggered cell FDCE clocked by trainer_1khz  {rise@0.000ns fall@500000.031ns period=1000000.000ns})
  Destination:            inputs/sw_sync_reg[5]/D
                            (rising edge-triggered cell FDCE clocked by trainer_1khz  {rise@0.000ns fall@500000.031ns period=1000000.000ns})
  Path Group:             trainer_1khz
  Path Type:              Setup (Max at Slow Process Corner)
  Requirement:            1000000.062ns  (trainer_1khz rise@1000000.062ns - trainer_1khz rise@0.000ns)
  Data Path Delay:        0.646ns  (logic 0.456ns (70.599%)  route 0.190ns (29.401%))
  Logic Levels:           0  
  Clock Path Skew:        0.000ns (DCD - SCD + CPR)
    Destination Clock Delay (DCD):    5.285ns = ( 1000005.375 - 1000000.062 ) 
    Source Clock Delay      (SCD):    5.599ns
    Clock Pessimism Removal (CPR):    0.314ns
  Clock Uncertainty:      0.035ns  ((TSJ^2 + TIJ^2)^1/2 + DJ) / 2 + PE
    Total System Jitter     (TSJ):    0.071ns
    Total Input Jitter      (TIJ):    0.000ns
    Discrete Jitter          (DJ):    0.000ns
    Phase Error              (PE):    0.000ns

    Location             Delay type                Incr(ns)  Path(ns)    Netlist Resource(s)
  -------------------------------------------------------------------    -------------------
                         (clock trainer_1khz rise edge)
                                                      0.000     0.000 r  <hidden>
    B6                                                0.000     0.000 r  clk
                         net (fo=0)                   0.000     0.000    clk
    B6                   IBUF (Prop_ibuf_I_O)         1.500     1.500 r  clk_IBUF_inst/O
                         net (fo=1, routed)           2.315     3.815    clk_IBUF
    BUFGCTRL_X0Y16       BUFG (Prop_bufg_I_O)         0.096     3.911 r  clk_IBUF_BUFG_inst/O
                         net (fo=14, routed)          1.688     5.599    inputs/CLK
    SLICE_X85Y119        FDCE                                         r  inputs/sw_meta_reg[5]/C
  -------------------------------------------------------------------    -------------------
    SLICE_X85Y119        FDCE (Prop_fdce_C_Q)         0.456     6.055 r  inputs/sw_meta_reg[5]/Q
                         net (fo=1, routed)           0.190     6.245    inputs/sw_meta[5]
    SLICE_X85Y119        FDCE                                         r  inputs/sw_sync_reg[5]/D
  -------------------------------------------------------------------    -------------------

                         (clock trainer_1khz rise edge)
                                                  1000000.062 1000000.062 r  <hidden>
    B6                                                0.000 1000000.062 r  clk
                         net (fo=0)                   0.000 1000000.062    clk
    B6                   IBUF (Prop_ibuf_I_O)         1.429 1000001.500 r  clk_IBUF_inst/O
                         net (fo=1, routed)           2.196 1000003.688    clk_IBUF
    BUFGCTRL_X0Y16       BUFG (Prop_bufg_I_O)         0.091 1000003.750 r  clk_IBUF_BUFG_inst/O
                         net (fo=14, routed)          1.569 1000005.312    inputs/CLK
    SLICE_X85Y119        FDCE                                         r  inputs/sw_sync_reg[5]/C
                         clock pessimism              0.314 1000005.625    <hidden>
                         clock uncertainty           -0.035 1000005.562    <hidden>
    SLICE_X85Y119        FDCE (Setup_fdce_C_D)       -0.062 1000005.500    inputs/sw_sync_reg[5]
  -------------------------------------------------------------------
                         required time                      1000005.500    <hidden>
                         arrival time                          -6.245    <hidden>
  -------------------------------------------------------------------
                         slack                              999999.250    <hidden>

Slack (MET) :             999999.375ns  (required time - arrival time)
  Source:                 inputs/reset_pipe_reg[0]/C
                            (rising edge-triggered cell FDPE clocked by trainer_1khz  {rise@0.000ns fall@500000.031ns period=1000000.000ns})
  Destination:            inputs/reset_pipe_reg[1]/D
                            (rising edge-triggered cell FDPE clocked by trainer_1khz  {rise@0.000ns fall@500000.031ns period=1000000.000ns})
  Path Group:             trainer_1khz
  Path Type:              Setup (Max at Slow Process Corner)
  Requirement:            1000000.062ns  (trainer_1khz rise@1000000.062ns - trainer_1khz rise@0.000ns)
  Data Path Delay:        0.708ns  (logic 0.518ns (73.174%)  route 0.190ns (26.826%))
  Logic Levels:           0  
  Clock Path Skew:        0.000ns (DCD - SCD + CPR)
    Destination Clock Delay (DCD):    5.285ns = ( 1000005.375 - 1000000.062 ) 
    Source Clock Delay      (SCD):    5.599ns
    Clock Pessimism Removal (CPR):    0.314ns
  Clock Uncertainty:      0.035ns  ((TSJ^2 + TIJ^2)^1/2 + DJ) / 2 + PE
    Total System Jitter     (TSJ):    0.071ns
    Total Input Jitter      (TIJ):    0.000ns
    Discrete Jitter          (DJ):    0.000ns
    Phase Error              (PE):    0.000ns

    Location             Delay type                Incr(ns)  Path(ns)    Netlist Resource(s)
  -------------------------------------------------------------------    -------------------
                         (clock trainer_1khz rise edge)
                                                      0.000     0.000 r  <hidden>
    B6                                                0.000     0.000 r  clk
                         net (fo=0)                   0.000     0.000    clk
    B6                   IBUF (Prop_ibuf_I_O)         1.500     1.500 r  clk_IBUF_inst/O
                         net (fo=1, routed)           2.315     3.815    clk_IBUF
    BUFGCTRL_X0Y16       BUFG (Prop_bufg_I_O)         0.096     3.911 r  clk_IBUF_BUFG_inst/O
                         net (fo=14, routed)          1.688     5.599    inputs/CLK
    SLICE_X84Y119        FDPE                                         r  inputs/reset_pipe_reg[0]/C
  -------------------------------------------------------------------    -------------------
    SLICE_X84Y119        FDPE (Prop_fdpe_C_Q)         0.518     6.117 r  inputs/reset_pipe_reg[0]/Q
                         net (fo=1, routed)           0.190     6.307    inputs/reset_pipe[0]
    SLICE_X84Y119        FDPE                                         r  inputs/reset_pipe_reg[1]/D
  -------------------------------------------------------------------    -------------------

                         (clock trainer_1khz rise edge)
                                                  1000000.062 1000000.062 r  <hidden>
    B6                                                0.000 1000000.062 r  clk
                         net (fo=0)                   0.000 1000000.062    clk
    B6                   IBUF (Prop_ibuf_I_O)         1.429 1000001.500 r  clk_IBUF_inst/O
                         net (fo=1, routed)           2.196 1000003.688    clk_IBUF
    BUFGCTRL_X0Y16       BUFG (Prop_bufg_I_O)         0.091 1000003.750 r  clk_IBUF_BUFG_inst/O
                         net (fo=14, routed)          1.569 1000005.312    inputs/CLK
    SLICE_X84Y119        FDPE                                         r  inputs/reset_pipe_reg[1]/C
                         clock pessimism              0.314 1000005.625    <hidden>
                         clock uncertainty           -0.035 1000005.562    <hidden>
    SLICE_X84Y119        FDPE (Setup_fdpe_C_D)       -0.016 1000005.562    inputs/reset_pipe_reg[1]
  -------------------------------------------------------------------
                         required time                      1000005.625    <hidden>
                         arrival time                          -6.307    <hidden>
  -------------------------------------------------------------------
                         slack                              999999.375    <hidden>

Slack (MET) :             999999.375ns  (required time - arrival time)
  Source:                 inputs/sw_meta_reg[4]/C
                            (rising edge-triggered cell FDCE clocked by trainer_1khz  {rise@0.000ns fall@500000.031ns period=1000000.000ns})
  Destination:            inputs/sw_sync_reg[4]/D
                            (rising edge-triggered cell FDCE clocked by trainer_1khz  {rise@0.000ns fall@500000.031ns period=1000000.000ns})
  Path Group:             trainer_1khz
  Path Type:              Setup (Max at Slow Process Corner)
  Requirement:            1000000.062ns  (trainer_1khz rise@1000000.062ns - trainer_1khz rise@0.000ns)
  Data Path Delay:        0.646ns  (logic 0.456ns (70.599%)  route 0.190ns (29.401%))
  Logic Levels:           0  
  Clock Path Skew:        0.000ns (DCD - SCD + CPR)
    Destination Clock Delay (DCD):    5.285ns = ( 1000005.375 - 1000000.062 ) 
    Source Clock Delay      (SCD):    5.599ns
    Clock Pessimism Removal (CPR):    0.314ns
  Clock Uncertainty:      0.035ns  ((TSJ^2 + TIJ^2)^1/2 + DJ) / 2 + PE
    Total System Jitter     (TSJ):    0.071ns
    Total Input Jitter      (TIJ):    0.000ns
    Discrete Jitter          (DJ):    0.000ns
    Phase Error              (PE):    0.000ns

    Location             Delay type                Incr(ns)  Path(ns)    Netlist Resource(s)
  -------------------------------------------------------------------    -------------------
                         (clock trainer_1khz rise edge)
                                                      0.000     0.000 r  <hidden>
    B6                                                0.000     0.000 r  clk
                         net (fo=0)                   0.000     0.000    clk
    B6                   IBUF (Prop_ibuf_I_O)         1.500     1.500 r  clk_IBUF_inst/O
                         net (fo=1, routed)           2.315     3.815    clk_IBUF
    BUFGCTRL_X0Y16       BUFG (Prop_bufg_I_O)         0.096     3.911 r  clk_IBUF_BUFG_inst/O
                         net (fo=14, routed)          1.688     5.599    inputs/CLK
    SLICE_X85Y119        FDCE                                         r  inputs/sw_meta_reg[4]/C
  -------------------------------------------------------------------    -------------------
    SLICE_X85Y119        FDCE (Prop_fdce_C_Q)         0.456     6.055 r  inputs/sw_meta_reg[4]/Q
                         net (fo=1, routed)           0.190     6.245    inputs/sw_meta[4]
    SLICE_X85Y119        FDCE                                         r  inputs/sw_sync_reg[4]/D
  -------------------------------------------------------------------    -------------------

                         (clock trainer_1khz rise edge)
                                                  1000000.062 1000000.062 r  <hidden>
    B6                                                0.000 1000000.062 r  clk
                         net (fo=0)                   0.000 1000000.062    clk
    B6                   IBUF (Prop_ibuf_I_O)         1.429 1000001.500 r  clk_IBUF_inst/O
                         net (fo=1, routed)           2.196 1000003.688    clk_IBUF
    BUFGCTRL_X0Y16       BUFG (Prop_bufg_I_O)         0.091 1000003.750 r  clk_IBUF_BUFG_inst/O
                         net (fo=14, routed)          1.569 1000005.312    inputs/CLK
    SLICE_X85Y119        FDCE                                         r  inputs/sw_sync_reg[4]/C
                         clock pessimism              0.314 1000005.625    <hidden>
                         clock uncertainty           -0.035 1000005.562    <hidden>
    SLICE_X85Y119        FDCE (Setup_fdce_C_D)       -0.047 1000005.500    inputs/sw_sync_reg[4]
  -------------------------------------------------------------------
                         required time                      1000005.625    <hidden>
                         arrival time                          -6.245    <hidden>
  -------------------------------------------------------------------
                         slack                              999999.375    <hidden>

Slack (MET) :             999999.375ns  (required time - arrival time)
  Source:                 inputs/sw_meta_reg[6]/C
                            (rising edge-triggered cell FDCE clocked by trainer_1khz  {rise@0.000ns fall@500000.031ns period=1000000.000ns})
  Destination:            inputs/sw_sync_reg[6]/D
                            (rising edge-triggered cell FDCE clocked by trainer_1khz  {rise@0.000ns fall@500000.031ns period=1000000.000ns})
  Path Group:             trainer_1khz
  Path Type:              Setup (Max at Slow Process Corner)
  Requirement:            1000000.062ns  (trainer_1khz rise@1000000.062ns - trainer_1khz rise@0.000ns)
  Data Path Delay:        0.646ns  (logic 0.456ns (70.599%)  route 0.190ns (29.401%))
  Logic Levels:           0  
  Clock Path Skew:        0.000ns (DCD - SCD + CPR)
    Destination Clock Delay (DCD):    5.285ns = ( 1000005.375 - 1000000.062 ) 
    Source Clock Delay      (SCD):    5.599ns
    Clock Pessimism Removal (CPR):    0.314ns
  Clock Uncertainty:      0.035ns  ((TSJ^2 + TIJ^2)^1/2 + DJ) / 2 + PE
    Total System Jitter     (TSJ):    0.071ns
    Total Input Jitter      (TIJ):    0.000ns
    Discrete Jitter          (DJ):    0.000ns
    Phase Error              (PE):    0.000ns

    Location             Delay type                Incr(ns)  Path(ns)    Netlist Resource(s)
  -------------------------------------------------------------------    -------------------
                         (clock trainer_1khz rise edge)
                                                      0.000     0.000 r  <hidden>
    B6                                                0.000     0.000 r  clk
                         net (fo=0)                   0.000     0.000    clk
    B6                   IBUF (Prop_ibuf_I_O)         1.500     1.500 r  clk_IBUF_inst/O
                         net (fo=1, routed)           2.315     3.815    clk_IBUF
    BUFGCTRL_X0Y16       BUFG (Prop_bufg_I_O)         0.096     3.911 r  clk_IBUF_BUFG_inst/O
                         net (fo=14, routed)          1.688     5.599    inputs/CLK
    SLICE_X85Y119        FDCE                                         r  inputs/sw_meta_reg[6]/C
  -------------------------------------------------------------------    -------------------
    SLICE_X85Y119        FDCE (Prop_fdce_C_Q)         0.456     6.055 r  inputs/sw_meta_reg[6]/Q
                         net (fo=1, routed)           0.190     6.245    inputs/sw_meta[6]
    SLICE_X85Y119        FDCE                                         r  inputs/sw_sync_reg[6]/D
  -------------------------------------------------------------------    -------------------

                         (clock trainer_1khz rise edge)
                                                  1000000.062 1000000.062 r  <hidden>
    B6                                                0.000 1000000.062 r  clk
                         net (fo=0)                   0.000 1000000.062    clk
    B6                   IBUF (Prop_ibuf_I_O)         1.429 1000001.500 r  clk_IBUF_inst/O
                         net (fo=1, routed)           2.196 1000003.688    clk_IBUF
    BUFGCTRL_X0Y16       BUFG (Prop_bufg_I_O)         0.091 1000003.750 r  clk_IBUF_BUFG_inst/O
                         net (fo=14, routed)          1.569 1000005.312    inputs/CLK
    SLICE_X85Y119        FDCE                                         r  inputs/sw_sync_reg[6]/C
                         clock pessimism              0.314 1000005.625    <hidden>
                         clock uncertainty           -0.035 1000005.562    <hidden>
    SLICE_X85Y119        FDCE (Setup_fdce_C_D)       -0.043 1000005.500    inputs/sw_sync_reg[6]
  -------------------------------------------------------------------
                         required time                      1000005.625    <hidden>
                         arrival time                          -6.245    <hidden>
  -------------------------------------------------------------------
                         slack                              999999.375    <hidden>

Slack (MET) :             999999.375ns  (required time - arrival time)
  Source:                 inputs/sw_meta_reg[7]/C
                            (rising edge-triggered cell FDCE clocked by trainer_1khz  {rise@0.000ns fall@500000.031ns period=1000000.000ns})
  Destination:            inputs/sw_sync_reg[7]/D
                            (rising edge-triggered cell FDCE clocked by trainer_1khz  {rise@0.000ns fall@500000.031ns period=1000000.000ns})
  Path Group:             trainer_1khz
  Path Type:              Setup (Max at Slow Process Corner)
  Requirement:            1000000.062ns  (trainer_1khz rise@1000000.062ns - trainer_1khz rise@0.000ns)
  Data Path Delay:        0.646ns  (logic 0.456ns (70.599%)  route 0.190ns (29.401%))
  Logic Levels:           0  
  Clock Path Skew:        0.000ns (DCD - SCD + CPR)
    Destination Clock Delay (DCD):    5.285ns = ( 1000005.375 - 1000000.062 ) 
    Source Clock Delay      (SCD):    5.599ns
    Clock Pessimism Removal (CPR):    0.314ns
  Clock Uncertainty:      0.035ns  ((TSJ^2 + TIJ^2)^1/2 + DJ) / 2 + PE
    Total System Jitter     (TSJ):    0.071ns
    Total Input Jitter      (TIJ):    0.000ns
    Discrete Jitter          (DJ):    0.000ns
    Phase Error              (PE):    0.000ns

    Location             Delay type                Incr(ns)  Path(ns)    Netlist Resource(s)
  -------------------------------------------------------------------    -------------------
                         (clock trainer_1khz rise edge)
                                                      0.000     0.000 r  <hidden>
    B6                                                0.000     0.000 r  clk
                         net (fo=0)                   0.000     0.000    clk
    B6                   IBUF (Prop_ibuf_I_O)         1.500     1.500 r  clk_IBUF_inst/O
                         net (fo=1, routed)           2.315     3.815    clk_IBUF
    BUFGCTRL_X0Y16       BUFG (Prop_bufg_I_O)         0.096     3.911 r  clk_IBUF_BUFG_inst/O
                         net (fo=14, routed)          1.688     5.599    inputs/CLK
    SLICE_X85Y119        FDCE                                         r  inputs/sw_meta_reg[7]/C
  -------------------------------------------------------------------    -------------------
    SLICE_X85Y119        FDCE (Prop_fdce_C_Q)         0.456     6.055 r  inputs/sw_meta_reg[7]/Q
                         net (fo=1, routed)           0.190     6.245    inputs/sw_meta[7]
    SLICE_X85Y119        FDCE                                         r  inputs/sw_sync_reg[7]/D
  -------------------------------------------------------------------    -------------------

                         (clock trainer_1khz rise edge)
                                                  1000000.062 1000000.062 r  <hidden>
    B6                                                0.000 1000000.062 r  clk
                         net (fo=0)                   0.000 1000000.062    clk
    B6                   IBUF (Prop_ibuf_I_O)         1.429 1000001.500 r  clk_IBUF_inst/O
                         net (fo=1, routed)           2.196 1000003.688    clk_IBUF
    BUFGCTRL_X0Y16       BUFG (Prop_bufg_I_O)         0.091 1000003.750 r  clk_IBUF_BUFG_inst/O
                         net (fo=14, routed)          1.569 1000005.312    inputs/CLK
    SLICE_X85Y119        FDCE                                         r  inputs/sw_sync_reg[7]/C
                         clock pessimism              0.314 1000005.625    <hidden>
                         clock uncertainty           -0.035 1000005.562    <hidden>
    SLICE_X85Y119        FDCE (Setup_fdce_C_D)       -0.040 1000005.500    inputs/sw_sync_reg[7]
  -------------------------------------------------------------------
                         required time                      1000005.625    <hidden>
                         arrival time                          -6.245    <hidden>
  -------------------------------------------------------------------
                         slack                              999999.375    <hidden>





Min Delay Paths
--------------------------------------------------------------------------------------
Slack (MET) :             0.119ns  (arrival time - required time)
  Source:                 inputs/sw_meta_reg[7]/C
                            (rising edge-triggered cell FDCE clocked by trainer_1khz  {rise@0.000ns fall@500000.031ns period=1000000.000ns})
  Destination:            inputs/sw_sync_reg[7]/D
                            (rising edge-triggered cell FDCE clocked by trainer_1khz  {rise@0.000ns fall@500000.031ns period=1000000.000ns})
  Path Group:             trainer_1khz
  Path Type:              Hold (Min at Fast Process Corner)
  Requirement:            0.000ns  (trainer_1khz rise@0.000ns - trainer_1khz rise@0.000ns)
  Data Path Delay:        0.197ns  (logic 0.141ns (71.611%)  route 0.056ns (28.389%))
  Logic Levels:           0  
  Clock Path Skew:        0.000ns (DCD - SCD - CPR)
    Destination Clock Delay (DCD):    2.212ns
    Source Clock Delay      (SCD):    1.688ns
    Clock Pessimism Removal (CPR):    0.524ns

    Location             Delay type                Incr(ns)  Path(ns)    Netlist Resource(s)
  -------------------------------------------------------------------    -------------------
                         (clock trainer_1khz rise edge)
                                                      0.000     0.000 r  <hidden>
    B6                                                0.000     0.000 r  clk
                         net (fo=0)                   0.000     0.000    clk
    B6                   IBUF (Prop_ibuf_I_O)         0.268     0.268 r  clk_IBUF_inst/O
                         net (fo=1, routed)           0.808     1.075    clk_IBUF
    BUFGCTRL_X0Y16       BUFG (Prop_bufg_I_O)         0.026     1.101 r  clk_IBUF_BUFG_inst/O
                         net (fo=14, routed)          0.587     1.688    inputs/CLK
    SLICE_X85Y119        FDCE                                         r  inputs/sw_meta_reg[7]/C
  -------------------------------------------------------------------    -------------------
    SLICE_X85Y119        FDCE (Prop_fdce_C_Q)         0.141     1.829 r  inputs/sw_meta_reg[7]/Q
                         net (fo=1, routed)           0.056     1.885    inputs/sw_meta[7]
    SLICE_X85Y119        FDCE                                         r  inputs/sw_sync_reg[7]/D
  -------------------------------------------------------------------    -------------------

                         (clock trainer_1khz rise edge)
                                                      0.000     0.000 r  <hidden>
    B6                                                0.000     0.000 r  clk
                         net (fo=0)                   0.000     0.000    clk
    B6                   IBUF (Prop_ibuf_I_O)         0.456     0.456 r  clk_IBUF_inst/O
                         net (fo=1, routed)           0.871     1.327    clk_IBUF
    BUFGCTRL_X0Y16       BUFG (Prop_bufg_I_O)         0.029     1.356 r  clk_IBUF_BUFG_inst/O
                         net (fo=14, routed)          0.856     2.212    inputs/CLK
    SLICE_X85Y119        FDCE                                         r  inputs/sw_sync_reg[7]/C
                         clock pessimism             -0.524     1.688    <hidden>
    SLICE_X85Y119        FDCE (Hold_fdce_C_D)         0.078     1.766    inputs/sw_sync_reg[7]
  -------------------------------------------------------------------
                         required time                         -1.766    <hidden>
                         arrival time                           1.885    <hidden>
  -------------------------------------------------------------------
                         slack                                  0.119    <hidden>

Slack (MET) :             0.121ns  (arrival time - required time)
  Source:                 inputs/sw_meta_reg[6]/C
                            (rising edge-triggered cell FDCE clocked by trainer_1khz  {rise@0.000ns fall@500000.031ns period=1000000.000ns})
  Destination:            inputs/sw_sync_reg[6]/D
                            (rising edge-triggered cell FDCE clocked by trainer_1khz  {rise@0.000ns fall@500000.031ns period=1000000.000ns})
  Path Group:             trainer_1khz
  Path Type:              Hold (Min at Fast Process Corner)
  Requirement:            0.000ns  (trainer_1khz rise@0.000ns - trainer_1khz rise@0.000ns)
  Data Path Delay:        0.197ns  (logic 0.141ns (71.611%)  route 0.056ns (28.389%))
  Logic Levels:           0  
  Clock Path Skew:        0.000ns (DCD - SCD - CPR)
    Destination Clock Delay (DCD):    2.212ns
    Source Clock Delay      (SCD):    1.688ns
    Clock Pessimism Removal (CPR):    0.524ns

    Location             Delay type                Incr(ns)  Path(ns)    Netlist Resource(s)
  -------------------------------------------------------------------    -------------------
                         (clock trainer_1khz rise edge)
                                                      0.000     0.000 r  <hidden>
    B6                                                0.000     0.000 r  clk
                         net (fo=0)                   0.000     0.000    clk
    B6                   IBUF (Prop_ibuf_I_O)         0.268     0.268 r  clk_IBUF_inst/O
                         net (fo=1, routed)           0.808     1.075    clk_IBUF
    BUFGCTRL_X0Y16       BUFG (Prop_bufg_I_O)         0.026     1.101 r  clk_IBUF_BUFG_inst/O
                         net (fo=14, routed)          0.587     1.688    inputs/CLK
    SLICE_X85Y119        FDCE                                         r  inputs/sw_meta_reg[6]/C
  -------------------------------------------------------------------    -------------------
    SLICE_X85Y119        FDCE (Prop_fdce_C_Q)         0.141     1.829 r  inputs/sw_meta_reg[6]/Q
                         net (fo=1, routed)           0.056     1.885    inputs/sw_meta[6]
    SLICE_X85Y119        FDCE                                         r  inputs/sw_sync_reg[6]/D
  -------------------------------------------------------------------    -------------------

                         (clock trainer_1khz rise edge)
                                                      0.000     0.000 r  <hidden>
    B6                                                0.000     0.000 r  clk
                         net (fo=0)                   0.000     0.000    clk
    B6                   IBUF (Prop_ibuf_I_O)         0.456     0.456 r  clk_IBUF_inst/O
                         net (fo=1, routed)           0.871     1.327    clk_IBUF
    BUFGCTRL_X0Y16       BUFG (Prop_bufg_I_O)         0.029     1.356 r  clk_IBUF_BUFG_inst/O
                         net (fo=14, routed)          0.856     2.212    inputs/CLK
    SLICE_X85Y119        FDCE                                         r  inputs/sw_sync_reg[6]/C
                         clock pessimism             -0.524     1.688    <hidden>
    SLICE_X85Y119        FDCE (Hold_fdce_C_D)         0.076     1.764    inputs/sw_sync_reg[6]
  -------------------------------------------------------------------
                         required time                         -1.764    <hidden>
                         arrival time                           1.885    <hidden>
  -------------------------------------------------------------------
                         slack                                  0.121    <hidden>

Slack (MET) :             0.122ns  (arrival time - required time)
  Source:                 inputs/sw_meta_reg[4]/C
                            (rising edge-triggered cell FDCE clocked by trainer_1khz  {rise@0.000ns fall@500000.031ns period=1000000.000ns})
  Destination:            inputs/sw_sync_reg[4]/D
                            (rising edge-triggered cell FDCE clocked by trainer_1khz  {rise@0.000ns fall@500000.031ns period=1000000.000ns})
  Path Group:             trainer_1khz
  Path Type:              Hold (Min at Fast Process Corner)
  Requirement:            0.000ns  (trainer_1khz rise@0.000ns - trainer_1khz rise@0.000ns)
  Data Path Delay:        0.197ns  (logic 0.141ns (71.611%)  route 0.056ns (28.389%))
  Logic Levels:           0  
  Clock Path Skew:        0.000ns (DCD - SCD - CPR)
    Destination Clock Delay (DCD):    2.212ns
    Source Clock Delay      (SCD):    1.688ns
    Clock Pessimism Removal (CPR):    0.524ns

    Location             Delay type                Incr(ns)  Path(ns)    Netlist Resource(s)
  -------------------------------------------------------------------    -------------------
                         (clock trainer_1khz rise edge)
                                                      0.000     0.000 r  <hidden>
    B6                                                0.000     0.000 r  clk
                         net (fo=0)                   0.000     0.000    clk
    B6                   IBUF (Prop_ibuf_I_O)         0.268     0.268 r  clk_IBUF_inst/O
                         net (fo=1, routed)           0.808     1.075    clk_IBUF
    BUFGCTRL_X0Y16       BUFG (Prop_bufg_I_O)         0.026     1.101 r  clk_IBUF_BUFG_inst/O
                         net (fo=14, routed)          0.587     1.688    inputs/CLK
    SLICE_X85Y119        FDCE                                         r  inputs/sw_meta_reg[4]/C
  -------------------------------------------------------------------    -------------------
    SLICE_X85Y119        FDCE (Prop_fdce_C_Q)         0.141     1.829 r  inputs/sw_meta_reg[4]/Q
                         net (fo=1, routed)           0.056     1.885    inputs/sw_meta[4]
    SLICE_X85Y119        FDCE                                         r  inputs/sw_sync_reg[4]/D
  -------------------------------------------------------------------    -------------------

                         (clock trainer_1khz rise edge)
                                                      0.000     0.000 r  <hidden>
    B6                                                0.000     0.000 r  clk
                         net (fo=0)                   0.000     0.000    clk
    B6                   IBUF (Prop_ibuf_I_O)         0.456     0.456 r  clk_IBUF_inst/O
                         net (fo=1, routed)           0.871     1.327    clk_IBUF
    BUFGCTRL_X0Y16       BUFG (Prop_bufg_I_O)         0.029     1.356 r  clk_IBUF_BUFG_inst/O
                         net (fo=14, routed)          0.856     2.212    inputs/CLK
    SLICE_X85Y119        FDCE                                         r  inputs/sw_sync_reg[4]/C
                         clock pessimism             -0.524     1.688    <hidden>
    SLICE_X85Y119        FDCE (Hold_fdce_C_D)         0.075     1.763    inputs/sw_sync_reg[4]
  -------------------------------------------------------------------
                         required time                         -1.763    <hidden>
                         arrival time                           1.885    <hidden>
  -------------------------------------------------------------------
                         slack                                  0.122    <hidden>

Slack (MET) :             0.126ns  (arrival time - required time)
  Source:                 inputs/sw_meta_reg[5]/C
                            (rising edge-triggered cell FDCE clocked by trainer_1khz  {rise@0.000ns fall@500000.031ns period=1000000.000ns})
  Destination:            inputs/sw_sync_reg[5]/D
                            (rising edge-triggered cell FDCE clocked by trainer_1khz  {rise@0.000ns fall@500000.031ns period=1000000.000ns})
  Path Group:             trainer_1khz
  Path Type:              Hold (Min at Fast Process Corner)
  Requirement:            0.000ns  (trainer_1khz rise@0.000ns - trainer_1khz rise@0.000ns)
  Data Path Delay:        0.197ns  (logic 0.141ns (71.611%)  route 0.056ns (28.389%))
  Logic Levels:           0  
  Clock Path Skew:        0.000ns (DCD - SCD - CPR)
    Destination Clock Delay (DCD):    2.212ns
    Source Clock Delay      (SCD):    1.688ns
    Clock Pessimism Removal (CPR):    0.524ns

    Location             Delay type                Incr(ns)  Path(ns)    Netlist Resource(s)
  -------------------------------------------------------------------    -------------------
                         (clock trainer_1khz rise edge)
                                                      0.000     0.000 r  <hidden>
    B6                                                0.000     0.000 r  clk
                         net (fo=0)                   0.000     0.000    clk
    B6                   IBUF (Prop_ibuf_I_O)         0.268     0.268 r  clk_IBUF_inst/O
                         net (fo=1, routed)           0.808     1.075    clk_IBUF
    BUFGCTRL_X0Y16       BUFG (Prop_bufg_I_O)         0.026     1.101 r  clk_IBUF_BUFG_inst/O
                         net (fo=14, routed)          0.587     1.688    inputs/CLK
    SLICE_X85Y119        FDCE                                         r  inputs/sw_meta_reg[5]/C
  -------------------------------------------------------------------    -------------------
    SLICE_X85Y119        FDCE (Prop_fdce_C_Q)         0.141     1.829 r  inputs/sw_meta_reg[5]/Q
                         net (fo=1, routed)           0.056     1.885    inputs/sw_meta[5]
    SLICE_X85Y119        FDCE                                         r  inputs/sw_sync_reg[5]/D
  -------------------------------------------------------------------    -------------------

                         (clock trainer_1khz rise edge)
                                                      0.000     0.000 r  <hidden>
    B6                                                0.000     0.000 r  clk
                         net (fo=0)                   0.000     0.000    clk
    B6                   IBUF (Prop_ibuf_I_O)         0.456     0.456 r  clk_IBUF_inst/O
                         net (fo=1, routed)           0.871     1.327    clk_IBUF
    BUFGCTRL_X0Y16       BUFG (Prop_bufg_I_O)         0.029     1.356 r  clk_IBUF_BUFG_inst/O
                         net (fo=14, routed)          0.856     2.212    inputs/CLK
    SLICE_X85Y119        FDCE                                         r  inputs/sw_sync_reg[5]/C
                         clock pessimism             -0.524     1.688    <hidden>
    SLICE_X85Y119        FDCE (Hold_fdce_C_D)         0.071     1.759    inputs/sw_sync_reg[5]
  -------------------------------------------------------------------
                         required time                         -1.759    <hidden>
                         arrival time                           1.885    <hidden>
  -------------------------------------------------------------------
                         slack                                  0.126    <hidden>

Slack (MET) :             0.160ns  (arrival time - required time)
  Source:                 inputs/reset_pipe_reg[0]/C
                            (rising edge-triggered cell FDPE clocked by trainer_1khz  {rise@0.000ns fall@500000.031ns period=1000000.000ns})
  Destination:            inputs/reset_pipe_reg[1]/D
                            (rising edge-triggered cell FDPE clocked by trainer_1khz  {rise@0.000ns fall@500000.031ns period=1000000.000ns})
  Path Group:             trainer_1khz
  Path Type:              Hold (Min at Fast Process Corner)
  Requirement:            0.000ns  (trainer_1khz rise@0.000ns - trainer_1khz rise@0.000ns)
  Data Path Delay:        0.220ns  (logic 0.164ns (74.580%)  route 0.056ns (25.420%))
  Logic Levels:           0  
  Clock Path Skew:        0.000ns (DCD - SCD - CPR)
    Destination Clock Delay (DCD):    2.212ns
    Source Clock Delay      (SCD):    1.688ns
    Clock Pessimism Removal (CPR):    0.524ns

    Location             Delay type                Incr(ns)  Path(ns)    Netlist Resource(s)
  -------------------------------------------------------------------    -------------------
                         (clock trainer_1khz rise edge)
                                                      0.000     0.000 r  <hidden>
    B6                                                0.000     0.000 r  clk
                         net (fo=0)                   0.000     0.000    clk
    B6                   IBUF (Prop_ibuf_I_O)         0.268     0.268 r  clk_IBUF_inst/O
                         net (fo=1, routed)           0.808     1.075    clk_IBUF
    BUFGCTRL_X0Y16       BUFG (Prop_bufg_I_O)         0.026     1.101 r  clk_IBUF_BUFG_inst/O
                         net (fo=14, routed)          0.587     1.688    inputs/CLK
    SLICE_X84Y119        FDPE                                         r  inputs/reset_pipe_reg[0]/C
  -------------------------------------------------------------------    -------------------
    SLICE_X84Y119        FDPE (Prop_fdpe_C_Q)         0.164     1.852 r  inputs/reset_pipe_reg[0]/Q
                         net (fo=1, routed)           0.056     1.908    inputs/reset_pipe[0]
    SLICE_X84Y119        FDPE                                         r  inputs/reset_pipe_reg[1]/D
  -------------------------------------------------------------------    -------------------

                         (clock trainer_1khz rise edge)
                                                      0.000     0.000 r  <hidden>
    B6                                                0.000     0.000 r  clk
                         net (fo=0)                   0.000     0.000    clk
    B6                   IBUF (Prop_ibuf_I_O)         0.456     0.456 r  clk_IBUF_inst/O
                         net (fo=1, routed)           0.871     1.327    clk_IBUF
    BUFGCTRL_X0Y16       BUFG (Prop_bufg_I_O)         0.029     1.356 r  clk_IBUF_BUFG_inst/O
                         net (fo=14, routed)          0.856     2.212    inputs/CLK
    SLICE_X84Y119        FDPE                                         r  inputs/reset_pipe_reg[1]/C
                         clock pessimism             -0.524     1.688    <hidden>
    SLICE_X84Y119        FDPE (Hold_fdpe_C_D)         0.060     1.748    inputs/reset_pipe_reg[1]
  -------------------------------------------------------------------
                         required time                         -1.748    <hidden>
                         arrival time                           1.908    <hidden>
  -------------------------------------------------------------------
                         slack                                  0.160    <hidden>

Slack (MET) :             0.233ns  (arrival time - required time)
  Source:                 core/blank_reg/C
                            (rising edge-triggered cell FDRE clocked by trainer_1khz  {rise@0.000ns fall@500000.031ns period=1000000.000ns})
  Destination:            core/index_reg[1]/D
                            (rising edge-triggered cell FDRE clocked by trainer_1khz  {rise@0.000ns fall@500000.031ns period=1000000.000ns})
  Path Group:             trainer_1khz
  Path Type:              Hold (Min at Fast Process Corner)
  Requirement:            0.000ns  (trainer_1khz rise@0.000ns - trainer_1khz rise@0.000ns)
  Data Path Delay:        0.365ns  (logic 0.186ns (50.999%)  route 0.179ns (49.001%))
  Logic Levels:           1  (LUT4=1)
  Clock Path Skew:        0.012ns (DCD - SCD - CPR)
    Destination Clock Delay (DCD):    2.211ns
    Source Clock Delay      (SCD):    1.689ns
    Clock Pessimism Removal (CPR):    0.510ns

    Location             Delay type                Incr(ns)  Path(ns)    Netlist Resource(s)
  -------------------------------------------------------------------    -------------------
                         (clock trainer_1khz rise edge)
                                                      0.000     0.000 r  <hidden>
    B6                                                0.000     0.000 r  clk
                         net (fo=0)                   0.000     0.000    clk
    B6                   IBUF (Prop_ibuf_I_O)         0.268     0.268 r  clk_IBUF_inst/O
                         net (fo=1, routed)           0.808     1.075    clk_IBUF
    BUFGCTRL_X0Y16       BUFG (Prop_bufg_I_O)         0.026     1.101 r  clk_IBUF_BUFG_inst/O
                         net (fo=14, routed)          0.588     1.689    core/CLK
    SLICE_X85Y118        FDRE                                         r  core/blank_reg/C
  -------------------------------------------------------------------    -------------------
    SLICE_X85Y118        FDRE (Prop_fdre_C_Q)         0.141     1.830 r  core/blank_reg/Q
                         net (fo=12, routed)          0.179     2.009    core/blank
    SLICE_X84Y120        LUT4 (Prop_lut4_I1_O)        0.045     2.054 r  core/index[1]_i_1/O
                         net (fo=1, routed)           0.000     2.054    core/index[1]_i_1_n_0
    SLICE_X84Y120        FDRE                                         r  core/index_reg[1]/D
  -------------------------------------------------------------------    -------------------

                         (clock trainer_1khz rise edge)
                                                      0.000     0.000 r  <hidden>
    B6                                                0.000     0.000 r  clk
                         net (fo=0)                   0.000     0.000    clk
    B6                   IBUF (Prop_ibuf_I_O)         0.456     0.456 r  clk_IBUF_inst/O
                         net (fo=1, routed)           0.871     1.327    clk_IBUF
    BUFGCTRL_X0Y16       BUFG (Prop_bufg_I_O)         0.029     1.356 r  clk_IBUF_BUFG_inst/O
                         net (fo=14, routed)          0.855     2.211    core/CLK
    SLICE_X84Y120        FDRE                                         r  core/index_reg[1]/C
                         clock pessimism             -0.510     1.701    <hidden>
    SLICE_X84Y120        FDRE (Hold_fdre_C_D)         0.120     1.821    core/index_reg[1]
  -------------------------------------------------------------------
                         required time                         -1.821    <hidden>
                         arrival time                           2.054    <hidden>
  -------------------------------------------------------------------
                         slack                                  0.233    <hidden>

Slack (MET) :             0.244ns  (arrival time - required time)
  Source:                 core/blank_reg/C
                            (rising edge-triggered cell FDRE clocked by trainer_1khz  {rise@0.000ns fall@500000.031ns period=1000000.000ns})
  Destination:            core/index_reg[0]/D
                            (rising edge-triggered cell FDRE clocked by trainer_1khz  {rise@0.000ns fall@500000.031ns period=1000000.000ns})
  Path Group:             trainer_1khz
  Path Type:              Hold (Min at Fast Process Corner)
  Requirement:            0.000ns  (trainer_1khz rise@0.000ns - trainer_1khz rise@0.000ns)
  Data Path Delay:        0.351ns  (logic 0.183ns (52.092%)  route 0.168ns (47.908%))
  Logic Levels:           1  (LUT3=1)
  Clock Path Skew:        0.000ns (DCD - SCD - CPR)
    Destination Clock Delay (DCD):    2.213ns
    Source Clock Delay      (SCD):    1.689ns
    Clock Pessimism Removal (CPR):    0.524ns

    Location             Delay type                Incr(ns)  Path(ns)    Netlist Resource(s)
  -------------------------------------------------------------------    -------------------
                         (clock trainer_1khz rise edge)
                                                      0.000     0.000 r  <hidden>
    B6                                                0.000     0.000 r  clk
                         net (fo=0)                   0.000     0.000    clk
    B6                   IBUF (Prop_ibuf_I_O)         0.268     0.268 r  clk_IBUF_inst/O
                         net (fo=1, routed)           0.808     1.075    clk_IBUF
    BUFGCTRL_X0Y16       BUFG (Prop_bufg_I_O)         0.026     1.101 r  clk_IBUF_BUFG_inst/O
                         net (fo=14, routed)          0.588     1.689    core/CLK
    SLICE_X85Y118        FDRE                                         r  core/blank_reg/C
  -------------------------------------------------------------------    -------------------
    SLICE_X85Y118        FDRE (Prop_fdre_C_Q)         0.141     1.830 r  core/blank_reg/Q
                         net (fo=12, routed)          0.168     1.998    core/blank
    SLICE_X85Y118        LUT3 (Prop_lut3_I1_O)        0.042     2.040 r  core/index[0]_i_1/O
                         net (fo=1, routed)           0.000     2.040    core/index[0]_i_1_n_0
    SLICE_X85Y118        FDRE                                         r  core/index_reg[0]/D
  -------------------------------------------------------------------    -------------------

                         (clock trainer_1khz rise edge)
                                                      0.000     0.000 r  <hidden>
    B6                                                0.000     0.000 r  clk
                         net (fo=0)                   0.000     0.000    clk
    B6                   IBUF (Prop_ibuf_I_O)         0.456     0.456 r  clk_IBUF_inst/O
                         net (fo=1, routed)           0.871     1.327    clk_IBUF
    BUFGCTRL_X0Y16       BUFG (Prop_bufg_I_O)         0.029     1.356 r  clk_IBUF_BUFG_inst/O
                         net (fo=14, routed)          0.858     2.213    core/CLK
    SLICE_X85Y118        FDRE                                         r  core/index_reg[0]/C
                         clock pessimism             -0.524     1.689    <hidden>
    SLICE_X85Y118        FDRE (Hold_fdre_C_D)         0.107     1.796    core/index_reg[0]
  -------------------------------------------------------------------
                         required time                         -1.796    <hidden>
                         arrival time                           2.040    <hidden>
  -------------------------------------------------------------------
                         slack                                  0.244    <hidden>

Slack (MET) :             0.263ns  (arrival time - required time)
  Source:                 core/blank_reg/C
                            (rising edge-triggered cell FDRE clocked by trainer_1khz  {rise@0.000ns fall@500000.031ns period=1000000.000ns})
  Destination:            core/blank_reg/D
                            (rising edge-triggered cell FDRE clocked by trainer_1khz  {rise@0.000ns fall@500000.031ns period=1000000.000ns})
  Path Group:             trainer_1khz
  Path Type:              Hold (Min at Fast Process Corner)
  Requirement:            0.000ns  (trainer_1khz rise@0.000ns - trainer_1khz rise@0.000ns)
  Data Path Delay:        0.354ns  (logic 0.186ns (52.498%)  route 0.168ns (47.502%))
  Logic Levels:           1  (LUT2=1)
  Clock Path Skew:        0.000ns (DCD - SCD - CPR)
    Destination Clock Delay (DCD):    2.213ns
    Source Clock Delay      (SCD):    1.689ns
    Clock Pessimism Removal (CPR):    0.524ns

    Location             Delay type                Incr(ns)  Path(ns)    Netlist Resource(s)
  -------------------------------------------------------------------    -------------------
                         (clock trainer_1khz rise edge)
                                                      0.000     0.000 r  <hidden>
    B6                                                0.000     0.000 r  clk
                         net (fo=0)                   0.000     0.000    clk
    B6                   IBUF (Prop_ibuf_I_O)         0.268     0.268 r  clk_IBUF_inst/O
                         net (fo=1, routed)           0.808     1.075    clk_IBUF
    BUFGCTRL_X0Y16       BUFG (Prop_bufg_I_O)         0.026     1.101 r  clk_IBUF_BUFG_inst/O
                         net (fo=14, routed)          0.588     1.689    core/CLK
    SLICE_X85Y118        FDRE                                         r  core/blank_reg/C
  -------------------------------------------------------------------    -------------------
    SLICE_X85Y118        FDRE (Prop_fdre_C_Q)         0.141     1.830 f  core/blank_reg/Q
                         net (fo=12, routed)          0.168     1.998    core/blank
    SLICE_X85Y118        LUT2 (Prop_lut2_I0_O)        0.045     2.043 r  core/blank_i_1/O
                         net (fo=1, routed)           0.000     2.043    core/blank_i_1_n_0
    SLICE_X85Y118        FDRE                                         r  core/blank_reg/D
  -------------------------------------------------------------------    -------------------

                         (clock trainer_1khz rise edge)
                                                      0.000     0.000 r  <hidden>
    B6                                                0.000     0.000 r  clk
                         net (fo=0)                   0.000     0.000    clk
    B6                   IBUF (Prop_ibuf_I_O)         0.456     0.456 r  clk_IBUF_inst/O
                         net (fo=1, routed)           0.871     1.327    clk_IBUF
    BUFGCTRL_X0Y16       BUFG (Prop_bufg_I_O)         0.029     1.356 r  clk_IBUF_BUFG_inst/O
                         net (fo=14, routed)          0.858     2.213    core/CLK
    SLICE_X85Y118        FDRE                                         r  core/blank_reg/C
                         clock pessimism             -0.524     1.689    <hidden>
    SLICE_X85Y118        FDRE (Hold_fdre_C_D)         0.091     1.780    core/blank_reg
  -------------------------------------------------------------------
                         required time                         -1.780    <hidden>
                         arrival time                           2.043    <hidden>
  -------------------------------------------------------------------
                         slack                                  0.263    <hidden>

Slack (MET) :             0.337ns  (arrival time - required time)
  Source:                 core/index_reg[0]/C
                            (rising edge-triggered cell FDRE clocked by trainer_1khz  {rise@0.000ns fall@500000.031ns period=1000000.000ns})
  Destination:            core/index_reg[2]/D
                            (rising edge-triggered cell FDRE clocked by trainer_1khz  {rise@0.000ns fall@500000.031ns period=1000000.000ns})
  Path Group:             trainer_1khz
  Path Type:              Hold (Min at Fast Process Corner)
  Requirement:            0.000ns  (trainer_1khz rise@0.000ns - trainer_1khz rise@0.000ns)
  Data Path Delay:        0.469ns  (logic 0.227ns (48.390%)  route 0.242ns (51.610%))
  Logic Levels:           1  (LUT5=1)
  Clock Path Skew:        0.011ns (DCD - SCD - CPR)
    Destination Clock Delay (DCD):    2.210ns
    Source Clock Delay      (SCD):    1.689ns
    Clock Pessimism Removal (CPR):    0.510ns

    Location             Delay type                Incr(ns)  Path(ns)    Netlist Resource(s)
  -------------------------------------------------------------------    -------------------
                         (clock trainer_1khz rise edge)
                                                      0.000     0.000 r  <hidden>
    B6                                                0.000     0.000 r  clk
                         net (fo=0)                   0.000     0.000    clk
    B6                   IBUF (Prop_ibuf_I_O)         0.268     0.268 r  clk_IBUF_inst/O
                         net (fo=1, routed)           0.808     1.075    clk_IBUF
    BUFGCTRL_X0Y16       BUFG (Prop_bufg_I_O)         0.026     1.101 r  clk_IBUF_BUFG_inst/O
                         net (fo=14, routed)          0.588     1.689    core/CLK
    SLICE_X85Y118        FDRE                                         r  core/index_reg[0]/C
  -------------------------------------------------------------------    -------------------
    SLICE_X85Y118        FDRE (Prop_fdre_C_Q)         0.128     1.817 r  core/index_reg[0]/Q
                         net (fo=16, routed)          0.242     2.059    core/led_OBUF[0]
    SLICE_X84Y121        LUT5 (Prop_lut5_I3_O)        0.099     2.158 r  core/index[2]_i_1/O
                         net (fo=1, routed)           0.000     2.158    core/index[2]_i_1_n_0
    SLICE_X84Y121        FDRE                                         r  core/index_reg[2]/D
  -------------------------------------------------------------------    -------------------

                         (clock trainer_1khz rise edge)
                                                      0.000     0.000 r  <hidden>
    B6                                                0.000     0.000 r  clk
                         net (fo=0)                   0.000     0.000    clk
    B6                   IBUF (Prop_ibuf_I_O)         0.456     0.456 r  clk_IBUF_inst/O
                         net (fo=1, routed)           0.871     1.327    clk_IBUF
    BUFGCTRL_X0Y16       BUFG (Prop_bufg_I_O)         0.029     1.356 r  clk_IBUF_BUFG_inst/O
                         net (fo=14, routed)          0.855     2.210    core/CLK
    SLICE_X84Y121        FDRE                                         r  core/index_reg[2]/C
                         clock pessimism             -0.510     1.700    <hidden>
    SLICE_X84Y121        FDRE (Hold_fdre_C_D)         0.121     1.821    core/index_reg[2]
  -------------------------------------------------------------------
                         required time                         -1.821    <hidden>
                         arrival time                           2.158    <hidden>
  -------------------------------------------------------------------
                         slack                                  0.337    <hidden>





Pulse Width Checks
--------------------------------------------------------------------------------------
Clock Name:         trainer_1khz
Waveform(ns):       { 0.000 500000.031 }
Period(ns):         1000000.062
Sources:            { clk }

Check Type        Corner  Lib Pin  Reference Pin  Required(ns)  Actual(ns)   Slack(ns)   Location        Pin
Min Period        n/a     BUFG/I   n/a            2.155         1000000.047  999997.836  BUFGCTRL_X0Y16  clk_IBUF_BUFG_inst/I
Min Period        n/a     FDRE/C   n/a            1.000         1000000.047  999999.000  SLICE_X85Y118   core/blank_reg/C
Min Period        n/a     FDRE/C   n/a            1.000         1000000.047  999999.000  SLICE_X85Y118   core/index_reg[0]/C
Min Period        n/a     FDRE/C   n/a            1.000         1000000.047  999999.000  SLICE_X84Y120   core/index_reg[1]/C
Min Period        n/a     FDRE/C   n/a            1.000         1000000.047  999999.000  SLICE_X84Y121   core/index_reg[2]/C
Min Period        n/a     FDPE/C   n/a            1.000         1000000.047  999999.000  SLICE_X84Y119   inputs/reset_pipe_reg[0]/C
Min Period        n/a     FDPE/C   n/a            1.000         1000000.047  999999.000  SLICE_X84Y119   inputs/reset_pipe_reg[1]/C
Min Period        n/a     FDCE/C   n/a            1.000         1000000.047  999999.000  SLICE_X85Y119   inputs/sw_meta_reg[4]/C
Min Period        n/a     FDCE/C   n/a            1.000         1000000.047  999999.000  SLICE_X85Y119   inputs/sw_meta_reg[5]/C
Min Period        n/a     FDCE/C   n/a            1.000         1000000.047  999999.000  SLICE_X85Y119   inputs/sw_meta_reg[6]/C
Low Pulse Width   Slow    FDRE/C   n/a            0.500         499999.907   499999.383  SLICE_X85Y118   core/blank_reg/C
Low Pulse Width   Slow    FDRE/C   n/a            0.500         499999.907   499999.383  SLICE_X85Y118   core/index_reg[0]/C
Low Pulse Width   Slow    FDRE/C   n/a            0.500         499999.907   499999.383  SLICE_X84Y120   core/index_reg[1]/C
Low Pulse Width   Slow    FDRE/C   n/a            0.500         499999.907   499999.383  SLICE_X84Y121   core/index_reg[2]/C
Low Pulse Width   Slow    FDPE/C   n/a            0.500         499999.907   499999.383  SLICE_X84Y119   inputs/reset_pipe_reg[0]/C
Low Pulse Width   Slow    FDPE/C   n/a            0.500         499999.907   499999.383  SLICE_X84Y119   inputs/reset_pipe_reg[1]/C
Low Pulse Width   Slow    FDCE/C   n/a            0.500         499999.907   499999.383  SLICE_X85Y119   inputs/sw_meta_reg[4]/C
Low Pulse Width   Slow    FDCE/C   n/a            0.500         499999.907   499999.383  SLICE_X85Y119   inputs/sw_meta_reg[5]/C
Low Pulse Width   Slow    FDCE/C   n/a            0.500         499999.907   499999.383  SLICE_X85Y119   inputs/sw_meta_reg[6]/C
Low Pulse Width   Slow    FDCE/C   n/a            0.500         499999.907   499999.383  SLICE_X85Y119   inputs/sw_meta_reg[7]/C
High Pulse Width  Fast    FDRE/C   n/a            0.500         500000.024   499999.500  SLICE_X85Y118   core/blank_reg/C
High Pulse Width  Fast    FDRE/C   n/a            0.500         500000.024   499999.500  SLICE_X85Y118   core/index_reg[0]/C
High Pulse Width  Fast    FDRE/C   n/a            0.500         500000.024   499999.500  SLICE_X84Y120   core/index_reg[1]/C
High Pulse Width  Fast    FDRE/C   n/a            0.500         500000.024   499999.500  SLICE_X84Y121   core/index_reg[2]/C
High Pulse Width  Fast    FDPE/C   n/a            0.500         500000.024   499999.500  SLICE_X84Y119   inputs/reset_pipe_reg[0]/C
High Pulse Width  Fast    FDPE/C   n/a            0.500         500000.024   499999.500  SLICE_X84Y119   inputs/reset_pipe_reg[1]/C
High Pulse Width  Fast    FDCE/C   n/a            0.500         500000.024   499999.500  SLICE_X85Y119   inputs/sw_meta_reg[4]/C
High Pulse Width  Fast    FDCE/C   n/a            0.500         500000.024   499999.500  SLICE_X85Y119   inputs/sw_meta_reg[5]/C
High Pulse Width  Fast    FDCE/C   n/a            0.500         500000.024   499999.500  SLICE_X85Y119   inputs/sw_meta_reg[6]/C
High Pulse Width  Fast    FDCE/C   n/a            0.500         500000.024   499999.500  SLICE_X85Y119   inputs/sw_meta_reg[7]/C



---------------------------------------------------------------------------------------------------
Path Group:  **async_default**
From Clock:  trainer_1khz
  To Clock:  trainer_1khz

Setup :            0  Failing Endpoints,  Worst Slack   999998.438ns,  Total Violation        0.000ns
Hold  :            0  Failing Endpoints,  Worst Slack        0.494ns,  Total Violation        0.000ns
---------------------------------------------------------------------------------------------------


Max Delay Paths
--------------------------------------------------------------------------------------
Slack (MET) :             999998.438ns  (required time - arrival time)
  Source:                 inputs/reset_pipe_reg[1]/C
                            (rising edge-triggered cell FDPE clocked by trainer_1khz  {rise@0.000ns fall@500000.031ns period=1000000.000ns})
  Destination:            inputs/sw_meta_reg[4]/CLR
                            (recovery check against rising-edge clock trainer_1khz  {rise@0.000ns fall@500000.031ns period=1000000.000ns})
  Path Group:             **async_default**
  Path Type:              Recovery (Max at Slow Process Corner)
  Requirement:            1000000.062ns  (trainer_1khz rise@1000000.062ns - trainer_1khz rise@0.000ns)
  Data Path Delay:        1.089ns  (logic 0.478ns (43.900%)  route 0.611ns (56.100%))
  Logic Levels:           0  
  Clock Path Skew:        -0.022ns (DCD - SCD + CPR)
    Destination Clock Delay (DCD):    5.285ns = ( 1000005.375 - 1000000.062 ) 
    Source Clock Delay      (SCD):    5.599ns
    Clock Pessimism Removal (CPR):    0.292ns
  Clock Uncertainty:      0.035ns  ((TSJ^2 + TIJ^2)^1/2 + DJ) / 2 + PE
    Total System Jitter     (TSJ):    0.071ns
    Total Input Jitter      (TIJ):    0.000ns
    Discrete Jitter          (DJ):    0.000ns
    Phase Error              (PE):    0.000ns

    Location             Delay type                Incr(ns)  Path(ns)    Netlist Resource(s)
  -------------------------------------------------------------------    -------------------
                         (clock trainer_1khz rise edge)
                                                      0.000     0.000 r  <hidden>
    B6                                                0.000     0.000 r  clk
                         net (fo=0)                   0.000     0.000    clk
    B6                   IBUF (Prop_ibuf_I_O)         1.500     1.500 r  clk_IBUF_inst/O
                         net (fo=1, routed)           2.315     3.815    clk_IBUF
    BUFGCTRL_X0Y16       BUFG (Prop_bufg_I_O)         0.096     3.911 r  clk_IBUF_BUFG_inst/O
                         net (fo=14, routed)          1.688     5.599    inputs/CLK
    SLICE_X84Y119        FDPE                                         r  inputs/reset_pipe_reg[1]/C
  -------------------------------------------------------------------    -------------------
    SLICE_X84Y119        FDPE (Prop_fdpe_C_Q)         0.478     6.077 f  inputs/reset_pipe_reg[1]/Q
                         net (fo=12, routed)          0.611     6.688    inputs/reset_pipe[1]
    SLICE_X85Y119        FDCE                                         f  inputs/sw_meta_reg[4]/CLR
  -------------------------------------------------------------------    -------------------

                         (clock trainer_1khz rise edge)
                                                  1000000.062 1000000.062 r  <hidden>
    B6                                                0.000 1000000.062 r  clk
                         net (fo=0)                   0.000 1000000.062    clk
    B6                   IBUF (Prop_ibuf_I_O)         1.429 1000001.500 r  clk_IBUF_inst/O
                         net (fo=1, routed)           2.196 1000003.688    clk_IBUF
    BUFGCTRL_X0Y16       BUFG (Prop_bufg_I_O)         0.091 1000003.750 r  clk_IBUF_BUFG_inst/O
                         net (fo=14, routed)          1.569 1000005.312    inputs/CLK
    SLICE_X85Y119        FDCE                                         r  inputs/sw_meta_reg[4]/C
                         clock pessimism              0.292 1000005.625    <hidden>
                         clock uncertainty           -0.035 1000005.562    <hidden>
    SLICE_X85Y119        FDCE (Recov_fdce_C_CLR)     -0.576 1000005.000    inputs/sw_meta_reg[4]
  -------------------------------------------------------------------
                         required time                      1000005.062    <hidden>
                         arrival time                          -6.688    <hidden>
  -------------------------------------------------------------------
                         slack                              999998.438    <hidden>

Slack (MET) :             999998.438ns  (required time - arrival time)
  Source:                 inputs/reset_pipe_reg[1]/C
                            (rising edge-triggered cell FDPE clocked by trainer_1khz  {rise@0.000ns fall@500000.031ns period=1000000.000ns})
  Destination:            inputs/sw_meta_reg[5]/CLR
                            (recovery check against rising-edge clock trainer_1khz  {rise@0.000ns fall@500000.031ns period=1000000.000ns})
  Path Group:             **async_default**
  Path Type:              Recovery (Max at Slow Process Corner)
  Requirement:            1000000.062ns  (trainer_1khz rise@1000000.062ns - trainer_1khz rise@0.000ns)
  Data Path Delay:        1.089ns  (logic 0.478ns (43.900%)  route 0.611ns (56.100%))
  Logic Levels:           0  
  Clock Path Skew:        -0.022ns (DCD - SCD + CPR)
    Destination Clock Delay (DCD):    5.285ns = ( 1000005.375 - 1000000.062 ) 
    Source Clock Delay      (SCD):    5.599ns
    Clock Pessimism Removal (CPR):    0.292ns
  Clock Uncertainty:      0.035ns  ((TSJ^2 + TIJ^2)^1/2 + DJ) / 2 + PE
    Total System Jitter     (TSJ):    0.071ns
    Total Input Jitter      (TIJ):    0.000ns
    Discrete Jitter          (DJ):    0.000ns
    Phase Error              (PE):    0.000ns

    Location             Delay type                Incr(ns)  Path(ns)    Netlist Resource(s)
  -------------------------------------------------------------------    -------------------
                         (clock trainer_1khz rise edge)
                                                      0.000     0.000 r  <hidden>
    B6                                                0.000     0.000 r  clk
                         net (fo=0)                   0.000     0.000    clk
    B6                   IBUF (Prop_ibuf_I_O)         1.500     1.500 r  clk_IBUF_inst/O
                         net (fo=1, routed)           2.315     3.815    clk_IBUF
    BUFGCTRL_X0Y16       BUFG (Prop_bufg_I_O)         0.096     3.911 r  clk_IBUF_BUFG_inst/O
                         net (fo=14, routed)          1.688     5.599    inputs/CLK
    SLICE_X84Y119        FDPE                                         r  inputs/reset_pipe_reg[1]/C
  -------------------------------------------------------------------    -------------------
    SLICE_X84Y119        FDPE (Prop_fdpe_C_Q)         0.478     6.077 f  inputs/reset_pipe_reg[1]/Q
                         net (fo=12, routed)          0.611     6.688    inputs/reset_pipe[1]
    SLICE_X85Y119        FDCE                                         f  inputs/sw_meta_reg[5]/CLR
  -------------------------------------------------------------------    -------------------

                         (clock trainer_1khz rise edge)
                                                  1000000.062 1000000.062 r  <hidden>
    B6                                                0.000 1000000.062 r  clk
                         net (fo=0)                   0.000 1000000.062    clk
    B6                   IBUF (Prop_ibuf_I_O)         1.429 1000001.500 r  clk_IBUF_inst/O
                         net (fo=1, routed)           2.196 1000003.688    clk_IBUF
    BUFGCTRL_X0Y16       BUFG (Prop_bufg_I_O)         0.091 1000003.750 r  clk_IBUF_BUFG_inst/O
                         net (fo=14, routed)          1.569 1000005.312    inputs/CLK
    SLICE_X85Y119        FDCE                                         r  inputs/sw_meta_reg[5]/C
                         clock pessimism              0.292 1000005.625    <hidden>
                         clock uncertainty           -0.035 1000005.562    <hidden>
    SLICE_X85Y119        FDCE (Recov_fdce_C_CLR)     -0.576 1000005.000    inputs/sw_meta_reg[5]
  -------------------------------------------------------------------
                         required time                      1000005.062    <hidden>
                         arrival time                          -6.688    <hidden>
  -------------------------------------------------------------------
                         slack                              999998.438    <hidden>

Slack (MET) :             999998.438ns  (required time - arrival time)
  Source:                 inputs/reset_pipe_reg[1]/C
                            (rising edge-triggered cell FDPE clocked by trainer_1khz  {rise@0.000ns fall@500000.031ns period=1000000.000ns})
  Destination:            inputs/sw_meta_reg[6]/CLR
                            (recovery check against rising-edge clock trainer_1khz  {rise@0.000ns fall@500000.031ns period=1000000.000ns})
  Path Group:             **async_default**
  Path Type:              Recovery (Max at Slow Process Corner)
  Requirement:            1000000.062ns  (trainer_1khz rise@1000000.062ns - trainer_1khz rise@0.000ns)
  Data Path Delay:        1.089ns  (logic 0.478ns (43.900%)  route 0.611ns (56.100%))
  Logic Levels:           0  
  Clock Path Skew:        -0.022ns (DCD - SCD + CPR)
    Destination Clock Delay (DCD):    5.285ns = ( 1000005.375 - 1000000.062 ) 
    Source Clock Delay      (SCD):    5.599ns
    Clock Pessimism Removal (CPR):    0.292ns
  Clock Uncertainty:      0.035ns  ((TSJ^2 + TIJ^2)^1/2 + DJ) / 2 + PE
    Total System Jitter     (TSJ):    0.071ns
    Total Input Jitter      (TIJ):    0.000ns
    Discrete Jitter          (DJ):    0.000ns
    Phase Error              (PE):    0.000ns

    Location             Delay type                Incr(ns)  Path(ns)    Netlist Resource(s)
  -------------------------------------------------------------------    -------------------
                         (clock trainer_1khz rise edge)
                                                      0.000     0.000 r  <hidden>
    B6                                                0.000     0.000 r  clk
                         net (fo=0)                   0.000     0.000    clk
    B6                   IBUF (Prop_ibuf_I_O)         1.500     1.500 r  clk_IBUF_inst/O
                         net (fo=1, routed)           2.315     3.815    clk_IBUF
    BUFGCTRL_X0Y16       BUFG (Prop_bufg_I_O)         0.096     3.911 r  clk_IBUF_BUFG_inst/O
                         net (fo=14, routed)          1.688     5.599    inputs/CLK
    SLICE_X84Y119        FDPE                                         r  inputs/reset_pipe_reg[1]/C
  -------------------------------------------------------------------    -------------------
    SLICE_X84Y119        FDPE (Prop_fdpe_C_Q)         0.478     6.077 f  inputs/reset_pipe_reg[1]/Q
                         net (fo=12, routed)          0.611     6.688    inputs/reset_pipe[1]
    SLICE_X85Y119        FDCE                                         f  inputs/sw_meta_reg[6]/CLR
  -------------------------------------------------------------------    -------------------

                         (clock trainer_1khz rise edge)
                                                  1000000.062 1000000.062 r  <hidden>
    B6                                                0.000 1000000.062 r  clk
                         net (fo=0)                   0.000 1000000.062    clk
    B6                   IBUF (Prop_ibuf_I_O)         1.429 1000001.500 r  clk_IBUF_inst/O
                         net (fo=1, routed)           2.196 1000003.688    clk_IBUF
    BUFGCTRL_X0Y16       BUFG (Prop_bufg_I_O)         0.091 1000003.750 r  clk_IBUF_BUFG_inst/O
                         net (fo=14, routed)          1.569 1000005.312    inputs/CLK
    SLICE_X85Y119        FDCE                                         r  inputs/sw_meta_reg[6]/C
                         clock pessimism              0.292 1000005.625    <hidden>
                         clock uncertainty           -0.035 1000005.562    <hidden>
    SLICE_X85Y119        FDCE (Recov_fdce_C_CLR)     -0.576 1000005.000    inputs/sw_meta_reg[6]
  -------------------------------------------------------------------
                         required time                      1000005.062    <hidden>
                         arrival time                          -6.688    <hidden>
  -------------------------------------------------------------------
                         slack                              999998.438    <hidden>

Slack (MET) :             999998.438ns  (required time - arrival time)
  Source:                 inputs/reset_pipe_reg[1]/C
                            (rising edge-triggered cell FDPE clocked by trainer_1khz  {rise@0.000ns fall@500000.031ns period=1000000.000ns})
  Destination:            inputs/sw_meta_reg[7]/CLR
                            (recovery check against rising-edge clock trainer_1khz  {rise@0.000ns fall@500000.031ns period=1000000.000ns})
  Path Group:             **async_default**
  Path Type:              Recovery (Max at Slow Process Corner)
  Requirement:            1000000.062ns  (trainer_1khz rise@1000000.062ns - trainer_1khz rise@0.000ns)
  Data Path Delay:        1.089ns  (logic 0.478ns (43.900%)  route 0.611ns (56.100%))
  Logic Levels:           0  
  Clock Path Skew:        -0.022ns (DCD - SCD + CPR)
    Destination Clock Delay (DCD):    5.285ns = ( 1000005.375 - 1000000.062 ) 
    Source Clock Delay      (SCD):    5.599ns
    Clock Pessimism Removal (CPR):    0.292ns
  Clock Uncertainty:      0.035ns  ((TSJ^2 + TIJ^2)^1/2 + DJ) / 2 + PE
    Total System Jitter     (TSJ):    0.071ns
    Total Input Jitter      (TIJ):    0.000ns
    Discrete Jitter          (DJ):    0.000ns
    Phase Error              (PE):    0.000ns

    Location             Delay type                Incr(ns)  Path(ns)    Netlist Resource(s)
  -------------------------------------------------------------------    -------------------
                         (clock trainer_1khz rise edge)
                                                      0.000     0.000 r  <hidden>
    B6                                                0.000     0.000 r  clk
                         net (fo=0)                   0.000     0.000    clk
    B6                   IBUF (Prop_ibuf_I_O)         1.500     1.500 r  clk_IBUF_inst/O
                         net (fo=1, routed)           2.315     3.815    clk_IBUF
    BUFGCTRL_X0Y16       BUFG (Prop_bufg_I_O)         0.096     3.911 r  clk_IBUF_BUFG_inst/O
                         net (fo=14, routed)          1.688     5.599    inputs/CLK
    SLICE_X84Y119        FDPE                                         r  inputs/reset_pipe_reg[1]/C
  -------------------------------------------------------------------    -------------------
    SLICE_X84Y119        FDPE (Prop_fdpe_C_Q)         0.478     6.077 f  inputs/reset_pipe_reg[1]/Q
                         net (fo=12, routed)          0.611     6.688    inputs/reset_pipe[1]
    SLICE_X85Y119        FDCE                                         f  inputs/sw_meta_reg[7]/CLR
  -------------------------------------------------------------------    -------------------

                         (clock trainer_1khz rise edge)
                                                  1000000.062 1000000.062 r  <hidden>
    B6                                                0.000 1000000.062 r  clk
                         net (fo=0)                   0.000 1000000.062    clk
    B6                   IBUF (Prop_ibuf_I_O)         1.429 1000001.500 r  clk_IBUF_inst/O
                         net (fo=1, routed)           2.196 1000003.688    clk_IBUF
    BUFGCTRL_X0Y16       BUFG (Prop_bufg_I_O)         0.091 1000003.750 r  clk_IBUF_BUFG_inst/O
                         net (fo=14, routed)          1.569 1000005.312    inputs/CLK
    SLICE_X85Y119        FDCE                                         r  inputs/sw_meta_reg[7]/C
                         clock pessimism              0.292 1000005.625    <hidden>
                         clock uncertainty           -0.035 1000005.562    <hidden>
    SLICE_X85Y119        FDCE (Recov_fdce_C_CLR)     -0.576 1000005.000    inputs/sw_meta_reg[7]
  -------------------------------------------------------------------
                         required time                      1000005.062    <hidden>
                         arrival time                          -6.688    <hidden>
  -------------------------------------------------------------------
                         slack                              999998.438    <hidden>

Slack (MET) :             999998.438ns  (required time - arrival time)
  Source:                 inputs/reset_pipe_reg[1]/C
                            (rising edge-triggered cell FDPE clocked by trainer_1khz  {rise@0.000ns fall@500000.031ns period=1000000.000ns})
  Destination:            inputs/sw_sync_reg[4]/CLR
                            (recovery check against rising-edge clock trainer_1khz  {rise@0.000ns fall@500000.031ns period=1000000.000ns})
  Path Group:             **async_default**
  Path Type:              Recovery (Max at Slow Process Corner)
  Requirement:            1000000.062ns  (trainer_1khz rise@1000000.062ns - trainer_1khz rise@0.000ns)
  Data Path Delay:        1.089ns  (logic 0.478ns (43.900%)  route 0.611ns (56.100%))
  Logic Levels:           0  
  Clock Path Skew:        -0.022ns (DCD - SCD + CPR)
    Destination Clock Delay (DCD):    5.285ns = ( 1000005.375 - 1000000.062 ) 
    Source Clock Delay      (SCD):    5.599ns
    Clock Pessimism Removal (CPR):    0.292ns
  Clock Uncertainty:      0.035ns  ((TSJ^2 + TIJ^2)^1/2 + DJ) / 2 + PE
    Total System Jitter     (TSJ):    0.071ns
    Total Input Jitter      (TIJ):    0.000ns
    Discrete Jitter          (DJ):    0.000ns
    Phase Error              (PE):    0.000ns

    Location             Delay type                Incr(ns)  Path(ns)    Netlist Resource(s)
  -------------------------------------------------------------------    -------------------
                         (clock trainer_1khz rise edge)
                                                      0.000     0.000 r  <hidden>
    B6                                                0.000     0.000 r  clk
                         net (fo=0)                   0.000     0.000    clk
    B6                   IBUF (Prop_ibuf_I_O)         1.500     1.500 r  clk_IBUF_inst/O
                         net (fo=1, routed)           2.315     3.815    clk_IBUF
    BUFGCTRL_X0Y16       BUFG (Prop_bufg_I_O)         0.096     3.911 r  clk_IBUF_BUFG_inst/O
                         net (fo=14, routed)          1.688     5.599    inputs/CLK
    SLICE_X84Y119        FDPE                                         r  inputs/reset_pipe_reg[1]/C
  -------------------------------------------------------------------    -------------------
    SLICE_X84Y119        FDPE (Prop_fdpe_C_Q)         0.478     6.077 f  inputs/reset_pipe_reg[1]/Q
                         net (fo=12, routed)          0.611     6.688    inputs/reset_pipe[1]
    SLICE_X85Y119        FDCE                                         f  inputs/sw_sync_reg[4]/CLR
  -------------------------------------------------------------------    -------------------

                         (clock trainer_1khz rise edge)
                                                  1000000.062 1000000.062 r  <hidden>
    B6                                                0.000 1000000.062 r  clk
                         net (fo=0)                   0.000 1000000.062    clk
    B6                   IBUF (Prop_ibuf_I_O)         1.429 1000001.500 r  clk_IBUF_inst/O
                         net (fo=1, routed)           2.196 1000003.688    clk_IBUF
    BUFGCTRL_X0Y16       BUFG (Prop_bufg_I_O)         0.091 1000003.750 r  clk_IBUF_BUFG_inst/O
                         net (fo=14, routed)          1.569 1000005.312    inputs/CLK
    SLICE_X85Y119        FDCE                                         r  inputs/sw_sync_reg[4]/C
                         clock pessimism              0.292 1000005.625    <hidden>
                         clock uncertainty           -0.035 1000005.562    <hidden>
    SLICE_X85Y119        FDCE (Recov_fdce_C_CLR)     -0.576 1000005.000    inputs/sw_sync_reg[4]
  -------------------------------------------------------------------
                         required time                      1000005.062    <hidden>
                         arrival time                          -6.688    <hidden>
  -------------------------------------------------------------------
                         slack                              999998.438    <hidden>

Slack (MET) :             999998.438ns  (required time - arrival time)
  Source:                 inputs/reset_pipe_reg[1]/C
                            (rising edge-triggered cell FDPE clocked by trainer_1khz  {rise@0.000ns fall@500000.031ns period=1000000.000ns})
  Destination:            inputs/sw_sync_reg[5]/CLR
                            (recovery check against rising-edge clock trainer_1khz  {rise@0.000ns fall@500000.031ns period=1000000.000ns})
  Path Group:             **async_default**
  Path Type:              Recovery (Max at Slow Process Corner)
  Requirement:            1000000.062ns  (trainer_1khz rise@1000000.062ns - trainer_1khz rise@0.000ns)
  Data Path Delay:        1.089ns  (logic 0.478ns (43.900%)  route 0.611ns (56.100%))
  Logic Levels:           0  
  Clock Path Skew:        -0.022ns (DCD - SCD + CPR)
    Destination Clock Delay (DCD):    5.285ns = ( 1000005.375 - 1000000.062 ) 
    Source Clock Delay      (SCD):    5.599ns
    Clock Pessimism Removal (CPR):    0.292ns
  Clock Uncertainty:      0.035ns  ((TSJ^2 + TIJ^2)^1/2 + DJ) / 2 + PE
    Total System Jitter     (TSJ):    0.071ns
    Total Input Jitter      (TIJ):    0.000ns
    Discrete Jitter          (DJ):    0.000ns
    Phase Error              (PE):    0.000ns

    Location             Delay type                Incr(ns)  Path(ns)    Netlist Resource(s)
  -------------------------------------------------------------------    -------------------
                         (clock trainer_1khz rise edge)
                                                      0.000     0.000 r  <hidden>
    B6                                                0.000     0.000 r  clk
                         net (fo=0)                   0.000     0.000    clk
    B6                   IBUF (Prop_ibuf_I_O)         1.500     1.500 r  clk_IBUF_inst/O
                         net (fo=1, routed)           2.315     3.815    clk_IBUF
    BUFGCTRL_X0Y16       BUFG (Prop_bufg_I_O)         0.096     3.911 r  clk_IBUF_BUFG_inst/O
                         net (fo=14, routed)          1.688     5.599    inputs/CLK
    SLICE_X84Y119        FDPE                                         r  inputs/reset_pipe_reg[1]/C
  -------------------------------------------------------------------    -------------------
    SLICE_X84Y119        FDPE (Prop_fdpe_C_Q)         0.478     6.077 f  inputs/reset_pipe_reg[1]/Q
                         net (fo=12, routed)          0.611     6.688    inputs/reset_pipe[1]
    SLICE_X85Y119        FDCE                                         f  inputs/sw_sync_reg[5]/CLR
  -------------------------------------------------------------------    -------------------

                         (clock trainer_1khz rise edge)
                                                  1000000.062 1000000.062 r  <hidden>
    B6                                                0.000 1000000.062 r  clk
                         net (fo=0)                   0.000 1000000.062    clk
    B6                   IBUF (Prop_ibuf_I_O)         1.429 1000001.500 r  clk_IBUF_inst/O
                         net (fo=1, routed)           2.196 1000003.688    clk_IBUF
    BUFGCTRL_X0Y16       BUFG (Prop_bufg_I_O)         0.091 1000003.750 r  clk_IBUF_BUFG_inst/O
                         net (fo=14, routed)          1.569 1000005.312    inputs/CLK
    SLICE_X85Y119        FDCE                                         r  inputs/sw_sync_reg[5]/C
                         clock pessimism              0.292 1000005.625    <hidden>
                         clock uncertainty           -0.035 1000005.562    <hidden>
    SLICE_X85Y119        FDCE (Recov_fdce_C_CLR)     -0.576 1000005.000    inputs/sw_sync_reg[5]
  -------------------------------------------------------------------
                         required time                      1000005.062    <hidden>
                         arrival time                          -6.688    <hidden>
  -------------------------------------------------------------------
                         slack                              999998.438    <hidden>

Slack (MET) :             999998.438ns  (required time - arrival time)
  Source:                 inputs/reset_pipe_reg[1]/C
                            (rising edge-triggered cell FDPE clocked by trainer_1khz  {rise@0.000ns fall@500000.031ns period=1000000.000ns})
  Destination:            inputs/sw_sync_reg[6]/CLR
                            (recovery check against rising-edge clock trainer_1khz  {rise@0.000ns fall@500000.031ns period=1000000.000ns})
  Path Group:             **async_default**
  Path Type:              Recovery (Max at Slow Process Corner)
  Requirement:            1000000.062ns  (trainer_1khz rise@1000000.062ns - trainer_1khz rise@0.000ns)
  Data Path Delay:        1.089ns  (logic 0.478ns (43.900%)  route 0.611ns (56.100%))
  Logic Levels:           0  
  Clock Path Skew:        -0.022ns (DCD - SCD + CPR)
    Destination Clock Delay (DCD):    5.285ns = ( 1000005.375 - 1000000.062 ) 
    Source Clock Delay      (SCD):    5.599ns
    Clock Pessimism Removal (CPR):    0.292ns
  Clock Uncertainty:      0.035ns  ((TSJ^2 + TIJ^2)^1/2 + DJ) / 2 + PE
    Total System Jitter     (TSJ):    0.071ns
    Total Input Jitter      (TIJ):    0.000ns
    Discrete Jitter          (DJ):    0.000ns
    Phase Error              (PE):    0.000ns

    Location             Delay type                Incr(ns)  Path(ns)    Netlist Resource(s)
  -------------------------------------------------------------------    -------------------
                         (clock trainer_1khz rise edge)
                                                      0.000     0.000 r  <hidden>
    B6                                                0.000     0.000 r  clk
                         net (fo=0)                   0.000     0.000    clk
    B6                   IBUF (Prop_ibuf_I_O)         1.500     1.500 r  clk_IBUF_inst/O
                         net (fo=1, routed)           2.315     3.815    clk_IBUF
    BUFGCTRL_X0Y16       BUFG (Prop_bufg_I_O)         0.096     3.911 r  clk_IBUF_BUFG_inst/O
                         net (fo=14, routed)          1.688     5.599    inputs/CLK
    SLICE_X84Y119        FDPE                                         r  inputs/reset_pipe_reg[1]/C
  -------------------------------------------------------------------    -------------------
    SLICE_X84Y119        FDPE (Prop_fdpe_C_Q)         0.478     6.077 f  inputs/reset_pipe_reg[1]/Q
                         net (fo=12, routed)          0.611     6.688    inputs/reset_pipe[1]
    SLICE_X85Y119        FDCE                                         f  inputs/sw_sync_reg[6]/CLR
  -------------------------------------------------------------------    -------------------

                         (clock trainer_1khz rise edge)
                                                  1000000.062 1000000.062 r  <hidden>
    B6                                                0.000 1000000.062 r  clk
                         net (fo=0)                   0.000 1000000.062    clk
    B6                   IBUF (Prop_ibuf_I_O)         1.429 1000001.500 r  clk_IBUF_inst/O
                         net (fo=1, routed)           2.196 1000003.688    clk_IBUF
    BUFGCTRL_X0Y16       BUFG (Prop_bufg_I_O)         0.091 1000003.750 r  clk_IBUF_BUFG_inst/O
                         net (fo=14, routed)          1.569 1000005.312    inputs/CLK
    SLICE_X85Y119        FDCE                                         r  inputs/sw_sync_reg[6]/C
                         clock pessimism              0.292 1000005.625    <hidden>
                         clock uncertainty           -0.035 1000005.562    <hidden>
    SLICE_X85Y119        FDCE (Recov_fdce_C_CLR)     -0.576 1000005.000    inputs/sw_sync_reg[6]
  -------------------------------------------------------------------
                         required time                      1000005.062    <hidden>
                         arrival time                          -6.688    <hidden>
  -------------------------------------------------------------------
                         slack                              999998.438    <hidden>

Slack (MET) :             999998.438ns  (required time - arrival time)
  Source:                 inputs/reset_pipe_reg[1]/C
                            (rising edge-triggered cell FDPE clocked by trainer_1khz  {rise@0.000ns fall@500000.031ns period=1000000.000ns})
  Destination:            inputs/sw_sync_reg[7]/CLR
                            (recovery check against rising-edge clock trainer_1khz  {rise@0.000ns fall@500000.031ns period=1000000.000ns})
  Path Group:             **async_default**
  Path Type:              Recovery (Max at Slow Process Corner)
  Requirement:            1000000.062ns  (trainer_1khz rise@1000000.062ns - trainer_1khz rise@0.000ns)
  Data Path Delay:        1.089ns  (logic 0.478ns (43.900%)  route 0.611ns (56.100%))
  Logic Levels:           0  
  Clock Path Skew:        -0.022ns (DCD - SCD + CPR)
    Destination Clock Delay (DCD):    5.285ns = ( 1000005.375 - 1000000.062 ) 
    Source Clock Delay      (SCD):    5.599ns
    Clock Pessimism Removal (CPR):    0.292ns
  Clock Uncertainty:      0.035ns  ((TSJ^2 + TIJ^2)^1/2 + DJ) / 2 + PE
    Total System Jitter     (TSJ):    0.071ns
    Total Input Jitter      (TIJ):    0.000ns
    Discrete Jitter          (DJ):    0.000ns
    Phase Error              (PE):    0.000ns

    Location             Delay type                Incr(ns)  Path(ns)    Netlist Resource(s)
  -------------------------------------------------------------------    -------------------
                         (clock trainer_1khz rise edge)
                                                      0.000     0.000 r  <hidden>
    B6                                                0.000     0.000 r  clk
                         net (fo=0)                   0.000     0.000    clk
    B6                   IBUF (Prop_ibuf_I_O)         1.500     1.500 r  clk_IBUF_inst/O
                         net (fo=1, routed)           2.315     3.815    clk_IBUF
    BUFGCTRL_X0Y16       BUFG (Prop_bufg_I_O)         0.096     3.911 r  clk_IBUF_BUFG_inst/O
                         net (fo=14, routed)          1.688     5.599    inputs/CLK
    SLICE_X84Y119        FDPE                                         r  inputs/reset_pipe_reg[1]/C
  -------------------------------------------------------------------    -------------------
    SLICE_X84Y119        FDPE (Prop_fdpe_C_Q)         0.478     6.077 f  inputs/reset_pipe_reg[1]/Q
                         net (fo=12, routed)          0.611     6.688    inputs/reset_pipe[1]
    SLICE_X85Y119        FDCE                                         f  inputs/sw_sync_reg[7]/CLR
  -------------------------------------------------------------------    -------------------

                         (clock trainer_1khz rise edge)
                                                  1000000.062 1000000.062 r  <hidden>
    B6                                                0.000 1000000.062 r  clk
                         net (fo=0)                   0.000 1000000.062    clk
    B6                   IBUF (Prop_ibuf_I_O)         1.429 1000001.500 r  clk_IBUF_inst/O
                         net (fo=1, routed)           2.196 1000003.688    clk_IBUF
    BUFGCTRL_X0Y16       BUFG (Prop_bufg_I_O)         0.091 1000003.750 r  clk_IBUF_BUFG_inst/O
                         net (fo=14, routed)          1.569 1000005.312    inputs/CLK
    SLICE_X85Y119        FDCE                                         r  inputs/sw_sync_reg[7]/C
                         clock pessimism              0.292 1000005.625    <hidden>
                         clock uncertainty           -0.035 1000005.562    <hidden>
    SLICE_X85Y119        FDCE (Recov_fdce_C_CLR)     -0.576 1000005.000    inputs/sw_sync_reg[7]
  -------------------------------------------------------------------
                         required time                      1000005.062    <hidden>
                         arrival time                          -6.688    <hidden>
  -------------------------------------------------------------------
                         slack                              999998.438    <hidden>





Min Delay Paths
--------------------------------------------------------------------------------------
Slack (MET) :             0.494ns  (arrival time - required time)
  Source:                 inputs/reset_pipe_reg[1]/C
                            (rising edge-triggered cell FDPE clocked by trainer_1khz  {rise@0.000ns fall@500000.031ns period=1000000.000ns})
  Destination:            inputs/sw_meta_reg[4]/CLR
                            (removal check against rising-edge clock trainer_1khz  {rise@0.000ns fall@500000.031ns period=1000000.000ns})
  Path Group:             **async_default**
  Path Type:              Removal (Min at Fast Process Corner)
  Requirement:            0.000ns  (trainer_1khz rise@0.000ns - trainer_1khz rise@0.000ns)
  Data Path Delay:        0.362ns  (logic 0.148ns (40.903%)  route 0.214ns (59.097%))
  Logic Levels:           0  
  Clock Path Skew:        0.013ns (DCD - SCD - CPR)
    Destination Clock Delay (DCD):    2.212ns
    Source Clock Delay      (SCD):    1.688ns
    Clock Pessimism Removal (CPR):    0.511ns

    Location             Delay type                Incr(ns)  Path(ns)    Netlist Resource(s)
  -------------------------------------------------------------------    -------------------
                         (clock trainer_1khz rise edge)
                                                      0.000     0.000 r  <hidden>
    B6                                                0.000     0.000 r  clk
                         net (fo=0)                   0.000     0.000    clk
    B6                   IBUF (Prop_ibuf_I_O)         0.268     0.268 r  clk_IBUF_inst/O
                         net (fo=1, routed)           0.808     1.075    clk_IBUF
    BUFGCTRL_X0Y16       BUFG (Prop_bufg_I_O)         0.026     1.101 r  clk_IBUF_BUFG_inst/O
                         net (fo=14, routed)          0.587     1.688    inputs/CLK
    SLICE_X84Y119        FDPE                                         r  inputs/reset_pipe_reg[1]/C
  -------------------------------------------------------------------    -------------------
    SLICE_X84Y119        FDPE (Prop_fdpe_C_Q)         0.148     1.836 f  inputs/reset_pipe_reg[1]/Q
                         net (fo=12, routed)          0.214     2.050    inputs/reset_pipe[1]
    SLICE_X85Y119        FDCE                                         f  inputs/sw_meta_reg[4]/CLR
  -------------------------------------------------------------------    -------------------

                         (clock trainer_1khz rise edge)
                                                      0.000     0.000 r  <hidden>
    B6                                                0.000     0.000 r  clk
                         net (fo=0)                   0.000     0.000    clk
    B6                   IBUF (Prop_ibuf_I_O)         0.456     0.456 r  clk_IBUF_inst/O
                         net (fo=1, routed)           0.871     1.327    clk_IBUF
    BUFGCTRL_X0Y16       BUFG (Prop_bufg_I_O)         0.029     1.356 r  clk_IBUF_BUFG_inst/O
                         net (fo=14, routed)          0.856     2.212    inputs/CLK
    SLICE_X85Y119        FDCE                                         r  inputs/sw_meta_reg[4]/C
                         clock pessimism             -0.511     1.701    <hidden>
    SLICE_X85Y119        FDCE (Remov_fdce_C_CLR)     -0.145     1.556    inputs/sw_meta_reg[4]
  -------------------------------------------------------------------
                         required time                         -1.556    <hidden>
                         arrival time                           2.050    <hidden>
  -------------------------------------------------------------------
                         slack                                  0.494    <hidden>

Slack (MET) :             0.494ns  (arrival time - required time)
  Source:                 inputs/reset_pipe_reg[1]/C
                            (rising edge-triggered cell FDPE clocked by trainer_1khz  {rise@0.000ns fall@500000.031ns period=1000000.000ns})
  Destination:            inputs/sw_meta_reg[5]/CLR
                            (removal check against rising-edge clock trainer_1khz  {rise@0.000ns fall@500000.031ns period=1000000.000ns})
  Path Group:             **async_default**
  Path Type:              Removal (Min at Fast Process Corner)
  Requirement:            0.000ns  (trainer_1khz rise@0.000ns - trainer_1khz rise@0.000ns)
  Data Path Delay:        0.362ns  (logic 0.148ns (40.903%)  route 0.214ns (59.097%))
  Logic Levels:           0  
  Clock Path Skew:        0.013ns (DCD - SCD - CPR)
    Destination Clock Delay (DCD):    2.212ns
    Source Clock Delay      (SCD):    1.688ns
    Clock Pessimism Removal (CPR):    0.511ns

    Location             Delay type                Incr(ns)  Path(ns)    Netlist Resource(s)
  -------------------------------------------------------------------    -------------------
                         (clock trainer_1khz rise edge)
                                                      0.000     0.000 r  <hidden>
    B6                                                0.000     0.000 r  clk
                         net (fo=0)                   0.000     0.000    clk
    B6                   IBUF (Prop_ibuf_I_O)         0.268     0.268 r  clk_IBUF_inst/O
                         net (fo=1, routed)           0.808     1.075    clk_IBUF
    BUFGCTRL_X0Y16       BUFG (Prop_bufg_I_O)         0.026     1.101 r  clk_IBUF_BUFG_inst/O
                         net (fo=14, routed)          0.587     1.688    inputs/CLK
    SLICE_X84Y119        FDPE                                         r  inputs/reset_pipe_reg[1]/C
  -------------------------------------------------------------------    -------------------
    SLICE_X84Y119        FDPE (Prop_fdpe_C_Q)         0.148     1.836 f  inputs/reset_pipe_reg[1]/Q
                         net (fo=12, routed)          0.214     2.050    inputs/reset_pipe[1]
    SLICE_X85Y119        FDCE                                         f  inputs/sw_meta_reg[5]/CLR
  -------------------------------------------------------------------    -------------------

                         (clock trainer_1khz rise edge)
                                                      0.000     0.000 r  <hidden>
    B6                                                0.000     0.000 r  clk
                         net (fo=0)                   0.000     0.000    clk
    B6                   IBUF (Prop_ibuf_I_O)         0.456     0.456 r  clk_IBUF_inst/O
                         net (fo=1, routed)           0.871     1.327    clk_IBUF
    BUFGCTRL_X0Y16       BUFG (Prop_bufg_I_O)         0.029     1.356 r  clk_IBUF_BUFG_inst/O
                         net (fo=14, routed)          0.856     2.212    inputs/CLK
    SLICE_X85Y119        FDCE                                         r  inputs/sw_meta_reg[5]/C
                         clock pessimism             -0.511     1.701    <hidden>
    SLICE_X85Y119        FDCE (Remov_fdce_C_CLR)     -0.145     1.556    inputs/sw_meta_reg[5]
  -------------------------------------------------------------------
                         required time                         -1.556    <hidden>
                         arrival time                           2.050    <hidden>
  -------------------------------------------------------------------
                         slack                                  0.494    <hidden>

Slack (MET) :             0.494ns  (arrival time - required time)
  Source:                 inputs/reset_pipe_reg[1]/C
                            (rising edge-triggered cell FDPE clocked by trainer_1khz  {rise@0.000ns fall@500000.031ns period=1000000.000ns})
  Destination:            inputs/sw_meta_reg[6]/CLR
                            (removal check against rising-edge clock trainer_1khz  {rise@0.000ns fall@500000.031ns period=1000000.000ns})
  Path Group:             **async_default**
  Path Type:              Removal (Min at Fast Process Corner)
  Requirement:            0.000ns  (trainer_1khz rise@0.000ns - trainer_1khz rise@0.000ns)
  Data Path Delay:        0.362ns  (logic 0.148ns (40.903%)  route 0.214ns (59.097%))
  Logic Levels:           0  
  Clock Path Skew:        0.013ns (DCD - SCD - CPR)
    Destination Clock Delay (DCD):    2.212ns
    Source Clock Delay      (SCD):    1.688ns
    Clock Pessimism Removal (CPR):    0.511ns

    Location             Delay type                Incr(ns)  Path(ns)    Netlist Resource(s)
  -------------------------------------------------------------------    -------------------
                         (clock trainer_1khz rise edge)
                                                      0.000     0.000 r  <hidden>
    B6                                                0.000     0.000 r  clk
                         net (fo=0)                   0.000     0.000    clk
    B6                   IBUF (Prop_ibuf_I_O)         0.268     0.268 r  clk_IBUF_inst/O
                         net (fo=1, routed)           0.808     1.075    clk_IBUF
    BUFGCTRL_X0Y16       BUFG (Prop_bufg_I_O)         0.026     1.101 r  clk_IBUF_BUFG_inst/O
                         net (fo=14, routed)          0.587     1.688    inputs/CLK
    SLICE_X84Y119        FDPE                                         r  inputs/reset_pipe_reg[1]/C
  -------------------------------------------------------------------    -------------------
    SLICE_X84Y119        FDPE (Prop_fdpe_C_Q)         0.148     1.836 f  inputs/reset_pipe_reg[1]/Q
                         net (fo=12, routed)          0.214     2.050    inputs/reset_pipe[1]
    SLICE_X85Y119        FDCE                                         f  inputs/sw_meta_reg[6]/CLR
  -------------------------------------------------------------------    -------------------

                         (clock trainer_1khz rise edge)
                                                      0.000     0.000 r  <hidden>
    B6                                                0.000     0.000 r  clk
                         net (fo=0)                   0.000     0.000    clk
    B6                   IBUF (Prop_ibuf_I_O)         0.456     0.456 r  clk_IBUF_inst/O
                         net (fo=1, routed)           0.871     1.327    clk_IBUF
    BUFGCTRL_X0Y16       BUFG (Prop_bufg_I_O)         0.029     1.356 r  clk_IBUF_BUFG_inst/O
                         net (fo=14, routed)          0.856     2.212    inputs/CLK
    SLICE_X85Y119        FDCE                                         r  inputs/sw_meta_reg[6]/C
                         clock pessimism             -0.511     1.701    <hidden>
    SLICE_X85Y119        FDCE (Remov_fdce_C_CLR)     -0.145     1.556    inputs/sw_meta_reg[6]
  -------------------------------------------------------------------
                         required time                         -1.556    <hidden>
                         arrival time                           2.050    <hidden>
  -------------------------------------------------------------------
                         slack                                  0.494    <hidden>

Slack (MET) :             0.494ns  (arrival time - required time)
  Source:                 inputs/reset_pipe_reg[1]/C
                            (rising edge-triggered cell FDPE clocked by trainer_1khz  {rise@0.000ns fall@500000.031ns period=1000000.000ns})
  Destination:            inputs/sw_meta_reg[7]/CLR
                            (removal check against rising-edge clock trainer_1khz  {rise@0.000ns fall@500000.031ns period=1000000.000ns})
  Path Group:             **async_default**
  Path Type:              Removal (Min at Fast Process Corner)
  Requirement:            0.000ns  (trainer_1khz rise@0.000ns - trainer_1khz rise@0.000ns)
  Data Path Delay:        0.362ns  (logic 0.148ns (40.903%)  route 0.214ns (59.097%))
  Logic Levels:           0  
  Clock Path Skew:        0.013ns (DCD - SCD - CPR)
    Destination Clock Delay (DCD):    2.212ns
    Source Clock Delay      (SCD):    1.688ns
    Clock Pessimism Removal (CPR):    0.511ns

    Location             Delay type                Incr(ns)  Path(ns)    Netlist Resource(s)
  -------------------------------------------------------------------    -------------------
                         (clock trainer_1khz rise edge)
                                                      0.000     0.000 r  <hidden>
    B6                                                0.000     0.000 r  clk
                         net (fo=0)                   0.000     0.000    clk
    B6                   IBUF (Prop_ibuf_I_O)         0.268     0.268 r  clk_IBUF_inst/O
                         net (fo=1, routed)           0.808     1.075    clk_IBUF
    BUFGCTRL_X0Y16       BUFG (Prop_bufg_I_O)         0.026     1.101 r  clk_IBUF_BUFG_inst/O
                         net (fo=14, routed)          0.587     1.688    inputs/CLK
    SLICE_X84Y119        FDPE                                         r  inputs/reset_pipe_reg[1]/C
  -------------------------------------------------------------------    -------------------
    SLICE_X84Y119        FDPE (Prop_fdpe_C_Q)         0.148     1.836 f  inputs/reset_pipe_reg[1]/Q
                         net (fo=12, routed)          0.214     2.050    inputs/reset_pipe[1]
    SLICE_X85Y119        FDCE                                         f  inputs/sw_meta_reg[7]/CLR
  -------------------------------------------------------------------    -------------------

                         (clock trainer_1khz rise edge)
                                                      0.000     0.000 r  <hidden>
    B6                                                0.000     0.000 r  clk
                         net (fo=0)                   0.000     0.000    clk
    B6                   IBUF (Prop_ibuf_I_O)         0.456     0.456 r  clk_IBUF_inst/O
                         net (fo=1, routed)           0.871     1.327    clk_IBUF
    BUFGCTRL_X0Y16       BUFG (Prop_bufg_I_O)         0.029     1.356 r  clk_IBUF_BUFG_inst/O
                         net (fo=14, routed)          0.856     2.212    inputs/CLK
    SLICE_X85Y119        FDCE                                         r  inputs/sw_meta_reg[7]/C
                         clock pessimism             -0.511     1.701    <hidden>
    SLICE_X85Y119        FDCE (Remov_fdce_C_CLR)     -0.145     1.556    inputs/sw_meta_reg[7]
  -------------------------------------------------------------------
                         required time                         -1.556    <hidden>
                         arrival time                           2.050    <hidden>
  -------------------------------------------------------------------
                         slack                                  0.494    <hidden>

Slack (MET) :             0.494ns  (arrival time - required time)
  Source:                 inputs/reset_pipe_reg[1]/C
                            (rising edge-triggered cell FDPE clocked by trainer_1khz  {rise@0.000ns fall@500000.031ns period=1000000.000ns})
  Destination:            inputs/sw_sync_reg[4]/CLR
                            (removal check against rising-edge clock trainer_1khz  {rise@0.000ns fall@500000.031ns period=1000000.000ns})
  Path Group:             **async_default**
  Path Type:              Removal (Min at Fast Process Corner)
  Requirement:            0.000ns  (trainer_1khz rise@0.000ns - trainer_1khz rise@0.000ns)
  Data Path Delay:        0.362ns  (logic 0.148ns (40.903%)  route 0.214ns (59.097%))
  Logic Levels:           0  
  Clock Path Skew:        0.013ns (DCD - SCD - CPR)
    Destination Clock Delay (DCD):    2.212ns
    Source Clock Delay      (SCD):    1.688ns
    Clock Pessimism Removal (CPR):    0.511ns

    Location             Delay type                Incr(ns)  Path(ns)    Netlist Resource(s)
  -------------------------------------------------------------------    -------------------
                         (clock trainer_1khz rise edge)
                                                      0.000     0.000 r  <hidden>
    B6                                                0.000     0.000 r  clk
                         net (fo=0)                   0.000     0.000    clk
    B6                   IBUF (Prop_ibuf_I_O)         0.268     0.268 r  clk_IBUF_inst/O
                         net (fo=1, routed)           0.808     1.075    clk_IBUF
    BUFGCTRL_X0Y16       BUFG (Prop_bufg_I_O)         0.026     1.101 r  clk_IBUF_BUFG_inst/O
                         net (fo=14, routed)          0.587     1.688    inputs/CLK
    SLICE_X84Y119        FDPE                                         r  inputs/reset_pipe_reg[1]/C
  -------------------------------------------------------------------    -------------------
    SLICE_X84Y119        FDPE (Prop_fdpe_C_Q)         0.148     1.836 f  inputs/reset_pipe_reg[1]/Q
                         net (fo=12, routed)          0.214     2.050    inputs/reset_pipe[1]
    SLICE_X85Y119        FDCE                                         f  inputs/sw_sync_reg[4]/CLR
  -------------------------------------------------------------------    -------------------

                         (clock trainer_1khz rise edge)
                                                      0.000     0.000 r  <hidden>
    B6                                                0.000     0.000 r  clk
                         net (fo=0)                   0.000     0.000    clk
    B6                   IBUF (Prop_ibuf_I_O)         0.456     0.456 r  clk_IBUF_inst/O
                         net (fo=1, routed)           0.871     1.327    clk_IBUF
    BUFGCTRL_X0Y16       BUFG (Prop_bufg_I_O)         0.029     1.356 r  clk_IBUF_BUFG_inst/O
                         net (fo=14, routed)          0.856     2.212    inputs/CLK
    SLICE_X85Y119        FDCE                                         r  inputs/sw_sync_reg[4]/C
                         clock pessimism             -0.511     1.701    <hidden>
    SLICE_X85Y119        FDCE (Remov_fdce_C_CLR)     -0.145     1.556    inputs/sw_sync_reg[4]
  -------------------------------------------------------------------
                         required time                         -1.556    <hidden>
                         arrival time                           2.050    <hidden>
  -------------------------------------------------------------------
                         slack                                  0.494    <hidden>

Slack (MET) :             0.494ns  (arrival time - required time)
  Source:                 inputs/reset_pipe_reg[1]/C
                            (rising edge-triggered cell FDPE clocked by trainer_1khz  {rise@0.000ns fall@500000.031ns period=1000000.000ns})
  Destination:            inputs/sw_sync_reg[5]/CLR
                            (removal check against rising-edge clock trainer_1khz  {rise@0.000ns fall@500000.031ns period=1000000.000ns})
  Path Group:             **async_default**
  Path Type:              Removal (Min at Fast Process Corner)
  Requirement:            0.000ns  (trainer_1khz rise@0.000ns - trainer_1khz rise@0.000ns)
  Data Path Delay:        0.362ns  (logic 0.148ns (40.903%)  route 0.214ns (59.097%))
  Logic Levels:           0  
  Clock Path Skew:        0.013ns (DCD - SCD - CPR)
    Destination Clock Delay (DCD):    2.212ns
    Source Clock Delay      (SCD):    1.688ns
    Clock Pessimism Removal (CPR):    0.511ns

    Location             Delay type                Incr(ns)  Path(ns)    Netlist Resource(s)
  -------------------------------------------------------------------    -------------------
                         (clock trainer_1khz rise edge)
                                                      0.000     0.000 r  <hidden>
    B6                                                0.000     0.000 r  clk
                         net (fo=0)                   0.000     0.000    clk
    B6                   IBUF (Prop_ibuf_I_O)         0.268     0.268 r  clk_IBUF_inst/O
                         net (fo=1, routed)           0.808     1.075    clk_IBUF
    BUFGCTRL_X0Y16       BUFG (Prop_bufg_I_O)         0.026     1.101 r  clk_IBUF_BUFG_inst/O
                         net (fo=14, routed)          0.587     1.688    inputs/CLK
    SLICE_X84Y119        FDPE                                         r  inputs/reset_pipe_reg[1]/C
  -------------------------------------------------------------------    -------------------
    SLICE_X84Y119        FDPE (Prop_fdpe_C_Q)         0.148     1.836 f  inputs/reset_pipe_reg[1]/Q
                         net (fo=12, routed)          0.214     2.050    inputs/reset_pipe[1]
    SLICE_X85Y119        FDCE                                         f  inputs/sw_sync_reg[5]/CLR
  -------------------------------------------------------------------    -------------------

                         (clock trainer_1khz rise edge)
                                                      0.000     0.000 r  <hidden>
    B6                                                0.000     0.000 r  clk
                         net (fo=0)                   0.000     0.000    clk
    B6                   IBUF (Prop_ibuf_I_O)         0.456     0.456 r  clk_IBUF_inst/O
                         net (fo=1, routed)           0.871     1.327    clk_IBUF
    BUFGCTRL_X0Y16       BUFG (Prop_bufg_I_O)         0.029     1.356 r  clk_IBUF_BUFG_inst/O
                         net (fo=14, routed)          0.856     2.212    inputs/CLK
    SLICE_X85Y119        FDCE                                         r  inputs/sw_sync_reg[5]/C
                         clock pessimism             -0.511     1.701    <hidden>
    SLICE_X85Y119        FDCE (Remov_fdce_C_CLR)     -0.145     1.556    inputs/sw_sync_reg[5]
  -------------------------------------------------------------------
                         required time                         -1.556    <hidden>
                         arrival time                           2.050    <hidden>
  -------------------------------------------------------------------
                         slack                                  0.494    <hidden>

Slack (MET) :             0.494ns  (arrival time - required time)
  Source:                 inputs/reset_pipe_reg[1]/C
                            (rising edge-triggered cell FDPE clocked by trainer_1khz  {rise@0.000ns fall@500000.031ns period=1000000.000ns})
  Destination:            inputs/sw_sync_reg[6]/CLR
                            (removal check against rising-edge clock trainer_1khz  {rise@0.000ns fall@500000.031ns period=1000000.000ns})
  Path Group:             **async_default**
  Path Type:              Removal (Min at Fast Process Corner)
  Requirement:            0.000ns  (trainer_1khz rise@0.000ns - trainer_1khz rise@0.000ns)
  Data Path Delay:        0.362ns  (logic 0.148ns (40.903%)  route 0.214ns (59.097%))
  Logic Levels:           0  
  Clock Path Skew:        0.013ns (DCD - SCD - CPR)
    Destination Clock Delay (DCD):    2.212ns
    Source Clock Delay      (SCD):    1.688ns
    Clock Pessimism Removal (CPR):    0.511ns

    Location             Delay type                Incr(ns)  Path(ns)    Netlist Resource(s)
  -------------------------------------------------------------------    -------------------
                         (clock trainer_1khz rise edge)
                                                      0.000     0.000 r  <hidden>
    B6                                                0.000     0.000 r  clk
                         net (fo=0)                   0.000     0.000    clk
    B6                   IBUF (Prop_ibuf_I_O)         0.268     0.268 r  clk_IBUF_inst/O
                         net (fo=1, routed)           0.808     1.075    clk_IBUF
    BUFGCTRL_X0Y16       BUFG (Prop_bufg_I_O)         0.026     1.101 r  clk_IBUF_BUFG_inst/O
                         net (fo=14, routed)          0.587     1.688    inputs/CLK
    SLICE_X84Y119        FDPE                                         r  inputs/reset_pipe_reg[1]/C
  -------------------------------------------------------------------    -------------------
    SLICE_X84Y119        FDPE (Prop_fdpe_C_Q)         0.148     1.836 f  inputs/reset_pipe_reg[1]/Q
                         net (fo=12, routed)          0.214     2.050    inputs/reset_pipe[1]
    SLICE_X85Y119        FDCE                                         f  inputs/sw_sync_reg[6]/CLR
  -------------------------------------------------------------------    -------------------

                         (clock trainer_1khz rise edge)
                                                      0.000     0.000 r  <hidden>
    B6                                                0.000     0.000 r  clk
                         net (fo=0)                   0.000     0.000    clk
    B6                   IBUF (Prop_ibuf_I_O)         0.456     0.456 r  clk_IBUF_inst/O
                         net (fo=1, routed)           0.871     1.327    clk_IBUF
    BUFGCTRL_X0Y16       BUFG (Prop_bufg_I_O)         0.029     1.356 r  clk_IBUF_BUFG_inst/O
                         net (fo=14, routed)          0.856     2.212    inputs/CLK
    SLICE_X85Y119        FDCE                                         r  inputs/sw_sync_reg[6]/C
                         clock pessimism             -0.511     1.701    <hidden>
    SLICE_X85Y119        FDCE (Remov_fdce_C_CLR)     -0.145     1.556    inputs/sw_sync_reg[6]
  -------------------------------------------------------------------
                         required time                         -1.556    <hidden>
                         arrival time                           2.050    <hidden>
  -------------------------------------------------------------------
                         slack                                  0.494    <hidden>

Slack (MET) :             0.494ns  (arrival time - required time)
  Source:                 inputs/reset_pipe_reg[1]/C
                            (rising edge-triggered cell FDPE clocked by trainer_1khz  {rise@0.000ns fall@500000.031ns period=1000000.000ns})
  Destination:            inputs/sw_sync_reg[7]/CLR
                            (removal check against rising-edge clock trainer_1khz  {rise@0.000ns fall@500000.031ns period=1000000.000ns})
  Path Group:             **async_default**
  Path Type:              Removal (Min at Fast Process Corner)
  Requirement:            0.000ns  (trainer_1khz rise@0.000ns - trainer_1khz rise@0.000ns)
  Data Path Delay:        0.362ns  (logic 0.148ns (40.903%)  route 0.214ns (59.097%))
  Logic Levels:           0  
  Clock Path Skew:        0.013ns (DCD - SCD - CPR)
    Destination Clock Delay (DCD):    2.212ns
    Source Clock Delay      (SCD):    1.688ns
    Clock Pessimism Removal (CPR):    0.511ns

    Location             Delay type                Incr(ns)  Path(ns)    Netlist Resource(s)
  -------------------------------------------------------------------    -------------------
                         (clock trainer_1khz rise edge)
                                                      0.000     0.000 r  <hidden>
    B6                                                0.000     0.000 r  clk
                         net (fo=0)                   0.000     0.000    clk
    B6                   IBUF (Prop_ibuf_I_O)         0.268     0.268 r  clk_IBUF_inst/O
                         net (fo=1, routed)           0.808     1.075    clk_IBUF
    BUFGCTRL_X0Y16       BUFG (Prop_bufg_I_O)         0.026     1.101 r  clk_IBUF_BUFG_inst/O
                         net (fo=14, routed)          0.587     1.688    inputs/CLK
    SLICE_X84Y119        FDPE                                         r  inputs/reset_pipe_reg[1]/C
  -------------------------------------------------------------------    -------------------
    SLICE_X84Y119        FDPE (Prop_fdpe_C_Q)         0.148     1.836 f  inputs/reset_pipe_reg[1]/Q
                         net (fo=12, routed)          0.214     2.050    inputs/reset_pipe[1]
    SLICE_X85Y119        FDCE                                         f  inputs/sw_sync_reg[7]/CLR
  -------------------------------------------------------------------    -------------------

                         (clock trainer_1khz rise edge)
                                                      0.000     0.000 r  <hidden>
    B6                                                0.000     0.000 r  clk
                         net (fo=0)                   0.000     0.000    clk
    B6                   IBUF (Prop_ibuf_I_O)         0.456     0.456 r  clk_IBUF_inst/O
                         net (fo=1, routed)           0.871     1.327    clk_IBUF
    BUFGCTRL_X0Y16       BUFG (Prop_bufg_I_O)         0.029     1.356 r  clk_IBUF_BUFG_inst/O
                         net (fo=14, routed)          0.856     2.212    inputs/CLK
    SLICE_X85Y119        FDCE                                         r  inputs/sw_sync_reg[7]/C
                         clock pessimism             -0.511     1.701    <hidden>
    SLICE_X85Y119        FDCE (Remov_fdce_C_CLR)     -0.145     1.556    inputs/sw_sync_reg[7]
  -------------------------------------------------------------------
                         required time                         -1.556    <hidden>
                         arrival time                           2.050    <hidden>
  -------------------------------------------------------------------
                         slack                                  0.494    <hidden>





--------------------------------------------------------------------------------------
Path Group:  (none)
From Clock:  
  To Clock:  trainer_1khz

Max Delay             6 Endpoints
Min Delay             6 Endpoints
--------------------------------------------------------------------------------------


Max Delay Paths
--------------------------------------------------------------------------------------
Slack:                    inf
  Source:                 sw[4]
                            (input port)
  Destination:            inputs/sw_meta_reg[4]/D
                            (rising edge-triggered cell FDCE clocked by trainer_1khz  {rise@0.000ns fall@500000.031ns period=1000000.000ns})
  Path Group:             (none)
  Path Type:              Setup (Max at Slow Process Corner)
  Data Path Delay:        3.973ns  (logic 1.496ns (37.654%)  route 2.477ns (62.346%))
  Logic Levels:           1  (IBUF=1)
  Clock Path Skew:        5.285ns (DCD - SCD + CPR)
    Destination Clock Delay (DCD):    5.285ns
    Source Clock Delay      (SCD):    0.000ns
    Clock Pessimism Removal (CPR):    0.000ns
  Clock Uncertainty:      0.025ns  ((TSJ^2 + TIJ^2)^1/2 + DJ) / 2 + PE
    Total System Jitter     (TSJ):    0.050ns
    Total Input Jitter      (TIJ):    0.000ns
    Discrete Jitter          (DJ):    0.000ns
    Phase Error              (PE):    0.000ns
  Timing Exception:       False Path

    Location             Delay type                Incr(ns)  Path(ns)    Netlist Resource(s)
  -------------------------------------------------------------------    -------------------
    T1                                                0.000     0.000 r  sw[4]
                         net (fo=0)                   0.000     0.000    sw[4]
    T1                   IBUF (Prop_ibuf_I_O)         1.496     1.496 r  sw_IBUF[4]_inst/O
                         net (fo=1, routed)           2.477     3.973    inputs/D[4]
    SLICE_X85Y119        FDCE                                         r  inputs/sw_meta_reg[4]/D
  -------------------------------------------------------------------    -------------------

                         (clock trainer_1khz rise edge)
                                                      0.000     0.000 r  <hidden>
    B6                                                0.000     0.000 r  clk
                         net (fo=0)                   0.000     0.000    clk
    B6                   IBUF (Prop_ibuf_I_O)         1.429     1.429 r  clk_IBUF_inst/O
                         net (fo=1, routed)           2.196     3.625    clk_IBUF
    BUFGCTRL_X0Y16       BUFG (Prop_bufg_I_O)         0.091     3.716 r  clk_IBUF_BUFG_inst/O
                         net (fo=14, routed)          1.569     5.285    inputs/CLK
    SLICE_X85Y119        FDCE                                         r  inputs/sw_meta_reg[4]/C

Slack:                    inf
  Source:                 sw[6]
                            (input port)
  Destination:            inputs/sw_meta_reg[6]/D
                            (rising edge-triggered cell FDCE clocked by trainer_1khz  {rise@0.000ns fall@500000.031ns period=1000000.000ns})
  Path Group:             (none)
  Path Type:              Setup (Max at Slow Process Corner)
  Data Path Delay:        3.537ns  (logic 1.514ns (42.803%)  route 2.023ns (57.197%))
  Logic Levels:           1  (IBUF=1)
  Clock Path Skew:        5.285ns (DCD - SCD + CPR)
    Destination Clock Delay (DCD):    5.285ns
    Source Clock Delay      (SCD):    0.000ns
    Clock Pessimism Removal (CPR):    0.000ns
  Clock Uncertainty:      0.025ns  ((TSJ^2 + TIJ^2)^1/2 + DJ) / 2 + PE
    Total System Jitter     (TSJ):    0.050ns
    Total Input Jitter      (TIJ):    0.000ns
    Discrete Jitter          (DJ):    0.000ns
    Phase Error              (PE):    0.000ns
  Timing Exception:       False Path

    Location             Delay type                Incr(ns)  Path(ns)    Netlist Resource(s)
  -------------------------------------------------------------------    -------------------
    W3                                                0.000     0.000 r  sw[6]
                         net (fo=0)                   0.000     0.000    sw[6]
    W3                   IBUF (Prop_ibuf_I_O)         1.514     1.514 r  sw_IBUF[6]_inst/O
                         net (fo=1, routed)           2.023     3.537    inputs/D[6]
    SLICE_X85Y119        FDCE                                         r  inputs/sw_meta_reg[6]/D
  -------------------------------------------------------------------    -------------------

                         (clock trainer_1khz rise edge)
                                                      0.000     0.000 r  <hidden>
    B6                                                0.000     0.000 r  clk
                         net (fo=0)                   0.000     0.000    clk
    B6                   IBUF (Prop_ibuf_I_O)         1.429     1.429 r  clk_IBUF_inst/O
                         net (fo=1, routed)           2.196     3.625    clk_IBUF
    BUFGCTRL_X0Y16       BUFG (Prop_bufg_I_O)         0.091     3.716 r  clk_IBUF_BUFG_inst/O
                         net (fo=14, routed)          1.569     5.285    inputs/CLK
    SLICE_X85Y119        FDCE                                         r  inputs/sw_meta_reg[6]/C

Slack:                    inf
  Source:                 sw[5]
                            (input port)
  Destination:            inputs/sw_meta_reg[5]/D
                            (rising edge-triggered cell FDCE clocked by trainer_1khz  {rise@0.000ns fall@500000.031ns period=1000000.000ns})
  Path Group:             (none)
  Path Type:              Setup (Max at Slow Process Corner)
  Data Path Delay:        3.346ns  (logic 1.503ns (44.926%)  route 1.843ns (55.074%))
  Logic Levels:           1  (IBUF=1)
  Clock Path Skew:        5.285ns (DCD - SCD + CPR)
    Destination Clock Delay (DCD):    5.285ns
    Source Clock Delay      (SCD):    0.000ns
    Clock Pessimism Removal (CPR):    0.000ns
  Clock Uncertainty:      0.025ns  ((TSJ^2 + TIJ^2)^1/2 + DJ) / 2 + PE
    Total System Jitter     (TSJ):    0.050ns
    Total Input Jitter      (TIJ):    0.000ns
    Discrete Jitter          (DJ):    0.000ns
    Phase Error              (PE):    0.000ns
  Timing Exception:       False Path

    Location             Delay type                Incr(ns)  Path(ns)    Netlist Resource(s)
  -------------------------------------------------------------------    -------------------
    U2                                                0.000     0.000 r  sw[5]
                         net (fo=0)                   0.000     0.000    sw[5]
    U2                   IBUF (Prop_ibuf_I_O)         1.503     1.503 r  sw_IBUF[5]_inst/O
                         net (fo=1, routed)           1.843     3.346    inputs/D[5]
    SLICE_X85Y119        FDCE                                         r  inputs/sw_meta_reg[5]/D
  -------------------------------------------------------------------    -------------------

                         (clock trainer_1khz rise edge)
                                                      0.000     0.000 r  <hidden>
    B6                                                0.000     0.000 r  clk
                         net (fo=0)                   0.000     0.000    clk
    B6                   IBUF (Prop_ibuf_I_O)         1.429     1.429 r  clk_IBUF_inst/O
                         net (fo=1, routed)           2.196     3.625    clk_IBUF
    BUFGCTRL_X0Y16       BUFG (Prop_bufg_I_O)         0.091     3.716 r  clk_IBUF_BUFG_inst/O
                         net (fo=14, routed)          1.569     5.285    inputs/CLK
    SLICE_X85Y119        FDCE                                         r  inputs/sw_meta_reg[5]/C

Slack:                    inf
  Source:                 sw[7]
                            (input port)
  Destination:            inputs/sw_meta_reg[7]/D
                            (rising edge-triggered cell FDCE clocked by trainer_1khz  {rise@0.000ns fall@500000.031ns period=1000000.000ns})
  Path Group:             (none)
  Path Type:              Setup (Max at Slow Process Corner)
  Data Path Delay:        3.340ns  (logic 1.524ns (45.623%)  route 1.816ns (54.377%))
  Logic Levels:           1  (IBUF=1)
  Clock Path Skew:        5.285ns (DCD - SCD + CPR)
    Destination Clock Delay (DCD):    5.285ns
    Source Clock Delay      (SCD):    0.000ns
    Clock Pessimism Removal (CPR):    0.000ns
  Clock Uncertainty:      0.025ns  ((TSJ^2 + TIJ^2)^1/2 + DJ) / 2 + PE
    Total System Jitter     (TSJ):    0.050ns
    Total Input Jitter      (TIJ):    0.000ns
    Discrete Jitter          (DJ):    0.000ns
    Phase Error              (PE):    0.000ns
  Timing Exception:       False Path

    Location             Delay type                Incr(ns)  Path(ns)    Netlist Resource(s)
  -------------------------------------------------------------------    -------------------
    Y1                                                0.000     0.000 r  sw[7]
                         net (fo=0)                   0.000     0.000    sw[7]
    Y1                   IBUF (Prop_ibuf_I_O)         1.524     1.524 r  sw_IBUF[7]_inst/O
                         net (fo=1, routed)           1.816     3.340    inputs/D[7]
    SLICE_X85Y119        FDCE                                         r  inputs/sw_meta_reg[7]/D
  -------------------------------------------------------------------    -------------------

                         (clock trainer_1khz rise edge)
                                                      0.000     0.000 r  <hidden>
    B6                                                0.000     0.000 r  clk
                         net (fo=0)                   0.000     0.000    clk
    B6                   IBUF (Prop_ibuf_I_O)         1.429     1.429 r  clk_IBUF_inst/O
                         net (fo=1, routed)           2.196     3.625    clk_IBUF
    BUFGCTRL_X0Y16       BUFG (Prop_bufg_I_O)         0.091     3.716 r  clk_IBUF_BUFG_inst/O
                         net (fo=14, routed)          1.569     5.285    inputs/CLK
    SLICE_X85Y119        FDCE                                         r  inputs/sw_meta_reg[7]/C

Slack:                    inf
  Source:                 rst
                            (input port)
  Destination:            inputs/reset_pipe_reg[0]/PRE
                            (recovery check against rising-edge clock trainer_1khz  {rise@0.000ns fall@500000.031ns period=1000000.000ns})
  Path Group:             (none)
  Path Type:              Recovery (Max at Slow Process Corner)
  Data Path Delay:        2.904ns  (logic 1.468ns (50.563%)  route 1.436ns (49.437%))
  Logic Levels:           1  (IBUF=1)
  Clock Path Skew:        5.285ns (DCD - SCD + CPR)
    Destination Clock Delay (DCD):    5.285ns
    Source Clock Delay      (SCD):    0.000ns
    Clock Pessimism Removal (CPR):    0.000ns
  Clock Uncertainty:      0.025ns  ((TSJ^2 + TIJ^2)^1/2 + DJ) / 2 + PE
    Total System Jitter     (TSJ):    0.050ns
    Total Input Jitter      (TIJ):    0.000ns
    Discrete Jitter          (DJ):    0.000ns
    Phase Error              (PE):    0.000ns
  Timing Exception:       False Path

    Location             Delay type                Incr(ns)  Path(ns)    Netlist Resource(s)
  -------------------------------------------------------------------    -------------------
    K4                                                0.000     0.000 f  rst
                         net (fo=0)                   0.000     0.000    rst
    K4                   IBUF (Prop_ibuf_I_O)         1.468     1.468 f  rst_IBUF_inst/O
                         net (fo=2, routed)           1.436     2.904    inputs/AS[0]
    SLICE_X84Y119        FDPE                                         f  inputs/reset_pipe_reg[0]/PRE
  -------------------------------------------------------------------    -------------------

                         (clock trainer_1khz rise edge)
                                                      0.000     0.000 r  <hidden>
    B6                                                0.000     0.000 r  clk
                         net (fo=0)                   0.000     0.000    clk
    B6                   IBUF (Prop_ibuf_I_O)         1.429     1.429 r  clk_IBUF_inst/O
                         net (fo=1, routed)           2.196     3.625    clk_IBUF
    BUFGCTRL_X0Y16       BUFG (Prop_bufg_I_O)         0.091     3.716 r  clk_IBUF_BUFG_inst/O
                         net (fo=14, routed)          1.569     5.285    inputs/CLK
    SLICE_X84Y119        FDPE                                         r  inputs/reset_pipe_reg[0]/C

Slack:                    inf
  Source:                 rst
                            (input port)
  Destination:            inputs/reset_pipe_reg[1]/PRE
                            (recovery check against rising-edge clock trainer_1khz  {rise@0.000ns fall@500000.031ns period=1000000.000ns})
  Path Group:             (none)
  Path Type:              Recovery (Max at Slow Process Corner)
  Data Path Delay:        2.904ns  (logic 1.468ns (50.563%)  route 1.436ns (49.437%))
  Logic Levels:           1  (IBUF=1)
  Clock Path Skew:        5.285ns (DCD - SCD + CPR)
    Destination Clock Delay (DCD):    5.285ns
    Source Clock Delay      (SCD):    0.000ns
    Clock Pessimism Removal (CPR):    0.000ns
  Clock Uncertainty:      0.025ns  ((TSJ^2 + TIJ^2)^1/2 + DJ) / 2 + PE
    Total System Jitter     (TSJ):    0.050ns
    Total Input Jitter      (TIJ):    0.000ns
    Discrete Jitter          (DJ):    0.000ns
    Phase Error              (PE):    0.000ns
  Timing Exception:       False Path

    Location             Delay type                Incr(ns)  Path(ns)    Netlist Resource(s)
  -------------------------------------------------------------------    -------------------
    K4                                                0.000     0.000 f  rst
                         net (fo=0)                   0.000     0.000    rst
    K4                   IBUF (Prop_ibuf_I_O)         1.468     1.468 f  rst_IBUF_inst/O
                         net (fo=2, routed)           1.436     2.904    inputs/AS[0]
    SLICE_X84Y119        FDPE                                         f  inputs/reset_pipe_reg[1]/PRE
  -------------------------------------------------------------------    -------------------

                         (clock trainer_1khz rise edge)
                                                      0.000     0.000 r  <hidden>
    B6                                                0.000     0.000 r  clk
                         net (fo=0)                   0.000     0.000    clk
    B6                   IBUF (Prop_ibuf_I_O)         1.429     1.429 r  clk_IBUF_inst/O
                         net (fo=1, routed)           2.196     3.625    clk_IBUF
    BUFGCTRL_X0Y16       BUFG (Prop_bufg_I_O)         0.091     3.716 r  clk_IBUF_BUFG_inst/O
                         net (fo=14, routed)          1.569     5.285    inputs/CLK
    SLICE_X84Y119        FDPE                                         r  inputs/reset_pipe_reg[1]/C





Min Delay Paths
--------------------------------------------------------------------------------------
Slack:                    inf
  Source:                 rst
                            (input port)
  Destination:            inputs/reset_pipe_reg[0]/PRE
                            (removal check against rising-edge clock trainer_1khz  {rise@0.000ns fall@500000.031ns period=1000000.000ns})
  Path Group:             (none)
  Path Type:              Removal (Min at Fast Process Corner)
  Data Path Delay:        0.823ns  (logic 0.236ns (28.718%)  route 0.587ns (71.282%))
  Logic Levels:           1  (IBUF=1)
  Clock Path Skew:        2.212ns (DCD - SCD - CPR)
    Destination Clock Delay (DCD):    2.212ns
    Source Clock Delay      (SCD):    0.000ns
    Clock Pessimism Removal (CPR):    -0.000ns
  Timing Exception:       False Path

    Location             Delay type                Incr(ns)  Path(ns)    Netlist Resource(s)
  -------------------------------------------------------------------    -------------------
    K4                                                0.000     0.000 f  rst
                         net (fo=0)                   0.000     0.000    rst
    K4                   IBUF (Prop_ibuf_I_O)         0.236     0.236 f  rst_IBUF_inst/O
                         net (fo=2, routed)           0.587     0.823    inputs/AS[0]
    SLICE_X84Y119        FDPE                                         f  inputs/reset_pipe_reg[0]/PRE
  -------------------------------------------------------------------    -------------------

                         (clock trainer_1khz rise edge)
                                                      0.000     0.000 r  <hidden>
    B6                                                0.000     0.000 r  clk
                         net (fo=0)                   0.000     0.000    clk
    B6                   IBUF (Prop_ibuf_I_O)         0.456     0.456 r  clk_IBUF_inst/O
                         net (fo=1, routed)           0.871     1.327    clk_IBUF
    BUFGCTRL_X0Y16       BUFG (Prop_bufg_I_O)         0.029     1.356 r  clk_IBUF_BUFG_inst/O
                         net (fo=14, routed)          0.856     2.212    inputs/CLK
    SLICE_X84Y119        FDPE                                         r  inputs/reset_pipe_reg[0]/C

Slack:                    inf
  Source:                 rst
                            (input port)
  Destination:            inputs/reset_pipe_reg[1]/PRE
                            (removal check against rising-edge clock trainer_1khz  {rise@0.000ns fall@500000.031ns period=1000000.000ns})
  Path Group:             (none)
  Path Type:              Removal (Min at Fast Process Corner)
  Data Path Delay:        0.823ns  (logic 0.236ns (28.718%)  route 0.587ns (71.282%))
  Logic Levels:           1  (IBUF=1)
  Clock Path Skew:        2.212ns (DCD - SCD - CPR)
    Destination Clock Delay (DCD):    2.212ns
    Source Clock Delay      (SCD):    0.000ns
    Clock Pessimism Removal (CPR):    -0.000ns
  Timing Exception:       False Path

    Location             Delay type                Incr(ns)  Path(ns)    Netlist Resource(s)
  -------------------------------------------------------------------    -------------------
    K4                                                0.000     0.000 f  rst
                         net (fo=0)                   0.000     0.000    rst
    K4                   IBUF (Prop_ibuf_I_O)         0.236     0.236 f  rst_IBUF_inst/O
                         net (fo=2, routed)           0.587     0.823    inputs/AS[0]
    SLICE_X84Y119        FDPE                                         f  inputs/reset_pipe_reg[1]/PRE
  -------------------------------------------------------------------    -------------------

                         (clock trainer_1khz rise edge)
                                                      0.000     0.000 r  <hidden>
    B6                                                0.000     0.000 r  clk
                         net (fo=0)                   0.000     0.000    clk
    B6                   IBUF (Prop_ibuf_I_O)         0.456     0.456 r  clk_IBUF_inst/O
                         net (fo=1, routed)           0.871     1.327    clk_IBUF
    BUFGCTRL_X0Y16       BUFG (Prop_bufg_I_O)         0.029     1.356 r  clk_IBUF_BUFG_inst/O
                         net (fo=14, routed)          0.856     2.212    inputs/CLK
    SLICE_X84Y119        FDPE                                         r  inputs/reset_pipe_reg[1]/C

Slack:                    inf
  Source:                 sw[5]
                            (input port)
  Destination:            inputs/sw_meta_reg[5]/D
                            (rising edge-triggered cell FDCE clocked by trainer_1khz  {rise@0.000ns fall@500000.031ns period=1000000.000ns})
  Path Group:             (none)
  Path Type:              Hold (Min at Fast Process Corner)
  Data Path Delay:        1.002ns  (logic 0.271ns (27.041%)  route 0.731ns (72.959%))
  Logic Levels:           1  (IBUF=1)
  Clock Path Skew:        2.212ns (DCD - SCD - CPR)
    Destination Clock Delay (DCD):    2.212ns
    Source Clock Delay      (SCD):    0.000ns
    Clock Pessimism Removal (CPR):    -0.000ns
  Timing Exception:       False Path

    Location             Delay type                Incr(ns)  Path(ns)    Netlist Resource(s)
  -------------------------------------------------------------------    -------------------
    U2                                                0.000     0.000 r  sw[5]
                         net (fo=0)                   0.000     0.000    sw[5]
    U2                   IBUF (Prop_ibuf_I_O)         0.271     0.271 r  sw_IBUF[5]_inst/O
                         net (fo=1, routed)           0.731     1.002    inputs/D[5]
    SLICE_X85Y119        FDCE                                         r  inputs/sw_meta_reg[5]/D
  -------------------------------------------------------------------    -------------------

                         (clock trainer_1khz rise edge)
                                                      0.000     0.000 r  <hidden>
    B6                                                0.000     0.000 r  clk
                         net (fo=0)                   0.000     0.000    clk
    B6                   IBUF (Prop_ibuf_I_O)         0.456     0.456 r  clk_IBUF_inst/O
                         net (fo=1, routed)           0.871     1.327    clk_IBUF
    BUFGCTRL_X0Y16       BUFG (Prop_bufg_I_O)         0.029     1.356 r  clk_IBUF_BUFG_inst/O
                         net (fo=14, routed)          0.856     2.212    inputs/CLK
    SLICE_X85Y119        FDCE                                         r  inputs/sw_meta_reg[5]/C

Slack:                    inf
  Source:                 sw[7]
                            (input port)
  Destination:            inputs/sw_meta_reg[7]/D
                            (rising edge-triggered cell FDCE clocked by trainer_1khz  {rise@0.000ns fall@500000.031ns period=1000000.000ns})
  Path Group:             (none)
  Path Type:              Hold (Min at Fast Process Corner)
  Data Path Delay:        1.019ns  (logic 0.291ns (28.597%)  route 0.727ns (71.403%))
  Logic Levels:           1  (IBUF=1)
  Clock Path Skew:        2.212ns (DCD - SCD - CPR)
    Destination Clock Delay (DCD):    2.212ns
    Source Clock Delay      (SCD):    0.000ns
    Clock Pessimism Removal (CPR):    -0.000ns
  Timing Exception:       False Path

    Location             Delay type                Incr(ns)  Path(ns)    Netlist Resource(s)
  -------------------------------------------------------------------    -------------------
    Y1                                                0.000     0.000 r  sw[7]
                         net (fo=0)                   0.000     0.000    sw[7]
    Y1                   IBUF (Prop_ibuf_I_O)         0.291     0.291 r  sw_IBUF[7]_inst/O
                         net (fo=1, routed)           0.727     1.019    inputs/D[7]
    SLICE_X85Y119        FDCE                                         r  inputs/sw_meta_reg[7]/D
  -------------------------------------------------------------------    -------------------

                         (clock trainer_1khz rise edge)
                                                      0.000     0.000 r  <hidden>
    B6                                                0.000     0.000 r  clk
                         net (fo=0)                   0.000     0.000    clk
    B6                   IBUF (Prop_ibuf_I_O)         0.456     0.456 r  clk_IBUF_inst/O
                         net (fo=1, routed)           0.871     1.327    clk_IBUF
    BUFGCTRL_X0Y16       BUFG (Prop_bufg_I_O)         0.029     1.356 r  clk_IBUF_BUFG_inst/O
                         net (fo=14, routed)          0.856     2.212    inputs/CLK
    SLICE_X85Y119        FDCE                                         r  inputs/sw_meta_reg[7]/C

Slack:                    inf
  Source:                 sw[6]
                            (input port)
  Destination:            inputs/sw_meta_reg[6]/D
                            (rising edge-triggered cell FDCE clocked by trainer_1khz  {rise@0.000ns fall@500000.031ns period=1000000.000ns})
  Path Group:             (none)
  Path Type:              Hold (Min at Fast Process Corner)
  Data Path Delay:        1.096ns  (logic 0.282ns (25.696%)  route 0.814ns (74.304%))
  Logic Levels:           1  (IBUF=1)
  Clock Path Skew:        2.212ns (DCD - SCD - CPR)
    Destination Clock Delay (DCD):    2.212ns
    Source Clock Delay      (SCD):    0.000ns
    Clock Pessimism Removal (CPR):    -0.000ns
  Timing Exception:       False Path

    Location             Delay type                Incr(ns)  Path(ns)    Netlist Resource(s)
  -------------------------------------------------------------------    -------------------
    W3                                                0.000     0.000 r  sw[6]
                         net (fo=0)                   0.000     0.000    sw[6]
    W3                   IBUF (Prop_ibuf_I_O)         0.282     0.282 r  sw_IBUF[6]_inst/O
                         net (fo=1, routed)           0.814     1.096    inputs/D[6]
    SLICE_X85Y119        FDCE                                         r  inputs/sw_meta_reg[6]/D
  -------------------------------------------------------------------    -------------------

                         (clock trainer_1khz rise edge)
                                                      0.000     0.000 r  <hidden>
    B6                                                0.000     0.000 r  clk
                         net (fo=0)                   0.000     0.000    clk
    B6                   IBUF (Prop_ibuf_I_O)         0.456     0.456 r  clk_IBUF_inst/O
                         net (fo=1, routed)           0.871     1.327    clk_IBUF
    BUFGCTRL_X0Y16       BUFG (Prop_bufg_I_O)         0.029     1.356 r  clk_IBUF_BUFG_inst/O
                         net (fo=14, routed)          0.856     2.212    inputs/CLK
    SLICE_X85Y119        FDCE                                         r  inputs/sw_meta_reg[6]/C

Slack:                    inf
  Source:                 sw[4]
                            (input port)
  Destination:            inputs/sw_meta_reg[4]/D
                            (rising edge-triggered cell FDCE clocked by trainer_1khz  {rise@0.000ns fall@500000.031ns period=1000000.000ns})
  Path Group:             (none)
  Path Type:              Hold (Min at Fast Process Corner)
  Data Path Delay:        1.232ns  (logic 0.264ns (21.406%)  route 0.968ns (78.594%))
  Logic Levels:           1  (IBUF=1)
  Clock Path Skew:        2.212ns (DCD - SCD - CPR)
    Destination Clock Delay (DCD):    2.212ns
    Source Clock Delay      (SCD):    0.000ns
    Clock Pessimism Removal (CPR):    -0.000ns
  Timing Exception:       False Path

    Location             Delay type                Incr(ns)  Path(ns)    Netlist Resource(s)
  -------------------------------------------------------------------    -------------------
    T1                                                0.000     0.000 r  sw[4]
                         net (fo=0)                   0.000     0.000    sw[4]
    T1                   IBUF (Prop_ibuf_I_O)         0.264     0.264 r  sw_IBUF[4]_inst/O
                         net (fo=1, routed)           0.968     1.232    inputs/D[4]
    SLICE_X85Y119        FDCE                                         r  inputs/sw_meta_reg[4]/D
  -------------------------------------------------------------------    -------------------

                         (clock trainer_1khz rise edge)
                                                      0.000     0.000 r  <hidden>
    B6                                                0.000     0.000 r  clk
                         net (fo=0)                   0.000     0.000    clk
    B6                   IBUF (Prop_ibuf_I_O)         0.456     0.456 r  clk_IBUF_inst/O
                         net (fo=1, routed)           0.871     1.327    clk_IBUF
    BUFGCTRL_X0Y16       BUFG (Prop_bufg_I_O)         0.029     1.356 r  clk_IBUF_BUFG_inst/O
                         net (fo=14, routed)          0.856     2.212    inputs/CLK
    SLICE_X85Y119        FDCE                                         r  inputs/sw_meta_reg[4]/C





--------------------------------------------------------------------------------------
Path Group:  (none)
From Clock:  trainer_1khz
  To Clock:  

Max Delay            18 Endpoints
Min Delay            18 Endpoints
--------------------------------------------------------------------------------------


Max Delay Paths
--------------------------------------------------------------------------------------
Slack:                    inf
  Source:                 core/index_reg[1]/C
                            (rising edge-triggered cell FDRE clocked by trainer_1khz  {rise@0.000ns fall@500000.031ns period=1000000.000ns})
  Destination:            seg_data[6]
                            (output port)
  Path Group:             (none)
  Path Type:              Max at Slow Process Corner
  Data Path Delay:        10.336ns  (logic 4.748ns (45.932%)  route 5.589ns (54.068%))
  Logic Levels:           3  (LUT4=2 OBUF=1)
  Clock Uncertainty:      0.025ns  ((TSJ^2 + TIJ^2)^1/2 + DJ) / 2 + PE
    Total System Jitter     (TSJ):    0.050ns
    Total Input Jitter      (TIJ):    0.000ns
    Discrete Jitter          (DJ):    0.000ns
    Phase Error              (PE):    0.000ns

    Location             Delay type                Incr(ns)  Path(ns)    Netlist Resource(s)
  -------------------------------------------------------------------    -------------------
                         (clock trainer_1khz rise edge)
                                                      0.000     0.000 r  <hidden>
    B6                                                0.000     0.000 r  clk
                         net (fo=0)                   0.000     0.000    clk
    B6                   IBUF (Prop_ibuf_I_O)         1.500     1.500 r  clk_IBUF_inst/O
                         net (fo=1, routed)           2.315     3.815    clk_IBUF
    BUFGCTRL_X0Y16       BUFG (Prop_bufg_I_O)         0.096     3.911 r  clk_IBUF_BUFG_inst/O
                         net (fo=14, routed)          1.687     5.598    core/CLK
    SLICE_X84Y120        FDRE                                         r  core/index_reg[1]/C
  -------------------------------------------------------------------    -------------------
    SLICE_X84Y120        FDRE (Prop_fdre_C_Q)         0.518     6.116 r  core/index_reg[1]/Q
                         net (fo=15, routed)          1.465     7.581    core/led_OBUF[1]
    SLICE_X85Y121        LUT4 (Prop_lut4_I3_O)        0.152     7.733 r  core/seg_data_OBUF[7]_inst_i_5/O
                         net (fo=7, routed)           0.828     8.561    core/sel0[1]
    SLICE_X85Y122        LUT4 (Prop_lut4_I1_O)        0.362     8.923 r  core/seg_data_OBUF[6]_inst_i_1/O
                         net (fo=1, routed)           3.296    12.219    seg_data_OBUF[6]
    F5                   OBUF (Prop_obuf_I_O)         3.716    15.934 r  seg_data_OBUF[6]_inst/O
                         net (fo=0)                   0.000    15.934    seg_data[6]
    F5                                                                r  seg_data[6]
  -------------------------------------------------------------------    -------------------

Slack:                    inf
  Source:                 core/index_reg[1]/C
                            (rising edge-triggered cell FDRE clocked by trainer_1khz  {rise@0.000ns fall@500000.031ns period=1000000.000ns})
  Destination:            seg_data[4]
                            (output port)
  Path Group:             (none)
  Path Type:              Max at Slow Process Corner
  Data Path Delay:        9.881ns  (logic 4.548ns (46.034%)  route 5.332ns (53.966%))
  Logic Levels:           3  (LUT4=2 OBUF=1)
  Clock Uncertainty:      0.025ns  ((TSJ^2 + TIJ^2)^1/2 + DJ) / 2 + PE
    Total System Jitter     (TSJ):    0.050ns
    Total Input Jitter      (TIJ):    0.000ns
    Discrete Jitter          (DJ):    0.000ns
    Phase Error              (PE):    0.000ns

    Location             Delay type                Incr(ns)  Path(ns)    Netlist Resource(s)
  -------------------------------------------------------------------    -------------------
                         (clock trainer_1khz rise edge)
                                                      0.000     0.000 r  <hidden>
    B6                                                0.000     0.000 r  clk
                         net (fo=0)                   0.000     0.000    clk
    B6                   IBUF (Prop_ibuf_I_O)         1.500     1.500 r  clk_IBUF_inst/O
                         net (fo=1, routed)           2.315     3.815    clk_IBUF
    BUFGCTRL_X0Y16       BUFG (Prop_bufg_I_O)         0.096     3.911 r  clk_IBUF_BUFG_inst/O
                         net (fo=14, routed)          1.687     5.598    core/CLK
    SLICE_X84Y120        FDRE                                         r  core/index_reg[1]/C
  -------------------------------------------------------------------    -------------------
    SLICE_X84Y120        FDRE (Prop_fdre_C_Q)         0.518     6.116 r  core/index_reg[1]/Q
                         net (fo=15, routed)          1.465     7.581    core/led_OBUF[1]
    SLICE_X85Y121        LUT4 (Prop_lut4_I3_O)        0.152     7.733 r  core/seg_data_OBUF[7]_inst_i_5/O
                         net (fo=7, routed)           0.830     8.563    core/sel0[1]
    SLICE_X85Y122        LUT4 (Prop_lut4_I3_O)        0.332     8.895 r  core/seg_data_OBUF[4]_inst_i_1/O
                         net (fo=1, routed)           3.037    11.932    seg_data_OBUF[4]
    E4                   OBUF (Prop_obuf_I_O)         3.546    15.479 r  seg_data_OBUF[4]_inst/O
                         net (fo=0)                   0.000    15.479    seg_data[4]
    E4                                                                r  seg_data[4]
  -------------------------------------------------------------------    -------------------

Slack:                    inf
  Source:                 core/index_reg[1]/C
                            (rising edge-triggered cell FDRE clocked by trainer_1khz  {rise@0.000ns fall@500000.031ns period=1000000.000ns})
  Destination:            seg_data[5]
                            (output port)
  Path Group:             (none)
  Path Type:              Max at Slow Process Corner
  Data Path Delay:        9.626ns  (logic 4.791ns (49.765%)  route 4.836ns (50.235%))
  Logic Levels:           3  (LUT4=2 OBUF=1)
  Clock Uncertainty:      0.025ns  ((TSJ^2 + TIJ^2)^1/2 + DJ) / 2 + PE
    Total System Jitter     (TSJ):    0.050ns
    Total Input Jitter      (TIJ):    0.000ns
    Discrete Jitter          (DJ):    0.000ns
    Phase Error              (PE):    0.000ns

    Location             Delay type                Incr(ns)  Path(ns)    Netlist Resource(s)
  -------------------------------------------------------------------    -------------------
                         (clock trainer_1khz rise edge)
                                                      0.000     0.000 r  <hidden>
    B6                                                0.000     0.000 r  clk
                         net (fo=0)                   0.000     0.000    clk
    B6                   IBUF (Prop_ibuf_I_O)         1.500     1.500 r  clk_IBUF_inst/O
                         net (fo=1, routed)           2.315     3.815    clk_IBUF
    BUFGCTRL_X0Y16       BUFG (Prop_bufg_I_O)         0.096     3.911 r  clk_IBUF_BUFG_inst/O
                         net (fo=14, routed)          1.687     5.598    core/CLK
    SLICE_X84Y120        FDRE                                         r  core/index_reg[1]/C
  -------------------------------------------------------------------    -------------------
    SLICE_X84Y120        FDRE (Prop_fdre_C_Q)         0.518     6.116 f  core/index_reg[1]/Q
                         net (fo=15, routed)          1.465     7.581    core/led_OBUF[1]
    SLICE_X85Y121        LUT4 (Prop_lut4_I3_O)        0.152     7.733 f  core/seg_data_OBUF[7]_inst_i_5/O
                         net (fo=7, routed)           0.830     8.563    core/sel0[1]
    SLICE_X85Y122        LUT4 (Prop_lut4_I0_O)        0.358     8.921 r  core/seg_data_OBUF[5]_inst_i_1/O
                         net (fo=1, routed)           2.541    11.462    seg_data_OBUF[5]
    E2                   OBUF (Prop_obuf_I_O)         3.763    15.225 r  seg_data_OBUF[5]_inst/O
                         net (fo=0)                   0.000    15.225    seg_data[5]
    E2                                                                r  seg_data[5]
  -------------------------------------------------------------------    -------------------

Slack:                    inf
  Source:                 core/index_reg[1]/C
                            (rising edge-triggered cell FDRE clocked by trainer_1khz  {rise@0.000ns fall@500000.031ns period=1000000.000ns})
  Destination:            seg_data[3]
                            (output port)
  Path Group:             (none)
  Path Type:              Max at Slow Process Corner
  Data Path Delay:        9.579ns  (logic 4.778ns (49.877%)  route 4.801ns (50.123%))
  Logic Levels:           3  (LUT4=2 OBUF=1)
  Clock Uncertainty:      0.025ns  ((TSJ^2 + TIJ^2)^1/2 + DJ) / 2 + PE
    Total System Jitter     (TSJ):    0.050ns
    Total Input Jitter      (TIJ):    0.000ns
    Discrete Jitter          (DJ):    0.000ns
    Phase Error              (PE):    0.000ns

    Location             Delay type                Incr(ns)  Path(ns)    Netlist Resource(s)
  -------------------------------------------------------------------    -------------------
                         (clock trainer_1khz rise edge)
                                                      0.000     0.000 r  <hidden>
    B6                                                0.000     0.000 r  clk
                         net (fo=0)                   0.000     0.000    clk
    B6                   IBUF (Prop_ibuf_I_O)         1.500     1.500 r  clk_IBUF_inst/O
                         net (fo=1, routed)           2.315     3.815    clk_IBUF
    BUFGCTRL_X0Y16       BUFG (Prop_bufg_I_O)         0.096     3.911 r  clk_IBUF_BUFG_inst/O
                         net (fo=14, routed)          1.687     5.598    core/CLK
    SLICE_X84Y120        FDRE                                         r  core/index_reg[1]/C
  -------------------------------------------------------------------    -------------------
    SLICE_X84Y120        FDRE (Prop_fdre_C_Q)         0.518     6.116 r  core/index_reg[1]/Q
                         net (fo=15, routed)          1.465     7.581    core/led_OBUF[1]
    SLICE_X85Y121        LUT4 (Prop_lut4_I3_O)        0.152     7.733 r  core/seg_data_OBUF[7]_inst_i_5/O
                         net (fo=7, routed)           0.827     8.560    core/sel0[1]
    SLICE_X85Y122        LUT4 (Prop_lut4_I0_O)        0.360     8.920 r  core/seg_data_OBUF[3]_inst_i_1/O
                         net (fo=1, routed)           2.509    11.430    seg_data_OBUF[3]
    J1                   OBUF (Prop_obuf_I_O)         3.748    15.177 r  seg_data_OBUF[3]_inst/O
                         net (fo=0)                   0.000    15.177    seg_data[3]
    J1                                                                r  seg_data[3]
  -------------------------------------------------------------------    -------------------

Slack:                    inf
  Source:                 core/index_reg[1]/C
                            (rising edge-triggered cell FDRE clocked by trainer_1khz  {rise@0.000ns fall@500000.031ns period=1000000.000ns})
  Destination:            seg_data[2]
                            (output port)
  Path Group:             (none)
  Path Type:              Max at Slow Process Corner
  Data Path Delay:        9.469ns  (logic 4.540ns (47.945%)  route 4.929ns (52.055%))
  Logic Levels:           3  (LUT4=2 OBUF=1)
  Clock Uncertainty:      0.025ns  ((TSJ^2 + TIJ^2)^1/2 + DJ) / 2 + PE
    Total System Jitter     (TSJ):    0.050ns
    Total Input Jitter      (TIJ):    0.000ns
    Discrete Jitter          (DJ):    0.000ns
    Phase Error              (PE):    0.000ns

    Location             Delay type                Incr(ns)  Path(ns)    Netlist Resource(s)
  -------------------------------------------------------------------    -------------------
                         (clock trainer_1khz rise edge)
                                                      0.000     0.000 r  <hidden>
    B6                                                0.000     0.000 r  clk
                         net (fo=0)                   0.000     0.000    clk
    B6                   IBUF (Prop_ibuf_I_O)         1.500     1.500 r  clk_IBUF_inst/O
                         net (fo=1, routed)           2.315     3.815    clk_IBUF
    BUFGCTRL_X0Y16       BUFG (Prop_bufg_I_O)         0.096     3.911 r  clk_IBUF_BUFG_inst/O
                         net (fo=14, routed)          1.687     5.598    core/CLK
    SLICE_X84Y120        FDRE                                         r  core/index_reg[1]/C
  -------------------------------------------------------------------    -------------------
    SLICE_X84Y120        FDRE (Prop_fdre_C_Q)         0.518     6.116 r  core/index_reg[1]/Q
                         net (fo=15, routed)          1.465     7.581    core/led_OBUF[1]
    SLICE_X85Y121        LUT4 (Prop_lut4_I3_O)        0.152     7.733 r  core/seg_data_OBUF[7]_inst_i_5/O
                         net (fo=7, routed)           0.828     8.561    core/sel0[1]
    SLICE_X85Y122        LUT4 (Prop_lut4_I1_O)        0.332     8.893 r  core/seg_data_OBUF[2]_inst_i_1/O
                         net (fo=1, routed)           2.636    11.530    seg_data_OBUF[2]
    J3                   OBUF (Prop_obuf_I_O)         3.538    15.067 r  seg_data_OBUF[2]_inst/O
                         net (fo=0)                   0.000    15.067    seg_data[2]
    J3                                                                r  seg_data[2]
  -------------------------------------------------------------------    -------------------

Slack:                    inf
  Source:                 core/index_reg[1]/C
                            (rising edge-triggered cell FDRE clocked by trainer_1khz  {rise@0.000ns fall@500000.031ns period=1000000.000ns})
  Destination:            seg_data[7]
                            (output port)
  Path Group:             (none)
  Path Type:              Max at Slow Process Corner
  Data Path Delay:        9.373ns  (logic 4.556ns (48.608%)  route 4.817ns (51.392%))
  Logic Levels:           3  (LUT4=2 OBUF=1)
  Clock Uncertainty:      0.025ns  ((TSJ^2 + TIJ^2)^1/2 + DJ) / 2 + PE
    Total System Jitter     (TSJ):    0.050ns
    Total Input Jitter      (TIJ):    0.000ns
    Discrete Jitter          (DJ):    0.000ns
    Phase Error              (PE):    0.000ns

    Location             Delay type                Incr(ns)  Path(ns)    Netlist Resource(s)
  -------------------------------------------------------------------    -------------------
                         (clock trainer_1khz rise edge)
                                                      0.000     0.000 r  <hidden>
    B6                                                0.000     0.000 r  clk
                         net (fo=0)                   0.000     0.000    clk
    B6                   IBUF (Prop_ibuf_I_O)         1.500     1.500 r  clk_IBUF_inst/O
                         net (fo=1, routed)           2.315     3.815    clk_IBUF
    BUFGCTRL_X0Y16       BUFG (Prop_bufg_I_O)         0.096     3.911 r  clk_IBUF_BUFG_inst/O
                         net (fo=14, routed)          1.687     5.598    core/CLK
    SLICE_X84Y120        FDRE                                         r  core/index_reg[1]/C
  -------------------------------------------------------------------    -------------------
    SLICE_X84Y120        FDRE (Prop_fdre_C_Q)         0.518     6.116 r  core/index_reg[1]/Q
                         net (fo=15, routed)          1.465     7.581    core/led_OBUF[1]
    SLICE_X85Y121        LUT4 (Prop_lut4_I3_O)        0.152     7.733 r  core/seg_data_OBUF[7]_inst_i_5/O
                         net (fo=7, routed)           0.621     8.354    core/sel0[1]
    SLICE_X84Y122        LUT4 (Prop_lut4_I3_O)        0.332     8.686 r  core/seg_data_OBUF[7]_inst_i_1/O
                         net (fo=1, routed)           2.731    11.417    seg_data_OBUF[7]
    F1                   OBUF (Prop_obuf_I_O)         3.554    14.972 r  seg_data_OBUF[7]_inst/O
                         net (fo=0)                   0.000    14.972    seg_data[7]
    F1                                                                r  seg_data[7]
  -------------------------------------------------------------------    -------------------

Slack:                    inf
  Source:                 core/index_reg[1]/C
                            (rising edge-triggered cell FDRE clocked by trainer_1khz  {rise@0.000ns fall@500000.031ns period=1000000.000ns})
  Destination:            seg_data[1]
                            (output port)
  Path Group:             (none)
  Path Type:              Max at Slow Process Corner
  Data Path Delay:        8.936ns  (logic 4.555ns (50.981%)  route 4.380ns (49.019%))
  Logic Levels:           3  (LUT4=2 OBUF=1)
  Clock Uncertainty:      0.025ns  ((TSJ^2 + TIJ^2)^1/2 + DJ) / 2 + PE
    Total System Jitter     (TSJ):    0.050ns
    Total Input Jitter      (TIJ):    0.000ns
    Discrete Jitter          (DJ):    0.000ns
    Phase Error              (PE):    0.000ns

    Location             Delay type                Incr(ns)  Path(ns)    Netlist Resource(s)
  -------------------------------------------------------------------    -------------------
                         (clock trainer_1khz rise edge)
                                                      0.000     0.000 r  <hidden>
    B6                                                0.000     0.000 r  clk
                         net (fo=0)                   0.000     0.000    clk
    B6                   IBUF (Prop_ibuf_I_O)         1.500     1.500 r  clk_IBUF_inst/O
                         net (fo=1, routed)           2.315     3.815    clk_IBUF
    BUFGCTRL_X0Y16       BUFG (Prop_bufg_I_O)         0.096     3.911 r  clk_IBUF_BUFG_inst/O
                         net (fo=14, routed)          1.687     5.598    core/CLK
    SLICE_X84Y120        FDRE                                         r  core/index_reg[1]/C
  -------------------------------------------------------------------    -------------------
    SLICE_X84Y120        FDRE (Prop_fdre_C_Q)         0.518     6.116 r  core/index_reg[1]/Q
                         net (fo=15, routed)          1.465     7.581    core/led_OBUF[1]
    SLICE_X85Y121        LUT4 (Prop_lut4_I3_O)        0.152     7.733 r  core/seg_data_OBUF[7]_inst_i_5/O
                         net (fo=7, routed)           0.827     8.560    core/sel0[1]
    SLICE_X85Y122        LUT4 (Prop_lut4_I0_O)        0.332     8.892 r  core/seg_data_OBUF[1]_inst_i_1/O
                         net (fo=1, routed)           2.088    10.981    seg_data_OBUF[1]
    J7                   OBUF (Prop_obuf_I_O)         3.553    14.534 r  seg_data_OBUF[1]_inst/O
                         net (fo=0)                   0.000    14.534    seg_data[1]
    J7                                                                r  seg_data[1]
  -------------------------------------------------------------------    -------------------

Slack:                    inf
  Source:                 core/index_reg[1]/C
                            (rising edge-triggered cell FDRE clocked by trainer_1khz  {rise@0.000ns fall@500000.031ns period=1000000.000ns})
  Destination:            seg_com[4]
                            (output port)
  Path Group:             (none)
  Path Type:              Max at Slow Process Corner
  Data Path Delay:        8.627ns  (logic 4.165ns (48.281%)  route 4.462ns (51.719%))
  Logic Levels:           2  (LUT4=1 OBUF=1)
  Clock Uncertainty:      0.025ns  ((TSJ^2 + TIJ^2)^1/2 + DJ) / 2 + PE
    Total System Jitter     (TSJ):    0.050ns
    Total Input Jitter      (TIJ):    0.000ns
    Discrete Jitter          (DJ):    0.000ns
    Phase Error              (PE):    0.000ns

    Location             Delay type                Incr(ns)  Path(ns)    Netlist Resource(s)
  -------------------------------------------------------------------    -------------------
                         (clock trainer_1khz rise edge)
                                                      0.000     0.000 r  <hidden>
    B6                                                0.000     0.000 r  clk
                         net (fo=0)                   0.000     0.000    clk
    B6                   IBUF (Prop_ibuf_I_O)         1.500     1.500 r  clk_IBUF_inst/O
                         net (fo=1, routed)           2.315     3.815    clk_IBUF
    BUFGCTRL_X0Y16       BUFG (Prop_bufg_I_O)         0.096     3.911 r  clk_IBUF_BUFG_inst/O
                         net (fo=14, routed)          1.687     5.598    core/CLK
    SLICE_X84Y120        FDRE                                         r  core/index_reg[1]/C
  -------------------------------------------------------------------    -------------------
    SLICE_X84Y120        FDRE (Prop_fdre_C_Q)         0.518     6.116 f  core/index_reg[1]/Q
                         net (fo=15, routed)          1.305     7.421    core/led_OBUF[1]
    SLICE_X85Y121        LUT4 (Prop_lut4_I0_O)        0.124     7.545 r  core/seg_com_OBUF[4]_inst_i_1/O
                         net (fo=1, routed)           3.157    10.702    seg_com_OBUF[4]
    G3                   OBUF (Prop_obuf_I_O)         3.523    14.225 r  seg_com_OBUF[4]_inst/O
                         net (fo=0)                   0.000    14.225    seg_com[4]
    G3                                                                r  seg_com[4]
  -------------------------------------------------------------------    -------------------

Slack:                    inf
  Source:                 core/index_reg[1]/C
                            (rising edge-triggered cell FDRE clocked by trainer_1khz  {rise@0.000ns fall@500000.031ns period=1000000.000ns})
  Destination:            seg_com[5]
                            (output port)
  Path Group:             (none)
  Path Type:              Max at Slow Process Corner
  Data Path Delay:        8.515ns  (logic 4.414ns (51.833%)  route 4.102ns (48.167%))
  Logic Levels:           2  (LUT4=1 OBUF=1)
  Clock Uncertainty:      0.025ns  ((TSJ^2 + TIJ^2)^1/2 + DJ) / 2 + PE
    Total System Jitter     (TSJ):    0.050ns
    Total Input Jitter      (TIJ):    0.000ns
    Discrete Jitter          (DJ):    0.000ns
    Phase Error              (PE):    0.000ns

    Location             Delay type                Incr(ns)  Path(ns)    Netlist Resource(s)
  -------------------------------------------------------------------    -------------------
                         (clock trainer_1khz rise edge)
                                                      0.000     0.000 r  <hidden>
    B6                                                0.000     0.000 r  clk
                         net (fo=0)                   0.000     0.000    clk
    B6                   IBUF (Prop_ibuf_I_O)         1.500     1.500 r  clk_IBUF_inst/O
                         net (fo=1, routed)           2.315     3.815    clk_IBUF
    BUFGCTRL_X0Y16       BUFG (Prop_bufg_I_O)         0.096     3.911 r  clk_IBUF_BUFG_inst/O
                         net (fo=14, routed)          1.687     5.598    core/CLK
    SLICE_X84Y120        FDRE                                         r  core/index_reg[1]/C
  -------------------------------------------------------------------    -------------------
    SLICE_X84Y120        FDRE (Prop_fdre_C_Q)         0.518     6.116 f  core/index_reg[1]/Q
                         net (fo=15, routed)          1.341     7.457    core/led_OBUF[1]
    SLICE_X85Y121        LUT4 (Prop_lut4_I0_O)        0.150     7.607 r  core/seg_com_OBUF[5]_inst_i_1/O
                         net (fo=1, routed)           2.760    10.368    seg_com_OBUF[5]
    G1                   OBUF (Prop_obuf_I_O)         3.746    14.114 r  seg_com_OBUF[5]_inst/O
                         net (fo=0)                   0.000    14.114    seg_com[5]
    G1                                                                r  seg_com[5]
  -------------------------------------------------------------------    -------------------

Slack:                    inf
  Source:                 core/index_reg[0]/C
                            (rising edge-triggered cell FDRE clocked by trainer_1khz  {rise@0.000ns fall@500000.031ns period=1000000.000ns})
  Destination:            seg_com[7]
                            (output port)
  Path Group:             (none)
  Path Type:              Max at Slow Process Corner
  Data Path Delay:        8.144ns  (logic 4.477ns (54.970%)  route 3.667ns (45.030%))
  Logic Levels:           2  (LUT4=1 OBUF=1)
  Clock Uncertainty:      0.025ns  ((TSJ^2 + TIJ^2)^1/2 + DJ) / 2 + PE
    Total System Jitter     (TSJ):    0.050ns
    Total Input Jitter      (TIJ):    0.000ns
    Discrete Jitter          (DJ):    0.000ns
    Phase Error              (PE):    0.000ns

    Location             Delay type                Incr(ns)  Path(ns)    Netlist Resource(s)
  -------------------------------------------------------------------    -------------------
                         (clock trainer_1khz rise edge)
                                                      0.000     0.000 r  <hidden>
    B6                                                0.000     0.000 r  clk
                         net (fo=0)                   0.000     0.000    clk
    B6                   IBUF (Prop_ibuf_I_O)         1.500     1.500 r  clk_IBUF_inst/O
                         net (fo=1, routed)           2.315     3.815    clk_IBUF
    BUFGCTRL_X0Y16       BUFG (Prop_bufg_I_O)         0.096     3.911 r  clk_IBUF_BUFG_inst/O
                         net (fo=14, routed)          1.689     5.600    core/CLK
    SLICE_X85Y118        FDRE                                         r  core/index_reg[0]/C
  -------------------------------------------------------------------    -------------------
    SLICE_X85Y118        FDRE (Prop_fdre_C_Q)         0.419     6.019 r  core/index_reg[0]/Q
                         net (fo=16, routed)          1.170     7.190    core/led_OBUF[0]
    SLICE_X85Y122        LUT4 (Prop_lut4_I3_O)        0.327     7.517 r  core/seg_com_OBUF[7]_inst_i_1/O
                         net (fo=1, routed)           2.497    10.013    seg_com_OBUF[7]
    H4                   OBUF (Prop_obuf_I_O)         3.731    13.744 r  seg_com_OBUF[7]_inst/O
                         net (fo=0)                   0.000    13.744    seg_com[7]
    H4                                                                r  seg_com[7]
  -------------------------------------------------------------------    -------------------





Min Delay Paths
--------------------------------------------------------------------------------------
Slack:                    inf
  Source:                 core/index_reg[1]/C
                            (rising edge-triggered cell FDRE clocked by trainer_1khz  {rise@0.000ns fall@500000.031ns period=1000000.000ns})
  Destination:            led[1]
                            (output port)
  Path Group:             (none)
  Path Type:              Min at Fast Process Corner
  Data Path Delay:        1.760ns  (logic 1.406ns (79.919%)  route 0.353ns (20.081%))
  Logic Levels:           1  (OBUF=1)
  Clock Uncertainty:      0.025ns  ((TSJ^2 + TIJ^2)^1/2 + DJ) / 2 + PE
    Total System Jitter     (TSJ):    0.050ns
    Total Input Jitter      (TIJ):    0.000ns
    Discrete Jitter          (DJ):    0.000ns
    Phase Error              (PE):    0.000ns

    Location             Delay type                Incr(ns)  Path(ns)    Netlist Resource(s)
  -------------------------------------------------------------------    -------------------
                         (clock trainer_1khz rise edge)
                                                      0.000     0.000 r  <hidden>
    B6                                                0.000     0.000 r  clk
                         net (fo=0)                   0.000     0.000    clk
    B6                   IBUF (Prop_ibuf_I_O)         0.268     0.268 r  clk_IBUF_inst/O
                         net (fo=1, routed)           0.808     1.075    clk_IBUF
    BUFGCTRL_X0Y16       BUFG (Prop_bufg_I_O)         0.026     1.101 r  clk_IBUF_BUFG_inst/O
                         net (fo=14, routed)          0.586     1.687    core/CLK
    SLICE_X84Y120        FDRE                                         r  core/index_reg[1]/C
  -------------------------------------------------------------------    -------------------
    SLICE_X84Y120        FDRE (Prop_fdre_C_Q)         0.164     1.851 r  core/index_reg[1]/Q
                         net (fo=15, routed)          0.353     2.204    led_OBUF[1]
    M1                   OBUF (Prop_obuf_I_O)         1.242     3.447 r  led_OBUF[1]_inst/O
                         net (fo=0)                   0.000     3.447    led[1]
    M1                                                                r  led[1]
  -------------------------------------------------------------------    -------------------

Slack:                    inf
  Source:                 core/index_reg[2]/C
                            (rising edge-triggered cell FDRE clocked by trainer_1khz  {rise@0.000ns fall@500000.031ns period=1000000.000ns})
  Destination:            led[2]
                            (output port)
  Path Group:             (none)
  Path Type:              Min at Fast Process Corner
  Data Path Delay:        1.859ns  (logic 1.393ns (74.904%)  route 0.467ns (25.096%))
  Logic Levels:           1  (OBUF=1)
  Clock Uncertainty:      0.025ns  ((TSJ^2 + TIJ^2)^1/2 + DJ) / 2 + PE
    Total System Jitter     (TSJ):    0.050ns
    Total Input Jitter      (TIJ):    0.000ns
    Discrete Jitter          (DJ):    0.000ns
    Phase Error              (PE):    0.000ns

    Location             Delay type                Incr(ns)  Path(ns)    Netlist Resource(s)
  -------------------------------------------------------------------    -------------------
                         (clock trainer_1khz rise edge)
                                                      0.000     0.000 r  <hidden>
    B6                                                0.000     0.000 r  clk
                         net (fo=0)                   0.000     0.000    clk
    B6                   IBUF (Prop_ibuf_I_O)         0.268     0.268 r  clk_IBUF_inst/O
                         net (fo=1, routed)           0.808     1.075    clk_IBUF
    BUFGCTRL_X0Y16       BUFG (Prop_bufg_I_O)         0.026     1.101 r  clk_IBUF_BUFG_inst/O
                         net (fo=14, routed)          0.585     1.686    core/CLK
    SLICE_X84Y121        FDRE                                         r  core/index_reg[2]/C
  -------------------------------------------------------------------    -------------------
    SLICE_X84Y121        FDRE (Prop_fdre_C_Q)         0.164     1.850 r  core/index_reg[2]/Q
                         net (fo=14, routed)          0.467     2.317    led_OBUF[2]
    M3                   OBUF (Prop_obuf_I_O)         1.229     3.545 r  led_OBUF[2]_inst/O
                         net (fo=0)                   0.000     3.545    led[2]
    M3                                                                r  led[2]
  -------------------------------------------------------------------    -------------------

Slack:                    inf
  Source:                 core/index_reg[0]/C
                            (rising edge-triggered cell FDRE clocked by trainer_1khz  {rise@0.000ns fall@500000.031ns period=1000000.000ns})
  Destination:            led[0]
                            (output port)
  Path Group:             (none)
  Path Type:              Min at Fast Process Corner
  Data Path Delay:        1.914ns  (logic 1.424ns (74.387%)  route 0.490ns (25.613%))
  Logic Levels:           1  (OBUF=1)
  Clock Uncertainty:      0.025ns  ((TSJ^2 + TIJ^2)^1/2 + DJ) / 2 + PE
    Total System Jitter     (TSJ):    0.050ns
    Total Input Jitter      (TIJ):    0.000ns
    Discrete Jitter          (DJ):    0.000ns
    Phase Error              (PE):    0.000ns

    Location             Delay type                Incr(ns)  Path(ns)    Netlist Resource(s)
  -------------------------------------------------------------------    -------------------
                         (clock trainer_1khz rise edge)
                                                      0.000     0.000 r  <hidden>
    B6                                                0.000     0.000 r  clk
                         net (fo=0)                   0.000     0.000    clk
    B6                   IBUF (Prop_ibuf_I_O)         0.268     0.268 r  clk_IBUF_inst/O
                         net (fo=1, routed)           0.808     1.075    clk_IBUF
    BUFGCTRL_X0Y16       BUFG (Prop_bufg_I_O)         0.026     1.101 r  clk_IBUF_BUFG_inst/O
                         net (fo=14, routed)          0.588     1.689    core/CLK
    SLICE_X85Y118        FDRE                                         r  core/index_reg[0]/C
  -------------------------------------------------------------------    -------------------
    SLICE_X85Y118        FDRE (Prop_fdre_C_Q)         0.128     1.817 r  core/index_reg[0]/Q
                         net (fo=16, routed)          0.490     2.307    led_OBUF[0]
    N5                   OBUF (Prop_obuf_I_O)         1.296     3.603 r  led_OBUF[0]_inst/O
                         net (fo=0)                   0.000     3.603    led[0]
    N5                                                                r  led[0]
  -------------------------------------------------------------------    -------------------

Slack:                    inf
  Source:                 core/blank_reg/C
                            (rising edge-triggered cell FDRE clocked by trainer_1khz  {rise@0.000ns fall@500000.031ns period=1000000.000ns})
  Destination:            seg_com[2]
                            (output port)
  Path Group:             (none)
  Path Type:              Min at Fast Process Corner
  Data Path Delay:        2.018ns  (logic 1.430ns (70.891%)  route 0.587ns (29.109%))
  Logic Levels:           2  (LUT4=1 OBUF=1)
  Clock Uncertainty:      0.025ns  ((TSJ^2 + TIJ^2)^1/2 + DJ) / 2 + PE
    Total System Jitter     (TSJ):    0.050ns
    Total Input Jitter      (TIJ):    0.000ns
    Discrete Jitter          (DJ):    0.000ns
    Phase Error              (PE):    0.000ns

    Location             Delay type                Incr(ns)  Path(ns)    Netlist Resource(s)
  -------------------------------------------------------------------    -------------------
                         (clock trainer_1khz rise edge)
                                                      0.000     0.000 r  <hidden>
    B6                                                0.000     0.000 r  clk
                         net (fo=0)                   0.000     0.000    clk
    B6                   IBUF (Prop_ibuf_I_O)         0.268     0.268 r  clk_IBUF_inst/O
                         net (fo=1, routed)           0.808     1.075    clk_IBUF
    BUFGCTRL_X0Y16       BUFG (Prop_bufg_I_O)         0.026     1.101 r  clk_IBUF_BUFG_inst/O
                         net (fo=14, routed)          0.588     1.689    core/CLK
    SLICE_X85Y118        FDRE                                         r  core/blank_reg/C
  -------------------------------------------------------------------    -------------------
    SLICE_X85Y118        FDRE (Prop_fdre_C_Q)         0.141     1.830 r  core/blank_reg/Q
                         net (fo=12, routed)          0.256     2.086    core/blank
    SLICE_X85Y121        LUT4 (Prop_lut4_I1_O)        0.045     2.131 r  core/seg_com_OBUF[2]_inst_i_1/O
                         net (fo=1, routed)           0.331     2.462    seg_com_OBUF[2]
    K1                   OBUF (Prop_obuf_I_O)         1.244     3.707 r  seg_com_OBUF[2]_inst/O
                         net (fo=0)                   0.000     3.707    seg_com[2]
    K1                                                                r  seg_com[2]
  -------------------------------------------------------------------    -------------------

Slack:                    inf
  Source:                 core/index_reg[2]/C
                            (rising edge-triggered cell FDRE clocked by trainer_1khz  {rise@0.000ns fall@500000.031ns period=1000000.000ns})
  Destination:            seg_com[6]
                            (output port)
  Path Group:             (none)
  Path Type:              Min at Fast Process Corner
  Data Path Delay:        2.217ns  (logic 1.422ns (64.148%)  route 0.795ns (35.852%))
  Logic Levels:           2  (LUT4=1 OBUF=1)
  Clock Uncertainty:      0.025ns  ((TSJ^2 + TIJ^2)^1/2 + DJ) / 2 + PE
    Total System Jitter     (TSJ):    0.050ns
    Total Input Jitter      (TIJ):    0.000ns
    Discrete Jitter          (DJ):    0.000ns
    Phase Error              (PE):    0.000ns

    Location             Delay type                Incr(ns)  Path(ns)    Netlist Resource(s)
  -------------------------------------------------------------------    -------------------
                         (clock trainer_1khz rise edge)
                                                      0.000     0.000 r  <hidden>
    B6                                                0.000     0.000 r  clk
                         net (fo=0)                   0.000     0.000    clk
    B6                   IBUF (Prop_ibuf_I_O)         0.268     0.268 r  clk_IBUF_inst/O
                         net (fo=1, routed)           0.808     1.075    clk_IBUF
    BUFGCTRL_X0Y16       BUFG (Prop_bufg_I_O)         0.026     1.101 r  clk_IBUF_BUFG_inst/O
                         net (fo=14, routed)          0.585     1.686    core/CLK
    SLICE_X84Y121        FDRE                                         r  core/index_reg[2]/C
  -------------------------------------------------------------------    -------------------
    SLICE_X84Y121        FDRE (Prop_fdre_C_Q)         0.164     1.850 r  core/index_reg[2]/Q
                         net (fo=14, routed)          0.181     2.031    core/led_OBUF[2]
    SLICE_X85Y121        LUT4 (Prop_lut4_I1_O)        0.045     2.076 r  core/seg_com_OBUF[6]_inst_i_1/O
                         net (fo=1, routed)           0.614     2.690    seg_com_OBUF[6]
    H6                   OBUF (Prop_obuf_I_O)         1.213     3.903 r  seg_com_OBUF[6]_inst/O
                         net (fo=0)                   0.000     3.903    seg_com[6]
    H6                                                                r  seg_com[6]
  -------------------------------------------------------------------    -------------------

Slack:                    inf
  Source:                 core/blank_reg/C
                            (rising edge-triggered cell FDRE clocked by trainer_1khz  {rise@0.000ns fall@500000.031ns period=1000000.000ns})
  Destination:            seg_com[3]
                            (output port)
  Path Group:             (none)
  Path Type:              Min at Fast Process Corner
  Data Path Delay:        2.217ns  (logic 1.430ns (64.530%)  route 0.786ns (35.470%))
  Logic Levels:           2  (LUT4=1 OBUF=1)
  Clock Uncertainty:      0.025ns  ((TSJ^2 + TIJ^2)^1/2 + DJ) / 2 + PE
    Total System Jitter     (TSJ):    0.050ns
    Total Input Jitter      (TIJ):    0.000ns
    Discrete Jitter          (DJ):    0.000ns
    Phase Error              (PE):    0.000ns

    Location             Delay type                Incr(ns)  Path(ns)    Netlist Resource(s)
  -------------------------------------------------------------------    -------------------
                         (clock trainer_1khz rise edge)
                                                      0.000     0.000 r  <hidden>
    B6                                                0.000     0.000 r  clk
                         net (fo=0)                   0.000     0.000    clk
    B6                   IBUF (Prop_ibuf_I_O)         0.268     0.268 r  clk_IBUF_inst/O
                         net (fo=1, routed)           0.808     1.075    clk_IBUF
    BUFGCTRL_X0Y16       BUFG (Prop_bufg_I_O)         0.026     1.101 r  clk_IBUF_BUFG_inst/O
                         net (fo=14, routed)          0.588     1.689    core/CLK
    SLICE_X85Y118        FDRE                                         r  core/blank_reg/C
  -------------------------------------------------------------------    -------------------
    SLICE_X85Y118        FDRE (Prop_fdre_C_Q)         0.141     1.830 r  core/blank_reg/Q
                         net (fo=12, routed)          0.256     2.086    core/blank
    SLICE_X84Y122        LUT4 (Prop_lut4_I2_O)        0.045     2.131 r  core/seg_com_OBUF[3]_inst_i_1/O
                         net (fo=1, routed)           0.530     2.661    seg_com_OBUF[3]
    L6                   OBUF (Prop_obuf_I_O)         1.244     3.906 r  seg_com_OBUF[3]_inst/O
                         net (fo=0)                   0.000     3.906    seg_com[3]
    L6                                                                r  seg_com[3]
  -------------------------------------------------------------------    -------------------

Slack:                    inf
  Source:                 core/blank_reg/C
                            (rising edge-triggered cell FDRE clocked by trainer_1khz  {rise@0.000ns fall@500000.031ns period=1000000.000ns})
  Destination:            seg_com[0]
                            (output port)
  Path Group:             (none)
  Path Type:              Min at Fast Process Corner
  Data Path Delay:        2.332ns  (logic 1.415ns (60.666%)  route 0.917ns (39.334%))
  Logic Levels:           2  (LUT4=1 OBUF=1)
  Clock Uncertainty:      0.025ns  ((TSJ^2 + TIJ^2)^1/2 + DJ) / 2 + PE
    Total System Jitter     (TSJ):    0.050ns
    Total Input Jitter      (TIJ):    0.000ns
    Discrete Jitter          (DJ):    0.000ns
    Phase Error              (PE):    0.000ns

    Location             Delay type                Incr(ns)  Path(ns)    Netlist Resource(s)
  -------------------------------------------------------------------    -------------------
                         (clock trainer_1khz rise edge)
                                                      0.000     0.000 r  <hidden>
    B6                                                0.000     0.000 r  clk
                         net (fo=0)                   0.000     0.000    clk
    B6                   IBUF (Prop_ibuf_I_O)         0.268     0.268 r  clk_IBUF_inst/O
                         net (fo=1, routed)           0.808     1.075    clk_IBUF
    BUFGCTRL_X0Y16       BUFG (Prop_bufg_I_O)         0.026     1.101 r  clk_IBUF_BUFG_inst/O
                         net (fo=14, routed)          0.588     1.689    core/CLK
    SLICE_X85Y118        FDRE                                         r  core/blank_reg/C
  -------------------------------------------------------------------    -------------------
    SLICE_X85Y118        FDRE (Prop_fdre_C_Q)         0.141     1.830 r  core/blank_reg/Q
                         net (fo=12, routed)          0.394     2.224    core/blank
    SLICE_X84Y122        LUT4 (Prop_lut4_I3_O)        0.045     2.269 r  core/seg_com_OBUF[0]_inst_i_1/O
                         net (fo=1, routed)           0.523     2.792    seg_com_OBUF[0]
    K5                   OBUF (Prop_obuf_I_O)         1.229     4.021 r  seg_com_OBUF[0]_inst/O
                         net (fo=0)                   0.000     4.021    seg_com[0]
    K5                                                                r  seg_com[0]
  -------------------------------------------------------------------    -------------------

Slack:                    inf
  Source:                 core/blank_reg/C
                            (rising edge-triggered cell FDRE clocked by trainer_1khz  {rise@0.000ns fall@500000.031ns period=1000000.000ns})
  Destination:            seg_com[1]
                            (output port)
  Path Group:             (none)
  Path Type:              Min at Fast Process Corner
  Data Path Delay:        2.342ns  (logic 1.422ns (60.722%)  route 0.920ns (39.278%))
  Logic Levels:           2  (LUT4=1 OBUF=1)
  Clock Uncertainty:      0.025ns  ((TSJ^2 + TIJ^2)^1/2 + DJ) / 2 + PE
    Total System Jitter     (TSJ):    0.050ns
    Total Input Jitter      (TIJ):    0.000ns
    Discrete Jitter          (DJ):    0.000ns
    Phase Error              (PE):    0.000ns

    Location             Delay type                Incr(ns)  Path(ns)    Netlist Resource(s)
  -------------------------------------------------------------------    -------------------
                         (clock trainer_1khz rise edge)
                                                      0.000     0.000 r  <hidden>
    B6                                                0.000     0.000 r  clk
                         net (fo=0)                   0.000     0.000    clk
    B6                   IBUF (Prop_ibuf_I_O)         0.268     0.268 r  clk_IBUF_inst/O
                         net (fo=1, routed)           0.808     1.075    clk_IBUF
    BUFGCTRL_X0Y16       BUFG (Prop_bufg_I_O)         0.026     1.101 r  clk_IBUF_BUFG_inst/O
                         net (fo=14, routed)          0.588     1.689    core/CLK
    SLICE_X85Y118        FDRE                                         r  core/blank_reg/C
  -------------------------------------------------------------------    -------------------
    SLICE_X85Y118        FDRE (Prop_fdre_C_Q)         0.141     1.830 r  core/blank_reg/Q
                         net (fo=12, routed)          0.251     2.081    core/blank
    SLICE_X85Y122        LUT4 (Prop_lut4_I2_O)        0.045     2.126 r  core/seg_com_OBUF[1]_inst_i_1/O
                         net (fo=1, routed)           0.669     2.795    seg_com_OBUF[1]
    K3                   OBUF (Prop_obuf_I_O)         1.236     4.031 r  seg_com_OBUF[1]_inst/O
                         net (fo=0)                   0.000     4.031    seg_com[1]
    K3                                                                r  seg_com[1]
  -------------------------------------------------------------------    -------------------

Slack:                    inf
  Source:                 core/blank_reg/C
                            (rising edge-triggered cell FDRE clocked by trainer_1khz  {rise@0.000ns fall@500000.031ns period=1000000.000ns})
  Destination:            seg_com[7]
                            (output port)
  Path Group:             (none)
  Path Type:              Min at Fast Process Corner
  Data Path Delay:        2.436ns  (logic 1.481ns (60.783%)  route 0.955ns (39.217%))
  Logic Levels:           2  (LUT4=1 OBUF=1)
  Clock Uncertainty:      0.025ns  ((TSJ^2 + TIJ^2)^1/2 + DJ) / 2 + PE
    Total System Jitter     (TSJ):    0.050ns
    Total Input Jitter      (TIJ):    0.000ns
    Discrete Jitter          (DJ):    0.000ns
    Phase Error              (PE):    0.000ns

    Location             Delay type                Incr(ns)  Path(ns)    Netlist Resource(s)
  -------------------------------------------------------------------    -------------------
                         (clock trainer_1khz rise edge)
                                                      0.000     0.000 r  <hidden>
    B6                                                0.000     0.000 r  clk
                         net (fo=0)                   0.000     0.000    clk
    B6                   IBUF (Prop_ibuf_I_O)         0.268     0.268 r  clk_IBUF_inst/O
                         net (fo=1, routed)           0.808     1.075    clk_IBUF
    BUFGCTRL_X0Y16       BUFG (Prop_bufg_I_O)         0.026     1.101 r  clk_IBUF_BUFG_inst/O
                         net (fo=14, routed)          0.588     1.689    core/CLK
    SLICE_X85Y118        FDRE                                         r  core/blank_reg/C
  -------------------------------------------------------------------    -------------------
    SLICE_X85Y118        FDRE (Prop_fdre_C_Q)         0.141     1.830 r  core/blank_reg/Q
                         net (fo=12, routed)          0.251     2.081    core/blank
    SLICE_X85Y122        LUT4 (Prop_lut4_I2_O)        0.048     2.129 r  core/seg_com_OBUF[7]_inst_i_1/O
                         net (fo=1, routed)           0.704     2.833    seg_com_OBUF[7]
    H4                   OBUF (Prop_obuf_I_O)         1.292     4.125 r  seg_com_OBUF[7]_inst/O
                         net (fo=0)                   0.000     4.125    seg_com[7]
    H4                                                                r  seg_com[7]
  -------------------------------------------------------------------    -------------------

Slack:                    inf
  Source:                 core/index_reg[2]/C
                            (rising edge-triggered cell FDRE clocked by trainer_1khz  {rise@0.000ns fall@500000.031ns period=1000000.000ns})
  Destination:            seg_com[4]
                            (output port)
  Path Group:             (none)
  Path Type:              Min at Fast Process Corner
  Data Path Delay:        2.500ns  (logic 1.433ns (57.319%)  route 1.067ns (42.681%))
  Logic Levels:           2  (LUT4=1 OBUF=1)
  Clock Uncertainty:      0.025ns  ((TSJ^2 + TIJ^2)^1/2 + DJ) / 2 + PE
    Total System Jitter     (TSJ):    0.050ns
    Total Input Jitter      (TIJ):    0.000ns
    Discrete Jitter          (DJ):    0.000ns
    Phase Error              (PE):    0.000ns

    Location             Delay type                Incr(ns)  Path(ns)    Netlist Resource(s)
  -------------------------------------------------------------------    -------------------
                         (clock trainer_1khz rise edge)
                                                      0.000     0.000 r  <hidden>
    B6                                                0.000     0.000 r  clk
                         net (fo=0)                   0.000     0.000    clk
    B6                   IBUF (Prop_ibuf_I_O)         0.268     0.268 r  clk_IBUF_inst/O
                         net (fo=1, routed)           0.808     1.075    clk_IBUF
    BUFGCTRL_X0Y16       BUFG (Prop_bufg_I_O)         0.026     1.101 r  clk_IBUF_BUFG_inst/O
                         net (fo=14, routed)          0.585     1.686    core/CLK
    SLICE_X84Y121        FDRE                                         r  core/index_reg[2]/C
  -------------------------------------------------------------------    -------------------
    SLICE_X84Y121        FDRE (Prop_fdre_C_Q)         0.164     1.850 r  core/index_reg[2]/Q
                         net (fo=14, routed)          0.098     1.948    core/led_OBUF[2]
    SLICE_X85Y121        LUT4 (Prop_lut4_I2_O)        0.045     1.993 r  core/seg_com_OBUF[4]_inst_i_1/O
                         net (fo=1, routed)           0.970     2.962    seg_com_OBUF[4]
    G3                   OBUF (Prop_obuf_I_O)         1.224     4.186 r  seg_com_OBUF[4]_inst/O
                         net (fo=0)                   0.000     4.186    seg_com[4]
    G3                                                                r  seg_com[4]
  -------------------------------------------------------------------    -------------------





