Copyright 1986-2022 Xilinx, Inc. All Rights Reserved. Copyright 2022-2026 Advanced Micro Devices, Inc. All Rights Reserved.
------------------------------------------------------------------------------------------------------------------------------------------------------------------------------------------------------------------------------------------
| Tool Version : Vivado v.2026.1 (win64) Build 6511674 Tue Jun 16 11:02:23 MDT 2026
| Date         : Mon Sep 14 01:28:42 2026
| Host         : harrylt running 64-bit major release  (build 9200)
| Command      : report_timing_summary -max_paths 10 -routable_nets -report_unconstrained -file lab2_moore_timing_summary_routed.rpt -pb lab2_moore_timing_summary_routed.pb -rpx lab2_moore_timing_summary_routed.rpx -warn_on_violation
| Design       : lab2_moore
| Device       : 7s75-fgga484
| Speed File   : -1  PRODUCTION 1.23 2018-06-13
| Design State : Routed
------------------------------------------------------------------------------------------------------------------------------------------------------------------------------------------------------------------------------------------

Timing Summary Report

------------------------------------------------------------------------------------------------
| Timer Settings
| --------------
------------------------------------------------------------------------------------------------

  Enable Multi Corner Analysis               :  Yes
  Enable Pessimism Removal                   :  Yes
  Pessimism Removal Resolution               :  Nearest Common Node
  Enable Input Delay Default Clock           :  No
  Enable Preset / Clear Arcs                 :  No
  Disable Flight Delays                      :  No
  Ignore I/O Paths                           :  No
  Timing Early Launch at Borrowing Latches   :  No
  Borrow Time for Max Delay Exceptions       :  Yes
  Merge Timing Exceptions                    :  Yes
  Inter-SLR Compensation                     :  Conservative

  Corner  Analyze    Analyze    
  Name    Max Paths  Min Paths  
  ------  ---------  ---------  
  Slow    Yes        Yes        
  Fast    Yes        Yes        


------------------------------------------------------------------------------------------------
| Report Methodology
| ------------------
------------------------------------------------------------------------------------------------

Rule       Severity  Description                    Violations  
---------  --------  -----------------------------  ----------  
TIMING-18  Warning   Missing input or output delay  8           

Note: This report is based on the most recent report_methodology run and may not be up-to-date. Run report_methodology on the current design for the latest report.



check_timing report

Table of Contents
-----------------
1. checking no_clock (0)
2. checking constant_clock (0)
3. checking pulse_width_clock (0)
4. checking unconstrained_internal_endpoints (0)
5. checking no_input_delay (3)
6. checking no_output_delay (2)
7. checking multiple_clock (0)
8. checking generated_clocks (0)
9. checking loops (0)
10. checking partial_input_delay (0)
11. checking partial_output_delay (0)
12. checking latch_loops (0)

1. checking no_clock (0)
------------------------
 There are 0 register/latch pins with no clock.


2. checking constant_clock (0)
------------------------------
 There are 0 register/latch pins with constant_clock.


3. checking pulse_width_clock (0)
---------------------------------
 There are 0 register/latch pins which need pulse_width check


4. checking unconstrained_internal_endpoints (0)
------------------------------------------------
 There are 0 pins that are not constrained for maximum delay.

 There are 0 pins that are not constrained for maximum delay due to constant clock.


5. checking no_input_delay (3)
------------------------------
 There are 0 input ports with no input delay specified.

 There are 3 input ports with no input delay but user has a false path constraint. (MEDIUM)


6. checking no_output_delay (2)
-------------------------------
 There are 2 ports with no output delay specified. (HIGH)

 There are 0 ports with no output delay but user has a false path constraint

 There are 0 ports with no output delay but with a timing clock defined on it or propagating through it


7. checking multiple_clock (0)
------------------------------
 There are 0 register/latch pins with multiple clocks.


8. checking generated_clocks (0)
--------------------------------
 There are 0 generated clocks that are not connected to a clock source.


9. checking loops (0)
---------------------
 There are 0 combinational loops in the design.


10. checking partial_input_delay (0)
------------------------------------
 There are 0 input ports with partial input delay specified.


11. checking partial_output_delay (0)
-------------------------------------
 There are 0 ports with partial output delay specified.


12. checking latch_loops (0)
----------------------------
 There are 0 combinational latch loops in the design through latch input



------------------------------------------------------------------------------------------------
| Design Timing Summary
| ---------------------
------------------------------------------------------------------------------------------------

    WNS(ns)      TNS(ns)  TNS Failing Endpoints  TNS Total Endpoints      WHS(ns)      THS(ns)  THS Failing Endpoints  THS Total Endpoints     WPWS(ns)     TPWS(ns)  TPWS Failing Endpoints  TPWS Total Endpoints  
    -------      -------  ---------------------  -------------------      -------      -------  ---------------------  -------------------     --------     --------  ----------------------  --------------------  
 999997.250        0.000                      0                   26        0.122        0.000                      0                   26   499999.375        0.000                       0                    17  


All user specified timing constraints are met.


------------------------------------------------------------------------------------------------
| Clock Summary
| -------------
------------------------------------------------------------------------------------------------

Clock         Waveform(ns)               Period(ns)      Frequency(MHz)
-----         ------------               ----------      --------------
trainer_1khz  {0.000 500000.031}         1000000.000     0.001           


------------------------------------------------------------------------------------------------
| Intra Clock Table
| -----------------
------------------------------------------------------------------------------------------------

Clock             WNS(ns)      TNS(ns)  TNS Failing Endpoints  TNS Total Endpoints      WHS(ns)      THS(ns)  THS Failing Endpoints  THS Total Endpoints     WPWS(ns)     TPWS(ns)  TPWS Failing Endpoints  TPWS Total Endpoints  
-----             -------      -------  ---------------------  -------------------      -------      -------  ---------------------  -------------------     --------     --------  ----------------------  --------------------  
trainer_1khz   999997.250        0.000                      0                   15        0.122        0.000                      0                   15   499999.375        0.000                       0                    17  


------------------------------------------------------------------------------------------------
| Inter Clock Table
| -----------------
------------------------------------------------------------------------------------------------

From Clock    To Clock          WNS(ns)      TNS(ns)  TNS Failing Endpoints  TNS Total Endpoints      WHS(ns)      THS(ns)  THS Failing Endpoints  THS Total Endpoints  
----------    --------          -------      -------  ---------------------  -------------------      -------      -------  ---------------------  -------------------  


------------------------------------------------------------------------------------------------
| Other Path Groups Table
| -----------------------
------------------------------------------------------------------------------------------------

Path Group         From Clock         To Clock               WNS(ns)      TNS(ns)  TNS Failing Endpoints  TNS Total Endpoints      WHS(ns)      THS(ns)  THS Failing Endpoints  THS Total Endpoints  
----------         ----------         --------               -------      -------  ---------------------  -------------------      -------      -------  ---------------------  -------------------  
**async_default**  trainer_1khz       trainer_1khz        999998.438        0.000                      0                   11        0.437        0.000                      0                   11  


------------------------------------------------------------------------------------------------
| User Ignored Path Table
| -----------------------
------------------------------------------------------------------------------------------------

Path Group    From Clock    To Clock    
----------    ----------    --------    
(none)                      trainer_1khz  


------------------------------------------------------------------------------------------------
| Unconstrained Path Table
| ------------------------
------------------------------------------------------------------------------------------------

Path Group    From Clock    To Clock    
----------    ----------    --------    
(none)        trainer_1khz                


------------------------------------------------------------------------------------------------
| Timing Details
| --------------
------------------------------------------------------------------------------------------------


---------------------------------------------------------------------------------------------------
From Clock:  trainer_1khz
  To Clock:  trainer_1khz

Setup :            0  Failing Endpoints,  Worst Slack   999997.250ns,  Total Violation        0.000ns
Hold  :            0  Failing Endpoints,  Worst Slack        0.122ns,  Total Violation        0.000ns
PW    :            0  Failing Endpoints,  Worst Slack   499999.375ns,  Total Violation        0.000ns
---------------------------------------------------------------------------------------------------


Max Delay Paths
--------------------------------------------------------------------------------------
Slack (MET) :             999997.250ns  (required time - arrival time)
  Source:                 inputs/accepted_reg/C
                            (rising edge-triggered cell FDCE clocked by trainer_1khz  {rise@0.000ns fall@500000.031ns period=1000000.000ns})
  Destination:            inputs/count_reg[0]/D
                            (rising edge-triggered cell FDCE clocked by trainer_1khz  {rise@0.000ns fall@500000.031ns period=1000000.000ns})
  Path Group:             trainer_1khz
  Path Type:              Setup (Max at Slow Process Corner)
  Requirement:            1000000.062ns  (trainer_1khz rise@1000000.062ns - trainer_1khz rise@0.000ns)
  Data Path Delay:        2.740ns  (logic 0.766ns (27.952%)  route 1.974ns (72.048%))
  Logic Levels:           2  (LUT2=2)
  Clock Path Skew:        -0.022ns (DCD - SCD + CPR)
    Destination Clock Delay (DCD):    5.293ns = ( 1000005.375 - 1000000.062 ) 
    Source Clock Delay      (SCD):    5.608ns
    Clock Pessimism Removal (CPR):    0.293ns
  Clock Uncertainty:      0.035ns  ((TSJ^2 + TIJ^2)^1/2 + DJ) / 2 + PE
    Total System Jitter     (TSJ):    0.071ns
    Total Input Jitter      (TIJ):    0.000ns
    Discrete Jitter          (DJ):    0.000ns
    Phase Error              (PE):    0.000ns

    Location             Delay type                Incr(ns)  Path(ns)    Netlist Resource(s)
  -------------------------------------------------------------------    -------------------
                         (clock trainer_1khz rise edge)
                                                      0.000     0.000 r  <hidden>
    B6                                                0.000     0.000 r  clk
                         net (fo=0)                   0.000     0.000    clk
    B6                   IBUF (Prop_ibuf_I_O)         1.500     1.500 r  clk_IBUF_inst/O
                         net (fo=1, routed)           2.315     3.815    clk_IBUF
    BUFGCTRL_X0Y16       BUFG (Prop_bufg_I_O)         0.096     3.911 r  clk_IBUF_BUFG_inst/O
                         net (fo=16, routed)          1.697     5.608    inputs/CLK
    SLICE_X84Y111        FDCE                                         r  inputs/accepted_reg/C
  -------------------------------------------------------------------    -------------------
    SLICE_X84Y111        FDCE (Prop_fdce_C_Q)         0.518     6.126 r  inputs/accepted_reg/Q
                         net (fo=3, routed)           0.975     7.102    inputs/accepted
    SLICE_X84Y112        LUT2 (Prop_lut2_I0_O)        0.124     7.226 f  inputs/count[4]_i_2/O
                         net (fo=5, routed)           0.668     7.894    inputs/count1
    SLICE_X85Y112        LUT2 (Prop_lut2_I1_O)        0.124     8.018 r  inputs/count[0]_i_1/O
                         net (fo=1, routed)           0.331     8.349    inputs/p_0_in[0]
    SLICE_X85Y111        FDCE                                         r  inputs/count_reg[0]/D
  -------------------------------------------------------------------    -------------------

                         (clock trainer_1khz rise edge)
                                                  1000000.062 1000000.062 r  <hidden>
    B6                                                0.000 1000000.062 r  clk
                         net (fo=0)                   0.000 1000000.062    clk
    B6                   IBUF (Prop_ibuf_I_O)         1.429 1000001.500 r  clk_IBUF_inst/O
                         net (fo=1, routed)           2.196 1000003.688    clk_IBUF
    BUFGCTRL_X0Y16       BUFG (Prop_bufg_I_O)         0.091 1000003.750 r  clk_IBUF_BUFG_inst/O
                         net (fo=16, routed)          1.577 1000005.312    inputs/CLK
    SLICE_X85Y111        FDCE                                         r  inputs/count_reg[0]/C
                         clock pessimism              0.293 1000005.625    <hidden>
                         clock uncertainty           -0.035 1000005.562    <hidden>
    SLICE_X85Y111        FDCE (Setup_fdce_C_D)       -0.043 1000005.500    inputs/count_reg[0]
  -------------------------------------------------------------------
                         required time                      1000005.625    <hidden>
                         arrival time                          -8.349    <hidden>
  -------------------------------------------------------------------
                         slack                              999997.250    <hidden>

Slack (MET) :             999997.500ns  (required time - arrival time)
  Source:                 inputs/accepted_reg/C
                            (rising edge-triggered cell FDCE clocked by trainer_1khz  {rise@0.000ns fall@500000.031ns period=1000000.000ns})
  Destination:            inputs/count_reg[1]/D
                            (rising edge-triggered cell FDCE clocked by trainer_1khz  {rise@0.000ns fall@500000.031ns period=1000000.000ns})
  Path Group:             trainer_1khz
  Path Type:              Setup (Max at Slow Process Corner)
  Requirement:            1000000.062ns  (trainer_1khz rise@1000000.062ns - trainer_1khz rise@0.000ns)
  Data Path Delay:        2.599ns  (logic 0.766ns (29.476%)  route 1.833ns (70.524%))
  Logic Levels:           2  (LUT2=1 LUT3=1)
  Clock Path Skew:        -0.022ns (DCD - SCD + CPR)
    Destination Clock Delay (DCD):    5.293ns = ( 1000005.375 - 1000000.062 ) 
    Source Clock Delay      (SCD):    5.608ns
    Clock Pessimism Removal (CPR):    0.293ns
  Clock Uncertainty:      0.035ns  ((TSJ^2 + TIJ^2)^1/2 + DJ) / 2 + PE
    Total System Jitter     (TSJ):    0.071ns
    Total Input Jitter      (TIJ):    0.000ns
    Discrete Jitter          (DJ):    0.000ns
    Phase Error              (PE):    0.000ns

    Location             Delay type                Incr(ns)  Path(ns)    Netlist Resource(s)
  -------------------------------------------------------------------    -------------------
                         (clock trainer_1khz rise edge)
                                                      0.000     0.000 r  <hidden>
    B6                                                0.000     0.000 r  clk
                         net (fo=0)                   0.000     0.000    clk
    B6                   IBUF (Prop_ibuf_I_O)         1.500     1.500 r  clk_IBUF_inst/O
                         net (fo=1, routed)           2.315     3.815    clk_IBUF
    BUFGCTRL_X0Y16       BUFG (Prop_bufg_I_O)         0.096     3.911 r  clk_IBUF_BUFG_inst/O
                         net (fo=16, routed)          1.697     5.608    inputs/CLK
    SLICE_X84Y111        FDCE                                         r  inputs/accepted_reg/C
  -------------------------------------------------------------------    -------------------
    SLICE_X84Y111        FDCE (Prop_fdce_C_Q)         0.518     6.126 r  inputs/accepted_reg/Q
                         net (fo=3, routed)           0.975     7.102    inputs/accepted
    SLICE_X84Y112        LUT2 (Prop_lut2_I0_O)        0.124     7.226 f  inputs/count[4]_i_2/O
                         net (fo=5, routed)           0.857     8.083    inputs/count1
    SLICE_X85Y111        LUT3 (Prop_lut3_I2_O)        0.124     8.207 r  inputs/count[1]_i_1/O
                         net (fo=1, routed)           0.000     8.207    inputs/p_0_in[1]
    SLICE_X85Y111        FDCE                                         r  inputs/count_reg[1]/D
  -------------------------------------------------------------------    -------------------

                         (clock trainer_1khz rise edge)
                                                  1000000.062 1000000.062 r  <hidden>
    B6                                                0.000 1000000.062 r  clk
                         net (fo=0)                   0.000 1000000.062    clk
    B6                   IBUF (Prop_ibuf_I_O)         1.429 1000001.500 r  clk_IBUF_inst/O
                         net (fo=1, routed)           2.196 1000003.688    clk_IBUF
    BUFGCTRL_X0Y16       BUFG (Prop_bufg_I_O)         0.091 1000003.750 r  clk_IBUF_BUFG_inst/O
                         net (fo=16, routed)          1.577 1000005.312    inputs/CLK
    SLICE_X85Y111        FDCE                                         r  inputs/count_reg[1]/C
                         clock pessimism              0.293 1000005.625    <hidden>
                         clock uncertainty           -0.035 1000005.562    <hidden>
    SLICE_X85Y111        FDCE (Setup_fdce_C_D)        0.031 1000005.562    inputs/count_reg[1]
  -------------------------------------------------------------------
                         required time                      1000005.625    <hidden>
                         arrival time                          -8.207    <hidden>
  -------------------------------------------------------------------
                         slack                              999997.500    <hidden>

Slack (MET) :             999997.500ns  (required time - arrival time)
  Source:                 inputs/accepted_reg/C
                            (rising edge-triggered cell FDCE clocked by trainer_1khz  {rise@0.000ns fall@500000.031ns period=1000000.000ns})
  Destination:            inputs/count_reg[3]/D
                            (rising edge-triggered cell FDCE clocked by trainer_1khz  {rise@0.000ns fall@500000.031ns period=1000000.000ns})
  Path Group:             trainer_1khz
  Path Type:              Setup (Max at Slow Process Corner)
  Requirement:            1000000.062ns  (trainer_1khz rise@1000000.062ns - trainer_1khz rise@0.000ns)
  Data Path Delay:        2.627ns  (logic 0.794ns (30.228%)  route 1.833ns (69.772%))
  Logic Levels:           2  (LUT2=1 LUT5=1)
  Clock Path Skew:        -0.022ns (DCD - SCD + CPR)
    Destination Clock Delay (DCD):    5.293ns = ( 1000005.375 - 1000000.062 ) 
    Source Clock Delay      (SCD):    5.608ns
    Clock Pessimism Removal (CPR):    0.293ns
  Clock Uncertainty:      0.035ns  ((TSJ^2 + TIJ^2)^1/2 + DJ) / 2 + PE
    Total System Jitter     (TSJ):    0.071ns
    Total Input Jitter      (TIJ):    0.000ns
    Discrete Jitter          (DJ):    0.000ns
    Phase Error              (PE):    0.000ns

    Location             Delay type                Incr(ns)  Path(ns)    Netlist Resource(s)
  -------------------------------------------------------------------    -------------------
                         (clock trainer_1khz rise edge)
                                                      0.000     0.000 r  <hidden>
    B6                                                0.000     0.000 r  clk
                         net (fo=0)                   0.000     0.000    clk
    B6                   IBUF (Prop_ibuf_I_O)         1.500     1.500 r  clk_IBUF_inst/O
                         net (fo=1, routed)           2.315     3.815    clk_IBUF
    BUFGCTRL_X0Y16       BUFG (Prop_bufg_I_O)         0.096     3.911 r  clk_IBUF_BUFG_inst/O
                         net (fo=16, routed)          1.697     5.608    inputs/CLK
    SLICE_X84Y111        FDCE                                         r  inputs/accepted_reg/C
  -------------------------------------------------------------------    -------------------
    SLICE_X84Y111        FDCE (Prop_fdce_C_Q)         0.518     6.126 r  inputs/accepted_reg/Q
                         net (fo=3, routed)           0.975     7.102    inputs/accepted
    SLICE_X84Y112        LUT2 (Prop_lut2_I0_O)        0.124     7.226 f  inputs/count[4]_i_2/O
                         net (fo=5, routed)           0.857     8.083    inputs/count1
    SLICE_X85Y111        LUT5 (Prop_lut5_I4_O)        0.152     8.235 r  inputs/count[3]_i_1/O
                         net (fo=1, routed)           0.000     8.235    inputs/p_0_in[3]
    SLICE_X85Y111        FDCE                                         r  inputs/count_reg[3]/D
  -------------------------------------------------------------------    -------------------

                         (clock trainer_1khz rise edge)
                                                  1000000.062 1000000.062 r  <hidden>
    B6                                                0.000 1000000.062 r  clk
                         net (fo=0)                   0.000 1000000.062    clk
    B6                   IBUF (Prop_ibuf_I_O)         1.429 1000001.500 r  clk_IBUF_inst/O
                         net (fo=1, routed)           2.196 1000003.688    clk_IBUF
    BUFGCTRL_X0Y16       BUFG (Prop_bufg_I_O)         0.091 1000003.750 r  clk_IBUF_BUFG_inst/O
                         net (fo=16, routed)          1.577 1000005.312    inputs/CLK
    SLICE_X85Y111        FDCE                                         r  inputs/count_reg[3]/C
                         clock pessimism              0.293 1000005.625    <hidden>
                         clock uncertainty           -0.035 1000005.562    <hidden>
    SLICE_X85Y111        FDCE (Setup_fdce_C_D)        0.075 1000005.625    inputs/count_reg[3]
  -------------------------------------------------------------------
                         required time                      1000005.750    <hidden>
                         arrival time                          -8.235    <hidden>
  -------------------------------------------------------------------
                         slack                              999997.500    <hidden>

Slack (MET) :             999997.812ns  (required time - arrival time)
  Source:                 inputs/accepted_reg/C
                            (rising edge-triggered cell FDCE clocked by trainer_1khz  {rise@0.000ns fall@500000.031ns period=1000000.000ns})
  Destination:            inputs/count_reg[2]/D
                            (rising edge-triggered cell FDCE clocked by trainer_1khz  {rise@0.000ns fall@500000.031ns period=1000000.000ns})
  Path Group:             trainer_1khz
  Path Type:              Setup (Max at Slow Process Corner)
  Requirement:            1000000.062ns  (trainer_1khz rise@1000000.062ns - trainer_1khz rise@0.000ns)
  Data Path Delay:        2.360ns  (logic 0.766ns (32.455%)  route 1.594ns (67.545%))
  Logic Levels:           2  (LUT2=1 LUT6=1)
  Clock Path Skew:        0.000ns (DCD - SCD + CPR)
    Destination Clock Delay (DCD):    5.293ns = ( 1000005.375 - 1000000.062 ) 
    Source Clock Delay      (SCD):    5.608ns
    Clock Pessimism Removal (CPR):    0.315ns
  Clock Uncertainty:      0.035ns  ((TSJ^2 + TIJ^2)^1/2 + DJ) / 2 + PE
    Total System Jitter     (TSJ):    0.071ns
    Total Input Jitter      (TIJ):    0.000ns
    Discrete Jitter          (DJ):    0.000ns
    Phase Error              (PE):    0.000ns

    Location             Delay type                Incr(ns)  Path(ns)    Netlist Resource(s)
  -------------------------------------------------------------------    -------------------
                         (clock trainer_1khz rise edge)
                                                      0.000     0.000 r  <hidden>
    B6                                                0.000     0.000 r  clk
                         net (fo=0)                   0.000     0.000    clk
    B6                   IBUF (Prop_ibuf_I_O)         1.500     1.500 r  clk_IBUF_inst/O
                         net (fo=1, routed)           2.315     3.815    clk_IBUF
    BUFGCTRL_X0Y16       BUFG (Prop_bufg_I_O)         0.096     3.911 r  clk_IBUF_BUFG_inst/O
                         net (fo=16, routed)          1.697     5.608    inputs/CLK
    SLICE_X84Y111        FDCE                                         r  inputs/accepted_reg/C
  -------------------------------------------------------------------    -------------------
    SLICE_X84Y111        FDCE (Prop_fdce_C_Q)         0.518     6.126 r  inputs/accepted_reg/Q
                         net (fo=3, routed)           0.975     7.102    inputs/accepted
    SLICE_X84Y112        LUT2 (Prop_lut2_I0_O)        0.124     7.226 f  inputs/count[4]_i_2/O
                         net (fo=5, routed)           0.619     7.845    inputs/count1
    SLICE_X84Y111        LUT6 (Prop_lut6_I5_O)        0.124     7.969 r  inputs/count[2]_i_1/O
                         net (fo=1, routed)           0.000     7.969    inputs/p_0_in[2]
    SLICE_X84Y111        FDCE                                         r  inputs/count_reg[2]/D
  -------------------------------------------------------------------    -------------------

                         (clock trainer_1khz rise edge)
                                                  1000000.062 1000000.062 r  <hidden>
    B6                                                0.000 1000000.062 r  clk
                         net (fo=0)                   0.000 1000000.062    clk
    B6                   IBUF (Prop_ibuf_I_O)         1.429 1000001.500 r  clk_IBUF_inst/O
                         net (fo=1, routed)           2.196 1000003.688    clk_IBUF
    BUFGCTRL_X0Y16       BUFG (Prop_bufg_I_O)         0.091 1000003.750 r  clk_IBUF_BUFG_inst/O
                         net (fo=16, routed)          1.577 1000005.312    inputs/CLK
    SLICE_X84Y111        FDCE                                         r  inputs/count_reg[2]/C
                         clock pessimism              0.315 1000005.625    <hidden>
                         clock uncertainty           -0.035 1000005.562    <hidden>
    SLICE_X84Y111        FDCE (Setup_fdce_C_D)        0.081 1000005.625    inputs/count_reg[2]
  -------------------------------------------------------------------
                         required time                      1000005.750    <hidden>
                         arrival time                          -7.969    <hidden>
  -------------------------------------------------------------------
                         slack                              999997.812    <hidden>

Slack (MET) :             999997.938ns  (required time - arrival time)
  Source:                 inputs/accepted_reg/C
                            (rising edge-triggered cell FDCE clocked by trainer_1khz  {rise@0.000ns fall@500000.031ns period=1000000.000ns})
  Destination:            inputs/count_reg[4]/D
                            (rising edge-triggered cell FDCE clocked by trainer_1khz  {rise@0.000ns fall@500000.031ns period=1000000.000ns})
  Path Group:             trainer_1khz
  Path Type:              Setup (Max at Slow Process Corner)
  Requirement:            1000000.062ns  (trainer_1khz rise@1000000.062ns - trainer_1khz rise@0.000ns)
  Data Path Delay:        2.060ns  (logic 0.766ns (37.181%)  route 1.294ns (62.819%))
  Logic Levels:           2  (LUT2=1 LUT6=1)
  Clock Path Skew:        -0.022ns (DCD - SCD + CPR)
    Destination Clock Delay (DCD):    5.293ns = ( 1000005.375 - 1000000.062 ) 
    Source Clock Delay      (SCD):    5.608ns
    Clock Pessimism Removal (CPR):    0.293ns
  Clock Uncertainty:      0.035ns  ((TSJ^2 + TIJ^2)^1/2 + DJ) / 2 + PE
    Total System Jitter     (TSJ):    0.071ns
    Total Input Jitter      (TIJ):    0.000ns
    Discrete Jitter          (DJ):    0.000ns
    Phase Error              (PE):    0.000ns

    Location             Delay type                Incr(ns)  Path(ns)    Netlist Resource(s)
  -------------------------------------------------------------------    -------------------
                         (clock trainer_1khz rise edge)
                                                      0.000     0.000 r  <hidden>
    B6                                                0.000     0.000 r  clk
                         net (fo=0)                   0.000     0.000    clk
    B6                   IBUF (Prop_ibuf_I_O)         1.500     1.500 r  clk_IBUF_inst/O
                         net (fo=1, routed)           2.315     3.815    clk_IBUF
    BUFGCTRL_X0Y16       BUFG (Prop_bufg_I_O)         0.096     3.911 r  clk_IBUF_BUFG_inst/O
                         net (fo=16, routed)          1.697     5.608    inputs/CLK
    SLICE_X84Y111        FDCE                                         r  inputs/accepted_reg/C
  -------------------------------------------------------------------    -------------------
    SLICE_X84Y111        FDCE (Prop_fdce_C_Q)         0.518     6.126 r  inputs/accepted_reg/Q
                         net (fo=3, routed)           0.975     7.102    inputs/accepted
    SLICE_X84Y112        LUT2 (Prop_lut2_I0_O)        0.124     7.226 f  inputs/count[4]_i_2/O
                         net (fo=5, routed)           0.319     7.545    inputs/count1
    SLICE_X85Y111        LUT6 (Prop_lut6_I5_O)        0.124     7.669 r  inputs/count[4]_i_1/O
                         net (fo=1, routed)           0.000     7.669    inputs/p_0_in[4]
    SLICE_X85Y111        FDCE                                         r  inputs/count_reg[4]/D
  -------------------------------------------------------------------    -------------------

                         (clock trainer_1khz rise edge)
                                                  1000000.062 1000000.062 r  <hidden>
    B6                                                0.000 1000000.062 r  clk
                         net (fo=0)                   0.000 1000000.062    clk
    B6                   IBUF (Prop_ibuf_I_O)         1.429 1000001.500 r  clk_IBUF_inst/O
                         net (fo=1, routed)           2.196 1000003.688    clk_IBUF
    BUFGCTRL_X0Y16       BUFG (Prop_bufg_I_O)         0.091 1000003.750 r  clk_IBUF_BUFG_inst/O
                         net (fo=16, routed)          1.577 1000005.312    inputs/CLK
    SLICE_X85Y111        FDCE                                         r  inputs/count_reg[4]/C
                         clock pessimism              0.293 1000005.625    <hidden>
                         clock uncertainty           -0.035 1000005.562    <hidden>
    SLICE_X85Y111        FDCE (Setup_fdce_C_D)        0.031 1000005.562    inputs/count_reg[4]
  -------------------------------------------------------------------
                         required time                      1000005.625    <hidden>
                         arrival time                          -7.669    <hidden>
  -------------------------------------------------------------------
                         slack                              999997.938    <hidden>

Slack (MET) :             999998.062ns  (required time - arrival time)
  Source:                 inputs/sw_sync_reg[7]/C
                            (rising edge-triggered cell FDCE clocked by trainer_1khz  {rise@0.000ns fall@500000.031ns period=1000000.000ns})
  Destination:            core/FSM_onehot_value_reg[2]/CE
                            (rising edge-triggered cell FDRE clocked by trainer_1khz  {rise@0.000ns fall@500000.031ns period=1000000.000ns})
  Path Group:             trainer_1khz
  Path Type:              Setup (Max at Slow Process Corner)
  Requirement:            1000000.062ns  (trainer_1khz rise@1000000.062ns - trainer_1khz rise@0.000ns)
  Data Path Delay:        1.778ns  (logic 0.773ns (43.478%)  route 1.005ns (56.522%))
  Logic Levels:           1  (LUT2=1)
  Clock Path Skew:        -0.026ns (DCD - SCD + CPR)
    Destination Clock Delay (DCD):    5.292ns = ( 1000005.375 - 1000000.062 ) 
    Source Clock Delay      (SCD):    5.608ns
    Clock Pessimism Removal (CPR):    0.290ns
  Clock Uncertainty:      0.035ns  ((TSJ^2 + TIJ^2)^1/2 + DJ) / 2 + PE
    Total System Jitter     (TSJ):    0.071ns
    Total Input Jitter      (TIJ):    0.000ns
    Discrete Jitter          (DJ):    0.000ns
    Phase Error              (PE):    0.000ns

    Location             Delay type                Incr(ns)  Path(ns)    Netlist Resource(s)
  -------------------------------------------------------------------    -------------------
                         (clock trainer_1khz rise edge)
                                                      0.000     0.000 r  <hidden>
    B6                                                0.000     0.000 r  clk
                         net (fo=0)                   0.000     0.000    clk
    B6                   IBUF (Prop_ibuf_I_O)         1.500     1.500 r  clk_IBUF_inst/O
                         net (fo=1, routed)           2.315     3.815    clk_IBUF
    BUFGCTRL_X0Y16       BUFG (Prop_bufg_I_O)         0.096     3.911 r  clk_IBUF_BUFG_inst/O
                         net (fo=16, routed)          1.697     5.608    inputs/CLK
    SLICE_X84Y111        FDCE                                         r  inputs/sw_sync_reg[7]/C
  -------------------------------------------------------------------    -------------------
    SLICE_X84Y111        FDCE (Prop_fdce_C_Q)         0.478     6.086 r  inputs/sw_sync_reg[7]/Q
                         net (fo=3, routed)           0.815     6.902    inputs/sw_sync[7]
    SLICE_X84Y112        LUT2 (Prop_lut2_I1_O)        0.295     7.197 r  inputs/FSM_onehot_value[2]_i_1/O
                         net (fo=1, routed)           0.190     7.386    core/E[0]
    SLICE_X84Y112        FDRE                                         r  core/FSM_onehot_value_reg[2]/CE
  -------------------------------------------------------------------    -------------------

                         (clock trainer_1khz rise edge)
                                                  1000000.062 1000000.062 r  <hidden>
    B6                                                0.000 1000000.062 r  clk
                         net (fo=0)                   0.000 1000000.062    clk
    B6                   IBUF (Prop_ibuf_I_O)         1.429 1000001.500 r  clk_IBUF_inst/O
                         net (fo=1, routed)           2.196 1000003.688    clk_IBUF
    BUFGCTRL_X0Y16       BUFG (Prop_bufg_I_O)         0.091 1000003.750 r  clk_IBUF_BUFG_inst/O
                         net (fo=16, routed)          1.576 1000005.312    core/CLK
    SLICE_X84Y112        FDRE                                         r  core/FSM_onehot_value_reg[2]/C
                         clock pessimism              0.290 1000005.625    <hidden>
                         clock uncertainty           -0.035 1000005.562    <hidden>
    SLICE_X84Y112        FDRE (Setup_fdre_C_CE)      -0.169 1000005.375    core/FSM_onehot_value_reg[2]
  -------------------------------------------------------------------
                         required time                      1000005.375    <hidden>
                         arrival time                          -7.386    <hidden>
  -------------------------------------------------------------------
                         slack                              999998.062    <hidden>

Slack (MET) :             999998.062ns  (required time - arrival time)
  Source:                 inputs/reset_pipe_reg[1]/C
                            (rising edge-triggered cell FDPE clocked by trainer_1khz  {rise@0.000ns fall@500000.031ns period=1000000.000ns})
  Destination:            core/FSM_onehot_value_reg[2]/R
                            (rising edge-triggered cell FDRE clocked by trainer_1khz  {rise@0.000ns fall@500000.031ns period=1000000.000ns})
  Path Group:             trainer_1khz
  Path Type:              Setup (Max at Slow Process Corner)
  Requirement:            1000000.062ns  (trainer_1khz rise@1000000.062ns - trainer_1khz rise@0.000ns)
  Data Path Delay:        1.220ns  (logic 0.419ns (34.339%)  route 0.801ns (65.661%))
  Logic Levels:           0  
  Clock Path Skew:        -0.022ns (DCD - SCD + CPR)
    Destination Clock Delay (DCD):    5.292ns = ( 1000005.375 - 1000000.062 ) 
    Source Clock Delay      (SCD):    5.607ns
    Clock Pessimism Removal (CPR):    0.293ns
  Clock Uncertainty:      0.035ns  ((TSJ^2 + TIJ^2)^1/2 + DJ) / 2 + PE
    Total System Jitter     (TSJ):    0.071ns
    Total Input Jitter      (TIJ):    0.000ns
    Discrete Jitter          (DJ):    0.000ns
    Phase Error              (PE):    0.000ns

    Location             Delay type                Incr(ns)  Path(ns)    Netlist Resource(s)
  -------------------------------------------------------------------    -------------------
                         (clock trainer_1khz rise edge)
                                                      0.000     0.000 r  <hidden>
    B6                                                0.000     0.000 r  clk
                         net (fo=0)                   0.000     0.000    clk
    B6                   IBUF (Prop_ibuf_I_O)         1.500     1.500 r  clk_IBUF_inst/O
                         net (fo=1, routed)           2.315     3.815    clk_IBUF
    BUFGCTRL_X0Y16       BUFG (Prop_bufg_I_O)         0.096     3.911 r  clk_IBUF_BUFG_inst/O
                         net (fo=16, routed)          1.696     5.607    inputs/CLK
    SLICE_X85Y112        FDPE                                         r  inputs/reset_pipe_reg[1]/C
  -------------------------------------------------------------------    -------------------
    SLICE_X85Y112        FDPE (Prop_fdpe_C_Q)         0.419     6.026 r  inputs/reset_pipe_reg[1]/Q
                         net (fo=14, routed)          0.801     6.828    core/reset
    SLICE_X84Y112        FDRE                                         r  core/FSM_onehot_value_reg[2]/R
  -------------------------------------------------------------------    -------------------

                         (clock trainer_1khz rise edge)
                                                  1000000.062 1000000.062 r  <hidden>
    B6                                                0.000 1000000.062 r  clk
                         net (fo=0)                   0.000 1000000.062    clk
    B6                   IBUF (Prop_ibuf_I_O)         1.429 1000001.500 r  clk_IBUF_inst/O
                         net (fo=1, routed)           2.196 1000003.688    clk_IBUF
    BUFGCTRL_X0Y16       BUFG (Prop_bufg_I_O)         0.091 1000003.750 r  clk_IBUF_BUFG_inst/O
                         net (fo=16, routed)          1.576 1000005.312    core/CLK
    SLICE_X84Y112        FDRE                                         r  core/FSM_onehot_value_reg[2]/C
                         clock pessimism              0.293 1000005.625    <hidden>
                         clock uncertainty           -0.035 1000005.562    <hidden>
    SLICE_X84Y112        FDRE (Setup_fdre_C_R)       -0.699 1000004.875    core/FSM_onehot_value_reg[2]
  -------------------------------------------------------------------
                         required time                      1000004.938    <hidden>
                         arrival time                          -6.828    <hidden>
  -------------------------------------------------------------------
                         slack                              999998.062    <hidden>

Slack (MET) :             999998.062ns  (required time - arrival time)
  Source:                 inputs/count_reg[1]/C
                            (rising edge-triggered cell FDCE clocked by trainer_1khz  {rise@0.000ns fall@500000.031ns period=1000000.000ns})
  Destination:            inputs/press_reg/D
                            (rising edge-triggered cell FDCE clocked by trainer_1khz  {rise@0.000ns fall@500000.031ns period=1000000.000ns})
  Path Group:             trainer_1khz
  Path Type:              Setup (Max at Slow Process Corner)
  Requirement:            1000000.062ns  (trainer_1khz rise@1000000.062ns - trainer_1khz rise@0.000ns)
  Data Path Delay:        1.963ns  (logic 0.704ns (35.860%)  route 1.259ns (64.140%))
  Logic Levels:           2  (LUT2=1 LUT6=1)
  Clock Path Skew:        0.000ns (DCD - SCD + CPR)
    Destination Clock Delay (DCD):    5.293ns = ( 1000005.375 - 1000000.062 ) 
    Source Clock Delay      (SCD):    5.608ns
    Clock Pessimism Removal (CPR):    0.315ns
  Clock Uncertainty:      0.035ns  ((TSJ^2 + TIJ^2)^1/2 + DJ) / 2 + PE
    Total System Jitter     (TSJ):    0.071ns
    Total Input Jitter      (TIJ):    0.000ns
    Discrete Jitter          (DJ):    0.000ns
    Phase Error              (PE):    0.000ns

    Location             Delay type                Incr(ns)  Path(ns)    Netlist Resource(s)
  -------------------------------------------------------------------    -------------------
                         (clock trainer_1khz rise edge)
                                                      0.000     0.000 r  <hidden>
    B6                                                0.000     0.000 r  clk
                         net (fo=0)                   0.000     0.000    clk
    B6                   IBUF (Prop_ibuf_I_O)         1.500     1.500 r  clk_IBUF_inst/O
                         net (fo=1, routed)           2.315     3.815    clk_IBUF
    BUFGCTRL_X0Y16       BUFG (Prop_bufg_I_O)         0.096     3.911 r  clk_IBUF_BUFG_inst/O
                         net (fo=16, routed)          1.697     5.608    inputs/CLK
    SLICE_X85Y111        FDCE                                         r  inputs/count_reg[1]/C
  -------------------------------------------------------------------    -------------------
    SLICE_X85Y111        FDCE (Prop_fdce_C_Q)         0.456     6.064 r  inputs/count_reg[1]/Q
                         net (fo=6, routed)           0.676     6.741    inputs/count[1]
    SLICE_X85Y112        LUT2 (Prop_lut2_I1_O)        0.124     6.865 f  inputs/press_i_2/O
                         net (fo=1, routed)           0.583     7.448    inputs/press_i_2_n_0
    SLICE_X85Y111        LUT6 (Prop_lut6_I0_O)        0.124     7.572 r  inputs/press_i_1/O
                         net (fo=1, routed)           0.000     7.572    inputs/press_i_1_n_0
    SLICE_X85Y111        FDCE                                         r  inputs/press_reg/D
  -------------------------------------------------------------------    -------------------

                         (clock trainer_1khz rise edge)
                                                  1000000.062 1000000.062 r  <hidden>
    B6                                                0.000 1000000.062 r  clk
                         net (fo=0)                   0.000 1000000.062    clk
    B6                   IBUF (Prop_ibuf_I_O)         1.429 1000001.500 r  clk_IBUF_inst/O
                         net (fo=1, routed)           2.196 1000003.688    clk_IBUF
    BUFGCTRL_X0Y16       BUFG (Prop_bufg_I_O)         0.091 1000003.750 r  clk_IBUF_BUFG_inst/O
                         net (fo=16, routed)          1.577 1000005.312    inputs/CLK
    SLICE_X85Y111        FDCE                                         r  inputs/press_reg/C
                         clock pessimism              0.315 1000005.625    <hidden>
                         clock uncertainty           -0.035 1000005.562    <hidden>
    SLICE_X85Y111        FDCE (Setup_fdce_C_D)        0.032 1000005.625    inputs/press_reg
  -------------------------------------------------------------------
                         required time                      1000005.625    <hidden>
                         arrival time                          -7.572    <hidden>
  -------------------------------------------------------------------
                         slack                              999998.062    <hidden>

Slack (MET) :             999998.438ns  (required time - arrival time)
  Source:                 inputs/sw_sync_reg[7]/C
                            (rising edge-triggered cell FDCE clocked by trainer_1khz  {rise@0.000ns fall@500000.031ns period=1000000.000ns})
  Destination:            core/FSM_onehot_value_reg[1]/D
                            (rising edge-triggered cell FDRE clocked by trainer_1khz  {rise@0.000ns fall@500000.031ns period=1000000.000ns})
  Path Group:             trainer_1khz
  Path Type:              Setup (Max at Slow Process Corner)
  Requirement:            1000000.062ns  (trainer_1khz rise@1000000.062ns - trainer_1khz rise@0.000ns)
  Data Path Delay:        1.621ns  (logic 0.773ns (47.680%)  route 0.848ns (52.320%))
  Logic Levels:           1  (LUT5=1)
  Clock Path Skew:        -0.024ns (DCD - SCD + CPR)
    Destination Clock Delay (DCD):    5.294ns = ( 1000005.375 - 1000000.062 ) 
    Source Clock Delay      (SCD):    5.608ns
    Clock Pessimism Removal (CPR):    0.290ns
  Clock Uncertainty:      0.035ns  ((TSJ^2 + TIJ^2)^1/2 + DJ) / 2 + PE
    Total System Jitter     (TSJ):    0.071ns
    Total Input Jitter      (TIJ):    0.000ns
    Discrete Jitter          (DJ):    0.000ns
    Phase Error              (PE):    0.000ns

    Location             Delay type                Incr(ns)  Path(ns)    Netlist Resource(s)
  -------------------------------------------------------------------    -------------------
                         (clock trainer_1khz rise edge)
                                                      0.000     0.000 r  <hidden>
    B6                                                0.000     0.000 r  clk
                         net (fo=0)                   0.000     0.000    clk
    B6                   IBUF (Prop_ibuf_I_O)         1.500     1.500 r  clk_IBUF_inst/O
                         net (fo=1, routed)           2.315     3.815    clk_IBUF
    BUFGCTRL_X0Y16       BUFG (Prop_bufg_I_O)         0.096     3.911 r  clk_IBUF_BUFG_inst/O
                         net (fo=16, routed)          1.697     5.608    inputs/CLK
    SLICE_X84Y111        FDCE                                         r  inputs/sw_sync_reg[7]/C
  -------------------------------------------------------------------    -------------------
    SLICE_X84Y111        FDCE (Prop_fdce_C_Q)         0.478     6.086 r  inputs/sw_sync_reg[7]/Q
                         net (fo=3, routed)           0.848     6.935    inputs/sw_sync[7]
    SLICE_X84Y110        LUT5 (Prop_lut5_I1_O)        0.295     7.230 r  inputs/FSM_onehot_value[1]_i_1/O
                         net (fo=1, routed)           0.000     7.230    core/FSM_onehot_value_reg[1]_0
    SLICE_X84Y110        FDRE                                         r  core/FSM_onehot_value_reg[1]/D
  -------------------------------------------------------------------    -------------------

                         (clock trainer_1khz rise edge)
                                                  1000000.062 1000000.062 r  <hidden>
    B6                                                0.000 1000000.062 r  clk
                         net (fo=0)                   0.000 1000000.062    clk
    B6                   IBUF (Prop_ibuf_I_O)         1.429 1000001.500 r  clk_IBUF_inst/O
                         net (fo=1, routed)           2.196 1000003.688    clk_IBUF
    BUFGCTRL_X0Y16       BUFG (Prop_bufg_I_O)         0.091 1000003.750 r  clk_IBUF_BUFG_inst/O
                         net (fo=16, routed)          1.578 1000005.312    core/CLK
    SLICE_X84Y110        FDRE                                         r  core/FSM_onehot_value_reg[1]/C
                         clock pessimism              0.290 1000005.625    <hidden>
                         clock uncertainty           -0.035 1000005.562    <hidden>
    SLICE_X84Y110        FDRE (Setup_fdre_C_D)        0.081 1000005.625    core/FSM_onehot_value_reg[1]
  -------------------------------------------------------------------
                         required time                      1000005.625    <hidden>
                         arrival time                          -7.230    <hidden>
  -------------------------------------------------------------------
                         slack                              999998.438    <hidden>

Slack (MET) :             999998.438ns  (required time - arrival time)
  Source:                 inputs/count_reg[2]/C
                            (rising edge-triggered cell FDCE clocked by trainer_1khz  {rise@0.000ns fall@500000.031ns period=1000000.000ns})
  Destination:            inputs/accepted_reg/D
                            (rising edge-triggered cell FDCE clocked by trainer_1khz  {rise@0.000ns fall@500000.031ns period=1000000.000ns})
  Path Group:             trainer_1khz
  Path Type:              Setup (Max at Slow Process Corner)
  Requirement:            1000000.062ns  (trainer_1khz rise@1000000.062ns - trainer_1khz rise@0.000ns)
  Data Path Delay:        1.671ns  (logic 0.766ns (45.848%)  route 0.905ns (54.152%))
  Logic Levels:           2  (LUT2=1 LUT6=1)
  Clock Path Skew:        0.000ns (DCD - SCD + CPR)
    Destination Clock Delay (DCD):    5.293ns = ( 1000005.375 - 1000000.062 ) 
    Source Clock Delay      (SCD):    5.608ns
    Clock Pessimism Removal (CPR):    0.315ns
  Clock Uncertainty:      0.035ns  ((TSJ^2 + TIJ^2)^1/2 + DJ) / 2 + PE
    Total System Jitter     (TSJ):    0.071ns
    Total Input Jitter      (TIJ):    0.000ns
    Discrete Jitter          (DJ):    0.000ns
    Phase Error              (PE):    0.000ns

    Location             Delay type                Incr(ns)  Path(ns)    Netlist Resource(s)
  -------------------------------------------------------------------    -------------------
                         (clock trainer_1khz rise edge)
                                                      0.000     0.000 r  <hidden>
    B6                                                0.000     0.000 r  clk
                         net (fo=0)                   0.000     0.000    clk
    B6                   IBUF (Prop_ibuf_I_O)         1.500     1.500 r  clk_IBUF_inst/O
                         net (fo=1, routed)           2.315     3.815    clk_IBUF
    BUFGCTRL_X0Y16       BUFG (Prop_bufg_I_O)         0.096     3.911 r  clk_IBUF_BUFG_inst/O
                         net (fo=16, routed)          1.697     5.608    inputs/CLK
    SLICE_X84Y111        FDCE                                         r  inputs/count_reg[2]/C
  -------------------------------------------------------------------    -------------------
    SLICE_X84Y111        FDCE (Prop_fdce_C_Q)         0.518     6.126 f  inputs/count_reg[2]/Q
                         net (fo=5, routed)           0.740     6.866    inputs/count[2]
    SLICE_X84Y111        LUT2 (Prop_lut2_I1_O)        0.124     6.990 r  inputs/accepted_i_2/O
                         net (fo=1, routed)           0.165     7.155    inputs/accepted_i_2_n_0
    SLICE_X84Y111        LUT6 (Prop_lut6_I0_O)        0.124     7.279 r  inputs/accepted_i_1/O
                         net (fo=1, routed)           0.000     7.279    inputs/accepted_i_1_n_0
    SLICE_X84Y111        FDCE                                         r  inputs/accepted_reg/D
  -------------------------------------------------------------------    -------------------

                         (clock trainer_1khz rise edge)
                                                  1000000.062 1000000.062 r  <hidden>
    B6                                                0.000 1000000.062 r  clk
                         net (fo=0)                   0.000 1000000.062    clk
    B6                   IBUF (Prop_ibuf_I_O)         1.429 1000001.500 r  clk_IBUF_inst/O
                         net (fo=1, routed)           2.196 1000003.688    clk_IBUF
    BUFGCTRL_X0Y16       BUFG (Prop_bufg_I_O)         0.091 1000003.750 r  clk_IBUF_BUFG_inst/O
                         net (fo=16, routed)          1.577 1000005.312    inputs/CLK
    SLICE_X84Y111        FDCE                                         r  inputs/accepted_reg/C
                         clock pessimism              0.315 1000005.625    <hidden>
                         clock uncertainty           -0.035 1000005.562    <hidden>
    SLICE_X84Y111        FDCE (Setup_fdce_C_D)        0.077 1000005.625    inputs/accepted_reg
  -------------------------------------------------------------------
                         required time                      1000005.750    <hidden>
                         arrival time                          -7.279    <hidden>
  -------------------------------------------------------------------
                         slack                              999998.438    <hidden>





Min Delay Paths
--------------------------------------------------------------------------------------
Slack (MET) :             0.122ns  (arrival time - required time)
  Source:                 inputs/button_meta_reg/C
                            (rising edge-triggered cell FDCE clocked by trainer_1khz  {rise@0.000ns fall@500000.031ns period=1000000.000ns})
  Destination:            inputs/button_sync_reg/D
                            (rising edge-triggered cell FDCE clocked by trainer_1khz  {rise@0.000ns fall@500000.031ns period=1000000.000ns})
  Path Group:             trainer_1khz
  Path Type:              Hold (Min at Fast Process Corner)
  Requirement:            0.000ns  (trainer_1khz rise@0.000ns - trainer_1khz rise@0.000ns)
  Data Path Delay:        0.197ns  (logic 0.141ns (71.611%)  route 0.056ns (28.389%))
  Logic Levels:           0  
  Clock Path Skew:        0.000ns (DCD - SCD - CPR)
    Destination Clock Delay (DCD):    2.220ns
    Source Clock Delay      (SCD):    1.694ns
    Clock Pessimism Removal (CPR):    0.526ns

    Location             Delay type                Incr(ns)  Path(ns)    Netlist Resource(s)
  -------------------------------------------------------------------    -------------------
                         (clock trainer_1khz rise edge)
                                                      0.000     0.000 r  <hidden>
    B6                                                0.000     0.000 r  clk
                         net (fo=0)                   0.000     0.000    clk
    B6                   IBUF (Prop_ibuf_I_O)         0.268     0.268 r  clk_IBUF_inst/O
                         net (fo=1, routed)           0.808     1.075    clk_IBUF
    BUFGCTRL_X0Y16       BUFG (Prop_bufg_I_O)         0.026     1.101 r  clk_IBUF_BUFG_inst/O
                         net (fo=16, routed)          0.593     1.694    inputs/CLK
    SLICE_X85Y111        FDCE                                         r  inputs/button_meta_reg/C
  -------------------------------------------------------------------    -------------------
    SLICE_X85Y111        FDCE (Prop_fdce_C_Q)         0.141     1.835 r  inputs/button_meta_reg/Q
                         net (fo=1, routed)           0.056     1.891    inputs/button_meta
    SLICE_X85Y111        FDCE                                         r  inputs/button_sync_reg/D
  -------------------------------------------------------------------    -------------------

                         (clock trainer_1khz rise edge)
                                                      0.000     0.000 r  <hidden>
    B6                                                0.000     0.000 r  clk
                         net (fo=0)                   0.000     0.000    clk
    B6                   IBUF (Prop_ibuf_I_O)         0.456     0.456 r  clk_IBUF_inst/O
                         net (fo=1, routed)           0.871     1.327    clk_IBUF
    BUFGCTRL_X0Y16       BUFG (Prop_bufg_I_O)         0.029     1.356 r  clk_IBUF_BUFG_inst/O
                         net (fo=16, routed)          0.865     2.220    inputs/CLK
    SLICE_X85Y111        FDCE                                         r  inputs/button_sync_reg/C
                         clock pessimism             -0.526     1.694    <hidden>
    SLICE_X85Y111        FDCE (Hold_fdce_C_D)         0.075     1.769    inputs/button_sync_reg
  -------------------------------------------------------------------
                         required time                         -1.769    <hidden>
                         arrival time                           1.891    <hidden>
  -------------------------------------------------------------------
                         slack                                  0.122    <hidden>

Slack (MET) :             0.122ns  (arrival time - required time)
  Source:                 inputs/reset_pipe_reg[0]/C
                            (rising edge-triggered cell FDPE clocked by trainer_1khz  {rise@0.000ns fall@500000.031ns period=1000000.000ns})
  Destination:            inputs/reset_pipe_reg[1]/D
                            (rising edge-triggered cell FDPE clocked by trainer_1khz  {rise@0.000ns fall@500000.031ns period=1000000.000ns})
  Path Group:             trainer_1khz
  Path Type:              Hold (Min at Fast Process Corner)
  Requirement:            0.000ns  (trainer_1khz rise@0.000ns - trainer_1khz rise@0.000ns)
  Data Path Delay:        0.197ns  (logic 0.141ns (71.611%)  route 0.056ns (28.389%))
  Logic Levels:           0  
  Clock Path Skew:        0.000ns (DCD - SCD - CPR)
    Destination Clock Delay (DCD):    2.218ns
    Source Clock Delay      (SCD):    1.693ns
    Clock Pessimism Removal (CPR):    0.525ns

    Location             Delay type                Incr(ns)  Path(ns)    Netlist Resource(s)
  -------------------------------------------------------------------    -------------------
                         (clock trainer_1khz rise edge)
                                                      0.000     0.000 r  <hidden>
    B6                                                0.000     0.000 r  clk
                         net (fo=0)                   0.000     0.000    clk
    B6                   IBUF (Prop_ibuf_I_O)         0.268     0.268 r  clk_IBUF_inst/O
                         net (fo=1, routed)           0.808     1.075    clk_IBUF
    BUFGCTRL_X0Y16       BUFG (Prop_bufg_I_O)         0.026     1.101 r  clk_IBUF_BUFG_inst/O
                         net (fo=16, routed)          0.592     1.693    inputs/CLK
    SLICE_X85Y112        FDPE                                         r  inputs/reset_pipe_reg[0]/C
  -------------------------------------------------------------------    -------------------
    SLICE_X85Y112        FDPE (Prop_fdpe_C_Q)         0.141     1.834 r  inputs/reset_pipe_reg[0]/Q
                         net (fo=1, routed)           0.056     1.890    inputs/reset_pipe[0]
    SLICE_X85Y112        FDPE                                         r  inputs/reset_pipe_reg[1]/D
  -------------------------------------------------------------------    -------------------

                         (clock trainer_1khz rise edge)
                                                      0.000     0.000 r  <hidden>
    B6                                                0.000     0.000 r  clk
                         net (fo=0)                   0.000     0.000    clk
    B6                   IBUF (Prop_ibuf_I_O)         0.456     0.456 r  clk_IBUF_inst/O
                         net (fo=1, routed)           0.871     1.327    clk_IBUF
    BUFGCTRL_X0Y16       BUFG (Prop_bufg_I_O)         0.029     1.356 r  clk_IBUF_BUFG_inst/O
                         net (fo=16, routed)          0.863     2.218    inputs/CLK
    SLICE_X85Y112        FDPE                                         r  inputs/reset_pipe_reg[1]/C
                         clock pessimism             -0.525     1.693    <hidden>
    SLICE_X85Y112        FDPE (Hold_fdpe_C_D)         0.075     1.768    inputs/reset_pipe_reg[1]
  -------------------------------------------------------------------
                         required time                         -1.768    <hidden>
                         arrival time                           1.890    <hidden>
  -------------------------------------------------------------------
                         slack                                  0.122    <hidden>

Slack (MET) :             0.178ns  (arrival time - required time)
  Source:                 inputs/count_reg[2]/C
                            (rising edge-triggered cell FDCE clocked by trainer_1khz  {rise@0.000ns fall@500000.031ns period=1000000.000ns})
  Destination:            inputs/press_reg/D
                            (rising edge-triggered cell FDCE clocked by trainer_1khz  {rise@0.000ns fall@500000.031ns period=1000000.000ns})
  Path Group:             trainer_1khz
  Path Type:              Hold (Min at Fast Process Corner)
  Requirement:            0.000ns  (trainer_1khz rise@0.000ns - trainer_1khz rise@0.000ns)
  Data Path Delay:        0.283ns  (logic 0.209ns (73.824%)  route 0.074ns (26.176%))
  Logic Levels:           1  (LUT6=1)
  Clock Path Skew:        0.013ns (DCD - SCD - CPR)
    Destination Clock Delay (DCD):    2.220ns
    Source Clock Delay      (SCD):    1.694ns
    Clock Pessimism Removal (CPR):    0.513ns

    Location             Delay type                Incr(ns)  Path(ns)    Netlist Resource(s)
  -------------------------------------------------------------------    -------------------
                         (clock trainer_1khz rise edge)
                                                      0.000     0.000 r  <hidden>
    B6                                                0.000     0.000 r  clk
                         net (fo=0)                   0.000     0.000    clk
    B6                   IBUF (Prop_ibuf_I_O)         0.268     0.268 r  clk_IBUF_inst/O
                         net (fo=1, routed)           0.808     1.075    clk_IBUF
    BUFGCTRL_X0Y16       BUFG (Prop_bufg_I_O)         0.026     1.101 r  clk_IBUF_BUFG_inst/O
                         net (fo=16, routed)          0.593     1.694    inputs/CLK
    SLICE_X84Y111        FDCE                                         r  inputs/count_reg[2]/C
  -------------------------------------------------------------------    -------------------
    SLICE_X84Y111        FDCE (Prop_fdce_C_Q)         0.164     1.858 f  inputs/count_reg[2]/Q
                         net (fo=5, routed)           0.074     1.932    inputs/count[2]
    SLICE_X85Y111        LUT6 (Prop_lut6_I1_O)        0.045     1.977 r  inputs/press_i_1/O
                         net (fo=1, routed)           0.000     1.977    inputs/press_i_1_n_0
    SLICE_X85Y111        FDCE                                         r  inputs/press_reg/D
  -------------------------------------------------------------------    -------------------

                         (clock trainer_1khz rise edge)
                                                      0.000     0.000 r  <hidden>
    B6                                                0.000     0.000 r  clk
                         net (fo=0)                   0.000     0.000    clk
    B6                   IBUF (Prop_ibuf_I_O)         0.456     0.456 r  clk_IBUF_inst/O
                         net (fo=1, routed)           0.871     1.327    clk_IBUF
    BUFGCTRL_X0Y16       BUFG (Prop_bufg_I_O)         0.029     1.356 r  clk_IBUF_BUFG_inst/O
                         net (fo=16, routed)          0.865     2.220    inputs/CLK
    SLICE_X85Y111        FDCE                                         r  inputs/press_reg/C
                         clock pessimism             -0.513     1.707    <hidden>
    SLICE_X85Y111        FDCE (Hold_fdce_C_D)         0.092     1.799    inputs/press_reg
  -------------------------------------------------------------------
                         required time                         -1.799    <hidden>
                         arrival time                           1.977    <hidden>
  -------------------------------------------------------------------
                         slack                                  0.178    <hidden>

Slack (MET) :             0.205ns  (arrival time - required time)
  Source:                 inputs/count_reg[1]/C
                            (rising edge-triggered cell FDCE clocked by trainer_1khz  {rise@0.000ns fall@500000.031ns period=1000000.000ns})
  Destination:            inputs/accepted_reg/D
                            (rising edge-triggered cell FDCE clocked by trainer_1khz  {rise@0.000ns fall@500000.031ns period=1000000.000ns})
  Path Group:             trainer_1khz
  Path Type:              Hold (Min at Fast Process Corner)
  Requirement:            0.000ns  (trainer_1khz rise@0.000ns - trainer_1khz rise@0.000ns)
  Data Path Delay:        0.338ns  (logic 0.186ns (54.991%)  route 0.152ns (45.009%))
  Logic Levels:           1  (LUT6=1)
  Clock Path Skew:        0.013ns (DCD - SCD - CPR)
    Destination Clock Delay (DCD):    2.220ns
    Source Clock Delay      (SCD):    1.694ns
    Clock Pessimism Removal (CPR):    0.513ns

    Location             Delay type                Incr(ns)  Path(ns)    Netlist Resource(s)
  -------------------------------------------------------------------    -------------------
                         (clock trainer_1khz rise edge)
                                                      0.000     0.000 r  <hidden>
    B6                                                0.000     0.000 r  clk
                         net (fo=0)                   0.000     0.000    clk
    B6                   IBUF (Prop_ibuf_I_O)         0.268     0.268 r  clk_IBUF_inst/O
                         net (fo=1, routed)           0.808     1.075    clk_IBUF
    BUFGCTRL_X0Y16       BUFG (Prop_bufg_I_O)         0.026     1.101 r  clk_IBUF_BUFG_inst/O
                         net (fo=16, routed)          0.593     1.694    inputs/CLK
    SLICE_X85Y111        FDCE                                         r  inputs/count_reg[1]/C
  -------------------------------------------------------------------    -------------------
    SLICE_X85Y111        FDCE (Prop_fdce_C_Q)         0.141     1.835 r  inputs/count_reg[1]/Q
                         net (fo=6, routed)           0.152     1.987    inputs/count[1]
    SLICE_X84Y111        LUT6 (Prop_lut6_I2_O)        0.045     2.032 r  inputs/accepted_i_1/O
                         net (fo=1, routed)           0.000     2.032    inputs/accepted_i_1_n_0
    SLICE_X84Y111        FDCE                                         r  inputs/accepted_reg/D
  -------------------------------------------------------------------    -------------------

                         (clock trainer_1khz rise edge)
                                                      0.000     0.000 r  <hidden>
    B6                                                0.000     0.000 r  clk
                         net (fo=0)                   0.000     0.000    clk
    B6                   IBUF (Prop_ibuf_I_O)         0.456     0.456 r  clk_IBUF_inst/O
                         net (fo=1, routed)           0.871     1.327    clk_IBUF
    BUFGCTRL_X0Y16       BUFG (Prop_bufg_I_O)         0.029     1.356 r  clk_IBUF_BUFG_inst/O
                         net (fo=16, routed)          0.865     2.220    inputs/CLK
    SLICE_X84Y111        FDCE                                         r  inputs/accepted_reg/C
                         clock pessimism             -0.513     1.707    <hidden>
    SLICE_X84Y111        FDCE (Hold_fdce_C_D)         0.120     1.827    inputs/accepted_reg
  -------------------------------------------------------------------
                         required time                         -1.827    <hidden>
                         arrival time                           2.032    <hidden>
  -------------------------------------------------------------------
                         slack                                  0.205    <hidden>

Slack (MET) :             0.216ns  (arrival time - required time)
  Source:                 inputs/sw_meta_reg[7]/C
                            (rising edge-triggered cell FDCE clocked by trainer_1khz  {rise@0.000ns fall@500000.031ns period=1000000.000ns})
  Destination:            inputs/sw_sync_reg[7]/D
                            (rising edge-triggered cell FDCE clocked by trainer_1khz  {rise@0.000ns fall@500000.031ns period=1000000.000ns})
  Path Group:             trainer_1khz
  Path Type:              Hold (Min at Fast Process Corner)
  Requirement:            0.000ns  (trainer_1khz rise@0.000ns - trainer_1khz rise@0.000ns)
  Data Path Delay:        0.276ns  (logic 0.164ns (59.419%)  route 0.112ns (40.581%))
  Logic Levels:           0  
  Clock Path Skew:        0.000ns (DCD - SCD - CPR)
    Destination Clock Delay (DCD):    2.220ns
    Source Clock Delay      (SCD):    1.694ns
    Clock Pessimism Removal (CPR):    0.526ns

    Location             Delay type                Incr(ns)  Path(ns)    Netlist Resource(s)
  -------------------------------------------------------------------    -------------------
                         (clock trainer_1khz rise edge)
                                                      0.000     0.000 r  <hidden>
    B6                                                0.000     0.000 r  clk
                         net (fo=0)                   0.000     0.000    clk
    B6                   IBUF (Prop_ibuf_I_O)         0.268     0.268 r  clk_IBUF_inst/O
                         net (fo=1, routed)           0.808     1.075    clk_IBUF
    BUFGCTRL_X0Y16       BUFG (Prop_bufg_I_O)         0.026     1.101 r  clk_IBUF_BUFG_inst/O
                         net (fo=16, routed)          0.593     1.694    inputs/CLK
    SLICE_X84Y111        FDCE                                         r  inputs/sw_meta_reg[7]/C
  -------------------------------------------------------------------    -------------------
    SLICE_X84Y111        FDCE (Prop_fdce_C_Q)         0.164     1.858 r  inputs/sw_meta_reg[7]/Q
                         net (fo=1, routed)           0.112     1.970    inputs/sw_meta[7]
    SLICE_X84Y111        FDCE                                         r  inputs/sw_sync_reg[7]/D
  -------------------------------------------------------------------    -------------------

                         (clock trainer_1khz rise edge)
                                                      0.000     0.000 r  <hidden>
    B6                                                0.000     0.000 r  clk
                         net (fo=0)                   0.000     0.000    clk
    B6                   IBUF (Prop_ibuf_I_O)         0.456     0.456 r  clk_IBUF_inst/O
                         net (fo=1, routed)           0.871     1.327    clk_IBUF
    BUFGCTRL_X0Y16       BUFG (Prop_bufg_I_O)         0.029     1.356 r  clk_IBUF_BUFG_inst/O
                         net (fo=16, routed)          0.865     2.220    inputs/CLK
    SLICE_X84Y111        FDCE                                         r  inputs/sw_sync_reg[7]/C
                         clock pessimism             -0.526     1.694    <hidden>
    SLICE_X84Y111        FDCE (Hold_fdce_C_D)         0.060     1.754    inputs/sw_sync_reg[7]
  -------------------------------------------------------------------
                         required time                         -1.754    <hidden>
                         arrival time                           1.970    <hidden>
  -------------------------------------------------------------------
                         slack                                  0.216    <hidden>

Slack (MET) :             0.230ns  (arrival time - required time)
  Source:                 core/FSM_onehot_value_reg[1]/C
                            (rising edge-triggered cell FDRE clocked by trainer_1khz  {rise@0.000ns fall@500000.031ns period=1000000.000ns})
  Destination:            core/FSM_onehot_value_reg[2]/D
                            (rising edge-triggered cell FDRE clocked by trainer_1khz  {rise@0.000ns fall@500000.031ns period=1000000.000ns})
  Path Group:             trainer_1khz
  Path Type:              Hold (Min at Fast Process Corner)
  Requirement:            0.000ns  (trainer_1khz rise@0.000ns - trainer_1khz rise@0.000ns)
  Data Path Delay:        0.303ns  (logic 0.164ns (54.065%)  route 0.139ns (45.935%))
  Logic Levels:           0  
  Clock Path Skew:        0.014ns (DCD - SCD - CPR)
    Destination Clock Delay (DCD):    2.218ns
    Source Clock Delay      (SCD):    1.694ns
    Clock Pessimism Removal (CPR):    0.510ns

    Location             Delay type                Incr(ns)  Path(ns)    Netlist Resource(s)
  -------------------------------------------------------------------    -------------------
                         (clock trainer_1khz rise edge)
                                                      0.000     0.000 r  <hidden>
    B6                                                0.000     0.000 r  clk
                         net (fo=0)                   0.000     0.000    clk
    B6                   IBUF (Prop_ibuf_I_O)         0.268     0.268 r  clk_IBUF_inst/O
                         net (fo=1, routed)           0.808     1.075    clk_IBUF
    BUFGCTRL_X0Y16       BUFG (Prop_bufg_I_O)         0.026     1.101 r  clk_IBUF_BUFG_inst/O
                         net (fo=16, routed)          0.593     1.694    core/CLK
    SLICE_X84Y110        FDRE                                         r  core/FSM_onehot_value_reg[1]/C
  -------------------------------------------------------------------    -------------------
    SLICE_X84Y110        FDRE (Prop_fdre_C_Q)         0.164     1.858 r  core/FSM_onehot_value_reg[1]/Q
                         net (fo=4, routed)           0.139     1.997    core/led_OBUF[0]
    SLICE_X84Y112        FDRE                                         r  core/FSM_onehot_value_reg[2]/D
  -------------------------------------------------------------------    -------------------

                         (clock trainer_1khz rise edge)
                                                      0.000     0.000 r  <hidden>
    B6                                                0.000     0.000 r  clk
                         net (fo=0)                   0.000     0.000    clk
    B6                   IBUF (Prop_ibuf_I_O)         0.456     0.456 r  clk_IBUF_inst/O
                         net (fo=1, routed)           0.871     1.327    clk_IBUF
    BUFGCTRL_X0Y16       BUFG (Prop_bufg_I_O)         0.029     1.356 r  clk_IBUF_BUFG_inst/O
                         net (fo=16, routed)          0.863     2.218    core/CLK
    SLICE_X84Y112        FDRE                                         r  core/FSM_onehot_value_reg[2]/C
                         clock pessimism             -0.510     1.708    <hidden>
    SLICE_X84Y112        FDRE (Hold_fdre_C_D)         0.059     1.767    core/FSM_onehot_value_reg[2]
  -------------------------------------------------------------------
                         required time                         -1.767    <hidden>
                         arrival time                           1.997    <hidden>
  -------------------------------------------------------------------
                         slack                                  0.230    <hidden>

Slack (MET) :             0.237ns  (arrival time - required time)
  Source:                 inputs/count_reg[4]/C
                            (rising edge-triggered cell FDCE clocked by trainer_1khz  {rise@0.000ns fall@500000.031ns period=1000000.000ns})
  Destination:            inputs/count_reg[2]/D
                            (rising edge-triggered cell FDCE clocked by trainer_1khz  {rise@0.000ns fall@500000.031ns period=1000000.000ns})
  Path Group:             trainer_1khz
  Path Type:              Hold (Min at Fast Process Corner)
  Requirement:            0.000ns  (trainer_1khz rise@0.000ns - trainer_1khz rise@0.000ns)
  Data Path Delay:        0.371ns  (logic 0.186ns (50.176%)  route 0.185ns (49.823%))
  Logic Levels:           1  (LUT6=1)
  Clock Path Skew:        0.013ns (DCD - SCD - CPR)
    Destination Clock Delay (DCD):    2.220ns
    Source Clock Delay      (SCD):    1.694ns
    Clock Pessimism Removal (CPR):    0.513ns

    Location             Delay type                Incr(ns)  Path(ns)    Netlist Resource(s)
  -------------------------------------------------------------------    -------------------
                         (clock trainer_1khz rise edge)
                                                      0.000     0.000 r  <hidden>
    B6                                                0.000     0.000 r  clk
                         net (fo=0)                   0.000     0.000    clk
    B6                   IBUF (Prop_ibuf_I_O)         0.268     0.268 r  clk_IBUF_inst/O
                         net (fo=1, routed)           0.808     1.075    clk_IBUF
    BUFGCTRL_X0Y16       BUFG (Prop_bufg_I_O)         0.026     1.101 r  clk_IBUF_BUFG_inst/O
                         net (fo=16, routed)          0.593     1.694    inputs/CLK
    SLICE_X85Y111        FDCE                                         r  inputs/count_reg[4]/C
  -------------------------------------------------------------------    -------------------
    SLICE_X85Y111        FDCE (Prop_fdce_C_Q)         0.141     1.835 f  inputs/count_reg[4]/Q
                         net (fo=4, routed)           0.185     2.020    inputs/count[4]
    SLICE_X84Y111        LUT6 (Prop_lut6_I2_O)        0.045     2.065 r  inputs/count[2]_i_1/O
                         net (fo=1, routed)           0.000     2.065    inputs/p_0_in[2]
    SLICE_X84Y111        FDCE                                         r  inputs/count_reg[2]/D
  -------------------------------------------------------------------    -------------------

                         (clock trainer_1khz rise edge)
                                                      0.000     0.000 r  <hidden>
    B6                                                0.000     0.000 r  clk
                         net (fo=0)                   0.000     0.000    clk
    B6                   IBUF (Prop_ibuf_I_O)         0.456     0.456 r  clk_IBUF_inst/O
                         net (fo=1, routed)           0.871     1.327    clk_IBUF
    BUFGCTRL_X0Y16       BUFG (Prop_bufg_I_O)         0.029     1.356 r  clk_IBUF_BUFG_inst/O
                         net (fo=16, routed)          0.865     2.220    inputs/CLK
    SLICE_X84Y111        FDCE                                         r  inputs/count_reg[2]/C
                         clock pessimism             -0.513     1.707    <hidden>
    SLICE_X84Y111        FDCE (Hold_fdce_C_D)         0.121     1.828    inputs/count_reg[2]
  -------------------------------------------------------------------
                         required time                         -1.828    <hidden>
                         arrival time                           2.065    <hidden>
  -------------------------------------------------------------------
                         slack                                  0.237    <hidden>

Slack (MET) :             0.248ns  (arrival time - required time)
  Source:                 inputs/count_reg[3]/C
                            (rising edge-triggered cell FDCE clocked by trainer_1khz  {rise@0.000ns fall@500000.031ns period=1000000.000ns})
  Destination:            inputs/count_reg[4]/D
                            (rising edge-triggered cell FDCE clocked by trainer_1khz  {rise@0.000ns fall@500000.031ns period=1000000.000ns})
  Path Group:             trainer_1khz
  Path Type:              Hold (Min at Fast Process Corner)
  Requirement:            0.000ns  (trainer_1khz rise@0.000ns - trainer_1khz rise@0.000ns)
  Data Path Delay:        0.340ns  (logic 0.226ns (66.404%)  route 0.114ns (33.596%))
  Logic Levels:           1  (LUT6=1)
  Clock Path Skew:        0.000ns (DCD - SCD - CPR)
    Destination Clock Delay (DCD):    2.220ns
    Source Clock Delay      (SCD):    1.694ns
    Clock Pessimism Removal (CPR):    0.526ns

    Location             Delay type                Incr(ns)  Path(ns)    Netlist Resource(s)
  -------------------------------------------------------------------    -------------------
                         (clock trainer_1khz rise edge)
                                                      0.000     0.000 r  <hidden>
    B6                                                0.000     0.000 r  clk
                         net (fo=0)                   0.000     0.000    clk
    B6                   IBUF (Prop_ibuf_I_O)         0.268     0.268 r  clk_IBUF_inst/O
                         net (fo=1, routed)           0.808     1.075    clk_IBUF
    BUFGCTRL_X0Y16       BUFG (Prop_bufg_I_O)         0.026     1.101 r  clk_IBUF_BUFG_inst/O
                         net (fo=16, routed)          0.593     1.694    inputs/CLK
    SLICE_X85Y111        FDCE                                         r  inputs/count_reg[3]/C
  -------------------------------------------------------------------    -------------------
    SLICE_X85Y111        FDCE (Prop_fdce_C_Q)         0.128     1.822 r  inputs/count_reg[3]/Q
                         net (fo=5, routed)           0.114     1.936    inputs/count[3]
    SLICE_X85Y111        LUT6 (Prop_lut6_I3_O)        0.098     2.034 r  inputs/count[4]_i_1/O
                         net (fo=1, routed)           0.000     2.034    inputs/p_0_in[4]
    SLICE_X85Y111        FDCE                                         r  inputs/count_reg[4]/D
  -------------------------------------------------------------------    -------------------

                         (clock trainer_1khz rise edge)
                                                      0.000     0.000 r  <hidden>
    B6                                                0.000     0.000 r  clk
                         net (fo=0)                   0.000     0.000    clk
    B6                   IBUF (Prop_ibuf_I_O)         0.456     0.456 r  clk_IBUF_inst/O
                         net (fo=1, routed)           0.871     1.327    clk_IBUF
    BUFGCTRL_X0Y16       BUFG (Prop_bufg_I_O)         0.029     1.356 r  clk_IBUF_BUFG_inst/O
                         net (fo=16, routed)          0.865     2.220    inputs/CLK
    SLICE_X85Y111        FDCE                                         r  inputs/count_reg[4]/C
                         clock pessimism             -0.526     1.694    <hidden>
    SLICE_X85Y111        FDCE (Hold_fdce_C_D)         0.092     1.786    inputs/count_reg[4]
  -------------------------------------------------------------------
                         required time                         -1.786    <hidden>
                         arrival time                           2.034    <hidden>
  -------------------------------------------------------------------
                         slack                                  0.248    <hidden>

Slack (MET) :             0.267ns  (arrival time - required time)
  Source:                 inputs/count_reg[0]/C
                            (rising edge-triggered cell FDCE clocked by trainer_1khz  {rise@0.000ns fall@500000.031ns period=1000000.000ns})
  Destination:            inputs/count_reg[3]/D
                            (rising edge-triggered cell FDCE clocked by trainer_1khz  {rise@0.000ns fall@500000.031ns period=1000000.000ns})
  Path Group:             trainer_1khz
  Path Type:              Hold (Min at Fast Process Corner)
  Requirement:            0.000ns  (trainer_1khz rise@0.000ns - trainer_1khz rise@0.000ns)
  Data Path Delay:        0.374ns  (logic 0.230ns (61.440%)  route 0.144ns (38.560%))
  Logic Levels:           1  (LUT5=1)
  Clock Path Skew:        0.000ns (DCD - SCD - CPR)
    Destination Clock Delay (DCD):    2.220ns
    Source Clock Delay      (SCD):    1.694ns
    Clock Pessimism Removal (CPR):    0.526ns

    Location             Delay type                Incr(ns)  Path(ns)    Netlist Resource(s)
  -------------------------------------------------------------------    -------------------
                         (clock trainer_1khz rise edge)
                                                      0.000     0.000 r  <hidden>
    B6                                                0.000     0.000 r  clk
                         net (fo=0)                   0.000     0.000    clk
    B6                   IBUF (Prop_ibuf_I_O)         0.268     0.268 r  clk_IBUF_inst/O
                         net (fo=1, routed)           0.808     1.075    clk_IBUF
    BUFGCTRL_X0Y16       BUFG (Prop_bufg_I_O)         0.026     1.101 r  clk_IBUF_BUFG_inst/O
                         net (fo=16, routed)          0.593     1.694    inputs/CLK
    SLICE_X85Y111        FDCE                                         r  inputs/count_reg[0]/C
  -------------------------------------------------------------------    -------------------
    SLICE_X85Y111        FDCE (Prop_fdce_C_Q)         0.128     1.822 r  inputs/count_reg[0]/Q
                         net (fo=7, routed)           0.144     1.966    inputs/count[0]
    SLICE_X85Y111        LUT5 (Prop_lut5_I1_O)        0.102     2.068 r  inputs/count[3]_i_1/O
                         net (fo=1, routed)           0.000     2.068    inputs/p_0_in[3]
    SLICE_X85Y111        FDCE                                         r  inputs/count_reg[3]/D
  -------------------------------------------------------------------    -------------------

                         (clock trainer_1khz rise edge)
                                                      0.000     0.000 r  <hidden>
    B6                                                0.000     0.000 r  clk
                         net (fo=0)                   0.000     0.000    clk
    B6                   IBUF (Prop_ibuf_I_O)         0.456     0.456 r  clk_IBUF_inst/O
                         net (fo=1, routed)           0.871     1.327    clk_IBUF
    BUFGCTRL_X0Y16       BUFG (Prop_bufg_I_O)         0.029     1.356 r  clk_IBUF_BUFG_inst/O
                         net (fo=16, routed)          0.865     2.220    inputs/CLK
    SLICE_X85Y111        FDCE                                         r  inputs/count_reg[3]/C
                         clock pessimism             -0.526     1.694    <hidden>
    SLICE_X85Y111        FDCE (Hold_fdce_C_D)         0.107     1.801    inputs/count_reg[3]
  -------------------------------------------------------------------
                         required time                         -1.801    <hidden>
                         arrival time                           2.068    <hidden>
  -------------------------------------------------------------------
                         slack                                  0.267    <hidden>

Slack (MET) :             0.275ns  (arrival time - required time)
  Source:                 core/FSM_onehot_value_reg[1]/C
                            (rising edge-triggered cell FDRE clocked by trainer_1khz  {rise@0.000ns fall@500000.031ns period=1000000.000ns})
  Destination:            core/FSM_onehot_value_reg[1]/D
                            (rising edge-triggered cell FDRE clocked by trainer_1khz  {rise@0.000ns fall@500000.031ns period=1000000.000ns})
  Path Group:             trainer_1khz
  Path Type:              Hold (Min at Fast Process Corner)
  Requirement:            0.000ns  (trainer_1khz rise@0.000ns - trainer_1khz rise@0.000ns)
  Data Path Delay:        0.396ns  (logic 0.209ns (52.744%)  route 0.187ns (47.256%))
  Logic Levels:           1  (LUT5=1)
  Clock Path Skew:        0.000ns (DCD - SCD - CPR)
    Destination Clock Delay (DCD):    2.220ns
    Source Clock Delay      (SCD):    1.694ns
    Clock Pessimism Removal (CPR):    0.526ns

    Location             Delay type                Incr(ns)  Path(ns)    Netlist Resource(s)
  -------------------------------------------------------------------    -------------------
                         (clock trainer_1khz rise edge)
                                                      0.000     0.000 r  <hidden>
    B6                                                0.000     0.000 r  clk
                         net (fo=0)                   0.000     0.000    clk
    B6                   IBUF (Prop_ibuf_I_O)         0.268     0.268 r  clk_IBUF_inst/O
                         net (fo=1, routed)           0.808     1.075    clk_IBUF
    BUFGCTRL_X0Y16       BUFG (Prop_bufg_I_O)         0.026     1.101 r  clk_IBUF_BUFG_inst/O
                         net (fo=16, routed)          0.593     1.694    core/CLK
    SLICE_X84Y110        FDRE                                         r  core/FSM_onehot_value_reg[1]/C
  -------------------------------------------------------------------    -------------------
    SLICE_X84Y110        FDRE (Prop_fdre_C_Q)         0.164     1.858 r  core/FSM_onehot_value_reg[1]/Q
                         net (fo=4, routed)           0.187     2.045    inputs/led_OBUF[0]
    SLICE_X84Y110        LUT5 (Prop_lut5_I0_O)        0.045     2.090 r  inputs/FSM_onehot_value[1]_i_1/O
                         net (fo=1, routed)           0.000     2.090    core/FSM_onehot_value_reg[1]_0
    SLICE_X84Y110        FDRE                                         r  core/FSM_onehot_value_reg[1]/D
  -------------------------------------------------------------------    -------------------

                         (clock trainer_1khz rise edge)
                                                      0.000     0.000 r  <hidden>
    B6                                                0.000     0.000 r  clk
                         net (fo=0)                   0.000     0.000    clk
    B6                   IBUF (Prop_ibuf_I_O)         0.456     0.456 r  clk_IBUF_inst/O
                         net (fo=1, routed)           0.871     1.327    clk_IBUF
    BUFGCTRL_X0Y16       BUFG (Prop_bufg_I_O)         0.029     1.356 r  clk_IBUF_BUFG_inst/O
                         net (fo=16, routed)          0.865     2.220    core/CLK
    SLICE_X84Y110        FDRE                                         r  core/FSM_onehot_value_reg[1]/C
                         clock pessimism             -0.526     1.694    <hidden>
    SLICE_X84Y110        FDRE (Hold_fdre_C_D)         0.121     1.815    core/FSM_onehot_value_reg[1]
  -------------------------------------------------------------------
                         required time                         -1.815    <hidden>
                         arrival time                           2.090    <hidden>
  -------------------------------------------------------------------
                         slack                                  0.275    <hidden>





Pulse Width Checks
--------------------------------------------------------------------------------------
Clock Name:         trainer_1khz
Waveform(ns):       { 0.000 500000.031 }
Period(ns):         1000000.062
Sources:            { clk }

Check Type        Corner  Lib Pin  Reference Pin  Required(ns)  Actual(ns)   Slack(ns)   Location        Pin
Min Period        n/a     BUFG/I   n/a            2.155         1000000.047  999997.836  BUFGCTRL_X0Y16  clk_IBUF_BUFG_inst/I
Min Period        n/a     FDRE/C   n/a            1.000         1000000.047  999999.000  SLICE_X84Y110   core/FSM_onehot_value_reg[0]/C
Min Period        n/a     FDRE/C   n/a            1.000         1000000.047  999999.000  SLICE_X84Y110   core/FSM_onehot_value_reg[1]/C
Min Period        n/a     FDRE/C   n/a            1.000         1000000.047  999999.000  SLICE_X84Y112   core/FSM_onehot_value_reg[2]/C
Min Period        n/a     FDCE/C   n/a            1.000         1000000.047  999999.000  SLICE_X84Y111   inputs/accepted_reg/C
Min Period        n/a     FDCE/C   n/a            1.000         1000000.047  999999.000  SLICE_X85Y111   inputs/button_meta_reg/C
Min Period        n/a     FDCE/C   n/a            1.000         1000000.047  999999.000  SLICE_X85Y111   inputs/button_sync_reg/C
Min Period        n/a     FDCE/C   n/a            1.000         1000000.047  999999.000  SLICE_X85Y111   inputs/count_reg[0]/C
Min Period        n/a     FDCE/C   n/a            1.000         1000000.047  999999.000  SLICE_X85Y111   inputs/count_reg[1]/C
Min Period        n/a     FDCE/C   n/a            1.000         1000000.047  999999.000  SLICE_X84Y111   inputs/count_reg[2]/C
Low Pulse Width   Slow    FDRE/C   n/a            0.500         499999.907   499999.383  SLICE_X84Y110   core/FSM_onehot_value_reg[0]/C
Low Pulse Width   Slow    FDRE/C   n/a            0.500         499999.907   499999.383  SLICE_X84Y110   core/FSM_onehot_value_reg[1]/C
Low Pulse Width   Slow    FDRE/C   n/a            0.500         499999.907   499999.383  SLICE_X84Y112   core/FSM_onehot_value_reg[2]/C
Low Pulse Width   Slow    FDCE/C   n/a            0.500         499999.907   499999.383  SLICE_X84Y111   inputs/accepted_reg/C
Low Pulse Width   Slow    FDCE/C   n/a            0.500         499999.907   499999.383  SLICE_X85Y111   inputs/button_meta_reg/C
Low Pulse Width   Slow    FDCE/C   n/a            0.500         499999.907   499999.383  SLICE_X85Y111   inputs/button_sync_reg/C
Low Pulse Width   Slow    FDCE/C   n/a            0.500         499999.907   499999.383  SLICE_X85Y111   inputs/count_reg[0]/C
Low Pulse Width   Slow    FDCE/C   n/a            0.500         499999.907   499999.383  SLICE_X85Y111   inputs/count_reg[1]/C
Low Pulse Width   Slow    FDCE/C   n/a            0.500         499999.907   499999.383  SLICE_X84Y111   inputs/count_reg[2]/C
Low Pulse Width   Slow    FDCE/C   n/a            0.500         499999.907   499999.383  SLICE_X85Y111   inputs/count_reg[3]/C
High Pulse Width  Fast    FDRE/C   n/a            0.500         500000.024   499999.500  SLICE_X84Y110   core/FSM_onehot_value_reg[0]/C
High Pulse Width  Fast    FDRE/C   n/a            0.500         500000.024   499999.500  SLICE_X84Y110   core/FSM_onehot_value_reg[1]/C
High Pulse Width  Fast    FDRE/C   n/a            0.500         500000.024   499999.500  SLICE_X84Y112   core/FSM_onehot_value_reg[2]/C
High Pulse Width  Fast    FDCE/C   n/a            0.500         500000.024   499999.500  SLICE_X84Y111   inputs/accepted_reg/C
High Pulse Width  Fast    FDCE/C   n/a            0.500         500000.024   499999.500  SLICE_X85Y111   inputs/button_meta_reg/C
High Pulse Width  Fast    FDCE/C   n/a            0.500         500000.024   499999.500  SLICE_X85Y111   inputs/button_sync_reg/C
High Pulse Width  Fast    FDCE/C   n/a            0.500         500000.024   499999.500  SLICE_X85Y111   inputs/count_reg[0]/C
High Pulse Width  Fast    FDCE/C   n/a            0.500         500000.024   499999.500  SLICE_X85Y111   inputs/count_reg[1]/C
High Pulse Width  Fast    FDCE/C   n/a            0.500         500000.024   499999.500  SLICE_X84Y111   inputs/count_reg[2]/C
High Pulse Width  Fast    FDCE/C   n/a            0.500         500000.024   499999.500  SLICE_X85Y111   inputs/count_reg[3]/C



---------------------------------------------------------------------------------------------------
Path Group:  **async_default**
From Clock:  trainer_1khz
  To Clock:  trainer_1khz

Setup :            0  Failing Endpoints,  Worst Slack   999998.438ns,  Total Violation        0.000ns
Hold  :            0  Failing Endpoints,  Worst Slack        0.437ns,  Total Violation        0.000ns
---------------------------------------------------------------------------------------------------


Max Delay Paths
--------------------------------------------------------------------------------------
Slack (MET) :             999998.438ns  (required time - arrival time)
  Source:                 inputs/reset_pipe_reg[1]/C
                            (rising edge-triggered cell FDPE clocked by trainer_1khz  {rise@0.000ns fall@500000.031ns period=1000000.000ns})
  Destination:            inputs/button_meta_reg/CLR
                            (recovery check against rising-edge clock trainer_1khz  {rise@0.000ns fall@500000.031ns period=1000000.000ns})
  Path Group:             **async_default**
  Path Type:              Recovery (Max at Slow Process Corner)
  Requirement:            1000000.062ns  (trainer_1khz rise@1000000.062ns - trainer_1khz rise@0.000ns)
  Data Path Delay:        0.930ns  (logic 0.419ns (45.069%)  route 0.511ns (54.931%))
  Logic Levels:           0  
  Clock Path Skew:        -0.024ns (DCD - SCD + CPR)
    Destination Clock Delay (DCD):    5.293ns = ( 1000005.375 - 1000000.062 ) 
    Source Clock Delay      (SCD):    5.607ns
    Clock Pessimism Removal (CPR):    0.290ns
  Clock Uncertainty:      0.035ns  ((TSJ^2 + TIJ^2)^1/2 + DJ) / 2 + PE
    Total System Jitter     (TSJ):    0.071ns
    Total Input Jitter      (TIJ):    0.000ns
    Discrete Jitter          (DJ):    0.000ns
    Phase Error              (PE):    0.000ns

    Location             Delay type                Incr(ns)  Path(ns)    Netlist Resource(s)
  -------------------------------------------------------------------    -------------------
                         (clock trainer_1khz rise edge)
                                                      0.000     0.000 r  <hidden>
    B6                                                0.000     0.000 r  clk
                         net (fo=0)                   0.000     0.000    clk
    B6                   IBUF (Prop_ibuf_I_O)         1.500     1.500 r  clk_IBUF_inst/O
                         net (fo=1, routed)           2.315     3.815    clk_IBUF
    BUFGCTRL_X0Y16       BUFG (Prop_bufg_I_O)         0.096     3.911 r  clk_IBUF_BUFG_inst/O
                         net (fo=16, routed)          1.696     5.607    inputs/CLK
    SLICE_X85Y112        FDPE                                         r  inputs/reset_pipe_reg[1]/C
  -------------------------------------------------------------------    -------------------
    SLICE_X85Y112        FDPE (Prop_fdpe_C_Q)         0.419     6.026 f  inputs/reset_pipe_reg[1]/Q
                         net (fo=14, routed)          0.511     6.537    inputs/reset_pipe[1]
    SLICE_X85Y111        FDCE                                         f  inputs/button_meta_reg/CLR
  -------------------------------------------------------------------    -------------------

                         (clock trainer_1khz rise edge)
                                                  1000000.062 1000000.062 r  <hidden>
    B6                                                0.000 1000000.062 r  clk
                         net (fo=0)                   0.000 1000000.062    clk
    B6                   IBUF (Prop_ibuf_I_O)         1.429 1000001.500 r  clk_IBUF_inst/O
                         net (fo=1, routed)           2.196 1000003.688    clk_IBUF
    BUFGCTRL_X0Y16       BUFG (Prop_bufg_I_O)         0.091 1000003.750 r  clk_IBUF_BUFG_inst/O
                         net (fo=16, routed)          1.577 1000005.312    inputs/CLK
    SLICE_X85Y111        FDCE                                         r  inputs/button_meta_reg/C
                         clock pessimism              0.290 1000005.625    <hidden>
                         clock uncertainty           -0.035 1000005.562    <hidden>
    SLICE_X85Y111        FDCE (Recov_fdce_C_CLR)     -0.580 1000005.000    inputs/button_meta_reg
  -------------------------------------------------------------------
                         required time                      1000004.938    <hidden>
                         arrival time                          -6.537    <hidden>
  -------------------------------------------------------------------
                         slack                              999998.438    <hidden>

Slack (MET) :             999998.438ns  (required time - arrival time)
  Source:                 inputs/reset_pipe_reg[1]/C
                            (rising edge-triggered cell FDPE clocked by trainer_1khz  {rise@0.000ns fall@500000.031ns period=1000000.000ns})
  Destination:            inputs/button_sync_reg/CLR
                            (recovery check against rising-edge clock trainer_1khz  {rise@0.000ns fall@500000.031ns period=1000000.000ns})
  Path Group:             **async_default**
  Path Type:              Recovery (Max at Slow Process Corner)
  Requirement:            1000000.062ns  (trainer_1khz rise@1000000.062ns - trainer_1khz rise@0.000ns)
  Data Path Delay:        0.930ns  (logic 0.419ns (45.069%)  route 0.511ns (54.931%))
  Logic Levels:           0  
  Clock Path Skew:        -0.024ns (DCD - SCD + CPR)
    Destination Clock Delay (DCD):    5.293ns = ( 1000005.375 - 1000000.062 ) 
    Source Clock Delay      (SCD):    5.607ns
    Clock Pessimism Removal (CPR):    0.290ns
  Clock Uncertainty:      0.035ns  ((TSJ^2 + TIJ^2)^1/2 + DJ) / 2 + PE
    Total System Jitter     (TSJ):    0.071ns
    Total Input Jitter      (TIJ):    0.000ns
    Discrete Jitter          (DJ):    0.000ns
    Phase Error              (PE):    0.000ns

    Location             Delay type                Incr(ns)  Path(ns)    Netlist Resource(s)
  -------------------------------------------------------------------    -------------------
                         (clock trainer_1khz rise edge)
                                                      0.000     0.000 r  <hidden>
    B6                                                0.000     0.000 r  clk
                         net (fo=0)                   0.000     0.000    clk
    B6                   IBUF (Prop_ibuf_I_O)         1.500     1.500 r  clk_IBUF_inst/O
                         net (fo=1, routed)           2.315     3.815    clk_IBUF
    BUFGCTRL_X0Y16       BUFG (Prop_bufg_I_O)         0.096     3.911 r  clk_IBUF_BUFG_inst/O
                         net (fo=16, routed)          1.696     5.607    inputs/CLK
    SLICE_X85Y112        FDPE                                         r  inputs/reset_pipe_reg[1]/C
  -------------------------------------------------------------------    -------------------
    SLICE_X85Y112        FDPE (Prop_fdpe_C_Q)         0.419     6.026 f  inputs/reset_pipe_reg[1]/Q
                         net (fo=14, routed)          0.511     6.537    inputs/reset_pipe[1]
    SLICE_X85Y111        FDCE                                         f  inputs/button_sync_reg/CLR
  -------------------------------------------------------------------    -------------------

                         (clock trainer_1khz rise edge)
                                                  1000000.062 1000000.062 r  <hidden>
    B6                                                0.000 1000000.062 r  clk
                         net (fo=0)                   0.000 1000000.062    clk
    B6                   IBUF (Prop_ibuf_I_O)         1.429 1000001.500 r  clk_IBUF_inst/O
                         net (fo=1, routed)           2.196 1000003.688    clk_IBUF
    BUFGCTRL_X0Y16       BUFG (Prop_bufg_I_O)         0.091 1000003.750 r  clk_IBUF_BUFG_inst/O
                         net (fo=16, routed)          1.577 1000005.312    inputs/CLK
    SLICE_X85Y111        FDCE                                         r  inputs/button_sync_reg/C
                         clock pessimism              0.290 1000005.625    <hidden>
                         clock uncertainty           -0.035 1000005.562    <hidden>
    SLICE_X85Y111        FDCE (Recov_fdce_C_CLR)     -0.580 1000005.000    inputs/button_sync_reg
  -------------------------------------------------------------------
                         required time                      1000004.938    <hidden>
                         arrival time                          -6.537    <hidden>
  -------------------------------------------------------------------
                         slack                              999998.438    <hidden>

Slack (MET) :             999998.438ns  (required time - arrival time)
  Source:                 inputs/reset_pipe_reg[1]/C
                            (rising edge-triggered cell FDPE clocked by trainer_1khz  {rise@0.000ns fall@500000.031ns period=1000000.000ns})
  Destination:            inputs/count_reg[0]/CLR
                            (recovery check against rising-edge clock trainer_1khz  {rise@0.000ns fall@500000.031ns period=1000000.000ns})
  Path Group:             **async_default**
  Path Type:              Recovery (Max at Slow Process Corner)
  Requirement:            1000000.062ns  (trainer_1khz rise@1000000.062ns - trainer_1khz rise@0.000ns)
  Data Path Delay:        0.930ns  (logic 0.419ns (45.069%)  route 0.511ns (54.931%))
  Logic Levels:           0  
  Clock Path Skew:        -0.024ns (DCD - SCD + CPR)
    Destination Clock Delay (DCD):    5.293ns = ( 1000005.375 - 1000000.062 ) 
    Source Clock Delay      (SCD):    5.607ns
    Clock Pessimism Removal (CPR):    0.290ns
  Clock Uncertainty:      0.035ns  ((TSJ^2 + TIJ^2)^1/2 + DJ) / 2 + PE
    Total System Jitter     (TSJ):    0.071ns
    Total Input Jitter      (TIJ):    0.000ns
    Discrete Jitter          (DJ):    0.000ns
    Phase Error              (PE):    0.000ns

    Location             Delay type                Incr(ns)  Path(ns)    Netlist Resource(s)
  -------------------------------------------------------------------    -------------------
                         (clock trainer_1khz rise edge)
                                                      0.000     0.000 r  <hidden>
    B6                                                0.000     0.000 r  clk
                         net (fo=0)                   0.000     0.000    clk
    B6                   IBUF (Prop_ibuf_I_O)         1.500     1.500 r  clk_IBUF_inst/O
                         net (fo=1, routed)           2.315     3.815    clk_IBUF
    BUFGCTRL_X0Y16       BUFG (Prop_bufg_I_O)         0.096     3.911 r  clk_IBUF_BUFG_inst/O
                         net (fo=16, routed)          1.696     5.607    inputs/CLK
    SLICE_X85Y112        FDPE                                         r  inputs/reset_pipe_reg[1]/C
  -------------------------------------------------------------------    -------------------
    SLICE_X85Y112        FDPE (Prop_fdpe_C_Q)         0.419     6.026 f  inputs/reset_pipe_reg[1]/Q
                         net (fo=14, routed)          0.511     6.537    inputs/reset_pipe[1]
    SLICE_X85Y111        FDCE                                         f  inputs/count_reg[0]/CLR
  -------------------------------------------------------------------    -------------------

                         (clock trainer_1khz rise edge)
                                                  1000000.062 1000000.062 r  <hidden>
    B6                                                0.000 1000000.062 r  clk
                         net (fo=0)                   0.000 1000000.062    clk
    B6                   IBUF (Prop_ibuf_I_O)         1.429 1000001.500 r  clk_IBUF_inst/O
                         net (fo=1, routed)           2.196 1000003.688    clk_IBUF
    BUFGCTRL_X0Y16       BUFG (Prop_bufg_I_O)         0.091 1000003.750 r  clk_IBUF_BUFG_inst/O
                         net (fo=16, routed)          1.577 1000005.312    inputs/CLK
    SLICE_X85Y111        FDCE                                         r  inputs/count_reg[0]/C
                         clock pessimism              0.290 1000005.625    <hidden>
                         clock uncertainty           -0.035 1000005.562    <hidden>
    SLICE_X85Y111        FDCE (Recov_fdce_C_CLR)     -0.580 1000005.000    inputs/count_reg[0]
  -------------------------------------------------------------------
                         required time                      1000004.938    <hidden>
                         arrival time                          -6.537    <hidden>
  -------------------------------------------------------------------
                         slack                              999998.438    <hidden>

Slack (MET) :             999998.438ns  (required time - arrival time)
  Source:                 inputs/reset_pipe_reg[1]/C
                            (rising edge-triggered cell FDPE clocked by trainer_1khz  {rise@0.000ns fall@500000.031ns period=1000000.000ns})
  Destination:            inputs/count_reg[1]/CLR
                            (recovery check against rising-edge clock trainer_1khz  {rise@0.000ns fall@500000.031ns period=1000000.000ns})
  Path Group:             **async_default**
  Path Type:              Recovery (Max at Slow Process Corner)
  Requirement:            1000000.062ns  (trainer_1khz rise@1000000.062ns - trainer_1khz rise@0.000ns)
  Data Path Delay:        0.930ns  (logic 0.419ns (45.069%)  route 0.511ns (54.931%))
  Logic Levels:           0  
  Clock Path Skew:        -0.024ns (DCD - SCD + CPR)
    Destination Clock Delay (DCD):    5.293ns = ( 1000005.375 - 1000000.062 ) 
    Source Clock Delay      (SCD):    5.607ns
    Clock Pessimism Removal (CPR):    0.290ns
  Clock Uncertainty:      0.035ns  ((TSJ^2 + TIJ^2)^1/2 + DJ) / 2 + PE
    Total System Jitter     (TSJ):    0.071ns
    Total Input Jitter      (TIJ):    0.000ns
    Discrete Jitter          (DJ):    0.000ns
    Phase Error              (PE):    0.000ns

    Location             Delay type                Incr(ns)  Path(ns)    Netlist Resource(s)
  -------------------------------------------------------------------    -------------------
                         (clock trainer_1khz rise edge)
                                                      0.000     0.000 r  <hidden>
    B6                                                0.000     0.000 r  clk
                         net (fo=0)                   0.000     0.000    clk
    B6                   IBUF (Prop_ibuf_I_O)         1.500     1.500 r  clk_IBUF_inst/O
                         net (fo=1, routed)           2.315     3.815    clk_IBUF
    BUFGCTRL_X0Y16       BUFG (Prop_bufg_I_O)         0.096     3.911 r  clk_IBUF_BUFG_inst/O
                         net (fo=16, routed)          1.696     5.607    inputs/CLK
    SLICE_X85Y112        FDPE                                         r  inputs/reset_pipe_reg[1]/C
  -------------------------------------------------------------------    -------------------
    SLICE_X85Y112        FDPE (Prop_fdpe_C_Q)         0.419     6.026 f  inputs/reset_pipe_reg[1]/Q
                         net (fo=14, routed)          0.511     6.537    inputs/reset_pipe[1]
    SLICE_X85Y111        FDCE                                         f  inputs/count_reg[1]/CLR
  -------------------------------------------------------------------    -------------------

                         (clock trainer_1khz rise edge)
                                                  1000000.062 1000000.062 r  <hidden>
    B6                                                0.000 1000000.062 r  clk
                         net (fo=0)                   0.000 1000000.062    clk
    B6                   IBUF (Prop_ibuf_I_O)         1.429 1000001.500 r  clk_IBUF_inst/O
                         net (fo=1, routed)           2.196 1000003.688    clk_IBUF
    BUFGCTRL_X0Y16       BUFG (Prop_bufg_I_O)         0.091 1000003.750 r  clk_IBUF_BUFG_inst/O
                         net (fo=16, routed)          1.577 1000005.312    inputs/CLK
    SLICE_X85Y111        FDCE                                         r  inputs/count_reg[1]/C
                         clock pessimism              0.290 1000005.625    <hidden>
                         clock uncertainty           -0.035 1000005.562    <hidden>
    SLICE_X85Y111        FDCE (Recov_fdce_C_CLR)     -0.580 1000005.000    inputs/count_reg[1]
  -------------------------------------------------------------------
                         required time                      1000004.938    <hidden>
                         arrival time                          -6.537    <hidden>
  -------------------------------------------------------------------
                         slack                              999998.438    <hidden>

Slack (MET) :             999998.438ns  (required time - arrival time)
  Source:                 inputs/reset_pipe_reg[1]/C
                            (rising edge-triggered cell FDPE clocked by trainer_1khz  {rise@0.000ns fall@500000.031ns period=1000000.000ns})
  Destination:            inputs/count_reg[3]/CLR
                            (recovery check against rising-edge clock trainer_1khz  {rise@0.000ns fall@500000.031ns period=1000000.000ns})
  Path Group:             **async_default**
  Path Type:              Recovery (Max at Slow Process Corner)
  Requirement:            1000000.062ns  (trainer_1khz rise@1000000.062ns - trainer_1khz rise@0.000ns)
  Data Path Delay:        0.930ns  (logic 0.419ns (45.069%)  route 0.511ns (54.931%))
  Logic Levels:           0  
  Clock Path Skew:        -0.024ns (DCD - SCD + CPR)
    Destination Clock Delay (DCD):    5.293ns = ( 1000005.375 - 1000000.062 ) 
    Source Clock Delay      (SCD):    5.607ns
    Clock Pessimism Removal (CPR):    0.290ns
  Clock Uncertainty:      0.035ns  ((TSJ^2 + TIJ^2)^1/2 + DJ) / 2 + PE
    Total System Jitter     (TSJ):    0.071ns
    Total Input Jitter      (TIJ):    0.000ns
    Discrete Jitter          (DJ):    0.000ns
    Phase Error              (PE):    0.000ns

    Location             Delay type                Incr(ns)  Path(ns)    Netlist Resource(s)
  -------------------------------------------------------------------    -------------------
                         (clock trainer_1khz rise edge)
                                                      0.000     0.000 r  <hidden>
    B6                                                0.000     0.000 r  clk
                         net (fo=0)                   0.000     0.000    clk
    B6                   IBUF (Prop_ibuf_I_O)         1.500     1.500 r  clk_IBUF_inst/O
                         net (fo=1, routed)           2.315     3.815    clk_IBUF
    BUFGCTRL_X0Y16       BUFG (Prop_bufg_I_O)         0.096     3.911 r  clk_IBUF_BUFG_inst/O
                         net (fo=16, routed)          1.696     5.607    inputs/CLK
    SLICE_X85Y112        FDPE                                         r  inputs/reset_pipe_reg[1]/C
  -------------------------------------------------------------------    -------------------
    SLICE_X85Y112        FDPE (Prop_fdpe_C_Q)         0.419     6.026 f  inputs/reset_pipe_reg[1]/Q
                         net (fo=14, routed)          0.511     6.537    inputs/reset_pipe[1]
    SLICE_X85Y111        FDCE                                         f  inputs/count_reg[3]/CLR
  -------------------------------------------------------------------    -------------------

                         (clock trainer_1khz rise edge)
                                                  1000000.062 1000000.062 r  <hidden>
    B6                                                0.000 1000000.062 r  clk
                         net (fo=0)                   0.000 1000000.062    clk
    B6                   IBUF (Prop_ibuf_I_O)         1.429 1000001.500 r  clk_IBUF_inst/O
                         net (fo=1, routed)           2.196 1000003.688    clk_IBUF
    BUFGCTRL_X0Y16       BUFG (Prop_bufg_I_O)         0.091 1000003.750 r  clk_IBUF_BUFG_inst/O
                         net (fo=16, routed)          1.577 1000005.312    inputs/CLK
    SLICE_X85Y111        FDCE                                         r  inputs/count_reg[3]/C
                         clock pessimism              0.290 1000005.625    <hidden>
                         clock uncertainty           -0.035 1000005.562    <hidden>
    SLICE_X85Y111        FDCE (Recov_fdce_C_CLR)     -0.580 1000005.000    inputs/count_reg[3]
  -------------------------------------------------------------------
                         required time                      1000004.938    <hidden>
                         arrival time                          -6.537    <hidden>
  -------------------------------------------------------------------
                         slack                              999998.438    <hidden>

Slack (MET) :             999998.438ns  (required time - arrival time)
  Source:                 inputs/reset_pipe_reg[1]/C
                            (rising edge-triggered cell FDPE clocked by trainer_1khz  {rise@0.000ns fall@500000.031ns period=1000000.000ns})
  Destination:            inputs/count_reg[4]/CLR
                            (recovery check against rising-edge clock trainer_1khz  {rise@0.000ns fall@500000.031ns period=1000000.000ns})
  Path Group:             **async_default**
  Path Type:              Recovery (Max at Slow Process Corner)
  Requirement:            1000000.062ns  (trainer_1khz rise@1000000.062ns - trainer_1khz rise@0.000ns)
  Data Path Delay:        0.930ns  (logic 0.419ns (45.069%)  route 0.511ns (54.931%))
  Logic Levels:           0  
  Clock Path Skew:        -0.024ns (DCD - SCD + CPR)
    Destination Clock Delay (DCD):    5.293ns = ( 1000005.375 - 1000000.062 ) 
    Source Clock Delay      (SCD):    5.607ns
    Clock Pessimism Removal (CPR):    0.290ns
  Clock Uncertainty:      0.035ns  ((TSJ^2 + TIJ^2)^1/2 + DJ) / 2 + PE
    Total System Jitter     (TSJ):    0.071ns
    Total Input Jitter      (TIJ):    0.000ns
    Discrete Jitter          (DJ):    0.000ns
    Phase Error              (PE):    0.000ns

    Location             Delay type                Incr(ns)  Path(ns)    Netlist Resource(s)
  -------------------------------------------------------------------    -------------------
                         (clock trainer_1khz rise edge)
                                                      0.000     0.000 r  <hidden>
    B6                                                0.000     0.000 r  clk
                         net (fo=0)                   0.000     0.000    clk
    B6                   IBUF (Prop_ibuf_I_O)         1.500     1.500 r  clk_IBUF_inst/O
                         net (fo=1, routed)           2.315     3.815    clk_IBUF
    BUFGCTRL_X0Y16       BUFG (Prop_bufg_I_O)         0.096     3.911 r  clk_IBUF_BUFG_inst/O
                         net (fo=16, routed)          1.696     5.607    inputs/CLK
    SLICE_X85Y112        FDPE                                         r  inputs/reset_pipe_reg[1]/C
  -------------------------------------------------------------------    -------------------
    SLICE_X85Y112        FDPE (Prop_fdpe_C_Q)         0.419     6.026 f  inputs/reset_pipe_reg[1]/Q
                         net (fo=14, routed)          0.511     6.537    inputs/reset_pipe[1]
    SLICE_X85Y111        FDCE                                         f  inputs/count_reg[4]/CLR
  -------------------------------------------------------------------    -------------------

                         (clock trainer_1khz rise edge)
                                                  1000000.062 1000000.062 r  <hidden>
    B6                                                0.000 1000000.062 r  clk
                         net (fo=0)                   0.000 1000000.062    clk
    B6                   IBUF (Prop_ibuf_I_O)         1.429 1000001.500 r  clk_IBUF_inst/O
                         net (fo=1, routed)           2.196 1000003.688    clk_IBUF
    BUFGCTRL_X0Y16       BUFG (Prop_bufg_I_O)         0.091 1000003.750 r  clk_IBUF_BUFG_inst/O
                         net (fo=16, routed)          1.577 1000005.312    inputs/CLK
    SLICE_X85Y111        FDCE                                         r  inputs/count_reg[4]/C
                         clock pessimism              0.290 1000005.625    <hidden>
                         clock uncertainty           -0.035 1000005.562    <hidden>
    SLICE_X85Y111        FDCE (Recov_fdce_C_CLR)     -0.580 1000005.000    inputs/count_reg[4]
  -------------------------------------------------------------------
                         required time                      1000004.938    <hidden>
                         arrival time                          -6.537    <hidden>
  -------------------------------------------------------------------
                         slack                              999998.438    <hidden>

Slack (MET) :             999998.438ns  (required time - arrival time)
  Source:                 inputs/reset_pipe_reg[1]/C
                            (rising edge-triggered cell FDPE clocked by trainer_1khz  {rise@0.000ns fall@500000.031ns period=1000000.000ns})
  Destination:            inputs/press_reg/CLR
                            (recovery check against rising-edge clock trainer_1khz  {rise@0.000ns fall@500000.031ns period=1000000.000ns})
  Path Group:             **async_default**
  Path Type:              Recovery (Max at Slow Process Corner)
  Requirement:            1000000.062ns  (trainer_1khz rise@1000000.062ns - trainer_1khz rise@0.000ns)
  Data Path Delay:        0.930ns  (logic 0.419ns (45.069%)  route 0.511ns (54.931%))
  Logic Levels:           0  
  Clock Path Skew:        -0.024ns (DCD - SCD + CPR)
    Destination Clock Delay (DCD):    5.293ns = ( 1000005.375 - 1000000.062 ) 
    Source Clock Delay      (SCD):    5.607ns
    Clock Pessimism Removal (CPR):    0.290ns
  Clock Uncertainty:      0.035ns  ((TSJ^2 + TIJ^2)^1/2 + DJ) / 2 + PE
    Total System Jitter     (TSJ):    0.071ns
    Total Input Jitter      (TIJ):    0.000ns
    Discrete Jitter          (DJ):    0.000ns
    Phase Error              (PE):    0.000ns

    Location             Delay type                Incr(ns)  Path(ns)    Netlist Resource(s)
  -------------------------------------------------------------------    -------------------
                         (clock trainer_1khz rise edge)
                                                      0.000     0.000 r  <hidden>
    B6                                                0.000     0.000 r  clk
                         net (fo=0)                   0.000     0.000    clk
    B6                   IBUF (Prop_ibuf_I_O)         1.500     1.500 r  clk_IBUF_inst/O
                         net (fo=1, routed)           2.315     3.815    clk_IBUF
    BUFGCTRL_X0Y16       BUFG (Prop_bufg_I_O)         0.096     3.911 r  clk_IBUF_BUFG_inst/O
                         net (fo=16, routed)          1.696     5.607    inputs/CLK
    SLICE_X85Y112        FDPE                                         r  inputs/reset_pipe_reg[1]/C
  -------------------------------------------------------------------    -------------------
    SLICE_X85Y112        FDPE (Prop_fdpe_C_Q)         0.419     6.026 f  inputs/reset_pipe_reg[1]/Q
                         net (fo=14, routed)          0.511     6.537    inputs/reset_pipe[1]
    SLICE_X85Y111        FDCE                                         f  inputs/press_reg/CLR
  -------------------------------------------------------------------    -------------------

                         (clock trainer_1khz rise edge)
                                                  1000000.062 1000000.062 r  <hidden>
    B6                                                0.000 1000000.062 r  clk
                         net (fo=0)                   0.000 1000000.062    clk
    B6                   IBUF (Prop_ibuf_I_O)         1.429 1000001.500 r  clk_IBUF_inst/O
                         net (fo=1, routed)           2.196 1000003.688    clk_IBUF
    BUFGCTRL_X0Y16       BUFG (Prop_bufg_I_O)         0.091 1000003.750 r  clk_IBUF_BUFG_inst/O
                         net (fo=16, routed)          1.577 1000005.312    inputs/CLK
    SLICE_X85Y111        FDCE                                         r  inputs/press_reg/C
                         clock pessimism              0.290 1000005.625    <hidden>
                         clock uncertainty           -0.035 1000005.562    <hidden>
    SLICE_X85Y111        FDCE (Recov_fdce_C_CLR)     -0.580 1000005.000    inputs/press_reg
  -------------------------------------------------------------------
                         required time                      1000004.938    <hidden>
                         arrival time                          -6.537    <hidden>
  -------------------------------------------------------------------
                         slack                              999998.438    <hidden>

Slack (MET) :             999998.438ns  (required time - arrival time)
  Source:                 inputs/reset_pipe_reg[1]/C
                            (rising edge-triggered cell FDPE clocked by trainer_1khz  {rise@0.000ns fall@500000.031ns period=1000000.000ns})
  Destination:            inputs/sw_sync_reg[7]/CLR
                            (recovery check against rising-edge clock trainer_1khz  {rise@0.000ns fall@500000.031ns period=1000000.000ns})
  Path Group:             **async_default**
  Path Type:              Recovery (Max at Slow Process Corner)
  Requirement:            1000000.062ns  (trainer_1khz rise@1000000.062ns - trainer_1khz rise@0.000ns)
  Data Path Delay:        0.930ns  (logic 0.419ns (45.069%)  route 0.511ns (54.931%))
  Logic Levels:           0  
  Clock Path Skew:        -0.024ns (DCD - SCD + CPR)
    Destination Clock Delay (DCD):    5.293ns = ( 1000005.375 - 1000000.062 ) 
    Source Clock Delay      (SCD):    5.607ns
    Clock Pessimism Removal (CPR):    0.290ns
  Clock Uncertainty:      0.035ns  ((TSJ^2 + TIJ^2)^1/2 + DJ) / 2 + PE
    Total System Jitter     (TSJ):    0.071ns
    Total Input Jitter      (TIJ):    0.000ns
    Discrete Jitter          (DJ):    0.000ns
    Phase Error              (PE):    0.000ns

    Location             Delay type                Incr(ns)  Path(ns)    Netlist Resource(s)
  -------------------------------------------------------------------    -------------------
                         (clock trainer_1khz rise edge)
                                                      0.000     0.000 r  <hidden>
    B6                                                0.000     0.000 r  clk
                         net (fo=0)                   0.000     0.000    clk
    B6                   IBUF (Prop_ibuf_I_O)         1.500     1.500 r  clk_IBUF_inst/O
                         net (fo=1, routed)           2.315     3.815    clk_IBUF
    BUFGCTRL_X0Y16       BUFG (Prop_bufg_I_O)         0.096     3.911 r  clk_IBUF_BUFG_inst/O
                         net (fo=16, routed)          1.696     5.607    inputs/CLK
    SLICE_X85Y112        FDPE                                         r  inputs/reset_pipe_reg[1]/C
  -------------------------------------------------------------------    -------------------
    SLICE_X85Y112        FDPE (Prop_fdpe_C_Q)         0.419     6.026 f  inputs/reset_pipe_reg[1]/Q
                         net (fo=14, routed)          0.511     6.537    inputs/reset_pipe[1]
    SLICE_X84Y111        FDCE                                         f  inputs/sw_sync_reg[7]/CLR
  -------------------------------------------------------------------    -------------------

                         (clock trainer_1khz rise edge)
                                                  1000000.062 1000000.062 r  <hidden>
    B6                                                0.000 1000000.062 r  clk
                         net (fo=0)                   0.000 1000000.062    clk
    B6                   IBUF (Prop_ibuf_I_O)         1.429 1000001.500 r  clk_IBUF_inst/O
                         net (fo=1, routed)           2.196 1000003.688    clk_IBUF
    BUFGCTRL_X0Y16       BUFG (Prop_bufg_I_O)         0.091 1000003.750 r  clk_IBUF_BUFG_inst/O
                         net (fo=16, routed)          1.577 1000005.312    inputs/CLK
    SLICE_X84Y111        FDCE                                         r  inputs/sw_sync_reg[7]/C
                         clock pessimism              0.290 1000005.625    <hidden>
                         clock uncertainty           -0.035 1000005.562    <hidden>
    SLICE_X84Y111        FDCE (Recov_fdce_C_CLR)     -0.536 1000005.000    inputs/sw_sync_reg[7]
  -------------------------------------------------------------------
                         required time                      1000004.938    <hidden>
                         arrival time                          -6.537    <hidden>
  -------------------------------------------------------------------
                         slack                              999998.438    <hidden>

Slack (MET) :             999998.562ns  (required time - arrival time)
  Source:                 inputs/reset_pipe_reg[1]/C
                            (rising edge-triggered cell FDPE clocked by trainer_1khz  {rise@0.000ns fall@500000.031ns period=1000000.000ns})
  Destination:            inputs/accepted_reg/CLR
                            (recovery check against rising-edge clock trainer_1khz  {rise@0.000ns fall@500000.031ns period=1000000.000ns})
  Path Group:             **async_default**
  Path Type:              Recovery (Max at Slow Process Corner)
  Requirement:            1000000.062ns  (trainer_1khz rise@1000000.062ns - trainer_1khz rise@0.000ns)
  Data Path Delay:        0.930ns  (logic 0.419ns (45.069%)  route 0.511ns (54.931%))
  Logic Levels:           0  
  Clock Path Skew:        -0.024ns (DCD - SCD + CPR)
    Destination Clock Delay (DCD):    5.293ns = ( 1000005.375 - 1000000.062 ) 
    Source Clock Delay      (SCD):    5.607ns
    Clock Pessimism Removal (CPR):    0.290ns
  Clock Uncertainty:      0.035ns  ((TSJ^2 + TIJ^2)^1/2 + DJ) / 2 + PE
    Total System Jitter     (TSJ):    0.071ns
    Total Input Jitter      (TIJ):    0.000ns
    Discrete Jitter          (DJ):    0.000ns
    Phase Error              (PE):    0.000ns

    Location             Delay type                Incr(ns)  Path(ns)    Netlist Resource(s)
  -------------------------------------------------------------------    -------------------
                         (clock trainer_1khz rise edge)
                                                      0.000     0.000 r  <hidden>
    B6                                                0.000     0.000 r  clk
                         net (fo=0)                   0.000     0.000    clk
    B6                   IBUF (Prop_ibuf_I_O)         1.500     1.500 r  clk_IBUF_inst/O
                         net (fo=1, routed)           2.315     3.815    clk_IBUF
    BUFGCTRL_X0Y16       BUFG (Prop_bufg_I_O)         0.096     3.911 r  clk_IBUF_BUFG_inst/O
                         net (fo=16, routed)          1.696     5.607    inputs/CLK
    SLICE_X85Y112        FDPE                                         r  inputs/reset_pipe_reg[1]/C
  -------------------------------------------------------------------    -------------------
    SLICE_X85Y112        FDPE (Prop_fdpe_C_Q)         0.419     6.026 f  inputs/reset_pipe_reg[1]/Q
                         net (fo=14, routed)          0.511     6.537    inputs/reset_pipe[1]
    SLICE_X84Y111        FDCE                                         f  inputs/accepted_reg/CLR
  -------------------------------------------------------------------    -------------------

                         (clock trainer_1khz rise edge)
                                                  1000000.062 1000000.062 r  <hidden>
    B6                                                0.000 1000000.062 r  clk
                         net (fo=0)                   0.000 1000000.062    clk
    B6                   IBUF (Prop_ibuf_I_O)         1.429 1000001.500 r  clk_IBUF_inst/O
                         net (fo=1, routed)           2.196 1000003.688    clk_IBUF
    BUFGCTRL_X0Y16       BUFG (Prop_bufg_I_O)         0.091 1000003.750 r  clk_IBUF_BUFG_inst/O
                         net (fo=16, routed)          1.577 1000005.312    inputs/CLK
    SLICE_X84Y111        FDCE                                         r  inputs/accepted_reg/C
                         clock pessimism              0.290 1000005.625    <hidden>
                         clock uncertainty           -0.035 1000005.562    <hidden>
    SLICE_X84Y111        FDCE (Recov_fdce_C_CLR)     -0.494 1000005.062    inputs/accepted_reg
  -------------------------------------------------------------------
                         required time                      1000005.062    <hidden>
                         arrival time                          -6.537    <hidden>
  -------------------------------------------------------------------
                         slack                              999998.562    <hidden>

Slack (MET) :             999998.562ns  (required time - arrival time)
  Source:                 inputs/reset_pipe_reg[1]/C
                            (rising edge-triggered cell FDPE clocked by trainer_1khz  {rise@0.000ns fall@500000.031ns period=1000000.000ns})
  Destination:            inputs/count_reg[2]/CLR
                            (recovery check against rising-edge clock trainer_1khz  {rise@0.000ns fall@500000.031ns period=1000000.000ns})
  Path Group:             **async_default**
  Path Type:              Recovery (Max at Slow Process Corner)
  Requirement:            1000000.062ns  (trainer_1khz rise@1000000.062ns - trainer_1khz rise@0.000ns)
  Data Path Delay:        0.930ns  (logic 0.419ns (45.069%)  route 0.511ns (54.931%))
  Logic Levels:           0  
  Clock Path Skew:        -0.024ns (DCD - SCD + CPR)
    Destination Clock Delay (DCD):    5.293ns = ( 1000005.375 - 1000000.062 ) 
    Source Clock Delay      (SCD):    5.607ns
    Clock Pessimism Removal (CPR):    0.290ns
  Clock Uncertainty:      0.035ns  ((TSJ^2 + TIJ^2)^1/2 + DJ) / 2 + PE
    Total System Jitter     (TSJ):    0.071ns
    Total Input Jitter      (TIJ):    0.000ns
    Discrete Jitter          (DJ):    0.000ns
    Phase Error              (PE):    0.000ns

    Location             Delay type                Incr(ns)  Path(ns)    Netlist Resource(s)
  -------------------------------------------------------------------    -------------------
                         (clock trainer_1khz rise edge)
                                                      0.000     0.000 r  <hidden>
    B6                                                0.000     0.000 r  clk
                         net (fo=0)                   0.000     0.000    clk
    B6                   IBUF (Prop_ibuf_I_O)         1.500     1.500 r  clk_IBUF_inst/O
                         net (fo=1, routed)           2.315     3.815    clk_IBUF
    BUFGCTRL_X0Y16       BUFG (Prop_bufg_I_O)         0.096     3.911 r  clk_IBUF_BUFG_inst/O
                         net (fo=16, routed)          1.696     5.607    inputs/CLK
    SLICE_X85Y112        FDPE                                         r  inputs/reset_pipe_reg[1]/C
  -------------------------------------------------------------------    -------------------
    SLICE_X85Y112        FDPE (Prop_fdpe_C_Q)         0.419     6.026 f  inputs/reset_pipe_reg[1]/Q
                         net (fo=14, routed)          0.511     6.537    inputs/reset_pipe[1]
    SLICE_X84Y111        FDCE                                         f  inputs/count_reg[2]/CLR
  -------------------------------------------------------------------    -------------------

                         (clock trainer_1khz rise edge)
                                                  1000000.062 1000000.062 r  <hidden>
    B6                                                0.000 1000000.062 r  clk
                         net (fo=0)                   0.000 1000000.062    clk
    B6                   IBUF (Prop_ibuf_I_O)         1.429 1000001.500 r  clk_IBUF_inst/O
                         net (fo=1, routed)           2.196 1000003.688    clk_IBUF
    BUFGCTRL_X0Y16       BUFG (Prop_bufg_I_O)         0.091 1000003.750 r  clk_IBUF_BUFG_inst/O
                         net (fo=16, routed)          1.577 1000005.312    inputs/CLK
    SLICE_X84Y111        FDCE                                         r  inputs/count_reg[2]/C
                         clock pessimism              0.290 1000005.625    <hidden>
                         clock uncertainty           -0.035 1000005.562    <hidden>
    SLICE_X84Y111        FDCE (Recov_fdce_C_CLR)     -0.494 1000005.062    inputs/count_reg[2]
  -------------------------------------------------------------------
                         required time                      1000005.062    <hidden>
                         arrival time                          -6.537    <hidden>
  -------------------------------------------------------------------
                         slack                              999998.562    <hidden>





Min Delay Paths
--------------------------------------------------------------------------------------
Slack (MET) :             0.437ns  (arrival time - required time)
  Source:                 inputs/reset_pipe_reg[1]/C
                            (rising edge-triggered cell FDPE clocked by trainer_1khz  {rise@0.000ns fall@500000.031ns period=1000000.000ns})
  Destination:            inputs/accepted_reg/CLR
                            (removal check against rising-edge clock trainer_1khz  {rise@0.000ns fall@500000.031ns period=1000000.000ns})
  Path Group:             **async_default**
  Path Type:              Removal (Min at Fast Process Corner)
  Requirement:            0.000ns  (trainer_1khz rise@0.000ns - trainer_1khz rise@0.000ns)
  Data Path Delay:        0.333ns  (logic 0.128ns (38.474%)  route 0.205ns (61.526%))
  Logic Levels:           0  
  Clock Path Skew:        0.017ns (DCD - SCD - CPR)
    Destination Clock Delay (DCD):    2.220ns
    Source Clock Delay      (SCD):    1.693ns
    Clock Pessimism Removal (CPR):    0.510ns

    Location             Delay type                Incr(ns)  Path(ns)    Netlist Resource(s)
  -------------------------------------------------------------------    -------------------
                         (clock trainer_1khz rise edge)
                                                      0.000     0.000 r  <hidden>
    B6                                                0.000     0.000 r  clk
                         net (fo=0)                   0.000     0.000    clk
    B6                   IBUF (Prop_ibuf_I_O)         0.268     0.268 r  clk_IBUF_inst/O
                         net (fo=1, routed)           0.808     1.075    clk_IBUF
    BUFGCTRL_X0Y16       BUFG (Prop_bufg_I_O)         0.026     1.101 r  clk_IBUF_BUFG_inst/O
                         net (fo=16, routed)          0.592     1.693    inputs/CLK
    SLICE_X85Y112        FDPE                                         r  inputs/reset_pipe_reg[1]/C
  -------------------------------------------------------------------    -------------------
    SLICE_X85Y112        FDPE (Prop_fdpe_C_Q)         0.128     1.821 f  inputs/reset_pipe_reg[1]/Q
                         net (fo=14, routed)          0.205     2.026    inputs/reset_pipe[1]
    SLICE_X84Y111        FDCE                                         f  inputs/accepted_reg/CLR
  -------------------------------------------------------------------    -------------------

                         (clock trainer_1khz rise edge)
                                                      0.000     0.000 r  <hidden>
    B6                                                0.000     0.000 r  clk
                         net (fo=0)                   0.000     0.000    clk
    B6                   IBUF (Prop_ibuf_I_O)         0.456     0.456 r  clk_IBUF_inst/O
                         net (fo=1, routed)           0.871     1.327    clk_IBUF
    BUFGCTRL_X0Y16       BUFG (Prop_bufg_I_O)         0.029     1.356 r  clk_IBUF_BUFG_inst/O
                         net (fo=16, routed)          0.865     2.220    inputs/CLK
    SLICE_X84Y111        FDCE                                         r  inputs/accepted_reg/C
                         clock pessimism             -0.510     1.710    <hidden>
    SLICE_X84Y111        FDCE (Remov_fdce_C_CLR)     -0.121     1.589    inputs/accepted_reg
  -------------------------------------------------------------------
                         required time                         -1.589    <hidden>
                         arrival time                           2.026    <hidden>
  -------------------------------------------------------------------
                         slack                                  0.437    <hidden>

Slack (MET) :             0.437ns  (arrival time - required time)
  Source:                 inputs/reset_pipe_reg[1]/C
                            (rising edge-triggered cell FDPE clocked by trainer_1khz  {rise@0.000ns fall@500000.031ns period=1000000.000ns})
  Destination:            inputs/count_reg[2]/CLR
                            (removal check against rising-edge clock trainer_1khz  {rise@0.000ns fall@500000.031ns period=1000000.000ns})
  Path Group:             **async_default**
  Path Type:              Removal (Min at Fast Process Corner)
  Requirement:            0.000ns  (trainer_1khz rise@0.000ns - trainer_1khz rise@0.000ns)
  Data Path Delay:        0.333ns  (logic 0.128ns (38.474%)  route 0.205ns (61.526%))
  Logic Levels:           0  
  Clock Path Skew:        0.017ns (DCD - SCD - CPR)
    Destination Clock Delay (DCD):    2.220ns
    Source Clock Delay      (SCD):    1.693ns
    Clock Pessimism Removal (CPR):    0.510ns

    Location             Delay type                Incr(ns)  Path(ns)    Netlist Resource(s)
  -------------------------------------------------------------------    -------------------
                         (clock trainer_1khz rise edge)
                                                      0.000     0.000 r  <hidden>
    B6                                                0.000     0.000 r  clk
                         net (fo=0)                   0.000     0.000    clk
    B6                   IBUF (Prop_ibuf_I_O)         0.268     0.268 r  clk_IBUF_inst/O
                         net (fo=1, routed)           0.808     1.075    clk_IBUF
    BUFGCTRL_X0Y16       BUFG (Prop_bufg_I_O)         0.026     1.101 r  clk_IBUF_BUFG_inst/O
                         net (fo=16, routed)          0.592     1.693    inputs/CLK
    SLICE_X85Y112        FDPE                                         r  inputs/reset_pipe_reg[1]/C
  -------------------------------------------------------------------    -------------------
    SLICE_X85Y112        FDPE (Prop_fdpe_C_Q)         0.128     1.821 f  inputs/reset_pipe_reg[1]/Q
                         net (fo=14, routed)          0.205     2.026    inputs/reset_pipe[1]
    SLICE_X84Y111        FDCE                                         f  inputs/count_reg[2]/CLR
  -------------------------------------------------------------------    -------------------

                         (clock trainer_1khz rise edge)
                                                      0.000     0.000 r  <hidden>
    B6                                                0.000     0.000 r  clk
                         net (fo=0)                   0.000     0.000    clk
    B6                   IBUF (Prop_ibuf_I_O)         0.456     0.456 r  clk_IBUF_inst/O
                         net (fo=1, routed)           0.871     1.327    clk_IBUF
    BUFGCTRL_X0Y16       BUFG (Prop_bufg_I_O)         0.029     1.356 r  clk_IBUF_BUFG_inst/O
                         net (fo=16, routed)          0.865     2.220    inputs/CLK
    SLICE_X84Y111        FDCE                                         r  inputs/count_reg[2]/C
                         clock pessimism             -0.510     1.710    <hidden>
    SLICE_X84Y111        FDCE (Remov_fdce_C_CLR)     -0.121     1.589    inputs/count_reg[2]
  -------------------------------------------------------------------
                         required time                         -1.589    <hidden>
                         arrival time                           2.026    <hidden>
  -------------------------------------------------------------------
                         slack                                  0.437    <hidden>

Slack (MET) :             0.437ns  (arrival time - required time)
  Source:                 inputs/reset_pipe_reg[1]/C
                            (rising edge-triggered cell FDPE clocked by trainer_1khz  {rise@0.000ns fall@500000.031ns period=1000000.000ns})
  Destination:            inputs/sw_meta_reg[7]/CLR
                            (removal check against rising-edge clock trainer_1khz  {rise@0.000ns fall@500000.031ns period=1000000.000ns})
  Path Group:             **async_default**
  Path Type:              Removal (Min at Fast Process Corner)
  Requirement:            0.000ns  (trainer_1khz rise@0.000ns - trainer_1khz rise@0.000ns)
  Data Path Delay:        0.333ns  (logic 0.128ns (38.474%)  route 0.205ns (61.526%))
  Logic Levels:           0  
  Clock Path Skew:        0.017ns (DCD - SCD - CPR)
    Destination Clock Delay (DCD):    2.220ns
    Source Clock Delay      (SCD):    1.693ns
    Clock Pessimism Removal (CPR):    0.510ns

    Location             Delay type                Incr(ns)  Path(ns)    Netlist Resource(s)
  -------------------------------------------------------------------    -------------------
                         (clock trainer_1khz rise edge)
                                                      0.000     0.000 r  <hidden>
    B6                                                0.000     0.000 r  clk
                         net (fo=0)                   0.000     0.000    clk
    B6                   IBUF (Prop_ibuf_I_O)         0.268     0.268 r  clk_IBUF_inst/O
                         net (fo=1, routed)           0.808     1.075    clk_IBUF
    BUFGCTRL_X0Y16       BUFG (Prop_bufg_I_O)         0.026     1.101 r  clk_IBUF_BUFG_inst/O
                         net (fo=16, routed)          0.592     1.693    inputs/CLK
    SLICE_X85Y112        FDPE                                         r  inputs/reset_pipe_reg[1]/C
  -------------------------------------------------------------------    -------------------
    SLICE_X85Y112        FDPE (Prop_fdpe_C_Q)         0.128     1.821 f  inputs/reset_pipe_reg[1]/Q
                         net (fo=14, routed)          0.205     2.026    inputs/reset_pipe[1]
    SLICE_X84Y111        FDCE                                         f  inputs/sw_meta_reg[7]/CLR
  -------------------------------------------------------------------    -------------------

                         (clock trainer_1khz rise edge)
                                                      0.000     0.000 r  <hidden>
    B6                                                0.000     0.000 r  clk
                         net (fo=0)                   0.000     0.000    clk
    B6                   IBUF (Prop_ibuf_I_O)         0.456     0.456 r  clk_IBUF_inst/O
                         net (fo=1, routed)           0.871     1.327    clk_IBUF
    BUFGCTRL_X0Y16       BUFG (Prop_bufg_I_O)         0.029     1.356 r  clk_IBUF_BUFG_inst/O
                         net (fo=16, routed)          0.865     2.220    inputs/CLK
    SLICE_X84Y111        FDCE                                         r  inputs/sw_meta_reg[7]/C
                         clock pessimism             -0.510     1.710    <hidden>
    SLICE_X84Y111        FDCE (Remov_fdce_C_CLR)     -0.121     1.589    inputs/sw_meta_reg[7]
  -------------------------------------------------------------------
                         required time                         -1.589    <hidden>
                         arrival time                           2.026    <hidden>
  -------------------------------------------------------------------
                         slack                                  0.437    <hidden>

Slack (MET) :             0.437ns  (arrival time - required time)
  Source:                 inputs/reset_pipe_reg[1]/C
                            (rising edge-triggered cell FDPE clocked by trainer_1khz  {rise@0.000ns fall@500000.031ns period=1000000.000ns})
  Destination:            inputs/sw_sync_reg[7]/CLR
                            (removal check against rising-edge clock trainer_1khz  {rise@0.000ns fall@500000.031ns period=1000000.000ns})
  Path Group:             **async_default**
  Path Type:              Removal (Min at Fast Process Corner)
  Requirement:            0.000ns  (trainer_1khz rise@0.000ns - trainer_1khz rise@0.000ns)
  Data Path Delay:        0.333ns  (logic 0.128ns (38.474%)  route 0.205ns (61.526%))
  Logic Levels:           0  
  Clock Path Skew:        0.017ns (DCD - SCD - CPR)
    Destination Clock Delay (DCD):    2.220ns
    Source Clock Delay      (SCD):    1.693ns
    Clock Pessimism Removal (CPR):    0.510ns

    Location             Delay type                Incr(ns)  Path(ns)    Netlist Resource(s)
  -------------------------------------------------------------------    -------------------
                         (clock trainer_1khz rise edge)
                                                      0.000     0.000 r  <hidden>
    B6                                                0.000     0.000 r  clk
                         net (fo=0)                   0.000     0.000    clk
    B6                   IBUF (Prop_ibuf_I_O)         0.268     0.268 r  clk_IBUF_inst/O
                         net (fo=1, routed)           0.808     1.075    clk_IBUF
    BUFGCTRL_X0Y16       BUFG (Prop_bufg_I_O)         0.026     1.101 r  clk_IBUF_BUFG_inst/O
                         net (fo=16, routed)          0.592     1.693    inputs/CLK
    SLICE_X85Y112        FDPE                                         r  inputs/reset_pipe_reg[1]/C
  -------------------------------------------------------------------    -------------------
    SLICE_X85Y112        FDPE (Prop_fdpe_C_Q)         0.128     1.821 f  inputs/reset_pipe_reg[1]/Q
                         net (fo=14, routed)          0.205     2.026    inputs/reset_pipe[1]
    SLICE_X84Y111        FDCE                                         f  inputs/sw_sync_reg[7]/CLR
  -------------------------------------------------------------------    -------------------

                         (clock trainer_1khz rise edge)
                                                      0.000     0.000 r  <hidden>
    B6                                                0.000     0.000 r  clk
                         net (fo=0)                   0.000     0.000    clk
    B6                   IBUF (Prop_ibuf_I_O)         0.456     0.456 r  clk_IBUF_inst/O
                         net (fo=1, routed)           0.871     1.327    clk_IBUF
    BUFGCTRL_X0Y16       BUFG (Prop_bufg_I_O)         0.029     1.356 r  clk_IBUF_BUFG_inst/O
                         net (fo=16, routed)          0.865     2.220    inputs/CLK
    SLICE_X84Y111        FDCE                                         r  inputs/sw_sync_reg[7]/C
                         clock pessimism             -0.510     1.710    <hidden>
    SLICE_X84Y111        FDCE (Remov_fdce_C_CLR)     -0.121     1.589    inputs/sw_sync_reg[7]
  -------------------------------------------------------------------
                         required time                         -1.589    <hidden>
                         arrival time                           2.026    <hidden>
  -------------------------------------------------------------------
                         slack                                  0.437    <hidden>

Slack (MET) :             0.462ns  (arrival time - required time)
  Source:                 inputs/reset_pipe_reg[1]/C
                            (rising edge-triggered cell FDPE clocked by trainer_1khz  {rise@0.000ns fall@500000.031ns period=1000000.000ns})
  Destination:            inputs/button_meta_reg/CLR
                            (removal check against rising-edge clock trainer_1khz  {rise@0.000ns fall@500000.031ns period=1000000.000ns})
  Path Group:             **async_default**
  Path Type:              Removal (Min at Fast Process Corner)
  Requirement:            0.000ns  (trainer_1khz rise@0.000ns - trainer_1khz rise@0.000ns)
  Data Path Delay:        0.333ns  (logic 0.128ns (38.474%)  route 0.205ns (61.526%))
  Logic Levels:           0  
  Clock Path Skew:        0.017ns (DCD - SCD - CPR)
    Destination Clock Delay (DCD):    2.220ns
    Source Clock Delay      (SCD):    1.693ns
    Clock Pessimism Removal (CPR):    0.510ns

    Location             Delay type                Incr(ns)  Path(ns)    Netlist Resource(s)
  -------------------------------------------------------------------    -------------------
                         (clock trainer_1khz rise edge)
                                                      0.000     0.000 r  <hidden>
    B6                                                0.000     0.000 r  clk
                         net (fo=0)                   0.000     0.000    clk
    B6                   IBUF (Prop_ibuf_I_O)         0.268     0.268 r  clk_IBUF_inst/O
                         net (fo=1, routed)           0.808     1.075    clk_IBUF
    BUFGCTRL_X0Y16       BUFG (Prop_bufg_I_O)         0.026     1.101 r  clk_IBUF_BUFG_inst/O
                         net (fo=16, routed)          0.592     1.693    inputs/CLK
    SLICE_X85Y112        FDPE                                         r  inputs/reset_pipe_reg[1]/C
  -------------------------------------------------------------------    -------------------
    SLICE_X85Y112        FDPE (Prop_fdpe_C_Q)         0.128     1.821 f  inputs/reset_pipe_reg[1]/Q
                         net (fo=14, routed)          0.205     2.026    inputs/reset_pipe[1]
    SLICE_X85Y111        FDCE                                         f  inputs/button_meta_reg/CLR
  -------------------------------------------------------------------    -------------------

                         (clock trainer_1khz rise edge)
                                                      0.000     0.000 r  <hidden>
    B6                                                0.000     0.000 r  clk
                         net (fo=0)                   0.000     0.000    clk
    B6                   IBUF (Prop_ibuf_I_O)         0.456     0.456 r  clk_IBUF_inst/O
                         net (fo=1, routed)           0.871     1.327    clk_IBUF
    BUFGCTRL_X0Y16       BUFG (Prop_bufg_I_O)         0.029     1.356 r  clk_IBUF_BUFG_inst/O
                         net (fo=16, routed)          0.865     2.220    inputs/CLK
    SLICE_X85Y111        FDCE                                         r  inputs/button_meta_reg/C
                         clock pessimism             -0.510     1.710    <hidden>
    SLICE_X85Y111        FDCE (Remov_fdce_C_CLR)     -0.146     1.564    inputs/button_meta_reg
  -------------------------------------------------------------------
                         required time                         -1.564    <hidden>
                         arrival time                           2.026    <hidden>
  -------------------------------------------------------------------
                         slack                                  0.462    <hidden>

Slack (MET) :             0.462ns  (arrival time - required time)
  Source:                 inputs/reset_pipe_reg[1]/C
                            (rising edge-triggered cell FDPE clocked by trainer_1khz  {rise@0.000ns fall@500000.031ns period=1000000.000ns})
  Destination:            inputs/button_sync_reg/CLR
                            (removal check against rising-edge clock trainer_1khz  {rise@0.000ns fall@500000.031ns period=1000000.000ns})
  Path Group:             **async_default**
  Path Type:              Removal (Min at Fast Process Corner)
  Requirement:            0.000ns  (trainer_1khz rise@0.000ns - trainer_1khz rise@0.000ns)
  Data Path Delay:        0.333ns  (logic 0.128ns (38.474%)  route 0.205ns (61.526%))
  Logic Levels:           0  
  Clock Path Skew:        0.017ns (DCD - SCD - CPR)
    Destination Clock Delay (DCD):    2.220ns
    Source Clock Delay      (SCD):    1.693ns
    Clock Pessimism Removal (CPR):    0.510ns

    Location             Delay type                Incr(ns)  Path(ns)    Netlist Resource(s)
  -------------------------------------------------------------------    -------------------
                         (clock trainer_1khz rise edge)
                                                      0.000     0.000 r  <hidden>
    B6                                                0.000     0.000 r  clk
                         net (fo=0)                   0.000     0.000    clk
    B6                   IBUF (Prop_ibuf_I_O)         0.268     0.268 r  clk_IBUF_inst/O
                         net (fo=1, routed)           0.808     1.075    clk_IBUF
    BUFGCTRL_X0Y16       BUFG (Prop_bufg_I_O)         0.026     1.101 r  clk_IBUF_BUFG_inst/O
                         net (fo=16, routed)          0.592     1.693    inputs/CLK
    SLICE_X85Y112        FDPE                                         r  inputs/reset_pipe_reg[1]/C
  -------------------------------------------------------------------    -------------------
    SLICE_X85Y112        FDPE (Prop_fdpe_C_Q)         0.128     1.821 f  inputs/reset_pipe_reg[1]/Q
                         net (fo=14, routed)          0.205     2.026    inputs/reset_pipe[1]
    SLICE_X85Y111        FDCE                                         f  inputs/button_sync_reg/CLR
  -------------------------------------------------------------------    -------------------

                         (clock trainer_1khz rise edge)
                                                      0.000     0.000 r  <hidden>
    B6                                                0.000     0.000 r  clk
                         net (fo=0)                   0.000     0.000    clk
    B6                   IBUF (Prop_ibuf_I_O)         0.456     0.456 r  clk_IBUF_inst/O
                         net (fo=1, routed)           0.871     1.327    clk_IBUF
    BUFGCTRL_X0Y16       BUFG (Prop_bufg_I_O)         0.029     1.356 r  clk_IBUF_BUFG_inst/O
                         net (fo=16, routed)          0.865     2.220    inputs/CLK
    SLICE_X85Y111        FDCE                                         r  inputs/button_sync_reg/C
                         clock pessimism             -0.510     1.710    <hidden>
    SLICE_X85Y111        FDCE (Remov_fdce_C_CLR)     -0.146     1.564    inputs/button_sync_reg
  -------------------------------------------------------------------
                         required time                         -1.564    <hidden>
                         arrival time                           2.026    <hidden>
  -------------------------------------------------------------------
                         slack                                  0.462    <hidden>

Slack (MET) :             0.462ns  (arrival time - required time)
  Source:                 inputs/reset_pipe_reg[1]/C
                            (rising edge-triggered cell FDPE clocked by trainer_1khz  {rise@0.000ns fall@500000.031ns period=1000000.000ns})
  Destination:            inputs/count_reg[0]/CLR
                            (removal check against rising-edge clock trainer_1khz  {rise@0.000ns fall@500000.031ns period=1000000.000ns})
  Path Group:             **async_default**
  Path Type:              Removal (Min at Fast Process Corner)
  Requirement:            0.000ns  (trainer_1khz rise@0.000ns - trainer_1khz rise@0.000ns)
  Data Path Delay:        0.333ns  (logic 0.128ns (38.474%)  route 0.205ns (61.526%))
  Logic Levels:           0  
  Clock Path Skew:        0.017ns (DCD - SCD - CPR)
    Destination Clock Delay (DCD):    2.220ns
    Source Clock Delay      (SCD):    1.693ns
    Clock Pessimism Removal (CPR):    0.510ns

    Location             Delay type                Incr(ns)  Path(ns)    Netlist Resource(s)
  -------------------------------------------------------------------    -------------------
                         (clock trainer_1khz rise edge)
                                                      0.000     0.000 r  <hidden>
    B6                                                0.000     0.000 r  clk
                         net (fo=0)                   0.000     0.000    clk
    B6                   IBUF (Prop_ibuf_I_O)         0.268     0.268 r  clk_IBUF_inst/O
                         net (fo=1, routed)           0.808     1.075    clk_IBUF
    BUFGCTRL_X0Y16       BUFG (Prop_bufg_I_O)         0.026     1.101 r  clk_IBUF_BUFG_inst/O
                         net (fo=16, routed)          0.592     1.693    inputs/CLK
    SLICE_X85Y112        FDPE                                         r  inputs/reset_pipe_reg[1]/C
  -------------------------------------------------------------------    -------------------
    SLICE_X85Y112        FDPE (Prop_fdpe_C_Q)         0.128     1.821 f  inputs/reset_pipe_reg[1]/Q
                         net (fo=14, routed)          0.205     2.026    inputs/reset_pipe[1]
    SLICE_X85Y111        FDCE                                         f  inputs/count_reg[0]/CLR
  -------------------------------------------------------------------    -------------------

                         (clock trainer_1khz rise edge)
                                                      0.000     0.000 r  <hidden>
    B6                                                0.000     0.000 r  clk
                         net (fo=0)                   0.000     0.000    clk
    B6                   IBUF (Prop_ibuf_I_O)         0.456     0.456 r  clk_IBUF_inst/O
                         net (fo=1, routed)           0.871     1.327    clk_IBUF
    BUFGCTRL_X0Y16       BUFG (Prop_bufg_I_O)         0.029     1.356 r  clk_IBUF_BUFG_inst/O
                         net (fo=16, routed)          0.865     2.220    inputs/CLK
    SLICE_X85Y111        FDCE                                         r  inputs/count_reg[0]/C
                         clock pessimism             -0.510     1.710    <hidden>
    SLICE_X85Y111        FDCE (Remov_fdce_C_CLR)     -0.146     1.564    inputs/count_reg[0]
  -------------------------------------------------------------------
                         required time                         -1.564    <hidden>
                         arrival time                           2.026    <hidden>
  -------------------------------------------------------------------
                         slack                                  0.462    <hidden>

Slack (MET) :             0.462ns  (arrival time - required time)
  Source:                 inputs/reset_pipe_reg[1]/C
                            (rising edge-triggered cell FDPE clocked by trainer_1khz  {rise@0.000ns fall@500000.031ns period=1000000.000ns})
  Destination:            inputs/count_reg[1]/CLR
                            (removal check against rising-edge clock trainer_1khz  {rise@0.000ns fall@500000.031ns period=1000000.000ns})
  Path Group:             **async_default**
  Path Type:              Removal (Min at Fast Process Corner)
  Requirement:            0.000ns  (trainer_1khz rise@0.000ns - trainer_1khz rise@0.000ns)
  Data Path Delay:        0.333ns  (logic 0.128ns (38.474%)  route 0.205ns (61.526%))
  Logic Levels:           0  
  Clock Path Skew:        0.017ns (DCD - SCD - CPR)
    Destination Clock Delay (DCD):    2.220ns
    Source Clock Delay      (SCD):    1.693ns
    Clock Pessimism Removal (CPR):    0.510ns

    Location             Delay type                Incr(ns)  Path(ns)    Netlist Resource(s)
  -------------------------------------------------------------------    -------------------
                         (clock trainer_1khz rise edge)
                                                      0.000     0.000 r  <hidden>
    B6                                                0.000     0.000 r  clk
                         net (fo=0)                   0.000     0.000    clk
    B6                   IBUF (Prop_ibuf_I_O)         0.268     0.268 r  clk_IBUF_inst/O
                         net (fo=1, routed)           0.808     1.075    clk_IBUF
    BUFGCTRL_X0Y16       BUFG (Prop_bufg_I_O)         0.026     1.101 r  clk_IBUF_BUFG_inst/O
                         net (fo=16, routed)          0.592     1.693    inputs/CLK
    SLICE_X85Y112        FDPE                                         r  inputs/reset_pipe_reg[1]/C
  -------------------------------------------------------------------    -------------------
    SLICE_X85Y112        FDPE (Prop_fdpe_C_Q)         0.128     1.821 f  inputs/reset_pipe_reg[1]/Q
                         net (fo=14, routed)          0.205     2.026    inputs/reset_pipe[1]
    SLICE_X85Y111        FDCE                                         f  inputs/count_reg[1]/CLR
  -------------------------------------------------------------------    -------------------

                         (clock trainer_1khz rise edge)
                                                      0.000     0.000 r  <hidden>
    B6                                                0.000     0.000 r  clk
                         net (fo=0)                   0.000     0.000    clk
    B6                   IBUF (Prop_ibuf_I_O)         0.456     0.456 r  clk_IBUF_inst/O
                         net (fo=1, routed)           0.871     1.327    clk_IBUF
    BUFGCTRL_X0Y16       BUFG (Prop_bufg_I_O)         0.029     1.356 r  clk_IBUF_BUFG_inst/O
                         net (fo=16, routed)          0.865     2.220    inputs/CLK
    SLICE_X85Y111        FDCE                                         r  inputs/count_reg[1]/C
                         clock pessimism             -0.510     1.710    <hidden>
    SLICE_X85Y111        FDCE (Remov_fdce_C_CLR)     -0.146     1.564    inputs/count_reg[1]
  -------------------------------------------------------------------
                         required time                         -1.564    <hidden>
                         arrival time                           2.026    <hidden>
  -------------------------------------------------------------------
                         slack                                  0.462    <hidden>

Slack (MET) :             0.462ns  (arrival time - required time)
  Source:                 inputs/reset_pipe_reg[1]/C
                            (rising edge-triggered cell FDPE clocked by trainer_1khz  {rise@0.000ns fall@500000.031ns period=1000000.000ns})
  Destination:            inputs/count_reg[3]/CLR
                            (removal check against rising-edge clock trainer_1khz  {rise@0.000ns fall@500000.031ns period=1000000.000ns})
  Path Group:             **async_default**
  Path Type:              Removal (Min at Fast Process Corner)
  Requirement:            0.000ns  (trainer_1khz rise@0.000ns - trainer_1khz rise@0.000ns)
  Data Path Delay:        0.333ns  (logic 0.128ns (38.474%)  route 0.205ns (61.526%))
  Logic Levels:           0  
  Clock Path Skew:        0.017ns (DCD - SCD - CPR)
    Destination Clock Delay (DCD):    2.220ns
    Source Clock Delay      (SCD):    1.693ns
    Clock Pessimism Removal (CPR):    0.510ns

    Location             Delay type                Incr(ns)  Path(ns)    Netlist Resource(s)
  -------------------------------------------------------------------    -------------------
                         (clock trainer_1khz rise edge)
                                                      0.000     0.000 r  <hidden>
    B6                                                0.000     0.000 r  clk
                         net (fo=0)                   0.000     0.000    clk
    B6                   IBUF (Prop_ibuf_I_O)         0.268     0.268 r  clk_IBUF_inst/O
                         net (fo=1, routed)           0.808     1.075    clk_IBUF
    BUFGCTRL_X0Y16       BUFG (Prop_bufg_I_O)         0.026     1.101 r  clk_IBUF_BUFG_inst/O
                         net (fo=16, routed)          0.592     1.693    inputs/CLK
    SLICE_X85Y112        FDPE                                         r  inputs/reset_pipe_reg[1]/C
  -------------------------------------------------------------------    -------------------
    SLICE_X85Y112        FDPE (Prop_fdpe_C_Q)         0.128     1.821 f  inputs/reset_pipe_reg[1]/Q
                         net (fo=14, routed)          0.205     2.026    inputs/reset_pipe[1]
    SLICE_X85Y111        FDCE                                         f  inputs/count_reg[3]/CLR
  -------------------------------------------------------------------    -------------------

                         (clock trainer_1khz rise edge)
                                                      0.000     0.000 r  <hidden>
    B6                                                0.000     0.000 r  clk
                         net (fo=0)                   0.000     0.000    clk
    B6                   IBUF (Prop_ibuf_I_O)         0.456     0.456 r  clk_IBUF_inst/O
                         net (fo=1, routed)           0.871     1.327    clk_IBUF
    BUFGCTRL_X0Y16       BUFG (Prop_bufg_I_O)         0.029     1.356 r  clk_IBUF_BUFG_inst/O
                         net (fo=16, routed)          0.865     2.220    inputs/CLK
    SLICE_X85Y111        FDCE                                         r  inputs/count_reg[3]/C
                         clock pessimism             -0.510     1.710    <hidden>
    SLICE_X85Y111        FDCE (Remov_fdce_C_CLR)     -0.146     1.564    inputs/count_reg[3]
  -------------------------------------------------------------------
                         required time                         -1.564    <hidden>
                         arrival time                           2.026    <hidden>
  -------------------------------------------------------------------
                         slack                                  0.462    <hidden>

Slack (MET) :             0.462ns  (arrival time - required time)
  Source:                 inputs/reset_pipe_reg[1]/C
                            (rising edge-triggered cell FDPE clocked by trainer_1khz  {rise@0.000ns fall@500000.031ns period=1000000.000ns})
  Destination:            inputs/count_reg[4]/CLR
                            (removal check against rising-edge clock trainer_1khz  {rise@0.000ns fall@500000.031ns period=1000000.000ns})
  Path Group:             **async_default**
  Path Type:              Removal (Min at Fast Process Corner)
  Requirement:            0.000ns  (trainer_1khz rise@0.000ns - trainer_1khz rise@0.000ns)
  Data Path Delay:        0.333ns  (logic 0.128ns (38.474%)  route 0.205ns (61.526%))
  Logic Levels:           0  
  Clock Path Skew:        0.017ns (DCD - SCD - CPR)
    Destination Clock Delay (DCD):    2.220ns
    Source Clock Delay      (SCD):    1.693ns
    Clock Pessimism Removal (CPR):    0.510ns

    Location             Delay type                Incr(ns)  Path(ns)    Netlist Resource(s)
  -------------------------------------------------------------------    -------------------
                         (clock trainer_1khz rise edge)
                                                      0.000     0.000 r  <hidden>
    B6                                                0.000     0.000 r  clk
                         net (fo=0)                   0.000     0.000    clk
    B6                   IBUF (Prop_ibuf_I_O)         0.268     0.268 r  clk_IBUF_inst/O
                         net (fo=1, routed)           0.808     1.075    clk_IBUF
    BUFGCTRL_X0Y16       BUFG (Prop_bufg_I_O)         0.026     1.101 r  clk_IBUF_BUFG_inst/O
                         net (fo=16, routed)          0.592     1.693    inputs/CLK
    SLICE_X85Y112        FDPE                                         r  inputs/reset_pipe_reg[1]/C
  -------------------------------------------------------------------    -------------------
    SLICE_X85Y112        FDPE (Prop_fdpe_C_Q)         0.128     1.821 f  inputs/reset_pipe_reg[1]/Q
                         net (fo=14, routed)          0.205     2.026    inputs/reset_pipe[1]
    SLICE_X85Y111        FDCE                                         f  inputs/count_reg[4]/CLR
  -------------------------------------------------------------------    -------------------

                         (clock trainer_1khz rise edge)
                                                      0.000     0.000 r  <hidden>
    B6                                                0.000     0.000 r  clk
                         net (fo=0)                   0.000     0.000    clk
    B6                   IBUF (Prop_ibuf_I_O)         0.456     0.456 r  clk_IBUF_inst/O
                         net (fo=1, routed)           0.871     1.327    clk_IBUF
    BUFGCTRL_X0Y16       BUFG (Prop_bufg_I_O)         0.029     1.356 r  clk_IBUF_BUFG_inst/O
                         net (fo=16, routed)          0.865     2.220    inputs/CLK
    SLICE_X85Y111        FDCE                                         r  inputs/count_reg[4]/C
                         clock pessimism             -0.510     1.710    <hidden>
    SLICE_X85Y111        FDCE (Remov_fdce_C_CLR)     -0.146     1.564    inputs/count_reg[4]
  -------------------------------------------------------------------
                         required time                         -1.564    <hidden>
                         arrival time                           2.026    <hidden>
  -------------------------------------------------------------------
                         slack                                  0.462    <hidden>





--------------------------------------------------------------------------------------
Path Group:  (none)
From Clock:  
  To Clock:  trainer_1khz

Max Delay             4 Endpoints
Min Delay             4 Endpoints
--------------------------------------------------------------------------------------


Max Delay Paths
--------------------------------------------------------------------------------------
Slack:                    inf
  Source:                 sw[7]
                            (input port)
  Destination:            inputs/sw_meta_reg[7]/D
                            (rising edge-triggered cell FDCE clocked by trainer_1khz  {rise@0.000ns fall@500000.031ns period=1000000.000ns})
  Path Group:             (none)
  Path Type:              Setup (Max at Slow Process Corner)
  Data Path Delay:        3.186ns  (logic 1.524ns (47.836%)  route 1.662ns (52.164%))
  Logic Levels:           1  (IBUF=1)
  Clock Path Skew:        5.293ns (DCD - SCD + CPR)
    Destination Clock Delay (DCD):    5.293ns
    Source Clock Delay      (SCD):    0.000ns
    Clock Pessimism Removal (CPR):    0.000ns
  Clock Uncertainty:      0.025ns  ((TSJ^2 + TIJ^2)^1/2 + DJ) / 2 + PE
    Total System Jitter     (TSJ):    0.050ns
    Total Input Jitter      (TIJ):    0.000ns
    Discrete Jitter          (DJ):    0.000ns
    Phase Error              (PE):    0.000ns
  Timing Exception:       False Path

    Location             Delay type                Incr(ns)  Path(ns)    Netlist Resource(s)
  -------------------------------------------------------------------    -------------------
    Y1                                                0.000     0.000 r  sw[7]
                         net (fo=0)                   0.000     0.000    sw[7]
    Y1                   IBUF (Prop_ibuf_I_O)         1.524     1.524 r  sw_IBUF[7]_inst/O
                         net (fo=1, routed)           1.662     3.186    inputs/D[7]
    SLICE_X84Y111        FDCE                                         r  inputs/sw_meta_reg[7]/D
  -------------------------------------------------------------------    -------------------

                         (clock trainer_1khz rise edge)
                                                      0.000     0.000 r  <hidden>
    B6                                                0.000     0.000 r  clk
                         net (fo=0)                   0.000     0.000    clk
    B6                   IBUF (Prop_ibuf_I_O)         1.429     1.429 r  clk_IBUF_inst/O
                         net (fo=1, routed)           2.196     3.625    clk_IBUF
    BUFGCTRL_X0Y16       BUFG (Prop_bufg_I_O)         0.091     3.716 r  clk_IBUF_BUFG_inst/O
                         net (fo=16, routed)          1.577     5.293    inputs/CLK
    SLICE_X84Y111        FDCE                                         r  inputs/sw_meta_reg[7]/C

Slack:                    inf
  Source:                 rst
                            (input port)
  Destination:            inputs/reset_pipe_reg[0]/PRE
                            (recovery check against rising-edge clock trainer_1khz  {rise@0.000ns fall@500000.031ns period=1000000.000ns})
  Path Group:             (none)
  Path Type:              Recovery (Max at Slow Process Corner)
  Data Path Delay:        3.151ns  (logic 1.468ns (46.605%)  route 1.682ns (53.395%))
  Logic Levels:           1  (IBUF=1)
  Clock Path Skew:        5.292ns (DCD - SCD + CPR)
    Destination Clock Delay (DCD):    5.292ns
    Source Clock Delay      (SCD):    0.000ns
    Clock Pessimism Removal (CPR):    0.000ns
  Clock Uncertainty:      0.025ns  ((TSJ^2 + TIJ^2)^1/2 + DJ) / 2 + PE
    Total System Jitter     (TSJ):    0.050ns
    Total Input Jitter      (TIJ):    0.000ns
    Discrete Jitter          (DJ):    0.000ns
    Phase Error              (PE):    0.000ns
  Timing Exception:       False Path

    Location             Delay type                Incr(ns)  Path(ns)    Netlist Resource(s)
  -------------------------------------------------------------------    -------------------
    K4                                                0.000     0.000 f  rst
                         net (fo=0)                   0.000     0.000    rst
    K4                   IBUF (Prop_ibuf_I_O)         1.468     1.468 f  rst_IBUF_inst/O
                         net (fo=2, routed)           1.682     3.151    inputs/AS[0]
    SLICE_X85Y112        FDPE                                         f  inputs/reset_pipe_reg[0]/PRE
  -------------------------------------------------------------------    -------------------

                         (clock trainer_1khz rise edge)
                                                      0.000     0.000 r  <hidden>
    B6                                                0.000     0.000 r  clk
                         net (fo=0)                   0.000     0.000    clk
    B6                   IBUF (Prop_ibuf_I_O)         1.429     1.429 r  clk_IBUF_inst/O
                         net (fo=1, routed)           2.196     3.625    clk_IBUF
    BUFGCTRL_X0Y16       BUFG (Prop_bufg_I_O)         0.091     3.716 r  clk_IBUF_BUFG_inst/O
                         net (fo=16, routed)          1.576     5.292    inputs/CLK
    SLICE_X85Y112        FDPE                                         r  inputs/reset_pipe_reg[0]/C

Slack:                    inf
  Source:                 rst
                            (input port)
  Destination:            inputs/reset_pipe_reg[1]/PRE
                            (recovery check against rising-edge clock trainer_1khz  {rise@0.000ns fall@500000.031ns period=1000000.000ns})
  Path Group:             (none)
  Path Type:              Recovery (Max at Slow Process Corner)
  Data Path Delay:        3.151ns  (logic 1.468ns (46.605%)  route 1.682ns (53.395%))
  Logic Levels:           1  (IBUF=1)
  Clock Path Skew:        5.292ns (DCD - SCD + CPR)
    Destination Clock Delay (DCD):    5.292ns
    Source Clock Delay      (SCD):    0.000ns
    Clock Pessimism Removal (CPR):    0.000ns
  Clock Uncertainty:      0.025ns  ((TSJ^2 + TIJ^2)^1/2 + DJ) / 2 + PE
    Total System Jitter     (TSJ):    0.050ns
    Total Input Jitter      (TIJ):    0.000ns
    Discrete Jitter          (DJ):    0.000ns
    Phase Error              (PE):    0.000ns
  Timing Exception:       False Path

    Location             Delay type                Incr(ns)  Path(ns)    Netlist Resource(s)
  -------------------------------------------------------------------    -------------------
    K4                                                0.000     0.000 f  rst
                         net (fo=0)                   0.000     0.000    rst
    K4                   IBUF (Prop_ibuf_I_O)         1.468     1.468 f  rst_IBUF_inst/O
                         net (fo=2, routed)           1.682     3.151    inputs/AS[0]
    SLICE_X85Y112        FDPE                                         f  inputs/reset_pipe_reg[1]/PRE
  -------------------------------------------------------------------    -------------------

                         (clock trainer_1khz rise edge)
                                                      0.000     0.000 r  <hidden>
    B6                                                0.000     0.000 r  clk
                         net (fo=0)                   0.000     0.000    clk
    B6                   IBUF (Prop_ibuf_I_O)         1.429     1.429 r  clk_IBUF_inst/O
                         net (fo=1, routed)           2.196     3.625    clk_IBUF
    BUFGCTRL_X0Y16       BUFG (Prop_bufg_I_O)         0.091     3.716 r  clk_IBUF_BUFG_inst/O
                         net (fo=16, routed)          1.576     5.292    inputs/CLK
    SLICE_X85Y112        FDPE                                         r  inputs/reset_pipe_reg[1]/C

Slack:                    inf
  Source:                 button
                            (input port)
  Destination:            inputs/button_meta_reg/D
                            (rising edge-triggered cell FDCE clocked by trainer_1khz  {rise@0.000ns fall@500000.031ns period=1000000.000ns})
  Path Group:             (none)
  Path Type:              Setup (Max at Slow Process Corner)
  Data Path Delay:        2.331ns  (logic 1.477ns (63.377%)  route 0.854ns (36.623%))
  Logic Levels:           1  (IBUF=1)
  Clock Path Skew:        5.293ns (DCD - SCD + CPR)
    Destination Clock Delay (DCD):    5.293ns
    Source Clock Delay      (SCD):    0.000ns
    Clock Pessimism Removal (CPR):    0.000ns
  Clock Uncertainty:      0.025ns  ((TSJ^2 + TIJ^2)^1/2 + DJ) / 2 + PE
    Total System Jitter     (TSJ):    0.050ns
    Total Input Jitter      (TIJ):    0.000ns
    Discrete Jitter          (DJ):    0.000ns
    Phase Error              (PE):    0.000ns
  Timing Exception:       False Path

    Location             Delay type                Incr(ns)  Path(ns)    Netlist Resource(s)
  -------------------------------------------------------------------    -------------------
    N8                                                0.000     0.000 r  button
                         net (fo=0)                   0.000     0.000    button
    N8                   IBUF (Prop_ibuf_I_O)         1.477     1.477 r  button_IBUF_inst/O
                         net (fo=1, routed)           0.854     2.331    inputs/button
    SLICE_X85Y111        FDCE                                         r  inputs/button_meta_reg/D
  -------------------------------------------------------------------    -------------------

                         (clock trainer_1khz rise edge)
                                                      0.000     0.000 r  <hidden>
    B6                                                0.000     0.000 r  clk
                         net (fo=0)                   0.000     0.000    clk
    B6                   IBUF (Prop_ibuf_I_O)         1.429     1.429 r  clk_IBUF_inst/O
                         net (fo=1, routed)           2.196     3.625    clk_IBUF
    BUFGCTRL_X0Y16       BUFG (Prop_bufg_I_O)         0.091     3.716 r  clk_IBUF_BUFG_inst/O
                         net (fo=16, routed)          1.577     5.293    inputs/CLK
    SLICE_X85Y111        FDCE                                         r  inputs/button_meta_reg/C





Min Delay Paths
--------------------------------------------------------------------------------------
Slack:                    inf
  Source:                 button
                            (input port)
  Destination:            inputs/button_meta_reg/D
                            (rising edge-triggered cell FDCE clocked by trainer_1khz  {rise@0.000ns fall@500000.031ns period=1000000.000ns})
  Path Group:             (none)
  Path Type:              Hold (Min at Fast Process Corner)
  Data Path Delay:        0.582ns  (logic 0.245ns (42.133%)  route 0.337ns (57.867%))
  Logic Levels:           1  (IBUF=1)
  Clock Path Skew:        2.220ns (DCD - SCD - CPR)
    Destination Clock Delay (DCD):    2.220ns
    Source Clock Delay      (SCD):    0.000ns
    Clock Pessimism Removal (CPR):    -0.000ns
  Timing Exception:       False Path

    Location             Delay type                Incr(ns)  Path(ns)    Netlist Resource(s)
  -------------------------------------------------------------------    -------------------
    N8                                                0.000     0.000 r  button
                         net (fo=0)                   0.000     0.000    button
    N8                   IBUF (Prop_ibuf_I_O)         0.245     0.245 r  button_IBUF_inst/O
                         net (fo=1, routed)           0.337     0.582    inputs/button
    SLICE_X85Y111        FDCE                                         r  inputs/button_meta_reg/D
  -------------------------------------------------------------------    -------------------

                         (clock trainer_1khz rise edge)
                                                      0.000     0.000 r  <hidden>
    B6                                                0.000     0.000 r  clk
                         net (fo=0)                   0.000     0.000    clk
    B6                   IBUF (Prop_ibuf_I_O)         0.456     0.456 r  clk_IBUF_inst/O
                         net (fo=1, routed)           0.871     1.327    clk_IBUF
    BUFGCTRL_X0Y16       BUFG (Prop_bufg_I_O)         0.029     1.356 r  clk_IBUF_BUFG_inst/O
                         net (fo=16, routed)          0.865     2.220    inputs/CLK
    SLICE_X85Y111        FDCE                                         r  inputs/button_meta_reg/C

Slack:                    inf
  Source:                 rst
                            (input port)
  Destination:            inputs/reset_pipe_reg[0]/PRE
                            (removal check against rising-edge clock trainer_1khz  {rise@0.000ns fall@500000.031ns period=1000000.000ns})
  Path Group:             (none)
  Path Type:              Removal (Min at Fast Process Corner)
  Data Path Delay:        0.923ns  (logic 0.236ns (25.617%)  route 0.686ns (74.383%))
  Logic Levels:           1  (IBUF=1)
  Clock Path Skew:        2.218ns (DCD - SCD - CPR)
    Destination Clock Delay (DCD):    2.218ns
    Source Clock Delay      (SCD):    0.000ns
    Clock Pessimism Removal (CPR):    -0.000ns
  Timing Exception:       False Path

    Location             Delay type                Incr(ns)  Path(ns)    Netlist Resource(s)
  -------------------------------------------------------------------    -------------------
    K4                                                0.000     0.000 f  rst
                         net (fo=0)                   0.000     0.000    rst
    K4                   IBUF (Prop_ibuf_I_O)         0.236     0.236 f  rst_IBUF_inst/O
                         net (fo=2, routed)           0.686     0.923    inputs/AS[0]
    SLICE_X85Y112        FDPE                                         f  inputs/reset_pipe_reg[0]/PRE
  -------------------------------------------------------------------    -------------------

                         (clock trainer_1khz rise edge)
                                                      0.000     0.000 r  <hidden>
    B6                                                0.000     0.000 r  clk
                         net (fo=0)                   0.000     0.000    clk
    B6                   IBUF (Prop_ibuf_I_O)         0.456     0.456 r  clk_IBUF_inst/O
                         net (fo=1, routed)           0.871     1.327    clk_IBUF
    BUFGCTRL_X0Y16       BUFG (Prop_bufg_I_O)         0.029     1.356 r  clk_IBUF_BUFG_inst/O
                         net (fo=16, routed)          0.863     2.218    inputs/CLK
    SLICE_X85Y112        FDPE                                         r  inputs/reset_pipe_reg[0]/C

Slack:                    inf
  Source:                 rst
                            (input port)
  Destination:            inputs/reset_pipe_reg[1]/PRE
                            (removal check against rising-edge clock trainer_1khz  {rise@0.000ns fall@500000.031ns period=1000000.000ns})
  Path Group:             (none)
  Path Type:              Removal (Min at Fast Process Corner)
  Data Path Delay:        0.923ns  (logic 0.236ns (25.617%)  route 0.686ns (74.383%))
  Logic Levels:           1  (IBUF=1)
  Clock Path Skew:        2.218ns (DCD - SCD - CPR)
    Destination Clock Delay (DCD):    2.218ns
    Source Clock Delay      (SCD):    0.000ns
    Clock Pessimism Removal (CPR):    -0.000ns
  Timing Exception:       False Path

    Location             Delay type                Incr(ns)  Path(ns)    Netlist Resource(s)
  -------------------------------------------------------------------    -------------------
    K4                                                0.000     0.000 f  rst
                         net (fo=0)                   0.000     0.000    rst
    K4                   IBUF (Prop_ibuf_I_O)         0.236     0.236 f  rst_IBUF_inst/O
                         net (fo=2, routed)           0.686     0.923    inputs/AS[0]
    SLICE_X85Y112        FDPE                                         f  inputs/reset_pipe_reg[1]/PRE
  -------------------------------------------------------------------    -------------------

                         (clock trainer_1khz rise edge)
                                                      0.000     0.000 r  <hidden>
    B6                                                0.000     0.000 r  clk
                         net (fo=0)                   0.000     0.000    clk
    B6                   IBUF (Prop_ibuf_I_O)         0.456     0.456 r  clk_IBUF_inst/O
                         net (fo=1, routed)           0.871     1.327    clk_IBUF
    BUFGCTRL_X0Y16       BUFG (Prop_bufg_I_O)         0.029     1.356 r  clk_IBUF_BUFG_inst/O
                         net (fo=16, routed)          0.863     2.218    inputs/CLK
    SLICE_X85Y112        FDPE                                         r  inputs/reset_pipe_reg[1]/C

Slack:                    inf
  Source:                 sw[7]
                            (input port)
  Destination:            inputs/sw_meta_reg[7]/D
                            (rising edge-triggered cell FDCE clocked by trainer_1khz  {rise@0.000ns fall@500000.031ns period=1000000.000ns})
  Path Group:             (none)
  Path Type:              Hold (Min at Fast Process Corner)
  Data Path Delay:        0.942ns  (logic 0.291ns (30.920%)  route 0.651ns (69.080%))
  Logic Levels:           1  (IBUF=1)
  Clock Path Skew:        2.220ns (DCD - SCD - CPR)
    Destination Clock Delay (DCD):    2.220ns
    Source Clock Delay      (SCD):    0.000ns
    Clock Pessimism Removal (CPR):    -0.000ns
  Timing Exception:       False Path

    Location             Delay type                Incr(ns)  Path(ns)    Netlist Resource(s)
  -------------------------------------------------------------------    -------------------
    Y1                                                0.000     0.000 r  sw[7]
                         net (fo=0)                   0.000     0.000    sw[7]
    Y1                   IBUF (Prop_ibuf_I_O)         0.291     0.291 r  sw_IBUF[7]_inst/O
                         net (fo=1, routed)           0.651     0.942    inputs/D[7]
    SLICE_X84Y111        FDCE                                         r  inputs/sw_meta_reg[7]/D
  -------------------------------------------------------------------    -------------------

                         (clock trainer_1khz rise edge)
                                                      0.000     0.000 r  <hidden>
    B6                                                0.000     0.000 r  clk
                         net (fo=0)                   0.000     0.000    clk
    B6                   IBUF (Prop_ibuf_I_O)         0.456     0.456 r  clk_IBUF_inst/O
                         net (fo=1, routed)           0.871     1.327    clk_IBUF
    BUFGCTRL_X0Y16       BUFG (Prop_bufg_I_O)         0.029     1.356 r  clk_IBUF_BUFG_inst/O
                         net (fo=16, routed)          0.865     2.220    inputs/CLK
    SLICE_X84Y111        FDCE                                         r  inputs/sw_meta_reg[7]/C





--------------------------------------------------------------------------------------
Path Group:  (none)
From Clock:  trainer_1khz
  To Clock:  

Max Delay             2 Endpoints
Min Delay             2 Endpoints
--------------------------------------------------------------------------------------


Max Delay Paths
--------------------------------------------------------------------------------------
Slack:                    inf
  Source:                 core/FSM_onehot_value_reg[2]/C
                            (rising edge-triggered cell FDRE clocked by trainer_1khz  {rise@0.000ns fall@500000.031ns period=1000000.000ns})
  Destination:            led[1]
                            (output port)
  Path Group:             (none)
  Path Type:              Max at Slow Process Corner
  Data Path Delay:        5.942ns  (logic 4.059ns (68.321%)  route 1.882ns (31.679%))
  Logic Levels:           1  (OBUF=1)
  Clock Uncertainty:      0.025ns  ((TSJ^2 + TIJ^2)^1/2 + DJ) / 2 + PE
    Total System Jitter     (TSJ):    0.050ns
    Total Input Jitter      (TIJ):    0.000ns
    Discrete Jitter          (DJ):    0.000ns
    Phase Error              (PE):    0.000ns

    Location             Delay type                Incr(ns)  Path(ns)    Netlist Resource(s)
  -------------------------------------------------------------------    -------------------
                         (clock trainer_1khz rise edge)
                                                      0.000     0.000 r  <hidden>
    B6                                                0.000     0.000 r  clk
                         net (fo=0)                   0.000     0.000    clk
    B6                   IBUF (Prop_ibuf_I_O)         1.500     1.500 r  clk_IBUF_inst/O
                         net (fo=1, routed)           2.315     3.815    clk_IBUF
    BUFGCTRL_X0Y16       BUFG (Prop_bufg_I_O)         0.096     3.911 r  clk_IBUF_BUFG_inst/O
                         net (fo=16, routed)          1.696     5.607    core/CLK
    SLICE_X84Y112        FDRE                                         r  core/FSM_onehot_value_reg[2]/C
  -------------------------------------------------------------------    -------------------
    SLICE_X84Y112        FDRE (Prop_fdre_C_Q)         0.518     6.125 r  core/FSM_onehot_value_reg[2]/Q
                         net (fo=1, routed)           1.882     8.008    led_OBUF[1]
    M1                   OBUF (Prop_obuf_I_O)         3.541    11.549 r  led_OBUF[1]_inst/O
                         net (fo=0)                   0.000    11.549    led[1]
    M1                                                                r  led[1]
  -------------------------------------------------------------------    -------------------

Slack:                    inf
  Source:                 core/FSM_onehot_value_reg[1]/C
                            (rising edge-triggered cell FDRE clocked by trainer_1khz  {rise@0.000ns fall@500000.031ns period=1000000.000ns})
  Destination:            led[0]
                            (output port)
  Path Group:             (none)
  Path Type:              Max at Slow Process Corner
  Data Path Delay:        5.607ns  (logic 4.059ns (72.382%)  route 1.549ns (27.618%))
  Logic Levels:           1  (OBUF=1)
  Clock Uncertainty:      0.025ns  ((TSJ^2 + TIJ^2)^1/2 + DJ) / 2 + PE
    Total System Jitter     (TSJ):    0.050ns
    Total Input Jitter      (TIJ):    0.000ns
    Discrete Jitter          (DJ):    0.000ns
    Phase Error              (PE):    0.000ns

    Location             Delay type                Incr(ns)  Path(ns)    Netlist Resource(s)
  -------------------------------------------------------------------    -------------------
                         (clock trainer_1khz rise edge)
                                                      0.000     0.000 r  <hidden>
    B6                                                0.000     0.000 r  clk
                         net (fo=0)                   0.000     0.000    clk
    B6                   IBUF (Prop_ibuf_I_O)         1.500     1.500 r  clk_IBUF_inst/O
                         net (fo=1, routed)           2.315     3.815    clk_IBUF
    BUFGCTRL_X0Y16       BUFG (Prop_bufg_I_O)         0.096     3.911 r  clk_IBUF_BUFG_inst/O
                         net (fo=16, routed)          1.698     5.609    core/CLK
    SLICE_X84Y110        FDRE                                         r  core/FSM_onehot_value_reg[1]/C
  -------------------------------------------------------------------    -------------------
    SLICE_X84Y110        FDRE (Prop_fdre_C_Q)         0.518     6.127 r  core/FSM_onehot_value_reg[1]/Q
                         net (fo=4, routed)           1.549     7.676    led_OBUF[0]
    N5                   OBUF (Prop_obuf_I_O)         3.541    11.217 r  led_OBUF[0]_inst/O
                         net (fo=0)                   0.000    11.217    led[0]
    N5                                                                r  led[0]
  -------------------------------------------------------------------    -------------------





Min Delay Paths
--------------------------------------------------------------------------------------
Slack:                    inf
  Source:                 core/FSM_onehot_value_reg[1]/C
                            (rising edge-triggered cell FDRE clocked by trainer_1khz  {rise@0.000ns fall@500000.031ns period=1000000.000ns})
  Destination:            led[0]
                            (output port)
  Path Group:             (none)
  Path Type:              Min at Fast Process Corner
  Data Path Delay:        1.709ns  (logic 1.406ns (82.235%)  route 0.304ns (17.765%))
  Logic Levels:           1  (OBUF=1)
  Clock Uncertainty:      0.025ns  ((TSJ^2 + TIJ^2)^1/2 + DJ) / 2 + PE
    Total System Jitter     (TSJ):    0.050ns
    Total Input Jitter      (TIJ):    0.000ns
    Discrete Jitter          (DJ):    0.000ns
    Phase Error              (PE):    0.000ns

    Location             Delay type                Incr(ns)  Path(ns)    Netlist Resource(s)
  -------------------------------------------------------------------    -------------------
                         (clock trainer_1khz rise edge)
                                                      0.000     0.000 r  <hidden>
    B6                                                0.000     0.000 r  clk
                         net (fo=0)                   0.000     0.000    clk
    B6                   IBUF (Prop_ibuf_I_O)         0.268     0.268 r  clk_IBUF_inst/O
                         net (fo=1, routed)           0.808     1.075    clk_IBUF
    BUFGCTRL_X0Y16       BUFG (Prop_bufg_I_O)         0.026     1.101 r  clk_IBUF_BUFG_inst/O
                         net (fo=16, routed)          0.593     1.694    core/CLK
    SLICE_X84Y110        FDRE                                         r  core/FSM_onehot_value_reg[1]/C
  -------------------------------------------------------------------    -------------------
    SLICE_X84Y110        FDRE (Prop_fdre_C_Q)         0.164     1.858 r  core/FSM_onehot_value_reg[1]/Q
                         net (fo=4, routed)           0.304     2.162    led_OBUF[0]
    N5                   OBUF (Prop_obuf_I_O)         1.242     3.403 r  led_OBUF[0]_inst/O
                         net (fo=0)                   0.000     3.403    led[0]
    N5                                                                r  led[0]
  -------------------------------------------------------------------    -------------------

Slack:                    inf
  Source:                 core/FSM_onehot_value_reg[2]/C
                            (rising edge-triggered cell FDRE clocked by trainer_1khz  {rise@0.000ns fall@500000.031ns period=1000000.000ns})
  Destination:            led[1]
                            (output port)
  Path Group:             (none)
  Path Type:              Min at Fast Process Corner
  Data Path Delay:        1.829ns  (logic 1.406ns (76.864%)  route 0.423ns (23.136%))
  Logic Levels:           1  (OBUF=1)
  Clock Uncertainty:      0.025ns  ((TSJ^2 + TIJ^2)^1/2 + DJ) / 2 + PE
    Total System Jitter     (TSJ):    0.050ns
    Total Input Jitter      (TIJ):    0.000ns
    Discrete Jitter          (DJ):    0.000ns
    Phase Error              (PE):    0.000ns

    Location             Delay type                Incr(ns)  Path(ns)    Netlist Resource(s)
  -------------------------------------------------------------------    -------------------
                         (clock trainer_1khz rise edge)
                                                      0.000     0.000 r  <hidden>
    B6                                                0.000     0.000 r  clk
                         net (fo=0)                   0.000     0.000    clk
    B6                   IBUF (Prop_ibuf_I_O)         0.268     0.268 r  clk_IBUF_inst/O
                         net (fo=1, routed)           0.808     1.075    clk_IBUF
    BUFGCTRL_X0Y16       BUFG (Prop_bufg_I_O)         0.026     1.101 r  clk_IBUF_BUFG_inst/O
                         net (fo=16, routed)          0.592     1.693    core/CLK
    SLICE_X84Y112        FDRE                                         r  core/FSM_onehot_value_reg[2]/C
  -------------------------------------------------------------------    -------------------
    SLICE_X84Y112        FDRE (Prop_fdre_C_Q)         0.164     1.857 r  core/FSM_onehot_value_reg[2]/Q
                         net (fo=1, routed)           0.423     2.280    led_OBUF[1]
    M1                   OBUF (Prop_obuf_I_O)         1.242     3.523 r  led_OBUF[1]_inst/O
                         net (fo=0)                   0.000     3.523    led[1]
    M1                                                                r  led[1]
  -------------------------------------------------------------------    -------------------





