Copyright 1986-2022 Xilinx, Inc. All Rights Reserved. Copyright 2022-2026 Advanced Micro Devices, Inc. All Rights Reserved.
---------------------------------------------------------------------------------------------------------------------------------------------------------------------------------------------------------------------------------------------------------
| Tool Version : Vivado v.2026.1 (win64) Build 6511674 Tue Jun 16 11:02:23 MDT 2026
| Date         : Mon Sep 14 18:51:42 2026
| Host         : harrylt running 64-bit major release  (build 9200)
| Command      : report_timing_summary -max_paths 10 -routable_nets -report_unconstrained -file lab2_integrated_timing_summary_routed.rpt -pb lab2_integrated_timing_summary_routed.pb -rpx lab2_integrated_timing_summary_routed.rpx -warn_on_violation
| Design       : lab2_integrated
| Device       : 7s75-fgga484
| Speed File   : -1  PRODUCTION 1.23 2018-06-13
| Design State : Routed
---------------------------------------------------------------------------------------------------------------------------------------------------------------------------------------------------------------------------------------------------------

Timing Summary Report

------------------------------------------------------------------------------------------------
| Timer Settings
| --------------
------------------------------------------------------------------------------------------------

  Enable Multi Corner Analysis               :  Yes
  Enable Pessimism Removal                   :  Yes
  Pessimism Removal Resolution               :  Nearest Common Node
  Enable Input Delay Default Clock           :  No
  Enable Preset / Clear Arcs                 :  No
  Disable Flight Delays                      :  No
  Ignore I/O Paths                           :  No
  Timing Early Launch at Borrowing Latches   :  No
  Borrow Time for Max Delay Exceptions       :  Yes
  Merge Timing Exceptions                    :  Yes
  Inter-SLR Compensation                     :  Conservative

  Corner  Analyze    Analyze    
  Name    Max Paths  Min Paths  
  ------  ---------  ---------  
  Slow    Yes        Yes        
  Fast    Yes        Yes        


------------------------------------------------------------------------------------------------
| Report Methodology
| ------------------
------------------------------------------------------------------------------------------------

Rule       Severity  Description                    Violations  
---------  --------  -----------------------------  ----------  
TIMING-18  Warning   Missing input or output delay  34          

Note: This report is based on the most recent report_methodology run and may not be up-to-date. Run report_methodology on the current design for the latest report.



check_timing report

Table of Contents
-----------------
1. checking no_clock (0)
2. checking constant_clock (0)
3. checking pulse_width_clock (0)
4. checking unconstrained_internal_endpoints (0)
5. checking no_input_delay (9)
6. checking no_output_delay (33)
7. checking multiple_clock (0)
8. checking generated_clocks (0)
9. checking loops (0)
10. checking partial_input_delay (0)
11. checking partial_output_delay (0)
12. checking latch_loops (0)

1. checking no_clock (0)
------------------------
 There are 0 register/latch pins with no clock.


2. checking constant_clock (0)
------------------------------
 There are 0 register/latch pins with constant_clock.


3. checking pulse_width_clock (0)
---------------------------------
 There are 0 register/latch pins which need pulse_width check


4. checking unconstrained_internal_endpoints (0)
------------------------------------------------
 There are 0 pins that are not constrained for maximum delay.

 There are 0 pins that are not constrained for maximum delay due to constant clock.


5. checking no_input_delay (9)
------------------------------
 There are 0 input ports with no input delay specified.

 There are 9 input ports with no input delay but user has a false path constraint. (MEDIUM)


6. checking no_output_delay (33)
--------------------------------
 There are 33 ports with no output delay specified. (HIGH)

 There are 0 ports with no output delay but user has a false path constraint

 There are 0 ports with no output delay but with a timing clock defined on it or propagating through it


7. checking multiple_clock (0)
------------------------------
 There are 0 register/latch pins with multiple clocks.


8. checking generated_clocks (0)
--------------------------------
 There are 0 generated clocks that are not connected to a clock source.


9. checking loops (0)
---------------------
 There are 0 combinational loops in the design.


10. checking partial_input_delay (0)
------------------------------------
 There are 0 input ports with partial input delay specified.


11. checking partial_output_delay (0)
-------------------------------------
 There are 0 ports with partial output delay specified.


12. checking latch_loops (0)
----------------------------
 There are 0 combinational latch loops in the design through latch input



------------------------------------------------------------------------------------------------
| Design Timing Summary
| ---------------------
------------------------------------------------------------------------------------------------

    WNS(ns)      TNS(ns)  TNS Failing Endpoints  TNS Total Endpoints      WHS(ns)      THS(ns)  THS Failing Endpoints  THS Total Endpoints     WPWS(ns)     TPWS(ns)  TPWS Failing Endpoints  TPWS Total Endpoints  
    -------      -------  ---------------------  -------------------      -------      -------  ---------------------  -------------------     --------     --------  ----------------------  --------------------  
 999994.312        0.000                      0                  396        0.122        0.000                      0                  396   499999.375        0.000                       0                   170  


All user specified timing constraints are met.


------------------------------------------------------------------------------------------------
| Clock Summary
| -------------
------------------------------------------------------------------------------------------------

Clock         Waveform(ns)               Period(ns)      Frequency(MHz)
-----         ------------               ----------      --------------
trainer_1khz  {0.000 500000.031}         1000000.000     0.001           


------------------------------------------------------------------------------------------------
| Intra Clock Table
| -----------------
------------------------------------------------------------------------------------------------

Clock             WNS(ns)      TNS(ns)  TNS Failing Endpoints  TNS Total Endpoints      WHS(ns)      THS(ns)  THS Failing Endpoints  THS Total Endpoints     WPWS(ns)     TPWS(ns)  TPWS Failing Endpoints  TPWS Total Endpoints  
-----             -------      -------  ---------------------  -------------------      -------      -------  ---------------------  -------------------     --------     --------  ----------------------  --------------------  
trainer_1khz   999994.312        0.000                      0                  284        0.122        0.000                      0                  284   499999.375        0.000                       0                   170  


------------------------------------------------------------------------------------------------
| Inter Clock Table
| -----------------
------------------------------------------------------------------------------------------------

From Clock    To Clock          WNS(ns)      TNS(ns)  TNS Failing Endpoints  TNS Total Endpoints      WHS(ns)      THS(ns)  THS Failing Endpoints  THS Total Endpoints  
----------    --------          -------      -------  ---------------------  -------------------      -------      -------  ---------------------  -------------------  


------------------------------------------------------------------------------------------------
| Other Path Groups Table
| -----------------------
------------------------------------------------------------------------------------------------

Path Group         From Clock         To Clock               WNS(ns)      TNS(ns)  TNS Failing Endpoints  TNS Total Endpoints      WHS(ns)      THS(ns)  THS Failing Endpoints  THS Total Endpoints  
----------         ----------         --------               -------      -------  ---------------------  -------------------      -------      -------  ---------------------  -------------------  
**async_default**  trainer_1khz       trainer_1khz        999996.875        0.000                      0                  112        0.430        0.000                      0                  112  


------------------------------------------------------------------------------------------------
| User Ignored Path Table
| -----------------------
------------------------------------------------------------------------------------------------

Path Group    From Clock    To Clock    
----------    ----------    --------    
(none)                      trainer_1khz  


------------------------------------------------------------------------------------------------
| Unconstrained Path Table
| ------------------------
------------------------------------------------------------------------------------------------

Path Group    From Clock    To Clock    
----------    ----------    --------    
(none)        trainer_1khz                


------------------------------------------------------------------------------------------------
| Timing Details
| --------------
------------------------------------------------------------------------------------------------


---------------------------------------------------------------------------------------------------
From Clock:  trainer_1khz
  To Clock:  trainer_1khz

Setup :            0  Failing Endpoints,  Worst Slack   999994.312ns,  Total Violation        0.000ns
Hold  :            0  Failing Endpoints,  Worst Slack        0.122ns,  Total Violation        0.000ns
PW    :            0  Failing Endpoints,  Worst Slack   499999.375ns,  Total Violation        0.000ns
---------------------------------------------------------------------------------------------------


Max Delay Paths
--------------------------------------------------------------------------------------
Slack (MET) :             999994.312ns  (required time - arrival time)
  Source:                 display/power_count_reg[8]/C
                            (rising edge-triggered cell FDCE clocked by trainer_1khz  {rise@0.000ns fall@500000.031ns period=1000000.000ns})
  Destination:            display/index_reg[1]/CE
                            (rising edge-triggered cell FDCE clocked by trainer_1khz  {rise@0.000ns fall@500000.031ns period=1000000.000ns})
  Path Group:             trainer_1khz
  Path Type:              Setup (Max at Slow Process Corner)
  Requirement:            1000000.062ns  (trainer_1khz rise@1000000.062ns - trainer_1khz rise@0.000ns)
  Data Path Delay:        5.292ns  (logic 1.464ns (27.666%)  route 3.828ns (72.334%))
  Logic Levels:           5  (CARRY4=3 LUT2=1 LUT4=1)
  Clock Path Skew:        -0.031ns (DCD - SCD + CPR)
    Destination Clock Delay (DCD):    5.284ns = ( 1000005.375 - 1000000.062 ) 
    Source Clock Delay      (SCD):    5.605ns
    Clock Pessimism Removal (CPR):    0.290ns
  Clock Uncertainty:      0.035ns  ((TSJ^2 + TIJ^2)^1/2 + DJ) / 2 + PE
    Total System Jitter     (TSJ):    0.071ns
    Total Input Jitter      (TIJ):    0.000ns
    Discrete Jitter          (DJ):    0.000ns
    Phase Error              (PE):    0.000ns

    Location             Delay type                Incr(ns)  Path(ns)    Netlist Resource(s)
  -------------------------------------------------------------------    -------------------
                         (clock trainer_1khz rise edge)
                                                      0.000     0.000 r  <hidden>
    B6                                                0.000     0.000 r  clk
                         net (fo=0)                   0.000     0.000    clk
    B6                   IBUF (Prop_ibuf_I_O)         1.500     1.500 r  clk_IBUF_inst/O
                         net (fo=1, routed)           2.315     3.815    clk_IBUF
    BUFGCTRL_X0Y16       BUFG (Prop_bufg_I_O)         0.096     3.911 r  clk_IBUF_BUFG_inst/O
                         net (fo=169, routed)         1.694     5.605    display/CLK
    SLICE_X79Y114        FDCE                                         r  display/power_count_reg[8]/C
  -------------------------------------------------------------------    -------------------
    SLICE_X79Y114        FDCE (Prop_fdce_C_Q)         0.456     6.061 f  display/power_count_reg[8]/Q
                         net (fo=3, routed)           1.320     7.381    display/power_count_reg[8]
    SLICE_X77Y115        LUT2 (Prop_lut2_I0_O)        0.124     7.505 r  display/phase1_carry__0_i_4/O
                         net (fo=1, routed)           0.000     7.505    display/phase1_carry__0_i_4_n_0
    SLICE_X77Y115        CARRY4 (Prop_carry4_S[0]_CO[3])
                                                      0.532     8.037 r  display/phase1_carry__0/CO[3]
                         net (fo=1, routed)           0.000     8.037    display/phase1_carry__0_n_0
    SLICE_X77Y116        CARRY4 (Prop_carry4_CI_CO[3])
                                                      0.114     8.151 r  display/phase1_carry__1/CO[3]
                         net (fo=1, routed)           0.000     8.151    display/phase1_carry__1_n_0
    SLICE_X77Y117        CARRY4 (Prop_carry4_CI_CO[3])
                                                      0.114     8.265 f  display/phase1_carry__2/CO[3]
                         net (fo=8, routed)           1.667     9.933    display/phase1_carry__2_n_0
    SLICE_X78Y119        LUT4 (Prop_lut4_I3_O)        0.124    10.057 r  display/index[5]_i_1/O
                         net (fo=6, routed)           0.840    10.897    display/index[5]_i_1_n_0
    SLICE_X78Y120        FDCE                                         r  display/index_reg[1]/CE
  -------------------------------------------------------------------    -------------------

                         (clock trainer_1khz rise edge)
                                                  1000000.062 1000000.062 r  <hidden>
    B6                                                0.000 1000000.062 r  clk
                         net (fo=0)                   0.000 1000000.062    clk
    B6                   IBUF (Prop_ibuf_I_O)         1.429 1000001.500 r  clk_IBUF_inst/O
                         net (fo=1, routed)           2.196 1000003.688    clk_IBUF
    BUFGCTRL_X0Y16       BUFG (Prop_bufg_I_O)         0.091 1000003.750 r  clk_IBUF_BUFG_inst/O
                         net (fo=169, routed)         1.568 1000005.312    display/CLK
    SLICE_X78Y120        FDCE                                         r  display/index_reg[1]/C
                         clock pessimism              0.290 1000005.625    <hidden>
                         clock uncertainty           -0.035 1000005.562    <hidden>
    SLICE_X78Y120        FDCE (Setup_fdce_C_CE)      -0.205 1000005.375    display/index_reg[1]
  -------------------------------------------------------------------
                         required time                      1000005.312    <hidden>
                         arrival time                         -10.897    <hidden>
  -------------------------------------------------------------------
                         slack                              999994.312    <hidden>

Slack (MET) :             999994.312ns  (required time - arrival time)
  Source:                 display/power_count_reg[8]/C
                            (rising edge-triggered cell FDCE clocked by trainer_1khz  {rise@0.000ns fall@500000.031ns period=1000000.000ns})
  Destination:            display/index_reg[5]/CE
                            (rising edge-triggered cell FDCE clocked by trainer_1khz  {rise@0.000ns fall@500000.031ns period=1000000.000ns})
  Path Group:             trainer_1khz
  Path Type:              Setup (Max at Slow Process Corner)
  Requirement:            1000000.062ns  (trainer_1khz rise@1000000.062ns - trainer_1khz rise@0.000ns)
  Data Path Delay:        5.285ns  (logic 1.464ns (27.699%)  route 3.821ns (72.301%))
  Logic Levels:           5  (CARRY4=3 LUT2=1 LUT4=1)
  Clock Path Skew:        -0.031ns (DCD - SCD + CPR)
    Destination Clock Delay (DCD):    5.284ns = ( 1000005.375 - 1000000.062 ) 
    Source Clock Delay      (SCD):    5.605ns
    Clock Pessimism Removal (CPR):    0.290ns
  Clock Uncertainty:      0.035ns  ((TSJ^2 + TIJ^2)^1/2 + DJ) / 2 + PE
    Total System Jitter     (TSJ):    0.071ns
    Total Input Jitter      (TIJ):    0.000ns
    Discrete Jitter          (DJ):    0.000ns
    Phase Error              (PE):    0.000ns

    Location             Delay type                Incr(ns)  Path(ns)    Netlist Resource(s)
  -------------------------------------------------------------------    -------------------
                         (clock trainer_1khz rise edge)
                                                      0.000     0.000 r  <hidden>
    B6                                                0.000     0.000 r  clk
                         net (fo=0)                   0.000     0.000    clk
    B6                   IBUF (Prop_ibuf_I_O)         1.500     1.500 r  clk_IBUF_inst/O
                         net (fo=1, routed)           2.315     3.815    clk_IBUF
    BUFGCTRL_X0Y16       BUFG (Prop_bufg_I_O)         0.096     3.911 r  clk_IBUF_BUFG_inst/O
                         net (fo=169, routed)         1.694     5.605    display/CLK
    SLICE_X79Y114        FDCE                                         r  display/power_count_reg[8]/C
  -------------------------------------------------------------------    -------------------
    SLICE_X79Y114        FDCE (Prop_fdce_C_Q)         0.456     6.061 f  display/power_count_reg[8]/Q
                         net (fo=3, routed)           1.320     7.381    display/power_count_reg[8]
    SLICE_X77Y115        LUT2 (Prop_lut2_I0_O)        0.124     7.505 r  display/phase1_carry__0_i_4/O
                         net (fo=1, routed)           0.000     7.505    display/phase1_carry__0_i_4_n_0
    SLICE_X77Y115        CARRY4 (Prop_carry4_S[0]_CO[3])
                                                      0.532     8.037 r  display/phase1_carry__0/CO[3]
                         net (fo=1, routed)           0.000     8.037    display/phase1_carry__0_n_0
    SLICE_X77Y116        CARRY4 (Prop_carry4_CI_CO[3])
                                                      0.114     8.151 r  display/phase1_carry__1/CO[3]
                         net (fo=1, routed)           0.000     8.151    display/phase1_carry__1_n_0
    SLICE_X77Y117        CARRY4 (Prop_carry4_CI_CO[3])
                                                      0.114     8.265 f  display/phase1_carry__2/CO[3]
                         net (fo=8, routed)           1.667     9.933    display/phase1_carry__2_n_0
    SLICE_X78Y119        LUT4 (Prop_lut4_I3_O)        0.124    10.057 r  display/index[5]_i_1/O
                         net (fo=6, routed)           0.834    10.891    display/index[5]_i_1_n_0
    SLICE_X81Y119        FDCE                                         r  display/index_reg[5]/CE
  -------------------------------------------------------------------    -------------------

                         (clock trainer_1khz rise edge)
                                                  1000000.062 1000000.062 r  <hidden>
    B6                                                0.000 1000000.062 r  clk
                         net (fo=0)                   0.000 1000000.062    clk
    B6                   IBUF (Prop_ibuf_I_O)         1.429 1000001.500 r  clk_IBUF_inst/O
                         net (fo=1, routed)           2.196 1000003.688    clk_IBUF
    BUFGCTRL_X0Y16       BUFG (Prop_bufg_I_O)         0.091 1000003.750 r  clk_IBUF_BUFG_inst/O
                         net (fo=169, routed)         1.568 1000005.312    display/CLK
    SLICE_X81Y119        FDCE                                         r  display/index_reg[5]/C
                         clock pessimism              0.290 1000005.625    <hidden>
                         clock uncertainty           -0.035 1000005.562    <hidden>
    SLICE_X81Y119        FDCE (Setup_fdce_C_CE)      -0.205 1000005.375    display/index_reg[5]
  -------------------------------------------------------------------
                         required time                      1000005.312    <hidden>
                         arrival time                         -10.891    <hidden>
  -------------------------------------------------------------------
                         slack                              999994.312    <hidden>

Slack (MET) :             999994.312ns  (required time - arrival time)
  Source:                 display/power_count_reg[5]/C
                            (rising edge-triggered cell FDCE clocked by trainer_1khz  {rise@0.000ns fall@500000.031ns period=1000000.000ns})
  Destination:            display/power_count_reg[0]/CE
                            (rising edge-triggered cell FDCE clocked by trainer_1khz  {rise@0.000ns fall@500000.031ns period=1000000.000ns})
  Path Group:             trainer_1khz
  Path Type:              Setup (Max at Slow Process Corner)
  Requirement:            1000000.062ns  (trainer_1khz rise@1000000.062ns - trainer_1khz rise@0.000ns)
  Data Path Delay:        5.291ns  (logic 1.444ns (27.290%)  route 3.847ns (72.710%))
  Logic Levels:           6  (CARRY4=4 LUT2=1 LUT4=1)
  Clock Path Skew:        -0.024ns (DCD - SCD + CPR)
    Destination Clock Delay (DCD):    5.291ns = ( 1000005.375 - 1000000.062 ) 
    Source Clock Delay      (SCD):    5.605ns
    Clock Pessimism Removal (CPR):    0.290ns
  Clock Uncertainty:      0.035ns  ((TSJ^2 + TIJ^2)^1/2 + DJ) / 2 + PE
    Total System Jitter     (TSJ):    0.071ns
    Total Input Jitter      (TIJ):    0.000ns
    Discrete Jitter          (DJ):    0.000ns
    Phase Error              (PE):    0.000ns

    Location             Delay type                Incr(ns)  Path(ns)    Netlist Resource(s)
  -------------------------------------------------------------------    -------------------
                         (clock trainer_1khz rise edge)
                                                      0.000     0.000 r  <hidden>
    B6                                                0.000     0.000 r  clk
                         net (fo=0)                   0.000     0.000    clk
    B6                   IBUF (Prop_ibuf_I_O)         1.500     1.500 r  clk_IBUF_inst/O
                         net (fo=1, routed)           2.315     3.815    clk_IBUF
    BUFGCTRL_X0Y16       BUFG (Prop_bufg_I_O)         0.096     3.911 r  clk_IBUF_BUFG_inst/O
                         net (fo=169, routed)         1.694     5.605    display/CLK
    SLICE_X79Y113        FDCE                                         r  display/power_count_reg[5]/C
  -------------------------------------------------------------------    -------------------
    SLICE_X79Y113        FDCE (Prop_fdce_C_Q)         0.456     6.061 r  display/power_count_reg[5]/Q
                         net (fo=5, routed)           1.322     7.383    display/power_count_reg[5]
    SLICE_X77Y114        LUT2 (Prop_lut2_I1_O)        0.124     7.507 r  display/phase1_carry_i_4/O
                         net (fo=1, routed)           0.000     7.507    display/phase1_carry_i_4_n_0
    SLICE_X77Y114        CARRY4 (Prop_carry4_S[2]_CO[3])
                                                      0.398     7.905 r  display/phase1_carry/CO[3]
                         net (fo=1, routed)           0.000     7.905    display/phase1_carry_n_0
    SLICE_X77Y115        CARRY4 (Prop_carry4_CI_CO[3])
                                                      0.114     8.019 r  display/phase1_carry__0/CO[3]
                         net (fo=1, routed)           0.000     8.019    display/phase1_carry__0_n_0
    SLICE_X77Y116        CARRY4 (Prop_carry4_CI_CO[3])
                                                      0.114     8.133 r  display/phase1_carry__1/CO[3]
                         net (fo=1, routed)           0.000     8.133    display/phase1_carry__1_n_0
    SLICE_X77Y117        CARRY4 (Prop_carry4_CI_CO[3])
                                                      0.114     8.247 r  display/phase1_carry__2/CO[3]
                         net (fo=8, routed)           1.435     9.682    display/phase1_carry__2_n_0
    SLICE_X80Y117        LUT4 (Prop_lut4_I0_O)        0.124     9.806 r  display/power_count[0]_i_1/O
                         net (fo=32, routed)          1.091    10.897    display/power_count[0]_i_1_n_0
    SLICE_X79Y112        FDCE                                         r  display/power_count_reg[0]/CE
  -------------------------------------------------------------------    -------------------

                         (clock trainer_1khz rise edge)
                                                  1000000.062 1000000.062 r  <hidden>
    B6                                                0.000 1000000.062 r  clk
                         net (fo=0)                   0.000 1000000.062    clk
    B6                   IBUF (Prop_ibuf_I_O)         1.429 1000001.500 r  clk_IBUF_inst/O
                         net (fo=1, routed)           2.196 1000003.688    clk_IBUF
    BUFGCTRL_X0Y16       BUFG (Prop_bufg_I_O)         0.091 1000003.750 r  clk_IBUF_BUFG_inst/O
                         net (fo=169, routed)         1.575 1000005.312    display/CLK
    SLICE_X79Y112        FDCE                                         r  display/power_count_reg[0]/C
                         clock pessimism              0.290 1000005.625    <hidden>
                         clock uncertainty           -0.035 1000005.562    <hidden>
    SLICE_X79Y112        FDCE (Setup_fdce_C_CE)      -0.205 1000005.375    display/power_count_reg[0]
  -------------------------------------------------------------------
                         required time                      1000005.312    <hidden>
                         arrival time                         -10.897    <hidden>
  -------------------------------------------------------------------
                         slack                              999994.312    <hidden>

Slack (MET) :             999994.312ns  (required time - arrival time)
  Source:                 display/power_count_reg[5]/C
                            (rising edge-triggered cell FDCE clocked by trainer_1khz  {rise@0.000ns fall@500000.031ns period=1000000.000ns})
  Destination:            display/power_count_reg[1]/CE
                            (rising edge-triggered cell FDCE clocked by trainer_1khz  {rise@0.000ns fall@500000.031ns period=1000000.000ns})
  Path Group:             trainer_1khz
  Path Type:              Setup (Max at Slow Process Corner)
  Requirement:            1000000.062ns  (trainer_1khz rise@1000000.062ns - trainer_1khz rise@0.000ns)
  Data Path Delay:        5.291ns  (logic 1.444ns (27.290%)  route 3.847ns (72.710%))
  Logic Levels:           6  (CARRY4=4 LUT2=1 LUT4=1)
  Clock Path Skew:        -0.024ns (DCD - SCD + CPR)
    Destination Clock Delay (DCD):    5.291ns = ( 1000005.375 - 1000000.062 ) 
    Source Clock Delay      (SCD):    5.605ns
    Clock Pessimism Removal (CPR):    0.290ns
  Clock Uncertainty:      0.035ns  ((TSJ^2 + TIJ^2)^1/2 + DJ) / 2 + PE
    Total System Jitter     (TSJ):    0.071ns
    Total Input Jitter      (TIJ):    0.000ns
    Discrete Jitter          (DJ):    0.000ns
    Phase Error              (PE):    0.000ns

    Location             Delay type                Incr(ns)  Path(ns)    Netlist Resource(s)
  -------------------------------------------------------------------    -------------------
                         (clock trainer_1khz rise edge)
                                                      0.000     0.000 r  <hidden>
    B6                                                0.000     0.000 r  clk
                         net (fo=0)                   0.000     0.000    clk
    B6                   IBUF (Prop_ibuf_I_O)         1.500     1.500 r  clk_IBUF_inst/O
                         net (fo=1, routed)           2.315     3.815    clk_IBUF
    BUFGCTRL_X0Y16       BUFG (Prop_bufg_I_O)         0.096     3.911 r  clk_IBUF_BUFG_inst/O
                         net (fo=169, routed)         1.694     5.605    display/CLK
    SLICE_X79Y113        FDCE                                         r  display/power_count_reg[5]/C
  -------------------------------------------------------------------    -------------------
    SLICE_X79Y113        FDCE (Prop_fdce_C_Q)         0.456     6.061 r  display/power_count_reg[5]/Q
                         net (fo=5, routed)           1.322     7.383    display/power_count_reg[5]
    SLICE_X77Y114        LUT2 (Prop_lut2_I1_O)        0.124     7.507 r  display/phase1_carry_i_4/O
                         net (fo=1, routed)           0.000     7.507    display/phase1_carry_i_4_n_0
    SLICE_X77Y114        CARRY4 (Prop_carry4_S[2]_CO[3])
                                                      0.398     7.905 r  display/phase1_carry/CO[3]
                         net (fo=1, routed)           0.000     7.905    display/phase1_carry_n_0
    SLICE_X77Y115        CARRY4 (Prop_carry4_CI_CO[3])
                                                      0.114     8.019 r  display/phase1_carry__0/CO[3]
                         net (fo=1, routed)           0.000     8.019    display/phase1_carry__0_n_0
    SLICE_X77Y116        CARRY4 (Prop_carry4_CI_CO[3])
                                                      0.114     8.133 r  display/phase1_carry__1/CO[3]
                         net (fo=1, routed)           0.000     8.133    display/phase1_carry__1_n_0
    SLICE_X77Y117        CARRY4 (Prop_carry4_CI_CO[3])
                                                      0.114     8.247 r  display/phase1_carry__2/CO[3]
                         net (fo=8, routed)           1.435     9.682    display/phase1_carry__2_n_0
    SLICE_X80Y117        LUT4 (Prop_lut4_I0_O)        0.124     9.806 r  display/power_count[0]_i_1/O
                         net (fo=32, routed)          1.091    10.897    display/power_count[0]_i_1_n_0
    SLICE_X79Y112        FDCE                                         r  display/power_count_reg[1]/CE
  -------------------------------------------------------------------    -------------------

                         (clock trainer_1khz rise edge)
                                                  1000000.062 1000000.062 r  <hidden>
    B6                                                0.000 1000000.062 r  clk
                         net (fo=0)                   0.000 1000000.062    clk
    B6                   IBUF (Prop_ibuf_I_O)         1.429 1000001.500 r  clk_IBUF_inst/O
                         net (fo=1, routed)           2.196 1000003.688    clk_IBUF
    BUFGCTRL_X0Y16       BUFG (Prop_bufg_I_O)         0.091 1000003.750 r  clk_IBUF_BUFG_inst/O
                         net (fo=169, routed)         1.575 1000005.312    display/CLK
    SLICE_X79Y112        FDCE                                         r  display/power_count_reg[1]/C
                         clock pessimism              0.290 1000005.625    <hidden>
                         clock uncertainty           -0.035 1000005.562    <hidden>
    SLICE_X79Y112        FDCE (Setup_fdce_C_CE)      -0.205 1000005.375    display/power_count_reg[1]
  -------------------------------------------------------------------
                         required time                      1000005.312    <hidden>
                         arrival time                         -10.897    <hidden>
  -------------------------------------------------------------------
                         slack                              999994.312    <hidden>

Slack (MET) :             999994.312ns  (required time - arrival time)
  Source:                 display/power_count_reg[5]/C
                            (rising edge-triggered cell FDCE clocked by trainer_1khz  {rise@0.000ns fall@500000.031ns period=1000000.000ns})
  Destination:            display/power_count_reg[2]/CE
                            (rising edge-triggered cell FDCE clocked by trainer_1khz  {rise@0.000ns fall@500000.031ns period=1000000.000ns})
  Path Group:             trainer_1khz
  Path Type:              Setup (Max at Slow Process Corner)
  Requirement:            1000000.062ns  (trainer_1khz rise@1000000.062ns - trainer_1khz rise@0.000ns)
  Data Path Delay:        5.291ns  (logic 1.444ns (27.290%)  route 3.847ns (72.710%))
  Logic Levels:           6  (CARRY4=4 LUT2=1 LUT4=1)
  Clock Path Skew:        -0.024ns (DCD - SCD + CPR)
    Destination Clock Delay (DCD):    5.291ns = ( 1000005.375 - 1000000.062 ) 
    Source Clock Delay      (SCD):    5.605ns
    Clock Pessimism Removal (CPR):    0.290ns
  Clock Uncertainty:      0.035ns  ((TSJ^2 + TIJ^2)^1/2 + DJ) / 2 + PE
    Total System Jitter     (TSJ):    0.071ns
    Total Input Jitter      (TIJ):    0.000ns
    Discrete Jitter          (DJ):    0.000ns
    Phase Error              (PE):    0.000ns

    Location             Delay type                Incr(ns)  Path(ns)    Netlist Resource(s)
  -------------------------------------------------------------------    -------------------
                         (clock trainer_1khz rise edge)
                                                      0.000     0.000 r  <hidden>
    B6                                                0.000     0.000 r  clk
                         net (fo=0)                   0.000     0.000    clk
    B6                   IBUF (Prop_ibuf_I_O)         1.500     1.500 r  clk_IBUF_inst/O
                         net (fo=1, routed)           2.315     3.815    clk_IBUF
    BUFGCTRL_X0Y16       BUFG (Prop_bufg_I_O)         0.096     3.911 r  clk_IBUF_BUFG_inst/O
                         net (fo=169, routed)         1.694     5.605    display/CLK
    SLICE_X79Y113        FDCE                                         r  display/power_count_reg[5]/C
  -------------------------------------------------------------------    -------------------
    SLICE_X79Y113        FDCE (Prop_fdce_C_Q)         0.456     6.061 r  display/power_count_reg[5]/Q
                         net (fo=5, routed)           1.322     7.383    display/power_count_reg[5]
    SLICE_X77Y114        LUT2 (Prop_lut2_I1_O)        0.124     7.507 r  display/phase1_carry_i_4/O
                         net (fo=1, routed)           0.000     7.507    display/phase1_carry_i_4_n_0
    SLICE_X77Y114        CARRY4 (Prop_carry4_S[2]_CO[3])
                                                      0.398     7.905 r  display/phase1_carry/CO[3]
                         net (fo=1, routed)           0.000     7.905    display/phase1_carry_n_0
    SLICE_X77Y115        CARRY4 (Prop_carry4_CI_CO[3])
                                                      0.114     8.019 r  display/phase1_carry__0/CO[3]
                         net (fo=1, routed)           0.000     8.019    display/phase1_carry__0_n_0
    SLICE_X77Y116        CARRY4 (Prop_carry4_CI_CO[3])
                                                      0.114     8.133 r  display/phase1_carry__1/CO[3]
                         net (fo=1, routed)           0.000     8.133    display/phase1_carry__1_n_0
    SLICE_X77Y117        CARRY4 (Prop_carry4_CI_CO[3])
                                                      0.114     8.247 r  display/phase1_carry__2/CO[3]
                         net (fo=8, routed)           1.435     9.682    display/phase1_carry__2_n_0
    SLICE_X80Y117        LUT4 (Prop_lut4_I0_O)        0.124     9.806 r  display/power_count[0]_i_1/O
                         net (fo=32, routed)          1.091    10.897    display/power_count[0]_i_1_n_0
    SLICE_X79Y112        FDCE                                         r  display/power_count_reg[2]/CE
  -------------------------------------------------------------------    -------------------

                         (clock trainer_1khz rise edge)
                                                  1000000.062 1000000.062 r  <hidden>
    B6                                                0.000 1000000.062 r  clk
                         net (fo=0)                   0.000 1000000.062    clk
    B6                   IBUF (Prop_ibuf_I_O)         1.429 1000001.500 r  clk_IBUF_inst/O
                         net (fo=1, routed)           2.196 1000003.688    clk_IBUF
    BUFGCTRL_X0Y16       BUFG (Prop_bufg_I_O)         0.091 1000003.750 r  clk_IBUF_BUFG_inst/O
                         net (fo=169, routed)         1.575 1000005.312    display/CLK
    SLICE_X79Y112        FDCE                                         r  display/power_count_reg[2]/C
                         clock pessimism              0.290 1000005.625    <hidden>
                         clock uncertainty           -0.035 1000005.562    <hidden>
    SLICE_X79Y112        FDCE (Setup_fdce_C_CE)      -0.205 1000005.375    display/power_count_reg[2]
  -------------------------------------------------------------------
                         required time                      1000005.312    <hidden>
                         arrival time                         -10.897    <hidden>
  -------------------------------------------------------------------
                         slack                              999994.312    <hidden>

Slack (MET) :             999994.312ns  (required time - arrival time)
  Source:                 display/power_count_reg[5]/C
                            (rising edge-triggered cell FDCE clocked by trainer_1khz  {rise@0.000ns fall@500000.031ns period=1000000.000ns})
  Destination:            display/power_count_reg[3]/CE
                            (rising edge-triggered cell FDCE clocked by trainer_1khz  {rise@0.000ns fall@500000.031ns period=1000000.000ns})
  Path Group:             trainer_1khz
  Path Type:              Setup (Max at Slow Process Corner)
  Requirement:            1000000.062ns  (trainer_1khz rise@1000000.062ns - trainer_1khz rise@0.000ns)
  Data Path Delay:        5.291ns  (logic 1.444ns (27.290%)  route 3.847ns (72.710%))
  Logic Levels:           6  (CARRY4=4 LUT2=1 LUT4=1)
  Clock Path Skew:        -0.024ns (DCD - SCD + CPR)
    Destination Clock Delay (DCD):    5.291ns = ( 1000005.375 - 1000000.062 ) 
    Source Clock Delay      (SCD):    5.605ns
    Clock Pessimism Removal (CPR):    0.290ns
  Clock Uncertainty:      0.035ns  ((TSJ^2 + TIJ^2)^1/2 + DJ) / 2 + PE
    Total System Jitter     (TSJ):    0.071ns
    Total Input Jitter      (TIJ):    0.000ns
    Discrete Jitter          (DJ):    0.000ns
    Phase Error              (PE):    0.000ns

    Location             Delay type                Incr(ns)  Path(ns)    Netlist Resource(s)
  -------------------------------------------------------------------    -------------------
                         (clock trainer_1khz rise edge)
                                                      0.000     0.000 r  <hidden>
    B6                                                0.000     0.000 r  clk
                         net (fo=0)                   0.000     0.000    clk
    B6                   IBUF (Prop_ibuf_I_O)         1.500     1.500 r  clk_IBUF_inst/O
                         net (fo=1, routed)           2.315     3.815    clk_IBUF
    BUFGCTRL_X0Y16       BUFG (Prop_bufg_I_O)         0.096     3.911 r  clk_IBUF_BUFG_inst/O
                         net (fo=169, routed)         1.694     5.605    display/CLK
    SLICE_X79Y113        FDCE                                         r  display/power_count_reg[5]/C
  -------------------------------------------------------------------    -------------------
    SLICE_X79Y113        FDCE (Prop_fdce_C_Q)         0.456     6.061 r  display/power_count_reg[5]/Q
                         net (fo=5, routed)           1.322     7.383    display/power_count_reg[5]
    SLICE_X77Y114        LUT2 (Prop_lut2_I1_O)        0.124     7.507 r  display/phase1_carry_i_4/O
                         net (fo=1, routed)           0.000     7.507    display/phase1_carry_i_4_n_0
    SLICE_X77Y114        CARRY4 (Prop_carry4_S[2]_CO[3])
                                                      0.398     7.905 r  display/phase1_carry/CO[3]
                         net (fo=1, routed)           0.000     7.905    display/phase1_carry_n_0
    SLICE_X77Y115        CARRY4 (Prop_carry4_CI_CO[3])
                                                      0.114     8.019 r  display/phase1_carry__0/CO[3]
                         net (fo=1, routed)           0.000     8.019    display/phase1_carry__0_n_0
    SLICE_X77Y116        CARRY4 (Prop_carry4_CI_CO[3])
                                                      0.114     8.133 r  display/phase1_carry__1/CO[3]
                         net (fo=1, routed)           0.000     8.133    display/phase1_carry__1_n_0
    SLICE_X77Y117        CARRY4 (Prop_carry4_CI_CO[3])
                                                      0.114     8.247 r  display/phase1_carry__2/CO[3]
                         net (fo=8, routed)           1.435     9.682    display/phase1_carry__2_n_0
    SLICE_X80Y117        LUT4 (Prop_lut4_I0_O)        0.124     9.806 r  display/power_count[0]_i_1/O
                         net (fo=32, routed)          1.091    10.897    display/power_count[0]_i_1_n_0
    SLICE_X79Y112        FDCE                                         r  display/power_count_reg[3]/CE
  -------------------------------------------------------------------    -------------------

                         (clock trainer_1khz rise edge)
                                                  1000000.062 1000000.062 r  <hidden>
    B6                                                0.000 1000000.062 r  clk
                         net (fo=0)                   0.000 1000000.062    clk
    B6                   IBUF (Prop_ibuf_I_O)         1.429 1000001.500 r  clk_IBUF_inst/O
                         net (fo=1, routed)           2.196 1000003.688    clk_IBUF
    BUFGCTRL_X0Y16       BUFG (Prop_bufg_I_O)         0.091 1000003.750 r  clk_IBUF_BUFG_inst/O
                         net (fo=169, routed)         1.575 1000005.312    display/CLK
    SLICE_X79Y112        FDCE                                         r  display/power_count_reg[3]/C
                         clock pessimism              0.290 1000005.625    <hidden>
                         clock uncertainty           -0.035 1000005.562    <hidden>
    SLICE_X79Y112        FDCE (Setup_fdce_C_CE)      -0.205 1000005.375    display/power_count_reg[3]
  -------------------------------------------------------------------
                         required time                      1000005.312    <hidden>
                         arrival time                         -10.897    <hidden>
  -------------------------------------------------------------------
                         slack                              999994.312    <hidden>

Slack (MET) :             999994.438ns  (required time - arrival time)
  Source:                 display/power_count_reg[8]/C
                            (rising edge-triggered cell FDCE clocked by trainer_1khz  {rise@0.000ns fall@500000.031ns period=1000000.000ns})
  Destination:            display/power_count_reg[4]/CE
                            (rising edge-triggered cell FDCE clocked by trainer_1khz  {rise@0.000ns fall@500000.031ns period=1000000.000ns})
  Path Group:             trainer_1khz
  Path Type:              Setup (Max at Slow Process Corner)
  Requirement:            1000000.062ns  (trainer_1khz rise@1000000.062ns - trainer_1khz rise@0.000ns)
  Data Path Delay:        5.168ns  (logic 1.464ns (28.326%)  route 3.704ns (71.674%))
  Logic Levels:           5  (CARRY4=3 LUT2=1 LUT4=1)
  Clock Path Skew:        -0.025ns (DCD - SCD + CPR)
    Destination Clock Delay (DCD):    5.290ns = ( 1000005.375 - 1000000.062 ) 
    Source Clock Delay      (SCD):    5.605ns
    Clock Pessimism Removal (CPR):    0.290ns
  Clock Uncertainty:      0.035ns  ((TSJ^2 + TIJ^2)^1/2 + DJ) / 2 + PE
    Total System Jitter     (TSJ):    0.071ns
    Total Input Jitter      (TIJ):    0.000ns
    Discrete Jitter          (DJ):    0.000ns
    Phase Error              (PE):    0.000ns

    Location             Delay type                Incr(ns)  Path(ns)    Netlist Resource(s)
  -------------------------------------------------------------------    -------------------
                         (clock trainer_1khz rise edge)
                                                      0.000     0.000 r  <hidden>
    B6                                                0.000     0.000 r  clk
                         net (fo=0)                   0.000     0.000    clk
    B6                   IBUF (Prop_ibuf_I_O)         1.500     1.500 r  clk_IBUF_inst/O
                         net (fo=1, routed)           2.315     3.815    clk_IBUF
    BUFGCTRL_X0Y16       BUFG (Prop_bufg_I_O)         0.096     3.911 r  clk_IBUF_BUFG_inst/O
                         net (fo=169, routed)         1.694     5.605    display/CLK
    SLICE_X79Y114        FDCE                                         r  display/power_count_reg[8]/C
  -------------------------------------------------------------------    -------------------
    SLICE_X79Y114        FDCE (Prop_fdce_C_Q)         0.456     6.061 f  display/power_count_reg[8]/Q
                         net (fo=3, routed)           1.320     7.381    display/power_count_reg[8]
    SLICE_X77Y115        LUT2 (Prop_lut2_I0_O)        0.124     7.505 r  display/phase1_carry__0_i_4/O
                         net (fo=1, routed)           0.000     7.505    display/phase1_carry__0_i_4_n_0
    SLICE_X77Y115        CARRY4 (Prop_carry4_S[0]_CO[3])
                                                      0.532     8.037 r  display/phase1_carry__0/CO[3]
                         net (fo=1, routed)           0.000     8.037    display/phase1_carry__0_n_0
    SLICE_X77Y116        CARRY4 (Prop_carry4_CI_CO[3])
                                                      0.114     8.151 r  display/phase1_carry__1/CO[3]
                         net (fo=1, routed)           0.000     8.151    display/phase1_carry__1_n_0
    SLICE_X77Y117        CARRY4 (Prop_carry4_CI_CO[3])
                                                      0.114     8.265 r  display/phase1_carry__2/CO[3]
                         net (fo=8, routed)           1.435     9.700    display/phase1_carry__2_n_0
    SLICE_X80Y117        LUT4 (Prop_lut4_I0_O)        0.124     9.824 r  display/power_count[0]_i_1/O
                         net (fo=32, routed)          0.950    10.774    display/power_count[0]_i_1_n_0
    SLICE_X79Y113        FDCE                                         r  display/power_count_reg[4]/CE
  -------------------------------------------------------------------    -------------------

                         (clock trainer_1khz rise edge)
                                                  1000000.062 1000000.062 r  <hidden>
    B6                                                0.000 1000000.062 r  clk
                         net (fo=0)                   0.000 1000000.062    clk
    B6                   IBUF (Prop_ibuf_I_O)         1.429 1000001.500 r  clk_IBUF_inst/O
                         net (fo=1, routed)           2.196 1000003.688    clk_IBUF
    BUFGCTRL_X0Y16       BUFG (Prop_bufg_I_O)         0.091 1000003.750 r  clk_IBUF_BUFG_inst/O
                         net (fo=169, routed)         1.574 1000005.312    display/CLK
    SLICE_X79Y113        FDCE                                         r  display/power_count_reg[4]/C
                         clock pessimism              0.290 1000005.625    <hidden>
                         clock uncertainty           -0.035 1000005.562    <hidden>
    SLICE_X79Y113        FDCE (Setup_fdce_C_CE)      -0.205 1000005.375    display/power_count_reg[4]
  -------------------------------------------------------------------
                         required time                      1000005.312    <hidden>
                         arrival time                         -10.774    <hidden>
  -------------------------------------------------------------------
                         slack                              999994.438    <hidden>

Slack (MET) :             999994.438ns  (required time - arrival time)
  Source:                 display/power_count_reg[8]/C
                            (rising edge-triggered cell FDCE clocked by trainer_1khz  {rise@0.000ns fall@500000.031ns period=1000000.000ns})
  Destination:            display/power_count_reg[5]/CE
                            (rising edge-triggered cell FDCE clocked by trainer_1khz  {rise@0.000ns fall@500000.031ns period=1000000.000ns})
  Path Group:             trainer_1khz
  Path Type:              Setup (Max at Slow Process Corner)
  Requirement:            1000000.062ns  (trainer_1khz rise@1000000.062ns - trainer_1khz rise@0.000ns)
  Data Path Delay:        5.168ns  (logic 1.464ns (28.326%)  route 3.704ns (71.674%))
  Logic Levels:           5  (CARRY4=3 LUT2=1 LUT4=1)
  Clock Path Skew:        -0.025ns (DCD - SCD + CPR)
    Destination Clock Delay (DCD):    5.290ns = ( 1000005.375 - 1000000.062 ) 
    Source Clock Delay      (SCD):    5.605ns
    Clock Pessimism Removal (CPR):    0.290ns
  Clock Uncertainty:      0.035ns  ((TSJ^2 + TIJ^2)^1/2 + DJ) / 2 + PE
    Total System Jitter     (TSJ):    0.071ns
    Total Input Jitter      (TIJ):    0.000ns
    Discrete Jitter          (DJ):    0.000ns
    Phase Error              (PE):    0.000ns

    Location             Delay type                Incr(ns)  Path(ns)    Netlist Resource(s)
  -------------------------------------------------------------------    -------------------
                         (clock trainer_1khz rise edge)
                                                      0.000     0.000 r  <hidden>
    B6                                                0.000     0.000 r  clk
                         net (fo=0)                   0.000     0.000    clk
    B6                   IBUF (Prop_ibuf_I_O)         1.500     1.500 r  clk_IBUF_inst/O
                         net (fo=1, routed)           2.315     3.815    clk_IBUF
    BUFGCTRL_X0Y16       BUFG (Prop_bufg_I_O)         0.096     3.911 r  clk_IBUF_BUFG_inst/O
                         net (fo=169, routed)         1.694     5.605    display/CLK
    SLICE_X79Y114        FDCE                                         r  display/power_count_reg[8]/C
  -------------------------------------------------------------------    -------------------
    SLICE_X79Y114        FDCE (Prop_fdce_C_Q)         0.456     6.061 f  display/power_count_reg[8]/Q
                         net (fo=3, routed)           1.320     7.381    display/power_count_reg[8]
    SLICE_X77Y115        LUT2 (Prop_lut2_I0_O)        0.124     7.505 r  display/phase1_carry__0_i_4/O
                         net (fo=1, routed)           0.000     7.505    display/phase1_carry__0_i_4_n_0
    SLICE_X77Y115        CARRY4 (Prop_carry4_S[0]_CO[3])
                                                      0.532     8.037 r  display/phase1_carry__0/CO[3]
                         net (fo=1, routed)           0.000     8.037    display/phase1_carry__0_n_0
    SLICE_X77Y116        CARRY4 (Prop_carry4_CI_CO[3])
                                                      0.114     8.151 r  display/phase1_carry__1/CO[3]
                         net (fo=1, routed)           0.000     8.151    display/phase1_carry__1_n_0
    SLICE_X77Y117        CARRY4 (Prop_carry4_CI_CO[3])
                                                      0.114     8.265 r  display/phase1_carry__2/CO[3]
                         net (fo=8, routed)           1.435     9.700    display/phase1_carry__2_n_0
    SLICE_X80Y117        LUT4 (Prop_lut4_I0_O)        0.124     9.824 r  display/power_count[0]_i_1/O
                         net (fo=32, routed)          0.950    10.774    display/power_count[0]_i_1_n_0
    SLICE_X79Y113        FDCE                                         r  display/power_count_reg[5]/CE
  -------------------------------------------------------------------    -------------------

                         (clock trainer_1khz rise edge)
                                                  1000000.062 1000000.062 r  <hidden>
    B6                                                0.000 1000000.062 r  clk
                         net (fo=0)                   0.000 1000000.062    clk
    B6                   IBUF (Prop_ibuf_I_O)         1.429 1000001.500 r  clk_IBUF_inst/O
                         net (fo=1, routed)           2.196 1000003.688    clk_IBUF
    BUFGCTRL_X0Y16       BUFG (Prop_bufg_I_O)         0.091 1000003.750 r  clk_IBUF_BUFG_inst/O
                         net (fo=169, routed)         1.574 1000005.312    display/CLK
    SLICE_X79Y113        FDCE                                         r  display/power_count_reg[5]/C
                         clock pessimism              0.290 1000005.625    <hidden>
                         clock uncertainty           -0.035 1000005.562    <hidden>
    SLICE_X79Y113        FDCE (Setup_fdce_C_CE)      -0.205 1000005.375    display/power_count_reg[5]
  -------------------------------------------------------------------
                         required time                      1000005.312    <hidden>
                         arrival time                         -10.774    <hidden>
  -------------------------------------------------------------------
                         slack                              999994.438    <hidden>

Slack (MET) :             999994.438ns  (required time - arrival time)
  Source:                 display/power_count_reg[8]/C
                            (rising edge-triggered cell FDCE clocked by trainer_1khz  {rise@0.000ns fall@500000.031ns period=1000000.000ns})
  Destination:            display/power_count_reg[6]/CE
                            (rising edge-triggered cell FDCE clocked by trainer_1khz  {rise@0.000ns fall@500000.031ns period=1000000.000ns})
  Path Group:             trainer_1khz
  Path Type:              Setup (Max at Slow Process Corner)
  Requirement:            1000000.062ns  (trainer_1khz rise@1000000.062ns - trainer_1khz rise@0.000ns)
  Data Path Delay:        5.168ns  (logic 1.464ns (28.326%)  route 3.704ns (71.674%))
  Logic Levels:           5  (CARRY4=3 LUT2=1 LUT4=1)
  Clock Path Skew:        -0.025ns (DCD - SCD + CPR)
    Destination Clock Delay (DCD):    5.290ns = ( 1000005.375 - 1000000.062 ) 
    Source Clock Delay      (SCD):    5.605ns
    Clock Pessimism Removal (CPR):    0.290ns
  Clock Uncertainty:      0.035ns  ((TSJ^2 + TIJ^2)^1/2 + DJ) / 2 + PE
    Total System Jitter     (TSJ):    0.071ns
    Total Input Jitter      (TIJ):    0.000ns
    Discrete Jitter          (DJ):    0.000ns
    Phase Error              (PE):    0.000ns

    Location             Delay type                Incr(ns)  Path(ns)    Netlist Resource(s)
  -------------------------------------------------------------------    -------------------
                         (clock trainer_1khz rise edge)
                                                      0.000     0.000 r  <hidden>
    B6                                                0.000     0.000 r  clk
                         net (fo=0)                   0.000     0.000    clk
    B6                   IBUF (Prop_ibuf_I_O)         1.500     1.500 r  clk_IBUF_inst/O
                         net (fo=1, routed)           2.315     3.815    clk_IBUF
    BUFGCTRL_X0Y16       BUFG (Prop_bufg_I_O)         0.096     3.911 r  clk_IBUF_BUFG_inst/O
                         net (fo=169, routed)         1.694     5.605    display/CLK
    SLICE_X79Y114        FDCE                                         r  display/power_count_reg[8]/C
  -------------------------------------------------------------------    -------------------
    SLICE_X79Y114        FDCE (Prop_fdce_C_Q)         0.456     6.061 f  display/power_count_reg[8]/Q
                         net (fo=3, routed)           1.320     7.381    display/power_count_reg[8]
    SLICE_X77Y115        LUT2 (Prop_lut2_I0_O)        0.124     7.505 r  display/phase1_carry__0_i_4/O
                         net (fo=1, routed)           0.000     7.505    display/phase1_carry__0_i_4_n_0
    SLICE_X77Y115        CARRY4 (Prop_carry4_S[0]_CO[3])
                                                      0.532     8.037 r  display/phase1_carry__0/CO[3]
                         net (fo=1, routed)           0.000     8.037    display/phase1_carry__0_n_0
    SLICE_X77Y116        CARRY4 (Prop_carry4_CI_CO[3])
                                                      0.114     8.151 r  display/phase1_carry__1/CO[3]
                         net (fo=1, routed)           0.000     8.151    display/phase1_carry__1_n_0
    SLICE_X77Y117        CARRY4 (Prop_carry4_CI_CO[3])
                                                      0.114     8.265 r  display/phase1_carry__2/CO[3]
                         net (fo=8, routed)           1.435     9.700    display/phase1_carry__2_n_0
    SLICE_X80Y117        LUT4 (Prop_lut4_I0_O)        0.124     9.824 r  display/power_count[0]_i_1/O
                         net (fo=32, routed)          0.950    10.774    display/power_count[0]_i_1_n_0
    SLICE_X79Y113        FDCE                                         r  display/power_count_reg[6]/CE
  -------------------------------------------------------------------    -------------------

                         (clock trainer_1khz rise edge)
                                                  1000000.062 1000000.062 r  <hidden>
    B6                                                0.000 1000000.062 r  clk
                         net (fo=0)                   0.000 1000000.062    clk
    B6                   IBUF (Prop_ibuf_I_O)         1.429 1000001.500 r  clk_IBUF_inst/O
                         net (fo=1, routed)           2.196 1000003.688    clk_IBUF
    BUFGCTRL_X0Y16       BUFG (Prop_bufg_I_O)         0.091 1000003.750 r  clk_IBUF_BUFG_inst/O
                         net (fo=169, routed)         1.574 1000005.312    display/CLK
    SLICE_X79Y113        FDCE                                         r  display/power_count_reg[6]/C
                         clock pessimism              0.290 1000005.625    <hidden>
                         clock uncertainty           -0.035 1000005.562    <hidden>
    SLICE_X79Y113        FDCE (Setup_fdce_C_CE)      -0.205 1000005.375    display/power_count_reg[6]
  -------------------------------------------------------------------
                         required time                      1000005.312    <hidden>
                         arrival time                         -10.774    <hidden>
  -------------------------------------------------------------------
                         slack                              999994.438    <hidden>

Slack (MET) :             999994.438ns  (required time - arrival time)
  Source:                 display/power_count_reg[8]/C
                            (rising edge-triggered cell FDCE clocked by trainer_1khz  {rise@0.000ns fall@500000.031ns period=1000000.000ns})
  Destination:            display/power_count_reg[7]/CE
                            (rising edge-triggered cell FDCE clocked by trainer_1khz  {rise@0.000ns fall@500000.031ns period=1000000.000ns})
  Path Group:             trainer_1khz
  Path Type:              Setup (Max at Slow Process Corner)
  Requirement:            1000000.062ns  (trainer_1khz rise@1000000.062ns - trainer_1khz rise@0.000ns)
  Data Path Delay:        5.168ns  (logic 1.464ns (28.326%)  route 3.704ns (71.674%))
  Logic Levels:           5  (CARRY4=3 LUT2=1 LUT4=1)
  Clock Path Skew:        -0.025ns (DCD - SCD + CPR)
    Destination Clock Delay (DCD):    5.290ns = ( 1000005.375 - 1000000.062 ) 
    Source Clock Delay      (SCD):    5.605ns
    Clock Pessimism Removal (CPR):    0.290ns
  Clock Uncertainty:      0.035ns  ((TSJ^2 + TIJ^2)^1/2 + DJ) / 2 + PE
    Total System Jitter     (TSJ):    0.071ns
    Total Input Jitter      (TIJ):    0.000ns
    Discrete Jitter          (DJ):    0.000ns
    Phase Error              (PE):    0.000ns

    Location             Delay type                Incr(ns)  Path(ns)    Netlist Resource(s)
  -------------------------------------------------------------------    -------------------
                         (clock trainer_1khz rise edge)
                                                      0.000     0.000 r  <hidden>
    B6                                                0.000     0.000 r  clk
                         net (fo=0)                   0.000     0.000    clk
    B6                   IBUF (Prop_ibuf_I_O)         1.500     1.500 r  clk_IBUF_inst/O
                         net (fo=1, routed)           2.315     3.815    clk_IBUF
    BUFGCTRL_X0Y16       BUFG (Prop_bufg_I_O)         0.096     3.911 r  clk_IBUF_BUFG_inst/O
                         net (fo=169, routed)         1.694     5.605    display/CLK
    SLICE_X79Y114        FDCE                                         r  display/power_count_reg[8]/C
  -------------------------------------------------------------------    -------------------
    SLICE_X79Y114        FDCE (Prop_fdce_C_Q)         0.456     6.061 f  display/power_count_reg[8]/Q
                         net (fo=3, routed)           1.320     7.381    display/power_count_reg[8]
    SLICE_X77Y115        LUT2 (Prop_lut2_I0_O)        0.124     7.505 r  display/phase1_carry__0_i_4/O
                         net (fo=1, routed)           0.000     7.505    display/phase1_carry__0_i_4_n_0
    SLICE_X77Y115        CARRY4 (Prop_carry4_S[0]_CO[3])
                                                      0.532     8.037 r  display/phase1_carry__0/CO[3]
                         net (fo=1, routed)           0.000     8.037    display/phase1_carry__0_n_0
    SLICE_X77Y116        CARRY4 (Prop_carry4_CI_CO[3])
                                                      0.114     8.151 r  display/phase1_carry__1/CO[3]
                         net (fo=1, routed)           0.000     8.151    display/phase1_carry__1_n_0
    SLICE_X77Y117        CARRY4 (Prop_carry4_CI_CO[3])
                                                      0.114     8.265 r  display/phase1_carry__2/CO[3]
                         net (fo=8, routed)           1.435     9.700    display/phase1_carry__2_n_0
    SLICE_X80Y117        LUT4 (Prop_lut4_I0_O)        0.124     9.824 r  display/power_count[0]_i_1/O
                         net (fo=32, routed)          0.950    10.774    display/power_count[0]_i_1_n_0
    SLICE_X79Y113        FDCE                                         r  display/power_count_reg[7]/CE
  -------------------------------------------------------------------    -------------------

                         (clock trainer_1khz rise edge)
                                                  1000000.062 1000000.062 r  <hidden>
    B6                                                0.000 1000000.062 r  clk
                         net (fo=0)                   0.000 1000000.062    clk
    B6                   IBUF (Prop_ibuf_I_O)         1.429 1000001.500 r  clk_IBUF_inst/O
                         net (fo=1, routed)           2.196 1000003.688    clk_IBUF
    BUFGCTRL_X0Y16       BUFG (Prop_bufg_I_O)         0.091 1000003.750 r  clk_IBUF_BUFG_inst/O
                         net (fo=169, routed)         1.574 1000005.312    display/CLK
    SLICE_X79Y113        FDCE                                         r  display/power_count_reg[7]/C
                         clock pessimism              0.290 1000005.625    <hidden>
                         clock uncertainty           -0.035 1000005.562    <hidden>
    SLICE_X79Y113        FDCE (Setup_fdce_C_CE)      -0.205 1000005.375    display/power_count_reg[7]
  -------------------------------------------------------------------
                         required time                      1000005.312    <hidden>
                         arrival time                         -10.774    <hidden>
  -------------------------------------------------------------------
                         slack                              999994.438    <hidden>





Min Delay Paths
--------------------------------------------------------------------------------------
Slack (MET) :             0.122ns  (arrival time - required time)
  Source:                 inputs/sw_meta_reg[6]/C
                            (rising edge-triggered cell FDCE clocked by trainer_1khz  {rise@0.000ns fall@500000.031ns period=1000000.000ns})
  Destination:            inputs/sw_sync_reg[6]/D
                            (rising edge-triggered cell FDCE clocked by trainer_1khz  {rise@0.000ns fall@500000.031ns period=1000000.000ns})
  Path Group:             trainer_1khz
  Path Type:              Hold (Min at Fast Process Corner)
  Requirement:            0.000ns  (trainer_1khz rise@0.000ns - trainer_1khz rise@0.000ns)
  Data Path Delay:        0.197ns  (logic 0.141ns (71.611%)  route 0.056ns (28.389%))
  Logic Levels:           0  
  Clock Path Skew:        0.000ns (DCD - SCD - CPR)
    Destination Clock Delay (DCD):    2.217ns
    Source Clock Delay      (SCD):    1.692ns
    Clock Pessimism Removal (CPR):    0.525ns

    Location             Delay type                Incr(ns)  Path(ns)    Netlist Resource(s)
  -------------------------------------------------------------------    -------------------
                         (clock trainer_1khz rise edge)
                                                      0.000     0.000 r  <hidden>
    B6                                                0.000     0.000 r  clk
                         net (fo=0)                   0.000     0.000    clk
    B6                   IBUF (Prop_ibuf_I_O)         0.268     0.268 r  clk_IBUF_inst/O
                         net (fo=1, routed)           0.808     1.075    clk_IBUF
    BUFGCTRL_X0Y16       BUFG (Prop_bufg_I_O)         0.026     1.101 r  clk_IBUF_BUFG_inst/O
                         net (fo=169, routed)         0.591     1.692    inputs/CLK
    SLICE_X81Y112        FDCE                                         r  inputs/sw_meta_reg[6]/C
  -------------------------------------------------------------------    -------------------
    SLICE_X81Y112        FDCE (Prop_fdce_C_Q)         0.141     1.833 r  inputs/sw_meta_reg[6]/Q
                         net (fo=1, routed)           0.056     1.889    inputs/sw_meta[6]
    SLICE_X81Y112        FDCE                                         r  inputs/sw_sync_reg[6]/D
  -------------------------------------------------------------------    -------------------

                         (clock trainer_1khz rise edge)
                                                      0.000     0.000 r  <hidden>
    B6                                                0.000     0.000 r  clk
                         net (fo=0)                   0.000     0.000    clk
    B6                   IBUF (Prop_ibuf_I_O)         0.456     0.456 r  clk_IBUF_inst/O
                         net (fo=1, routed)           0.871     1.327    clk_IBUF
    BUFGCTRL_X0Y16       BUFG (Prop_bufg_I_O)         0.029     1.356 r  clk_IBUF_BUFG_inst/O
                         net (fo=169, routed)         0.862     2.217    inputs/CLK
    SLICE_X81Y112        FDCE                                         r  inputs/sw_sync_reg[6]/C
                         clock pessimism             -0.525     1.692    <hidden>
    SLICE_X81Y112        FDCE (Hold_fdce_C_D)         0.075     1.767    inputs/sw_sync_reg[6]
  -------------------------------------------------------------------
                         required time                         -1.767    <hidden>
                         arrival time                           1.889    <hidden>
  -------------------------------------------------------------------
                         slack                                  0.122    <hidden>

Slack (MET) :             0.122ns  (arrival time - required time)
  Source:                 inputs/button_meta_reg/C
                            (rising edge-triggered cell FDCE clocked by trainer_1khz  {rise@0.000ns fall@500000.031ns period=1000000.000ns})
  Destination:            inputs/button_sync_reg/D
                            (rising edge-triggered cell FDCE clocked by trainer_1khz  {rise@0.000ns fall@500000.031ns period=1000000.000ns})
  Path Group:             trainer_1khz
  Path Type:              Hold (Min at Fast Process Corner)
  Requirement:            0.000ns  (trainer_1khz rise@0.000ns - trainer_1khz rise@0.000ns)
  Data Path Delay:        0.197ns  (logic 0.141ns (71.611%)  route 0.056ns (28.389%))
  Logic Levels:           0  
  Clock Path Skew:        0.000ns (DCD - SCD - CPR)
    Destination Clock Delay (DCD):    2.219ns
    Source Clock Delay      (SCD):    1.693ns
    Clock Pessimism Removal (CPR):    0.526ns

    Location             Delay type                Incr(ns)  Path(ns)    Netlist Resource(s)
  -------------------------------------------------------------------    -------------------
                         (clock trainer_1khz rise edge)
                                                      0.000     0.000 r  <hidden>
    B6                                                0.000     0.000 r  clk
                         net (fo=0)                   0.000     0.000    clk
    B6                   IBUF (Prop_ibuf_I_O)         0.268     0.268 r  clk_IBUF_inst/O
                         net (fo=1, routed)           0.808     1.075    clk_IBUF
    BUFGCTRL_X0Y16       BUFG (Prop_bufg_I_O)         0.026     1.101 r  clk_IBUF_BUFG_inst/O
                         net (fo=169, routed)         0.592     1.693    inputs/CLK
    SLICE_X79Y111        FDCE                                         r  inputs/button_meta_reg/C
  -------------------------------------------------------------------    -------------------
    SLICE_X79Y111        FDCE (Prop_fdce_C_Q)         0.141     1.834 r  inputs/button_meta_reg/Q
                         net (fo=1, routed)           0.056     1.890    inputs/button_meta
    SLICE_X79Y111        FDCE                                         r  inputs/button_sync_reg/D
  -------------------------------------------------------------------    -------------------

                         (clock trainer_1khz rise edge)
                                                      0.000     0.000 r  <hidden>
    B6                                                0.000     0.000 r  clk
                         net (fo=0)                   0.000     0.000    clk
    B6                   IBUF (Prop_ibuf_I_O)         0.456     0.456 r  clk_IBUF_inst/O
                         net (fo=1, routed)           0.871     1.327    clk_IBUF
    BUFGCTRL_X0Y16       BUFG (Prop_bufg_I_O)         0.029     1.356 r  clk_IBUF_BUFG_inst/O
                         net (fo=169, routed)         0.864     2.219    inputs/CLK
    SLICE_X79Y111        FDCE                                         r  inputs/button_sync_reg/C
                         clock pessimism             -0.526     1.693    <hidden>
    SLICE_X79Y111        FDCE (Hold_fdce_C_D)         0.075     1.768    inputs/button_sync_reg
  -------------------------------------------------------------------
                         required time                         -1.768    <hidden>
                         arrival time                           1.890    <hidden>
  -------------------------------------------------------------------
                         slack                                  0.122    <hidden>

Slack (MET) :             0.124ns  (arrival time - required time)
  Source:                 inputs/sw_meta_reg[1]/C
                            (rising edge-triggered cell FDCE clocked by trainer_1khz  {rise@0.000ns fall@500000.031ns period=1000000.000ns})
  Destination:            inputs/sw_sync_reg[1]/D
                            (rising edge-triggered cell FDCE clocked by trainer_1khz  {rise@0.000ns fall@500000.031ns period=1000000.000ns})
  Path Group:             trainer_1khz
  Path Type:              Hold (Min at Fast Process Corner)
  Requirement:            0.000ns  (trainer_1khz rise@0.000ns - trainer_1khz rise@0.000ns)
  Data Path Delay:        0.200ns  (logic 0.141ns (70.589%)  route 0.059ns (29.411%))
  Logic Levels:           0  
  Clock Path Skew:        0.000ns (DCD - SCD - CPR)
    Destination Clock Delay (DCD):    2.218ns
    Source Clock Delay      (SCD):    1.693ns
    Clock Pessimism Removal (CPR):    0.525ns

    Location             Delay type                Incr(ns)  Path(ns)    Netlist Resource(s)
  -------------------------------------------------------------------    -------------------
                         (clock trainer_1khz rise edge)
                                                      0.000     0.000 r  <hidden>
    B6                                                0.000     0.000 r  clk
                         net (fo=0)                   0.000     0.000    clk
    B6                   IBUF (Prop_ibuf_I_O)         0.268     0.268 r  clk_IBUF_inst/O
                         net (fo=1, routed)           0.808     1.075    clk_IBUF
    BUFGCTRL_X0Y16       BUFG (Prop_bufg_I_O)         0.026     1.101 r  clk_IBUF_BUFG_inst/O
                         net (fo=169, routed)         0.592     1.693    inputs/CLK
    SLICE_X82Y112        FDCE                                         r  inputs/sw_meta_reg[1]/C
  -------------------------------------------------------------------    -------------------
    SLICE_X82Y112        FDCE (Prop_fdce_C_Q)         0.141     1.834 r  inputs/sw_meta_reg[1]/Q
                         net (fo=1, routed)           0.059     1.893    inputs/sw_meta[1]
    SLICE_X82Y112        FDCE                                         r  inputs/sw_sync_reg[1]/D
  -------------------------------------------------------------------    -------------------

                         (clock trainer_1khz rise edge)
                                                      0.000     0.000 r  <hidden>
    B6                                                0.000     0.000 r  clk
                         net (fo=0)                   0.000     0.000    clk
    B6                   IBUF (Prop_ibuf_I_O)         0.456     0.456 r  clk_IBUF_inst/O
                         net (fo=1, routed)           0.871     1.327    clk_IBUF
    BUFGCTRL_X0Y16       BUFG (Prop_bufg_I_O)         0.029     1.356 r  clk_IBUF_BUFG_inst/O
                         net (fo=169, routed)         0.863     2.218    inputs/CLK
    SLICE_X82Y112        FDCE                                         r  inputs/sw_sync_reg[1]/C
                         clock pessimism             -0.525     1.693    <hidden>
    SLICE_X82Y112        FDCE (Hold_fdce_C_D)         0.076     1.769    inputs/sw_sync_reg[1]
  -------------------------------------------------------------------
                         required time                         -1.769    <hidden>
                         arrival time                           1.893    <hidden>
  -------------------------------------------------------------------
                         slack                                  0.124    <hidden>

Slack (MET) :             0.125ns  (arrival time - required time)
  Source:                 inputs/sw_meta_reg[5]/C
                            (rising edge-triggered cell FDCE clocked by trainer_1khz  {rise@0.000ns fall@500000.031ns period=1000000.000ns})
  Destination:            inputs/sw_sync_reg[5]/D
                            (rising edge-triggered cell FDCE clocked by trainer_1khz  {rise@0.000ns fall@500000.031ns period=1000000.000ns})
  Path Group:             trainer_1khz
  Path Type:              Hold (Min at Fast Process Corner)
  Requirement:            0.000ns  (trainer_1khz rise@0.000ns - trainer_1khz rise@0.000ns)
  Data Path Delay:        0.203ns  (logic 0.141ns (69.572%)  route 0.062ns (30.428%))
  Logic Levels:           0  
  Clock Path Skew:        0.000ns (DCD - SCD - CPR)
    Destination Clock Delay (DCD):    2.218ns
    Source Clock Delay      (SCD):    1.693ns
    Clock Pessimism Removal (CPR):    0.525ns

    Location             Delay type                Incr(ns)  Path(ns)    Netlist Resource(s)
  -------------------------------------------------------------------    -------------------
                         (clock trainer_1khz rise edge)
                                                      0.000     0.000 r  <hidden>
    B6                                                0.000     0.000 r  clk
                         net (fo=0)                   0.000     0.000    clk
    B6                   IBUF (Prop_ibuf_I_O)         0.268     0.268 r  clk_IBUF_inst/O
                         net (fo=1, routed)           0.808     1.075    clk_IBUF
    BUFGCTRL_X0Y16       BUFG (Prop_bufg_I_O)         0.026     1.101 r  clk_IBUF_BUFG_inst/O
                         net (fo=169, routed)         0.592     1.693    inputs/CLK
    SLICE_X82Y112        FDCE                                         r  inputs/sw_meta_reg[5]/C
  -------------------------------------------------------------------    -------------------
    SLICE_X82Y112        FDCE (Prop_fdce_C_Q)         0.141     1.834 r  inputs/sw_meta_reg[5]/Q
                         net (fo=1, routed)           0.062     1.896    inputs/sw_meta[5]
    SLICE_X82Y112        FDCE                                         r  inputs/sw_sync_reg[5]/D
  -------------------------------------------------------------------    -------------------

                         (clock trainer_1khz rise edge)
                                                      0.000     0.000 r  <hidden>
    B6                                                0.000     0.000 r  clk
                         net (fo=0)                   0.000     0.000    clk
    B6                   IBUF (Prop_ibuf_I_O)         0.456     0.456 r  clk_IBUF_inst/O
                         net (fo=1, routed)           0.871     1.327    clk_IBUF
    BUFGCTRL_X0Y16       BUFG (Prop_bufg_I_O)         0.029     1.356 r  clk_IBUF_BUFG_inst/O
                         net (fo=169, routed)         0.863     2.218    inputs/CLK
    SLICE_X82Y112        FDCE                                         r  inputs/sw_sync_reg[5]/C
                         clock pessimism             -0.525     1.693    <hidden>
    SLICE_X82Y112        FDCE (Hold_fdce_C_D)         0.078     1.771    inputs/sw_sync_reg[5]
  -------------------------------------------------------------------
                         required time                         -1.771    <hidden>
                         arrival time                           1.896    <hidden>
  -------------------------------------------------------------------
                         slack                                  0.125    <hidden>

Slack (MET) :             0.126ns  (arrival time - required time)
  Source:                 inputs/sw_meta_reg[4]/C
                            (rising edge-triggered cell FDCE clocked by trainer_1khz  {rise@0.000ns fall@500000.031ns period=1000000.000ns})
  Destination:            inputs/sw_sync_reg[4]/D
                            (rising edge-triggered cell FDCE clocked by trainer_1khz  {rise@0.000ns fall@500000.031ns period=1000000.000ns})
  Path Group:             trainer_1khz
  Path Type:              Hold (Min at Fast Process Corner)
  Requirement:            0.000ns  (trainer_1khz rise@0.000ns - trainer_1khz rise@0.000ns)
  Data Path Delay:        0.197ns  (logic 0.141ns (71.611%)  route 0.056ns (28.389%))
  Logic Levels:           0  
  Clock Path Skew:        0.000ns (DCD - SCD - CPR)
    Destination Clock Delay (DCD):    2.217ns
    Source Clock Delay      (SCD):    1.692ns
    Clock Pessimism Removal (CPR):    0.525ns

    Location             Delay type                Incr(ns)  Path(ns)    Netlist Resource(s)
  -------------------------------------------------------------------    -------------------
                         (clock trainer_1khz rise edge)
                                                      0.000     0.000 r  <hidden>
    B6                                                0.000     0.000 r  clk
                         net (fo=0)                   0.000     0.000    clk
    B6                   IBUF (Prop_ibuf_I_O)         0.268     0.268 r  clk_IBUF_inst/O
                         net (fo=1, routed)           0.808     1.075    clk_IBUF
    BUFGCTRL_X0Y16       BUFG (Prop_bufg_I_O)         0.026     1.101 r  clk_IBUF_BUFG_inst/O
                         net (fo=169, routed)         0.591     1.692    inputs/CLK
    SLICE_X81Y112        FDCE                                         r  inputs/sw_meta_reg[4]/C
  -------------------------------------------------------------------    -------------------
    SLICE_X81Y112        FDCE (Prop_fdce_C_Q)         0.141     1.833 r  inputs/sw_meta_reg[4]/Q
                         net (fo=1, routed)           0.056     1.889    inputs/sw_meta[4]
    SLICE_X81Y112        FDCE                                         r  inputs/sw_sync_reg[4]/D
  -------------------------------------------------------------------    -------------------

                         (clock trainer_1khz rise edge)
                                                      0.000     0.000 r  <hidden>
    B6                                                0.000     0.000 r  clk
                         net (fo=0)                   0.000     0.000    clk
    B6                   IBUF (Prop_ibuf_I_O)         0.456     0.456 r  clk_IBUF_inst/O
                         net (fo=1, routed)           0.871     1.327    clk_IBUF
    BUFGCTRL_X0Y16       BUFG (Prop_bufg_I_O)         0.029     1.356 r  clk_IBUF_BUFG_inst/O
                         net (fo=169, routed)         0.862     2.217    inputs/CLK
    SLICE_X81Y112        FDCE                                         r  inputs/sw_sync_reg[4]/C
                         clock pessimism             -0.525     1.692    <hidden>
    SLICE_X81Y112        FDCE (Hold_fdce_C_D)         0.071     1.763    inputs/sw_sync_reg[4]
  -------------------------------------------------------------------
                         required time                         -1.763    <hidden>
                         arrival time                           1.889    <hidden>
  -------------------------------------------------------------------
                         slack                                  0.126    <hidden>

Slack (MET) :             0.128ns  (arrival time - required time)
  Source:                 inputs/sw_meta_reg[7]/C
                            (rising edge-triggered cell FDCE clocked by trainer_1khz  {rise@0.000ns fall@500000.031ns period=1000000.000ns})
  Destination:            inputs/sw_sync_reg[7]/D
                            (rising edge-triggered cell FDCE clocked by trainer_1khz  {rise@0.000ns fall@500000.031ns period=1000000.000ns})
  Path Group:             trainer_1khz
  Path Type:              Hold (Min at Fast Process Corner)
  Requirement:            0.000ns  (trainer_1khz rise@0.000ns - trainer_1khz rise@0.000ns)
  Data Path Delay:        0.199ns  (logic 0.141ns (70.953%)  route 0.058ns (29.047%))
  Logic Levels:           0  
  Clock Path Skew:        0.000ns (DCD - SCD - CPR)
    Destination Clock Delay (DCD):    2.218ns
    Source Clock Delay      (SCD):    1.693ns
    Clock Pessimism Removal (CPR):    0.525ns

    Location             Delay type                Incr(ns)  Path(ns)    Netlist Resource(s)
  -------------------------------------------------------------------    -------------------
                         (clock trainer_1khz rise edge)
                                                      0.000     0.000 r  <hidden>
    B6                                                0.000     0.000 r  clk
                         net (fo=0)                   0.000     0.000    clk
    B6                   IBUF (Prop_ibuf_I_O)         0.268     0.268 r  clk_IBUF_inst/O
                         net (fo=1, routed)           0.808     1.075    clk_IBUF
    BUFGCTRL_X0Y16       BUFG (Prop_bufg_I_O)         0.026     1.101 r  clk_IBUF_BUFG_inst/O
                         net (fo=169, routed)         0.592     1.693    inputs/CLK
    SLICE_X82Y112        FDCE                                         r  inputs/sw_meta_reg[7]/C
  -------------------------------------------------------------------    -------------------
    SLICE_X82Y112        FDCE (Prop_fdce_C_Q)         0.141     1.834 r  inputs/sw_meta_reg[7]/Q
                         net (fo=1, routed)           0.058     1.892    inputs/sw_meta[7]
    SLICE_X82Y112        FDCE                                         r  inputs/sw_sync_reg[7]/D
  -------------------------------------------------------------------    -------------------

                         (clock trainer_1khz rise edge)
                                                      0.000     0.000 r  <hidden>
    B6                                                0.000     0.000 r  clk
                         net (fo=0)                   0.000     0.000    clk
    B6                   IBUF (Prop_ibuf_I_O)         0.456     0.456 r  clk_IBUF_inst/O
                         net (fo=1, routed)           0.871     1.327    clk_IBUF
    BUFGCTRL_X0Y16       BUFG (Prop_bufg_I_O)         0.029     1.356 r  clk_IBUF_BUFG_inst/O
                         net (fo=169, routed)         0.863     2.218    inputs/CLK
    SLICE_X82Y112        FDCE                                         r  inputs/sw_sync_reg[7]/C
                         clock pessimism             -0.525     1.693    <hidden>
    SLICE_X82Y112        FDCE (Hold_fdce_C_D)         0.071     1.764    inputs/sw_sync_reg[7]
  -------------------------------------------------------------------
                         required time                         -1.764    <hidden>
                         arrival time                           1.892    <hidden>
  -------------------------------------------------------------------
                         slack                                  0.128    <hidden>

Slack (MET) :             0.131ns  (arrival time - required time)
  Source:                 inputs/reset_pipe_reg[0]/C
                            (rising edge-triggered cell FDPE clocked by trainer_1khz  {rise@0.000ns fall@500000.031ns period=1000000.000ns})
  Destination:            inputs/reset_pipe_reg[1]/D
                            (rising edge-triggered cell FDPE clocked by trainer_1khz  {rise@0.000ns fall@500000.031ns period=1000000.000ns})
  Path Group:             trainer_1khz
  Path Type:              Hold (Min at Fast Process Corner)
  Requirement:            0.000ns  (trainer_1khz rise@0.000ns - trainer_1khz rise@0.000ns)
  Data Path Delay:        0.206ns  (logic 0.141ns (68.336%)  route 0.065ns (31.664%))
  Logic Levels:           0  
  Clock Path Skew:        0.000ns (DCD - SCD - CPR)
    Destination Clock Delay (DCD):    2.217ns
    Source Clock Delay      (SCD):    1.692ns
    Clock Pessimism Removal (CPR):    0.525ns

    Location             Delay type                Incr(ns)  Path(ns)    Netlist Resource(s)
  -------------------------------------------------------------------    -------------------
                         (clock trainer_1khz rise edge)
                                                      0.000     0.000 r  <hidden>
    B6                                                0.000     0.000 r  clk
                         net (fo=0)                   0.000     0.000    clk
    B6                   IBUF (Prop_ibuf_I_O)         0.268     0.268 r  clk_IBUF_inst/O
                         net (fo=1, routed)           0.808     1.075    clk_IBUF
    BUFGCTRL_X0Y16       BUFG (Prop_bufg_I_O)         0.026     1.101 r  clk_IBUF_BUFG_inst/O
                         net (fo=169, routed)         0.591     1.692    inputs/CLK
    SLICE_X78Y112        FDPE                                         r  inputs/reset_pipe_reg[0]/C
  -------------------------------------------------------------------    -------------------
    SLICE_X78Y112        FDPE (Prop_fdpe_C_Q)         0.141     1.833 r  inputs/reset_pipe_reg[0]/Q
                         net (fo=1, routed)           0.065     1.898    inputs/reset_pipe[0]
    SLICE_X78Y112        FDPE                                         r  inputs/reset_pipe_reg[1]/D
  -------------------------------------------------------------------    -------------------

                         (clock trainer_1khz rise edge)
                                                      0.000     0.000 r  <hidden>
    B6                                                0.000     0.000 r  clk
                         net (fo=0)                   0.000     0.000    clk
    B6                   IBUF (Prop_ibuf_I_O)         0.456     0.456 r  clk_IBUF_inst/O
                         net (fo=1, routed)           0.871     1.327    clk_IBUF
    BUFGCTRL_X0Y16       BUFG (Prop_bufg_I_O)         0.029     1.356 r  clk_IBUF_BUFG_inst/O
                         net (fo=169, routed)         0.862     2.217    inputs/CLK
    SLICE_X78Y112        FDPE                                         r  inputs/reset_pipe_reg[1]/C
                         clock pessimism             -0.525     1.692    <hidden>
    SLICE_X78Y112        FDPE (Hold_fdpe_C_D)         0.075     1.767    inputs/reset_pipe_reg[1]
  -------------------------------------------------------------------
                         required time                         -1.767    <hidden>
                         arrival time                           1.898    <hidden>
  -------------------------------------------------------------------
                         slack                                  0.131    <hidden>

Slack (MET) :             0.131ns  (arrival time - required time)
  Source:                 inputs/sw_meta_reg[0]/C
                            (rising edge-triggered cell FDCE clocked by trainer_1khz  {rise@0.000ns fall@500000.031ns period=1000000.000ns})
  Destination:            inputs/sw_sync_reg[0]/D
                            (rising edge-triggered cell FDCE clocked by trainer_1khz  {rise@0.000ns fall@500000.031ns period=1000000.000ns})
  Path Group:             trainer_1khz
  Path Type:              Hold (Min at Fast Process Corner)
  Requirement:            0.000ns  (trainer_1khz rise@0.000ns - trainer_1khz rise@0.000ns)
  Data Path Delay:        0.206ns  (logic 0.141ns (68.336%)  route 0.065ns (31.664%))
  Logic Levels:           0  
  Clock Path Skew:        0.000ns (DCD - SCD - CPR)
    Destination Clock Delay (DCD):    2.218ns
    Source Clock Delay      (SCD):    1.693ns
    Clock Pessimism Removal (CPR):    0.525ns

    Location             Delay type                Incr(ns)  Path(ns)    Netlist Resource(s)
  -------------------------------------------------------------------    -------------------
                         (clock trainer_1khz rise edge)
                                                      0.000     0.000 r  <hidden>
    B6                                                0.000     0.000 r  clk
                         net (fo=0)                   0.000     0.000    clk
    B6                   IBUF (Prop_ibuf_I_O)         0.268     0.268 r  clk_IBUF_inst/O
                         net (fo=1, routed)           0.808     1.075    clk_IBUF
    BUFGCTRL_X0Y16       BUFG (Prop_bufg_I_O)         0.026     1.101 r  clk_IBUF_BUFG_inst/O
                         net (fo=169, routed)         0.592     1.693    inputs/CLK
    SLICE_X82Y112        FDCE                                         r  inputs/sw_meta_reg[0]/C
  -------------------------------------------------------------------    -------------------
    SLICE_X82Y112        FDCE (Prop_fdce_C_Q)         0.141     1.834 r  inputs/sw_meta_reg[0]/Q
                         net (fo=1, routed)           0.065     1.899    inputs/sw_meta[0]
    SLICE_X82Y112        FDCE                                         r  inputs/sw_sync_reg[0]/D
  -------------------------------------------------------------------    -------------------

                         (clock trainer_1khz rise edge)
                                                      0.000     0.000 r  <hidden>
    B6                                                0.000     0.000 r  clk
                         net (fo=0)                   0.000     0.000    clk
    B6                   IBUF (Prop_ibuf_I_O)         0.456     0.456 r  clk_IBUF_inst/O
                         net (fo=1, routed)           0.871     1.327    clk_IBUF
    BUFGCTRL_X0Y16       BUFG (Prop_bufg_I_O)         0.029     1.356 r  clk_IBUF_BUFG_inst/O
                         net (fo=169, routed)         0.863     2.218    inputs/CLK
    SLICE_X82Y112        FDCE                                         r  inputs/sw_sync_reg[0]/C
                         clock pessimism             -0.525     1.693    <hidden>
    SLICE_X82Y112        FDCE (Hold_fdce_C_D)         0.075     1.768    inputs/sw_sync_reg[0]
  -------------------------------------------------------------------
                         required time                         -1.768    <hidden>
                         arrival time                           1.899    <hidden>
  -------------------------------------------------------------------
                         slack                                  0.131    <hidden>

Slack (MET) :             0.160ns  (arrival time - required time)
  Source:                 step_input/sync1_reg/C
                            (rising edge-triggered cell FDCE clocked by trainer_1khz  {rise@0.000ns fall@500000.031ns period=1000000.000ns})
  Destination:            step_input/sync2_reg/D
                            (rising edge-triggered cell FDCE clocked by trainer_1khz  {rise@0.000ns fall@500000.031ns period=1000000.000ns})
  Path Group:             trainer_1khz
  Path Type:              Hold (Min at Fast Process Corner)
  Requirement:            0.000ns  (trainer_1khz rise@0.000ns - trainer_1khz rise@0.000ns)
  Data Path Delay:        0.220ns  (logic 0.164ns (74.580%)  route 0.056ns (25.420%))
  Logic Levels:           0  
  Clock Path Skew:        0.000ns (DCD - SCD - CPR)
    Destination Clock Delay (DCD):    2.215ns
    Source Clock Delay      (SCD):    1.691ns
    Clock Pessimism Removal (CPR):    0.524ns

    Location             Delay type                Incr(ns)  Path(ns)    Netlist Resource(s)
  -------------------------------------------------------------------    -------------------
                         (clock trainer_1khz rise edge)
                                                      0.000     0.000 r  <hidden>
    B6                                                0.000     0.000 r  clk
                         net (fo=0)                   0.000     0.000    clk
    B6                   IBUF (Prop_ibuf_I_O)         0.268     0.268 r  clk_IBUF_inst/O
                         net (fo=1, routed)           0.808     1.075    clk_IBUF
    BUFGCTRL_X0Y16       BUFG (Prop_bufg_I_O)         0.026     1.101 r  clk_IBUF_BUFG_inst/O
                         net (fo=169, routed)         0.590     1.691    step_input/CLK
    SLICE_X80Y115        FDCE                                         r  step_input/sync1_reg/C
  -------------------------------------------------------------------    -------------------
    SLICE_X80Y115        FDCE (Prop_fdce_C_Q)         0.164     1.855 r  step_input/sync1_reg/Q
                         net (fo=1, routed)           0.056     1.911    step_input/sync1
    SLICE_X80Y115        FDCE                                         r  step_input/sync2_reg/D
  -------------------------------------------------------------------    -------------------

                         (clock trainer_1khz rise edge)
                                                      0.000     0.000 r  <hidden>
    B6                                                0.000     0.000 r  clk
                         net (fo=0)                   0.000     0.000    clk
    B6                   IBUF (Prop_ibuf_I_O)         0.456     0.456 r  clk_IBUF_inst/O
                         net (fo=1, routed)           0.871     1.327    clk_IBUF
    BUFGCTRL_X0Y16       BUFG (Prop_bufg_I_O)         0.029     1.356 r  clk_IBUF_BUFG_inst/O
                         net (fo=169, routed)         0.860     2.215    step_input/CLK
    SLICE_X80Y115        FDCE                                         r  step_input/sync2_reg/C
                         clock pessimism             -0.524     1.691    <hidden>
    SLICE_X80Y115        FDCE (Hold_fdce_C_D)         0.060     1.751    step_input/sync2_reg
  -------------------------------------------------------------------
                         required time                         -1.751    <hidden>
                         arrival time                           1.911    <hidden>
  -------------------------------------------------------------------
                         slack                                  0.160    <hidden>

Slack (MET) :             0.164ns  (arrival time - required time)
  Source:                 divider/count_reg[5]/C
                            (rising edge-triggered cell FDRE clocked by trainer_1khz  {rise@0.000ns fall@500000.031ns period=1000000.000ns})
  Destination:            divider/count_reg[6]/D
                            (rising edge-triggered cell FDRE clocked by trainer_1khz  {rise@0.000ns fall@500000.031ns period=1000000.000ns})
  Path Group:             trainer_1khz
  Path Type:              Hold (Min at Fast Process Corner)
  Requirement:            0.000ns  (trainer_1khz rise@0.000ns - trainer_1khz rise@0.000ns)
  Data Path Delay:        0.268ns  (logic 0.186ns (69.512%)  route 0.082ns (30.488%))
  Logic Levels:           1  (LUT6=1)
  Clock Path Skew:        0.013ns (DCD - SCD - CPR)
    Destination Clock Delay (DCD):    2.220ns
    Source Clock Delay      (SCD):    1.694ns
    Clock Pessimism Removal (CPR):    0.513ns

    Location             Delay type                Incr(ns)  Path(ns)    Netlist Resource(s)
  -------------------------------------------------------------------    -------------------
                         (clock trainer_1khz rise edge)
                                                      0.000     0.000 r  <hidden>
    B6                                                0.000     0.000 r  clk
                         net (fo=0)                   0.000     0.000    clk
    B6                   IBUF (Prop_ibuf_I_O)         0.268     0.268 r  clk_IBUF_inst/O
                         net (fo=1, routed)           0.808     1.075    clk_IBUF
    BUFGCTRL_X0Y16       BUFG (Prop_bufg_I_O)         0.026     1.101 r  clk_IBUF_BUFG_inst/O
                         net (fo=169, routed)         0.593     1.694    divider/CLK
    SLICE_X83Y111        FDRE                                         r  divider/count_reg[5]/C
  -------------------------------------------------------------------    -------------------
    SLICE_X83Y111        FDRE (Prop_fdre_C_Q)         0.141     1.835 r  divider/count_reg[5]/Q
                         net (fo=8, routed)           0.082     1.917    divider/count_reg[5]
    SLICE_X82Y111        LUT6 (Prop_lut6_I4_O)        0.045     1.962 r  divider/count[6]_i_1__0/O
                         net (fo=1, routed)           0.000     1.962    divider/p_0_in[6]
    SLICE_X82Y111        FDRE                                         r  divider/count_reg[6]/D
  -------------------------------------------------------------------    -------------------

                         (clock trainer_1khz rise edge)
                                                      0.000     0.000 r  <hidden>
    B6                                                0.000     0.000 r  clk
                         net (fo=0)                   0.000     0.000    clk
    B6                   IBUF (Prop_ibuf_I_O)         0.456     0.456 r  clk_IBUF_inst/O
                         net (fo=1, routed)           0.871     1.327    clk_IBUF
    BUFGCTRL_X0Y16       BUFG (Prop_bufg_I_O)         0.029     1.356 r  clk_IBUF_BUFG_inst/O
                         net (fo=169, routed)         0.865     2.220    divider/CLK
    SLICE_X82Y111        FDRE                                         r  divider/count_reg[6]/C
                         clock pessimism             -0.513     1.707    <hidden>
    SLICE_X82Y111        FDRE (Hold_fdre_C_D)         0.091     1.798    divider/count_reg[6]
  -------------------------------------------------------------------
                         required time                         -1.798    <hidden>
                         arrival time                           1.962    <hidden>
  -------------------------------------------------------------------
                         slack                                  0.164    <hidden>





Pulse Width Checks
--------------------------------------------------------------------------------------
Clock Name:         trainer_1khz
Waveform(ns):       { 0.000 500000.031 }
Period(ns):         1000000.062
Sources:            { clk }

Check Type        Corner  Lib Pin  Reference Pin  Required(ns)  Actual(ns)   Slack(ns)   Location        Pin
Min Period        n/a     BUFG/I   n/a            2.155         1000000.047  999997.836  BUFGCTRL_X0Y16  clk_IBUF_BUFG_inst/I
Min Period        n/a     FDRE/C   n/a            1.000         1000000.047  999999.000  SLICE_X80Y114   mode_reg[0]/C
Min Period        n/a     FDRE/C   n/a            1.000         1000000.047  999999.000  SLICE_X80Y114   mode_reg[1]/C
Min Period        n/a     FDRE/C   n/a            1.000         1000000.047  999999.000  SLICE_X80Y114   mode_reg[2]/C
Min Period        n/a     FDRE/C   n/a            1.000         1000000.047  999999.000  SLICE_X84Y113   counter/value_reg[0]/C
Min Period        n/a     FDRE/C   n/a            1.000         1000000.047  999999.000  SLICE_X84Y113   counter/value_reg[1]/C
Min Period        n/a     FDRE/C   n/a            1.000         1000000.047  999999.000  SLICE_X84Y113   counter/value_reg[2]/C
Min Period        n/a     FDRE/C   n/a            1.000         1000000.047  999999.000  SLICE_X84Y113   counter/value_reg[3]/C
Min Period        n/a     FDPE/C   n/a            1.000         1000000.047  999999.000  SLICE_X80Y117   display/FSM_onehot_phase_reg[0]/C
Min Period        n/a     FDCE/C   n/a            1.000         1000000.047  999999.000  SLICE_X80Y117   display/FSM_onehot_phase_reg[1]/C
Low Pulse Width   Slow    FDRE/C   n/a            0.500         499999.907   499999.383  SLICE_X80Y114   mode_reg[0]/C
Low Pulse Width   Slow    FDRE/C   n/a            0.500         499999.907   499999.383  SLICE_X80Y114   mode_reg[1]/C
Low Pulse Width   Slow    FDRE/C   n/a            0.500         499999.907   499999.383  SLICE_X80Y114   mode_reg[2]/C
Low Pulse Width   Slow    FDRE/C   n/a            0.500         499999.907   499999.383  SLICE_X84Y113   counter/value_reg[0]/C
Low Pulse Width   Slow    FDRE/C   n/a            0.500         499999.907   499999.383  SLICE_X84Y113   counter/value_reg[1]/C
Low Pulse Width   Slow    FDRE/C   n/a            0.500         499999.907   499999.383  SLICE_X84Y113   counter/value_reg[2]/C
Low Pulse Width   Slow    FDRE/C   n/a            0.500         499999.907   499999.383  SLICE_X84Y113   counter/value_reg[3]/C
Low Pulse Width   Slow    FDPE/C   n/a            0.500         499999.907   499999.383  SLICE_X80Y117   display/FSM_onehot_phase_reg[0]/C
Low Pulse Width   Slow    FDCE/C   n/a            0.500         499999.907   499999.383  SLICE_X80Y117   display/FSM_onehot_phase_reg[1]/C
Low Pulse Width   Slow    FDCE/C   n/a            0.500         499999.907   499999.383  SLICE_X80Y117   display/FSM_onehot_phase_reg[2]/C
High Pulse Width  Fast    FDRE/C   n/a            0.500         500000.024   499999.500  SLICE_X80Y114   mode_reg[0]/C
High Pulse Width  Fast    FDRE/C   n/a            0.500         500000.024   499999.500  SLICE_X80Y114   mode_reg[1]/C
High Pulse Width  Fast    FDRE/C   n/a            0.500         500000.024   499999.500  SLICE_X80Y114   mode_reg[2]/C
High Pulse Width  Fast    FDRE/C   n/a            0.500         500000.024   499999.500  SLICE_X84Y113   counter/value_reg[0]/C
High Pulse Width  Fast    FDRE/C   n/a            0.500         500000.024   499999.500  SLICE_X84Y113   counter/value_reg[1]/C
High Pulse Width  Fast    FDRE/C   n/a            0.500         500000.024   499999.500  SLICE_X84Y113   counter/value_reg[2]/C
High Pulse Width  Fast    FDRE/C   n/a            0.500         500000.024   499999.500  SLICE_X84Y113   counter/value_reg[3]/C
High Pulse Width  Fast    FDPE/C   n/a            0.500         500000.024   499999.500  SLICE_X80Y117   display/FSM_onehot_phase_reg[0]/C
High Pulse Width  Fast    FDCE/C   n/a            0.500         500000.024   499999.500  SLICE_X80Y117   display/FSM_onehot_phase_reg[1]/C
High Pulse Width  Fast    FDCE/C   n/a            0.500         500000.024   499999.500  SLICE_X80Y117   display/FSM_onehot_phase_reg[2]/C



---------------------------------------------------------------------------------------------------
Path Group:  **async_default**
From Clock:  trainer_1khz
  To Clock:  trainer_1khz

Setup :            0  Failing Endpoints,  Worst Slack   999996.875ns,  Total Violation        0.000ns
Hold  :            0  Failing Endpoints,  Worst Slack        0.430ns,  Total Violation        0.000ns
---------------------------------------------------------------------------------------------------


Max Delay Paths
--------------------------------------------------------------------------------------
Slack (MET) :             999996.875ns  (required time - arrival time)
  Source:                 inputs/reset_pipe_reg[1]/C
                            (rising edge-triggered cell FDPE clocked by trainer_1khz  {rise@0.000ns fall@500000.031ns period=1000000.000ns})
  Destination:            step_input/count_reg[29]/CLR
                            (recovery check against rising-edge clock trainer_1khz  {rise@0.000ns fall@500000.031ns period=1000000.000ns})
  Path Group:             **async_default**
  Path Type:              Recovery (Max at Slow Process Corner)
  Requirement:            1000000.062ns  (trainer_1khz rise@1000000.062ns - trainer_1khz rise@0.000ns)
  Data Path Delay:        2.454ns  (logic 0.419ns (17.073%)  route 2.035ns (82.927%))
  Logic Levels:           0  
  Clock Path Skew:        -0.050ns (DCD - SCD + CPR)
    Destination Clock Delay (DCD):    5.282ns = ( 1000005.375 - 1000000.062 ) 
    Source Clock Delay      (SCD):    5.606ns
    Clock Pessimism Removal (CPR):    0.274ns
  Clock Uncertainty:      0.035ns  ((TSJ^2 + TIJ^2)^1/2 + DJ) / 2 + PE
    Total System Jitter     (TSJ):    0.071ns
    Total Input Jitter      (TIJ):    0.000ns
    Discrete Jitter          (DJ):    0.000ns
    Phase Error              (PE):    0.000ns

    Location             Delay type                Incr(ns)  Path(ns)    Netlist Resource(s)
  -------------------------------------------------------------------    -------------------
                         (clock trainer_1khz rise edge)
                                                      0.000     0.000 r  <hidden>
    B6                                                0.000     0.000 r  clk
                         net (fo=0)                   0.000     0.000    clk
    B6                   IBUF (Prop_ibuf_I_O)         1.500     1.500 r  clk_IBUF_inst/O
                         net (fo=1, routed)           2.315     3.815    clk_IBUF
    BUFGCTRL_X0Y16       BUFG (Prop_bufg_I_O)         0.096     3.911 r  clk_IBUF_BUFG_inst/O
                         net (fo=169, routed)         1.695     5.606    inputs/CLK
    SLICE_X78Y112        FDPE                                         r  inputs/reset_pipe_reg[1]/C
  -------------------------------------------------------------------    -------------------
    SLICE_X78Y112        FDPE (Prop_fdpe_C_Q)         0.419     6.025 f  inputs/reset_pipe_reg[1]/Q
                         net (fo=119, routed)         2.035     8.060    step_input/rst
    SLICE_X83Y122        FDCE                                         f  step_input/count_reg[29]/CLR
  -------------------------------------------------------------------    -------------------

                         (clock trainer_1khz rise edge)
                                                  1000000.062 1000000.062 r  <hidden>
    B6                                                0.000 1000000.062 r  clk
                         net (fo=0)                   0.000 1000000.062    clk
    B6                   IBUF (Prop_ibuf_I_O)         1.429 1000001.500 r  clk_IBUF_inst/O
                         net (fo=1, routed)           2.196 1000003.688    clk_IBUF
    BUFGCTRL_X0Y16       BUFG (Prop_bufg_I_O)         0.091 1000003.750 r  clk_IBUF_BUFG_inst/O
                         net (fo=169, routed)         1.566 1000005.312    step_input/CLK
    SLICE_X83Y122        FDCE                                         r  step_input/count_reg[29]/C
                         clock pessimism              0.274 1000005.562    <hidden>
                         clock uncertainty           -0.035 1000005.500    <hidden>
    SLICE_X83Y122        FDCE (Recov_fdce_C_CLR)     -0.580 1000004.938    step_input/count_reg[29]
  -------------------------------------------------------------------
                         required time                      1000004.938    <hidden>
                         arrival time                          -8.060    <hidden>
  -------------------------------------------------------------------
                         slack                              999996.875    <hidden>

Slack (MET) :             999996.875ns  (required time - arrival time)
  Source:                 inputs/reset_pipe_reg[1]/C
                            (rising edge-triggered cell FDPE clocked by trainer_1khz  {rise@0.000ns fall@500000.031ns period=1000000.000ns})
  Destination:            step_input/count_reg[30]/CLR
                            (recovery check against rising-edge clock trainer_1khz  {rise@0.000ns fall@500000.031ns period=1000000.000ns})
  Path Group:             **async_default**
  Path Type:              Recovery (Max at Slow Process Corner)
  Requirement:            1000000.062ns  (trainer_1khz rise@1000000.062ns - trainer_1khz rise@0.000ns)
  Data Path Delay:        2.454ns  (logic 0.419ns (17.073%)  route 2.035ns (82.927%))
  Logic Levels:           0  
  Clock Path Skew:        -0.050ns (DCD - SCD + CPR)
    Destination Clock Delay (DCD):    5.282ns = ( 1000005.375 - 1000000.062 ) 
    Source Clock Delay      (SCD):    5.606ns
    Clock Pessimism Removal (CPR):    0.274ns
  Clock Uncertainty:      0.035ns  ((TSJ^2 + TIJ^2)^1/2 + DJ) / 2 + PE
    Total System Jitter     (TSJ):    0.071ns
    Total Input Jitter      (TIJ):    0.000ns
    Discrete Jitter          (DJ):    0.000ns
    Phase Error              (PE):    0.000ns

    Location             Delay type                Incr(ns)  Path(ns)    Netlist Resource(s)
  -------------------------------------------------------------------    -------------------
                         (clock trainer_1khz rise edge)
                                                      0.000     0.000 r  <hidden>
    B6                                                0.000     0.000 r  clk
                         net (fo=0)                   0.000     0.000    clk
    B6                   IBUF (Prop_ibuf_I_O)         1.500     1.500 r  clk_IBUF_inst/O
                         net (fo=1, routed)           2.315     3.815    clk_IBUF
    BUFGCTRL_X0Y16       BUFG (Prop_bufg_I_O)         0.096     3.911 r  clk_IBUF_BUFG_inst/O
                         net (fo=169, routed)         1.695     5.606    inputs/CLK
    SLICE_X78Y112        FDPE                                         r  inputs/reset_pipe_reg[1]/C
  -------------------------------------------------------------------    -------------------
    SLICE_X78Y112        FDPE (Prop_fdpe_C_Q)         0.419     6.025 f  inputs/reset_pipe_reg[1]/Q
                         net (fo=119, routed)         2.035     8.060    step_input/rst
    SLICE_X83Y122        FDCE                                         f  step_input/count_reg[30]/CLR
  -------------------------------------------------------------------    -------------------

                         (clock trainer_1khz rise edge)
                                                  1000000.062 1000000.062 r  <hidden>
    B6                                                0.000 1000000.062 r  clk
                         net (fo=0)                   0.000 1000000.062    clk
    B6                   IBUF (Prop_ibuf_I_O)         1.429 1000001.500 r  clk_IBUF_inst/O
                         net (fo=1, routed)           2.196 1000003.688    clk_IBUF
    BUFGCTRL_X0Y16       BUFG (Prop_bufg_I_O)         0.091 1000003.750 r  clk_IBUF_BUFG_inst/O
                         net (fo=169, routed)         1.566 1000005.312    step_input/CLK
    SLICE_X83Y122        FDCE                                         r  step_input/count_reg[30]/C
                         clock pessimism              0.274 1000005.562    <hidden>
                         clock uncertainty           -0.035 1000005.500    <hidden>
    SLICE_X83Y122        FDCE (Recov_fdce_C_CLR)     -0.580 1000004.938    step_input/count_reg[30]
  -------------------------------------------------------------------
                         required time                      1000004.938    <hidden>
                         arrival time                          -8.060    <hidden>
  -------------------------------------------------------------------
                         slack                              999996.875    <hidden>

Slack (MET) :             999996.875ns  (required time - arrival time)
  Source:                 inputs/reset_pipe_reg[1]/C
                            (rising edge-triggered cell FDPE clocked by trainer_1khz  {rise@0.000ns fall@500000.031ns period=1000000.000ns})
  Destination:            step_input/count_reg[31]/CLR
                            (recovery check against rising-edge clock trainer_1khz  {rise@0.000ns fall@500000.031ns period=1000000.000ns})
  Path Group:             **async_default**
  Path Type:              Recovery (Max at Slow Process Corner)
  Requirement:            1000000.062ns  (trainer_1khz rise@1000000.062ns - trainer_1khz rise@0.000ns)
  Data Path Delay:        2.454ns  (logic 0.419ns (17.073%)  route 2.035ns (82.927%))
  Logic Levels:           0  
  Clock Path Skew:        -0.050ns (DCD - SCD + CPR)
    Destination Clock Delay (DCD):    5.282ns = ( 1000005.375 - 1000000.062 ) 
    Source Clock Delay      (SCD):    5.606ns
    Clock Pessimism Removal (CPR):    0.274ns
  Clock Uncertainty:      0.035ns  ((TSJ^2 + TIJ^2)^1/2 + DJ) / 2 + PE
    Total System Jitter     (TSJ):    0.071ns
    Total Input Jitter      (TIJ):    0.000ns
    Discrete Jitter          (DJ):    0.000ns
    Phase Error              (PE):    0.000ns

    Location             Delay type                Incr(ns)  Path(ns)    Netlist Resource(s)
  -------------------------------------------------------------------    -------------------
                         (clock trainer_1khz rise edge)
                                                      0.000     0.000 r  <hidden>
    B6                                                0.000     0.000 r  clk
                         net (fo=0)                   0.000     0.000    clk
    B6                   IBUF (Prop_ibuf_I_O)         1.500     1.500 r  clk_IBUF_inst/O
                         net (fo=1, routed)           2.315     3.815    clk_IBUF
    BUFGCTRL_X0Y16       BUFG (Prop_bufg_I_O)         0.096     3.911 r  clk_IBUF_BUFG_inst/O
                         net (fo=169, routed)         1.695     5.606    inputs/CLK
    SLICE_X78Y112        FDPE                                         r  inputs/reset_pipe_reg[1]/C
  -------------------------------------------------------------------    -------------------
    SLICE_X78Y112        FDPE (Prop_fdpe_C_Q)         0.419     6.025 f  inputs/reset_pipe_reg[1]/Q
                         net (fo=119, routed)         2.035     8.060    step_input/rst
    SLICE_X83Y122        FDCE                                         f  step_input/count_reg[31]/CLR
  -------------------------------------------------------------------    -------------------

                         (clock trainer_1khz rise edge)
                                                  1000000.062 1000000.062 r  <hidden>
    B6                                                0.000 1000000.062 r  clk
                         net (fo=0)                   0.000 1000000.062    clk
    B6                   IBUF (Prop_ibuf_I_O)         1.429 1000001.500 r  clk_IBUF_inst/O
                         net (fo=1, routed)           2.196 1000003.688    clk_IBUF
    BUFGCTRL_X0Y16       BUFG (Prop_bufg_I_O)         0.091 1000003.750 r  clk_IBUF_BUFG_inst/O
                         net (fo=169, routed)         1.566 1000005.312    step_input/CLK
    SLICE_X83Y122        FDCE                                         r  step_input/count_reg[31]/C
                         clock pessimism              0.274 1000005.562    <hidden>
                         clock uncertainty           -0.035 1000005.500    <hidden>
    SLICE_X83Y122        FDCE (Recov_fdce_C_CLR)     -0.580 1000004.938    step_input/count_reg[31]
  -------------------------------------------------------------------
                         required time                      1000004.938    <hidden>
                         arrival time                          -8.060    <hidden>
  -------------------------------------------------------------------
                         slack                              999996.875    <hidden>

Slack (MET) :             999997.000ns  (required time - arrival time)
  Source:                 inputs/reset_pipe_reg[1]/C
                            (rising edge-triggered cell FDPE clocked by trainer_1khz  {rise@0.000ns fall@500000.031ns period=1000000.000ns})
  Destination:            display/shown_mode_reg[2]/CLR
                            (recovery check against rising-edge clock trainer_1khz  {rise@0.000ns fall@500000.031ns period=1000000.000ns})
  Path Group:             **async_default**
  Path Type:              Recovery (Max at Slow Process Corner)
  Requirement:            1000000.062ns  (trainer_1khz rise@1000000.062ns - trainer_1khz rise@0.000ns)
  Data Path Delay:        2.356ns  (logic 0.419ns (17.785%)  route 1.937ns (82.215%))
  Logic Levels:           0  
  Clock Path Skew:        -0.032ns (DCD - SCD + CPR)
    Destination Clock Delay (DCD):    5.284ns = ( 1000005.375 - 1000000.062 ) 
    Source Clock Delay      (SCD):    5.606ns
    Clock Pessimism Removal (CPR):    0.290ns
  Clock Uncertainty:      0.035ns  ((TSJ^2 + TIJ^2)^1/2 + DJ) / 2 + PE
    Total System Jitter     (TSJ):    0.071ns
    Total Input Jitter      (TIJ):    0.000ns
    Discrete Jitter          (DJ):    0.000ns
    Phase Error              (PE):    0.000ns

    Location             Delay type                Incr(ns)  Path(ns)    Netlist Resource(s)
  -------------------------------------------------------------------    -------------------
                         (clock trainer_1khz rise edge)
                                                      0.000     0.000 r  <hidden>
    B6                                                0.000     0.000 r  clk
                         net (fo=0)                   0.000     0.000    clk
    B6                   IBUF (Prop_ibuf_I_O)         1.500     1.500 r  clk_IBUF_inst/O
                         net (fo=1, routed)           2.315     3.815    clk_IBUF
    BUFGCTRL_X0Y16       BUFG (Prop_bufg_I_O)         0.096     3.911 r  clk_IBUF_BUFG_inst/O
                         net (fo=169, routed)         1.695     5.606    inputs/CLK
    SLICE_X78Y112        FDPE                                         r  inputs/reset_pipe_reg[1]/C
  -------------------------------------------------------------------    -------------------
    SLICE_X78Y112        FDPE (Prop_fdpe_C_Q)         0.419     6.025 f  inputs/reset_pipe_reg[1]/Q
                         net (fo=119, routed)         1.937     7.962    display/reset
    SLICE_X81Y120        FDCE                                         f  display/shown_mode_reg[2]/CLR
  -------------------------------------------------------------------    -------------------

                         (clock trainer_1khz rise edge)
                                                  1000000.062 1000000.062 r  <hidden>
    B6                                                0.000 1000000.062 r  clk
                         net (fo=0)                   0.000 1000000.062    clk
    B6                   IBUF (Prop_ibuf_I_O)         1.429 1000001.500 r  clk_IBUF_inst/O
                         net (fo=1, routed)           2.196 1000003.688    clk_IBUF
    BUFGCTRL_X0Y16       BUFG (Prop_bufg_I_O)         0.091 1000003.750 r  clk_IBUF_BUFG_inst/O
                         net (fo=169, routed)         1.568 1000005.312    display/CLK
    SLICE_X81Y120        FDCE                                         r  display/shown_mode_reg[2]/C
                         clock pessimism              0.290 1000005.625    <hidden>
                         clock uncertainty           -0.035 1000005.562    <hidden>
    SLICE_X81Y120        FDCE (Recov_fdce_C_CLR)     -0.580 1000005.000    display/shown_mode_reg[2]
  -------------------------------------------------------------------
                         required time                      1000004.938    <hidden>
                         arrival time                          -7.962    <hidden>
  -------------------------------------------------------------------
                         slack                              999997.000    <hidden>

Slack (MET) :             999997.000ns  (required time - arrival time)
  Source:                 inputs/reset_pipe_reg[1]/C
                            (rising edge-triggered cell FDPE clocked by trainer_1khz  {rise@0.000ns fall@500000.031ns period=1000000.000ns})
  Destination:            step_input/count_reg[25]/CLR
                            (recovery check against rising-edge clock trainer_1khz  {rise@0.000ns fall@500000.031ns period=1000000.000ns})
  Path Group:             **async_default**
  Path Type:              Recovery (Max at Slow Process Corner)
  Requirement:            1000000.062ns  (trainer_1khz rise@1000000.062ns - trainer_1khz rise@0.000ns)
  Data Path Delay:        2.316ns  (logic 0.419ns (18.094%)  route 1.897ns (81.906%))
  Logic Levels:           0  
  Clock Path Skew:        -0.048ns (DCD - SCD + CPR)
    Destination Clock Delay (DCD):    5.284ns = ( 1000005.375 - 1000000.062 ) 
    Source Clock Delay      (SCD):    5.606ns
    Clock Pessimism Removal (CPR):    0.274ns
  Clock Uncertainty:      0.035ns  ((TSJ^2 + TIJ^2)^1/2 + DJ) / 2 + PE
    Total System Jitter     (TSJ):    0.071ns
    Total Input Jitter      (TIJ):    0.000ns
    Discrete Jitter          (DJ):    0.000ns
    Phase Error              (PE):    0.000ns

    Location             Delay type                Incr(ns)  Path(ns)    Netlist Resource(s)
  -------------------------------------------------------------------    -------------------
                         (clock trainer_1khz rise edge)
                                                      0.000     0.000 r  <hidden>
    B6                                                0.000     0.000 r  clk
                         net (fo=0)                   0.000     0.000    clk
    B6                   IBUF (Prop_ibuf_I_O)         1.500     1.500 r  clk_IBUF_inst/O
                         net (fo=1, routed)           2.315     3.815    clk_IBUF
    BUFGCTRL_X0Y16       BUFG (Prop_bufg_I_O)         0.096     3.911 r  clk_IBUF_BUFG_inst/O
                         net (fo=169, routed)         1.695     5.606    inputs/CLK
    SLICE_X78Y112        FDPE                                         r  inputs/reset_pipe_reg[1]/C
  -------------------------------------------------------------------    -------------------
    SLICE_X78Y112        FDPE (Prop_fdpe_C_Q)         0.419     6.025 f  inputs/reset_pipe_reg[1]/Q
                         net (fo=119, routed)         1.897     7.922    step_input/rst
    SLICE_X83Y121        FDCE                                         f  step_input/count_reg[25]/CLR
  -------------------------------------------------------------------    -------------------

                         (clock trainer_1khz rise edge)
                                                  1000000.062 1000000.062 r  <hidden>
    B6                                                0.000 1000000.062 r  clk
                         net (fo=0)                   0.000 1000000.062    clk
    B6                   IBUF (Prop_ibuf_I_O)         1.429 1000001.500 r  clk_IBUF_inst/O
                         net (fo=1, routed)           2.196 1000003.688    clk_IBUF
    BUFGCTRL_X0Y16       BUFG (Prop_bufg_I_O)         0.091 1000003.750 r  clk_IBUF_BUFG_inst/O
                         net (fo=169, routed)         1.568 1000005.312    step_input/CLK
    SLICE_X83Y121        FDCE                                         r  step_input/count_reg[25]/C
                         clock pessimism              0.274 1000005.562    <hidden>
                         clock uncertainty           -0.035 1000005.500    <hidden>
    SLICE_X83Y121        FDCE (Recov_fdce_C_CLR)     -0.580 1000004.938    step_input/count_reg[25]
  -------------------------------------------------------------------
                         required time                      1000004.938    <hidden>
                         arrival time                          -7.922    <hidden>
  -------------------------------------------------------------------
                         slack                              999997.000    <hidden>

Slack (MET) :             999997.000ns  (required time - arrival time)
  Source:                 inputs/reset_pipe_reg[1]/C
                            (rising edge-triggered cell FDPE clocked by trainer_1khz  {rise@0.000ns fall@500000.031ns period=1000000.000ns})
  Destination:            step_input/count_reg[27]/CLR
                            (recovery check against rising-edge clock trainer_1khz  {rise@0.000ns fall@500000.031ns period=1000000.000ns})
  Path Group:             **async_default**
  Path Type:              Recovery (Max at Slow Process Corner)
  Requirement:            1000000.062ns  (trainer_1khz rise@1000000.062ns - trainer_1khz rise@0.000ns)
  Data Path Delay:        2.316ns  (logic 0.419ns (18.094%)  route 1.897ns (81.906%))
  Logic Levels:           0  
  Clock Path Skew:        -0.048ns (DCD - SCD + CPR)
    Destination Clock Delay (DCD):    5.284ns = ( 1000005.375 - 1000000.062 ) 
    Source Clock Delay      (SCD):    5.606ns
    Clock Pessimism Removal (CPR):    0.274ns
  Clock Uncertainty:      0.035ns  ((TSJ^2 + TIJ^2)^1/2 + DJ) / 2 + PE
    Total System Jitter     (TSJ):    0.071ns
    Total Input Jitter      (TIJ):    0.000ns
    Discrete Jitter          (DJ):    0.000ns
    Phase Error              (PE):    0.000ns

    Location             Delay type                Incr(ns)  Path(ns)    Netlist Resource(s)
  -------------------------------------------------------------------    -------------------
                         (clock trainer_1khz rise edge)
                                                      0.000     0.000 r  <hidden>
    B6                                                0.000     0.000 r  clk
                         net (fo=0)                   0.000     0.000    clk
    B6                   IBUF (Prop_ibuf_I_O)         1.500     1.500 r  clk_IBUF_inst/O
                         net (fo=1, routed)           2.315     3.815    clk_IBUF
    BUFGCTRL_X0Y16       BUFG (Prop_bufg_I_O)         0.096     3.911 r  clk_IBUF_BUFG_inst/O
                         net (fo=169, routed)         1.695     5.606    inputs/CLK
    SLICE_X78Y112        FDPE                                         r  inputs/reset_pipe_reg[1]/C
  -------------------------------------------------------------------    -------------------
    SLICE_X78Y112        FDPE (Prop_fdpe_C_Q)         0.419     6.025 f  inputs/reset_pipe_reg[1]/Q
                         net (fo=119, routed)         1.897     7.922    step_input/rst
    SLICE_X83Y121        FDCE                                         f  step_input/count_reg[27]/CLR
  -------------------------------------------------------------------    -------------------

                         (clock trainer_1khz rise edge)
                                                  1000000.062 1000000.062 r  <hidden>
    B6                                                0.000 1000000.062 r  clk
                         net (fo=0)                   0.000 1000000.062    clk
    B6                   IBUF (Prop_ibuf_I_O)         1.429 1000001.500 r  clk_IBUF_inst/O
                         net (fo=1, routed)           2.196 1000003.688    clk_IBUF
    BUFGCTRL_X0Y16       BUFG (Prop_bufg_I_O)         0.091 1000003.750 r  clk_IBUF_BUFG_inst/O
                         net (fo=169, routed)         1.568 1000005.312    step_input/CLK
    SLICE_X83Y121        FDCE                                         r  step_input/count_reg[27]/C
                         clock pessimism              0.274 1000005.562    <hidden>
                         clock uncertainty           -0.035 1000005.500    <hidden>
    SLICE_X83Y121        FDCE (Recov_fdce_C_CLR)     -0.580 1000004.938    step_input/count_reg[27]
  -------------------------------------------------------------------
                         required time                      1000004.938    <hidden>
                         arrival time                          -7.922    <hidden>
  -------------------------------------------------------------------
                         slack                              999997.000    <hidden>

Slack (MET) :             999997.000ns  (required time - arrival time)
  Source:                 inputs/reset_pipe_reg[1]/C
                            (rising edge-triggered cell FDPE clocked by trainer_1khz  {rise@0.000ns fall@500000.031ns period=1000000.000ns})
  Destination:            step_input/count_reg[28]/CLR
                            (recovery check against rising-edge clock trainer_1khz  {rise@0.000ns fall@500000.031ns period=1000000.000ns})
  Path Group:             **async_default**
  Path Type:              Recovery (Max at Slow Process Corner)
  Requirement:            1000000.062ns  (trainer_1khz rise@1000000.062ns - trainer_1khz rise@0.000ns)
  Data Path Delay:        2.316ns  (logic 0.419ns (18.094%)  route 1.897ns (81.906%))
  Logic Levels:           0  
  Clock Path Skew:        -0.048ns (DCD - SCD + CPR)
    Destination Clock Delay (DCD):    5.284ns = ( 1000005.375 - 1000000.062 ) 
    Source Clock Delay      (SCD):    5.606ns
    Clock Pessimism Removal (CPR):    0.274ns
  Clock Uncertainty:      0.035ns  ((TSJ^2 + TIJ^2)^1/2 + DJ) / 2 + PE
    Total System Jitter     (TSJ):    0.071ns
    Total Input Jitter      (TIJ):    0.000ns
    Discrete Jitter          (DJ):    0.000ns
    Phase Error              (PE):    0.000ns

    Location             Delay type                Incr(ns)  Path(ns)    Netlist Resource(s)
  -------------------------------------------------------------------    -------------------
                         (clock trainer_1khz rise edge)
                                                      0.000     0.000 r  <hidden>
    B6                                                0.000     0.000 r  clk
                         net (fo=0)                   0.000     0.000    clk
    B6                   IBUF (Prop_ibuf_I_O)         1.500     1.500 r  clk_IBUF_inst/O
                         net (fo=1, routed)           2.315     3.815    clk_IBUF
    BUFGCTRL_X0Y16       BUFG (Prop_bufg_I_O)         0.096     3.911 r  clk_IBUF_BUFG_inst/O
                         net (fo=169, routed)         1.695     5.606    inputs/CLK
    SLICE_X78Y112        FDPE                                         r  inputs/reset_pipe_reg[1]/C
  -------------------------------------------------------------------    -------------------
    SLICE_X78Y112        FDPE (Prop_fdpe_C_Q)         0.419     6.025 f  inputs/reset_pipe_reg[1]/Q
                         net (fo=119, routed)         1.897     7.922    step_input/rst
    SLICE_X83Y121        FDCE                                         f  step_input/count_reg[28]/CLR
  -------------------------------------------------------------------    -------------------

                         (clock trainer_1khz rise edge)
                                                  1000000.062 1000000.062 r  <hidden>
    B6                                                0.000 1000000.062 r  clk
                         net (fo=0)                   0.000 1000000.062    clk
    B6                   IBUF (Prop_ibuf_I_O)         1.429 1000001.500 r  clk_IBUF_inst/O
                         net (fo=1, routed)           2.196 1000003.688    clk_IBUF
    BUFGCTRL_X0Y16       BUFG (Prop_bufg_I_O)         0.091 1000003.750 r  clk_IBUF_BUFG_inst/O
                         net (fo=169, routed)         1.568 1000005.312    step_input/CLK
    SLICE_X83Y121        FDCE                                         r  step_input/count_reg[28]/C
                         clock pessimism              0.274 1000005.562    <hidden>
                         clock uncertainty           -0.035 1000005.500    <hidden>
    SLICE_X83Y121        FDCE (Recov_fdce_C_CLR)     -0.580 1000004.938    step_input/count_reg[28]
  -------------------------------------------------------------------
                         required time                      1000004.938    <hidden>
                         arrival time                          -7.922    <hidden>
  -------------------------------------------------------------------
                         slack                              999997.000    <hidden>

Slack (MET) :             999997.125ns  (required time - arrival time)
  Source:                 inputs/reset_pipe_reg[1]/C
                            (rising edge-triggered cell FDPE clocked by trainer_1khz  {rise@0.000ns fall@500000.031ns period=1000000.000ns})
  Destination:            display/index_reg[5]/CLR
                            (recovery check against rising-edge clock trainer_1khz  {rise@0.000ns fall@500000.031ns period=1000000.000ns})
  Path Group:             **async_default**
  Path Type:              Recovery (Max at Slow Process Corner)
  Requirement:            1000000.062ns  (trainer_1khz rise@1000000.062ns - trainer_1khz rise@0.000ns)
  Data Path Delay:        2.190ns  (logic 0.419ns (19.137%)  route 1.771ns (80.863%))
  Logic Levels:           0  
  Clock Path Skew:        -0.032ns (DCD - SCD + CPR)
    Destination Clock Delay (DCD):    5.284ns = ( 1000005.375 - 1000000.062 ) 
    Source Clock Delay      (SCD):    5.606ns
    Clock Pessimism Removal (CPR):    0.290ns
  Clock Uncertainty:      0.035ns  ((TSJ^2 + TIJ^2)^1/2 + DJ) / 2 + PE
    Total System Jitter     (TSJ):    0.071ns
    Total Input Jitter      (TIJ):    0.000ns
    Discrete Jitter          (DJ):    0.000ns
    Phase Error              (PE):    0.000ns

    Location             Delay type                Incr(ns)  Path(ns)    Netlist Resource(s)
  -------------------------------------------------------------------    -------------------
                         (clock trainer_1khz rise edge)
                                                      0.000     0.000 r  <hidden>
    B6                                                0.000     0.000 r  clk
                         net (fo=0)                   0.000     0.000    clk
    B6                   IBUF (Prop_ibuf_I_O)         1.500     1.500 r  clk_IBUF_inst/O
                         net (fo=1, routed)           2.315     3.815    clk_IBUF
    BUFGCTRL_X0Y16       BUFG (Prop_bufg_I_O)         0.096     3.911 r  clk_IBUF_BUFG_inst/O
                         net (fo=169, routed)         1.695     5.606    inputs/CLK
    SLICE_X78Y112        FDPE                                         r  inputs/reset_pipe_reg[1]/C
  -------------------------------------------------------------------    -------------------
    SLICE_X78Y112        FDPE (Prop_fdpe_C_Q)         0.419     6.025 f  inputs/reset_pipe_reg[1]/Q
                         net (fo=119, routed)         1.771     7.796    display/reset
    SLICE_X81Y119        FDCE                                         f  display/index_reg[5]/CLR
  -------------------------------------------------------------------    -------------------

                         (clock trainer_1khz rise edge)
                                                  1000000.062 1000000.062 r  <hidden>
    B6                                                0.000 1000000.062 r  clk
                         net (fo=0)                   0.000 1000000.062    clk
    B6                   IBUF (Prop_ibuf_I_O)         1.429 1000001.500 r  clk_IBUF_inst/O
                         net (fo=1, routed)           2.196 1000003.688    clk_IBUF
    BUFGCTRL_X0Y16       BUFG (Prop_bufg_I_O)         0.091 1000003.750 r  clk_IBUF_BUFG_inst/O
                         net (fo=169, routed)         1.568 1000005.312    display/CLK
    SLICE_X81Y119        FDCE                                         r  display/index_reg[5]/C
                         clock pessimism              0.290 1000005.625    <hidden>
                         clock uncertainty           -0.035 1000005.562    <hidden>
    SLICE_X81Y119        FDCE (Recov_fdce_C_CLR)     -0.580 1000005.000    display/index_reg[5]
  -------------------------------------------------------------------
                         required time                      1000004.938    <hidden>
                         arrival time                          -7.796    <hidden>
  -------------------------------------------------------------------
                         slack                              999997.125    <hidden>

Slack (MET) :             999997.125ns  (required time - arrival time)
  Source:                 inputs/reset_pipe_reg[1]/C
                            (rising edge-triggered cell FDPE clocked by trainer_1khz  {rise@0.000ns fall@500000.031ns period=1000000.000ns})
  Destination:            display/shown_mode_reg[1]/CLR
                            (recovery check against rising-edge clock trainer_1khz  {rise@0.000ns fall@500000.031ns period=1000000.000ns})
  Path Group:             **async_default**
  Path Type:              Recovery (Max at Slow Process Corner)
  Requirement:            1000000.062ns  (trainer_1khz rise@1000000.062ns - trainer_1khz rise@0.000ns)
  Data Path Delay:        2.356ns  (logic 0.419ns (17.785%)  route 1.937ns (82.215%))
  Logic Levels:           0  
  Clock Path Skew:        -0.032ns (DCD - SCD + CPR)
    Destination Clock Delay (DCD):    5.284ns = ( 1000005.375 - 1000000.062 ) 
    Source Clock Delay      (SCD):    5.606ns
    Clock Pessimism Removal (CPR):    0.290ns
  Clock Uncertainty:      0.035ns  ((TSJ^2 + TIJ^2)^1/2 + DJ) / 2 + PE
    Total System Jitter     (TSJ):    0.071ns
    Total Input Jitter      (TIJ):    0.000ns
    Discrete Jitter          (DJ):    0.000ns
    Phase Error              (PE):    0.000ns

    Location             Delay type                Incr(ns)  Path(ns)    Netlist Resource(s)
  -------------------------------------------------------------------    -------------------
                         (clock trainer_1khz rise edge)
                                                      0.000     0.000 r  <hidden>
    B6                                                0.000     0.000 r  clk
                         net (fo=0)                   0.000     0.000    clk
    B6                   IBUF (Prop_ibuf_I_O)         1.500     1.500 r  clk_IBUF_inst/O
                         net (fo=1, routed)           2.315     3.815    clk_IBUF
    BUFGCTRL_X0Y16       BUFG (Prop_bufg_I_O)         0.096     3.911 r  clk_IBUF_BUFG_inst/O
                         net (fo=169, routed)         1.695     5.606    inputs/CLK
    SLICE_X78Y112        FDPE                                         r  inputs/reset_pipe_reg[1]/C
  -------------------------------------------------------------------    -------------------
    SLICE_X78Y112        FDPE (Prop_fdpe_C_Q)         0.419     6.025 f  inputs/reset_pipe_reg[1]/Q
                         net (fo=119, routed)         1.937     7.962    display/reset
    SLICE_X80Y120        FDCE                                         f  display/shown_mode_reg[1]/CLR
  -------------------------------------------------------------------    -------------------

                         (clock trainer_1khz rise edge)
                                                  1000000.062 1000000.062 r  <hidden>
    B6                                                0.000 1000000.062 r  clk
                         net (fo=0)                   0.000 1000000.062    clk
    B6                   IBUF (Prop_ibuf_I_O)         1.429 1000001.500 r  clk_IBUF_inst/O
                         net (fo=1, routed)           2.196 1000003.688    clk_IBUF
    BUFGCTRL_X0Y16       BUFG (Prop_bufg_I_O)         0.091 1000003.750 r  clk_IBUF_BUFG_inst/O
                         net (fo=169, routed)         1.568 1000005.312    display/CLK
    SLICE_X80Y120        FDCE                                         r  display/shown_mode_reg[1]/C
                         clock pessimism              0.290 1000005.625    <hidden>
                         clock uncertainty           -0.035 1000005.562    <hidden>
    SLICE_X80Y120        FDCE (Recov_fdce_C_CLR)     -0.494 1000005.062    display/shown_mode_reg[1]
  -------------------------------------------------------------------
                         required time                      1000005.062    <hidden>
                         arrival time                          -7.962    <hidden>
  -------------------------------------------------------------------
                         slack                              999997.125    <hidden>

Slack (MET) :             999997.125ns  (required time - arrival time)
  Source:                 inputs/reset_pipe_reg[1]/C
                            (rising edge-triggered cell FDPE clocked by trainer_1khz  {rise@0.000ns fall@500000.031ns period=1000000.000ns})
  Destination:            inputs/count_reg[1]/CLR
                            (recovery check against rising-edge clock trainer_1khz  {rise@0.000ns fall@500000.031ns period=1000000.000ns})
  Path Group:             **async_default**
  Path Type:              Recovery (Max at Slow Process Corner)
  Requirement:            1000000.062ns  (trainer_1khz rise@1000000.062ns - trainer_1khz rise@0.000ns)
  Data Path Delay:        2.241ns  (logic 0.419ns (18.694%)  route 1.822ns (81.306%))
  Logic Levels:           0  
  Clock Path Skew:        -0.048ns (DCD - SCD + CPR)
    Destination Clock Delay (DCD):    5.284ns = ( 1000005.375 - 1000000.062 ) 
    Source Clock Delay      (SCD):    5.606ns
    Clock Pessimism Removal (CPR):    0.274ns
  Clock Uncertainty:      0.035ns  ((TSJ^2 + TIJ^2)^1/2 + DJ) / 2 + PE
    Total System Jitter     (TSJ):    0.071ns
    Total Input Jitter      (TIJ):    0.000ns
    Discrete Jitter          (DJ):    0.000ns
    Phase Error              (PE):    0.000ns

    Location             Delay type                Incr(ns)  Path(ns)    Netlist Resource(s)
  -------------------------------------------------------------------    -------------------
                         (clock trainer_1khz rise edge)
                                                      0.000     0.000 r  <hidden>
    B6                                                0.000     0.000 r  clk
                         net (fo=0)                   0.000     0.000    clk
    B6                   IBUF (Prop_ibuf_I_O)         1.500     1.500 r  clk_IBUF_inst/O
                         net (fo=1, routed)           2.315     3.815    clk_IBUF
    BUFGCTRL_X0Y16       BUFG (Prop_bufg_I_O)         0.096     3.911 r  clk_IBUF_BUFG_inst/O
                         net (fo=169, routed)         1.695     5.606    inputs/CLK
    SLICE_X78Y112        FDPE                                         r  inputs/reset_pipe_reg[1]/C
  -------------------------------------------------------------------    -------------------
    SLICE_X78Y112        FDPE (Prop_fdpe_C_Q)         0.419     6.025 f  inputs/reset_pipe_reg[1]/Q
                         net (fo=119, routed)         1.822     7.848    inputs/reset_pipe[1]
    SLICE_X75Y111        FDCE                                         f  inputs/count_reg[1]/CLR
  -------------------------------------------------------------------    -------------------

                         (clock trainer_1khz rise edge)
                                                  1000000.062 1000000.062 r  <hidden>
    B6                                                0.000 1000000.062 r  clk
                         net (fo=0)                   0.000 1000000.062    clk
    B6                   IBUF (Prop_ibuf_I_O)         1.429 1000001.500 r  clk_IBUF_inst/O
                         net (fo=1, routed)           2.196 1000003.688    clk_IBUF
    BUFGCTRL_X0Y16       BUFG (Prop_bufg_I_O)         0.091 1000003.750 r  clk_IBUF_BUFG_inst/O
                         net (fo=169, routed)         1.568 1000005.312    inputs/CLK
    SLICE_X75Y111        FDCE                                         r  inputs/count_reg[1]/C
                         clock pessimism              0.274 1000005.562    <hidden>
                         clock uncertainty           -0.035 1000005.500    <hidden>
    SLICE_X75Y111        FDCE (Recov_fdce_C_CLR)     -0.580 1000004.938    inputs/count_reg[1]
  -------------------------------------------------------------------
                         required time                      1000004.938    <hidden>
                         arrival time                          -7.848    <hidden>
  -------------------------------------------------------------------
                         slack                              999997.125    <hidden>





Min Delay Paths
--------------------------------------------------------------------------------------
Slack (MET) :             0.430ns  (arrival time - required time)
  Source:                 inputs/reset_pipe_reg[1]/C
                            (rising edge-triggered cell FDPE clocked by trainer_1khz  {rise@0.000ns fall@500000.031ns period=1000000.000ns})
  Destination:            display/power_count_reg[4]/CLR
                            (removal check against rising-edge clock trainer_1khz  {rise@0.000ns fall@500000.031ns period=1000000.000ns})
  Path Group:             **async_default**
  Path Type:              Removal (Min at Fast Process Corner)
  Requirement:            0.000ns  (trainer_1khz rise@0.000ns - trainer_1khz rise@0.000ns)
  Data Path Delay:        0.298ns  (logic 0.128ns (42.883%)  route 0.170ns (57.117%))
  Logic Levels:           0  
  Clock Path Skew:        0.014ns (DCD - SCD - CPR)
    Destination Clock Delay (DCD):    2.216ns
    Source Clock Delay      (SCD):    1.692ns
    Clock Pessimism Removal (CPR):    0.510ns

    Location             Delay type                Incr(ns)  Path(ns)    Netlist Resource(s)
  -------------------------------------------------------------------    -------------------
                         (clock trainer_1khz rise edge)
                                                      0.000     0.000 r  <hidden>
    B6                                                0.000     0.000 r  clk
                         net (fo=0)                   0.000     0.000    clk
    B6                   IBUF (Prop_ibuf_I_O)         0.268     0.268 r  clk_IBUF_inst/O
                         net (fo=1, routed)           0.808     1.075    clk_IBUF
    BUFGCTRL_X0Y16       BUFG (Prop_bufg_I_O)         0.026     1.101 r  clk_IBUF_BUFG_inst/O
                         net (fo=169, routed)         0.591     1.692    inputs/CLK
    SLICE_X78Y112        FDPE                                         r  inputs/reset_pipe_reg[1]/C
  -------------------------------------------------------------------    -------------------
    SLICE_X78Y112        FDPE (Prop_fdpe_C_Q)         0.128     1.820 f  inputs/reset_pipe_reg[1]/Q
                         net (fo=119, routed)         0.170     1.991    display/reset
    SLICE_X79Y113        FDCE                                         f  display/power_count_reg[4]/CLR
  -------------------------------------------------------------------    -------------------

                         (clock trainer_1khz rise edge)
                                                      0.000     0.000 r  <hidden>
    B6                                                0.000     0.000 r  clk
                         net (fo=0)                   0.000     0.000    clk
    B6                   IBUF (Prop_ibuf_I_O)         0.456     0.456 r  clk_IBUF_inst/O
                         net (fo=1, routed)           0.871     1.327    clk_IBUF
    BUFGCTRL_X0Y16       BUFG (Prop_bufg_I_O)         0.029     1.356 r  clk_IBUF_BUFG_inst/O
                         net (fo=169, routed)         0.860     2.216    display/CLK
    SLICE_X79Y113        FDCE                                         r  display/power_count_reg[4]/C
                         clock pessimism             -0.510     1.706    <hidden>
    SLICE_X79Y113        FDCE (Remov_fdce_C_CLR)     -0.146     1.560    display/power_count_reg[4]
  -------------------------------------------------------------------
                         required time                         -1.560    <hidden>
                         arrival time                           1.991    <hidden>
  -------------------------------------------------------------------
                         slack                                  0.430    <hidden>

Slack (MET) :             0.430ns  (arrival time - required time)
  Source:                 inputs/reset_pipe_reg[1]/C
                            (rising edge-triggered cell FDPE clocked by trainer_1khz  {rise@0.000ns fall@500000.031ns period=1000000.000ns})
  Destination:            display/power_count_reg[5]/CLR
                            (removal check against rising-edge clock trainer_1khz  {rise@0.000ns fall@500000.031ns period=1000000.000ns})
  Path Group:             **async_default**
  Path Type:              Removal (Min at Fast Process Corner)
  Requirement:            0.000ns  (trainer_1khz rise@0.000ns - trainer_1khz rise@0.000ns)
  Data Path Delay:        0.298ns  (logic 0.128ns (42.883%)  route 0.170ns (57.117%))
  Logic Levels:           0  
  Clock Path Skew:        0.014ns (DCD - SCD - CPR)
    Destination Clock Delay (DCD):    2.216ns
    Source Clock Delay      (SCD):    1.692ns
    Clock Pessimism Removal (CPR):    0.510ns

    Location             Delay type                Incr(ns)  Path(ns)    Netlist Resource(s)
  -------------------------------------------------------------------    -------------------
                         (clock trainer_1khz rise edge)
                                                      0.000     0.000 r  <hidden>
    B6                                                0.000     0.000 r  clk
                         net (fo=0)                   0.000     0.000    clk
    B6                   IBUF (Prop_ibuf_I_O)         0.268     0.268 r  clk_IBUF_inst/O
                         net (fo=1, routed)           0.808     1.075    clk_IBUF
    BUFGCTRL_X0Y16       BUFG (Prop_bufg_I_O)         0.026     1.101 r  clk_IBUF_BUFG_inst/O
                         net (fo=169, routed)         0.591     1.692    inputs/CLK
    SLICE_X78Y112        FDPE                                         r  inputs/reset_pipe_reg[1]/C
  -------------------------------------------------------------------    -------------------
    SLICE_X78Y112        FDPE (Prop_fdpe_C_Q)         0.128     1.820 f  inputs/reset_pipe_reg[1]/Q
                         net (fo=119, routed)         0.170     1.991    display/reset
    SLICE_X79Y113        FDCE                                         f  display/power_count_reg[5]/CLR
  -------------------------------------------------------------------    -------------------

                         (clock trainer_1khz rise edge)
                                                      0.000     0.000 r  <hidden>
    B6                                                0.000     0.000 r  clk
                         net (fo=0)                   0.000     0.000    clk
    B6                   IBUF (Prop_ibuf_I_O)         0.456     0.456 r  clk_IBUF_inst/O
                         net (fo=1, routed)           0.871     1.327    clk_IBUF
    BUFGCTRL_X0Y16       BUFG (Prop_bufg_I_O)         0.029     1.356 r  clk_IBUF_BUFG_inst/O
                         net (fo=169, routed)         0.860     2.216    display/CLK
    SLICE_X79Y113        FDCE                                         r  display/power_count_reg[5]/C
                         clock pessimism             -0.510     1.706    <hidden>
    SLICE_X79Y113        FDCE (Remov_fdce_C_CLR)     -0.146     1.560    display/power_count_reg[5]
  -------------------------------------------------------------------
                         required time                         -1.560    <hidden>
                         arrival time                           1.991    <hidden>
  -------------------------------------------------------------------
                         slack                                  0.430    <hidden>

Slack (MET) :             0.430ns  (arrival time - required time)
  Source:                 inputs/reset_pipe_reg[1]/C
                            (rising edge-triggered cell FDPE clocked by trainer_1khz  {rise@0.000ns fall@500000.031ns period=1000000.000ns})
  Destination:            display/power_count_reg[6]/CLR
                            (removal check against rising-edge clock trainer_1khz  {rise@0.000ns fall@500000.031ns period=1000000.000ns})
  Path Group:             **async_default**
  Path Type:              Removal (Min at Fast Process Corner)
  Requirement:            0.000ns  (trainer_1khz rise@0.000ns - trainer_1khz rise@0.000ns)
  Data Path Delay:        0.298ns  (logic 0.128ns (42.883%)  route 0.170ns (57.117%))
  Logic Levels:           0  
  Clock Path Skew:        0.014ns (DCD - SCD - CPR)
    Destination Clock Delay (DCD):    2.216ns
    Source Clock Delay      (SCD):    1.692ns
    Clock Pessimism Removal (CPR):    0.510ns

    Location             Delay type                Incr(ns)  Path(ns)    Netlist Resource(s)
  -------------------------------------------------------------------    -------------------
                         (clock trainer_1khz rise edge)
                                                      0.000     0.000 r  <hidden>
    B6                                                0.000     0.000 r  clk
                         net (fo=0)                   0.000     0.000    clk
    B6                   IBUF (Prop_ibuf_I_O)         0.268     0.268 r  clk_IBUF_inst/O
                         net (fo=1, routed)           0.808     1.075    clk_IBUF
    BUFGCTRL_X0Y16       BUFG (Prop_bufg_I_O)         0.026     1.101 r  clk_IBUF_BUFG_inst/O
                         net (fo=169, routed)         0.591     1.692    inputs/CLK
    SLICE_X78Y112        FDPE                                         r  inputs/reset_pipe_reg[1]/C
  -------------------------------------------------------------------    -------------------
    SLICE_X78Y112        FDPE (Prop_fdpe_C_Q)         0.128     1.820 f  inputs/reset_pipe_reg[1]/Q
                         net (fo=119, routed)         0.170     1.991    display/reset
    SLICE_X79Y113        FDCE                                         f  display/power_count_reg[6]/CLR
  -------------------------------------------------------------------    -------------------

                         (clock trainer_1khz rise edge)
                                                      0.000     0.000 r  <hidden>
    B6                                                0.000     0.000 r  clk
                         net (fo=0)                   0.000     0.000    clk
    B6                   IBUF (Prop_ibuf_I_O)         0.456     0.456 r  clk_IBUF_inst/O
                         net (fo=1, routed)           0.871     1.327    clk_IBUF
    BUFGCTRL_X0Y16       BUFG (Prop_bufg_I_O)         0.029     1.356 r  clk_IBUF_BUFG_inst/O
                         net (fo=169, routed)         0.860     2.216    display/CLK
    SLICE_X79Y113        FDCE                                         r  display/power_count_reg[6]/C
                         clock pessimism             -0.510     1.706    <hidden>
    SLICE_X79Y113        FDCE (Remov_fdce_C_CLR)     -0.146     1.560    display/power_count_reg[6]
  -------------------------------------------------------------------
                         required time                         -1.560    <hidden>
                         arrival time                           1.991    <hidden>
  -------------------------------------------------------------------
                         slack                                  0.430    <hidden>

Slack (MET) :             0.430ns  (arrival time - required time)
  Source:                 inputs/reset_pipe_reg[1]/C
                            (rising edge-triggered cell FDPE clocked by trainer_1khz  {rise@0.000ns fall@500000.031ns period=1000000.000ns})
  Destination:            display/power_count_reg[7]/CLR
                            (removal check against rising-edge clock trainer_1khz  {rise@0.000ns fall@500000.031ns period=1000000.000ns})
  Path Group:             **async_default**
  Path Type:              Removal (Min at Fast Process Corner)
  Requirement:            0.000ns  (trainer_1khz rise@0.000ns - trainer_1khz rise@0.000ns)
  Data Path Delay:        0.298ns  (logic 0.128ns (42.883%)  route 0.170ns (57.117%))
  Logic Levels:           0  
  Clock Path Skew:        0.014ns (DCD - SCD - CPR)
    Destination Clock Delay (DCD):    2.216ns
    Source Clock Delay      (SCD):    1.692ns
    Clock Pessimism Removal (CPR):    0.510ns

    Location             Delay type                Incr(ns)  Path(ns)    Netlist Resource(s)
  -------------------------------------------------------------------    -------------------
                         (clock trainer_1khz rise edge)
                                                      0.000     0.000 r  <hidden>
    B6                                                0.000     0.000 r  clk
                         net (fo=0)                   0.000     0.000    clk
    B6                   IBUF (Prop_ibuf_I_O)         0.268     0.268 r  clk_IBUF_inst/O
                         net (fo=1, routed)           0.808     1.075    clk_IBUF
    BUFGCTRL_X0Y16       BUFG (Prop_bufg_I_O)         0.026     1.101 r  clk_IBUF_BUFG_inst/O
                         net (fo=169, routed)         0.591     1.692    inputs/CLK
    SLICE_X78Y112        FDPE                                         r  inputs/reset_pipe_reg[1]/C
  -------------------------------------------------------------------    -------------------
    SLICE_X78Y112        FDPE (Prop_fdpe_C_Q)         0.128     1.820 f  inputs/reset_pipe_reg[1]/Q
                         net (fo=119, routed)         0.170     1.991    display/reset
    SLICE_X79Y113        FDCE                                         f  display/power_count_reg[7]/CLR
  -------------------------------------------------------------------    -------------------

                         (clock trainer_1khz rise edge)
                                                      0.000     0.000 r  <hidden>
    B6                                                0.000     0.000 r  clk
                         net (fo=0)                   0.000     0.000    clk
    B6                   IBUF (Prop_ibuf_I_O)         0.456     0.456 r  clk_IBUF_inst/O
                         net (fo=1, routed)           0.871     1.327    clk_IBUF
    BUFGCTRL_X0Y16       BUFG (Prop_bufg_I_O)         0.029     1.356 r  clk_IBUF_BUFG_inst/O
                         net (fo=169, routed)         0.860     2.216    display/CLK
    SLICE_X79Y113        FDCE                                         r  display/power_count_reg[7]/C
                         clock pessimism             -0.510     1.706    <hidden>
    SLICE_X79Y113        FDCE (Remov_fdce_C_CLR)     -0.146     1.560    display/power_count_reg[7]
  -------------------------------------------------------------------
                         required time                         -1.560    <hidden>
                         arrival time                           1.991    <hidden>
  -------------------------------------------------------------------
                         slack                                  0.430    <hidden>

Slack (MET) :             0.441ns  (arrival time - required time)
  Source:                 inputs/reset_pipe_reg[1]/C
                            (rising edge-triggered cell FDPE clocked by trainer_1khz  {rise@0.000ns fall@500000.031ns period=1000000.000ns})
  Destination:            inputs/sw_meta_reg[0]/CLR
                            (removal check against rising-edge clock trainer_1khz  {rise@0.000ns fall@500000.031ns period=1000000.000ns})
  Path Group:             **async_default**
  Path Type:              Removal (Min at Fast Process Corner)
  Requirement:            0.000ns  (trainer_1khz rise@0.000ns - trainer_1khz rise@0.000ns)
  Data Path Delay:        0.333ns  (logic 0.128ns (38.490%)  route 0.205ns (61.510%))
  Logic Levels:           0  
  Clock Path Skew:        0.038ns (DCD - SCD - CPR)
    Destination Clock Delay (DCD):    2.218ns
    Source Clock Delay      (SCD):    1.692ns
    Clock Pessimism Removal (CPR):    0.488ns

    Location             Delay type                Incr(ns)  Path(ns)    Netlist Resource(s)
  -------------------------------------------------------------------    -------------------
                         (clock trainer_1khz rise edge)
                                                      0.000     0.000 r  <hidden>
    B6                                                0.000     0.000 r  clk
                         net (fo=0)                   0.000     0.000    clk
    B6                   IBUF (Prop_ibuf_I_O)         0.268     0.268 r  clk_IBUF_inst/O
                         net (fo=1, routed)           0.808     1.075    clk_IBUF
    BUFGCTRL_X0Y16       BUFG (Prop_bufg_I_O)         0.026     1.101 r  clk_IBUF_BUFG_inst/O
                         net (fo=169, routed)         0.591     1.692    inputs/CLK
    SLICE_X78Y112        FDPE                                         r  inputs/reset_pipe_reg[1]/C
  -------------------------------------------------------------------    -------------------
    SLICE_X78Y112        FDPE (Prop_fdpe_C_Q)         0.128     1.820 f  inputs/reset_pipe_reg[1]/Q
                         net (fo=119, routed)         0.205     2.025    inputs/reset_pipe[1]
    SLICE_X82Y112        FDCE                                         f  inputs/sw_meta_reg[0]/CLR
  -------------------------------------------------------------------    -------------------

                         (clock trainer_1khz rise edge)
                                                      0.000     0.000 r  <hidden>
    B6                                                0.000     0.000 r  clk
                         net (fo=0)                   0.000     0.000    clk
    B6                   IBUF (Prop_ibuf_I_O)         0.456     0.456 r  clk_IBUF_inst/O
                         net (fo=1, routed)           0.871     1.327    clk_IBUF
    BUFGCTRL_X0Y16       BUFG (Prop_bufg_I_O)         0.029     1.356 r  clk_IBUF_BUFG_inst/O
                         net (fo=169, routed)         0.863     2.218    inputs/CLK
    SLICE_X82Y112        FDCE                                         r  inputs/sw_meta_reg[0]/C
                         clock pessimism             -0.488     1.730    <hidden>
    SLICE_X82Y112        FDCE (Remov_fdce_C_CLR)     -0.146     1.584    inputs/sw_meta_reg[0]
  -------------------------------------------------------------------
                         required time                         -1.584    <hidden>
                         arrival time                           2.025    <hidden>
  -------------------------------------------------------------------
                         slack                                  0.441    <hidden>

Slack (MET) :             0.441ns  (arrival time - required time)
  Source:                 inputs/reset_pipe_reg[1]/C
                            (rising edge-triggered cell FDPE clocked by trainer_1khz  {rise@0.000ns fall@500000.031ns period=1000000.000ns})
  Destination:            inputs/sw_meta_reg[1]/CLR
                            (removal check against rising-edge clock trainer_1khz  {rise@0.000ns fall@500000.031ns period=1000000.000ns})
  Path Group:             **async_default**
  Path Type:              Removal (Min at Fast Process Corner)
  Requirement:            0.000ns  (trainer_1khz rise@0.000ns - trainer_1khz rise@0.000ns)
  Data Path Delay:        0.333ns  (logic 0.128ns (38.490%)  route 0.205ns (61.510%))
  Logic Levels:           0  
  Clock Path Skew:        0.038ns (DCD - SCD - CPR)
    Destination Clock Delay (DCD):    2.218ns
    Source Clock Delay      (SCD):    1.692ns
    Clock Pessimism Removal (CPR):    0.488ns

    Location             Delay type                Incr(ns)  Path(ns)    Netlist Resource(s)
  -------------------------------------------------------------------    -------------------
                         (clock trainer_1khz rise edge)
                                                      0.000     0.000 r  <hidden>
    B6                                                0.000     0.000 r  clk
                         net (fo=0)                   0.000     0.000    clk
    B6                   IBUF (Prop_ibuf_I_O)         0.268     0.268 r  clk_IBUF_inst/O
                         net (fo=1, routed)           0.808     1.075    clk_IBUF
    BUFGCTRL_X0Y16       BUFG (Prop_bufg_I_O)         0.026     1.101 r  clk_IBUF_BUFG_inst/O
                         net (fo=169, routed)         0.591     1.692    inputs/CLK
    SLICE_X78Y112        FDPE                                         r  inputs/reset_pipe_reg[1]/C
  -------------------------------------------------------------------    -------------------
    SLICE_X78Y112        FDPE (Prop_fdpe_C_Q)         0.128     1.820 f  inputs/reset_pipe_reg[1]/Q
                         net (fo=119, routed)         0.205     2.025    inputs/reset_pipe[1]
    SLICE_X82Y112        FDCE                                         f  inputs/sw_meta_reg[1]/CLR
  -------------------------------------------------------------------    -------------------

                         (clock trainer_1khz rise edge)
                                                      0.000     0.000 r  <hidden>
    B6                                                0.000     0.000 r  clk
                         net (fo=0)                   0.000     0.000    clk
    B6                   IBUF (Prop_ibuf_I_O)         0.456     0.456 r  clk_IBUF_inst/O
                         net (fo=1, routed)           0.871     1.327    clk_IBUF
    BUFGCTRL_X0Y16       BUFG (Prop_bufg_I_O)         0.029     1.356 r  clk_IBUF_BUFG_inst/O
                         net (fo=169, routed)         0.863     2.218    inputs/CLK
    SLICE_X82Y112        FDCE                                         r  inputs/sw_meta_reg[1]/C
                         clock pessimism             -0.488     1.730    <hidden>
    SLICE_X82Y112        FDCE (Remov_fdce_C_CLR)     -0.146     1.584    inputs/sw_meta_reg[1]
  -------------------------------------------------------------------
                         required time                         -1.584    <hidden>
                         arrival time                           2.025    <hidden>
  -------------------------------------------------------------------
                         slack                                  0.441    <hidden>

Slack (MET) :             0.441ns  (arrival time - required time)
  Source:                 inputs/reset_pipe_reg[1]/C
                            (rising edge-triggered cell FDPE clocked by trainer_1khz  {rise@0.000ns fall@500000.031ns period=1000000.000ns})
  Destination:            inputs/sw_meta_reg[5]/CLR
                            (removal check against rising-edge clock trainer_1khz  {rise@0.000ns fall@500000.031ns period=1000000.000ns})
  Path Group:             **async_default**
  Path Type:              Removal (Min at Fast Process Corner)
  Requirement:            0.000ns  (trainer_1khz rise@0.000ns - trainer_1khz rise@0.000ns)
  Data Path Delay:        0.333ns  (logic 0.128ns (38.490%)  route 0.205ns (61.510%))
  Logic Levels:           0  
  Clock Path Skew:        0.038ns (DCD - SCD - CPR)
    Destination Clock Delay (DCD):    2.218ns
    Source Clock Delay      (SCD):    1.692ns
    Clock Pessimism Removal (CPR):    0.488ns

    Location             Delay type                Incr(ns)  Path(ns)    Netlist Resource(s)
  -------------------------------------------------------------------    -------------------
                         (clock trainer_1khz rise edge)
                                                      0.000     0.000 r  <hidden>
    B6                                                0.000     0.000 r  clk
                         net (fo=0)                   0.000     0.000    clk
    B6                   IBUF (Prop_ibuf_I_O)         0.268     0.268 r  clk_IBUF_inst/O
                         net (fo=1, routed)           0.808     1.075    clk_IBUF
    BUFGCTRL_X0Y16       BUFG (Prop_bufg_I_O)         0.026     1.101 r  clk_IBUF_BUFG_inst/O
                         net (fo=169, routed)         0.591     1.692    inputs/CLK
    SLICE_X78Y112        FDPE                                         r  inputs/reset_pipe_reg[1]/C
  -------------------------------------------------------------------    -------------------
    SLICE_X78Y112        FDPE (Prop_fdpe_C_Q)         0.128     1.820 f  inputs/reset_pipe_reg[1]/Q
                         net (fo=119, routed)         0.205     2.025    inputs/reset_pipe[1]
    SLICE_X82Y112        FDCE                                         f  inputs/sw_meta_reg[5]/CLR
  -------------------------------------------------------------------    -------------------

                         (clock trainer_1khz rise edge)
                                                      0.000     0.000 r  <hidden>
    B6                                                0.000     0.000 r  clk
                         net (fo=0)                   0.000     0.000    clk
    B6                   IBUF (Prop_ibuf_I_O)         0.456     0.456 r  clk_IBUF_inst/O
                         net (fo=1, routed)           0.871     1.327    clk_IBUF
    BUFGCTRL_X0Y16       BUFG (Prop_bufg_I_O)         0.029     1.356 r  clk_IBUF_BUFG_inst/O
                         net (fo=169, routed)         0.863     2.218    inputs/CLK
    SLICE_X82Y112        FDCE                                         r  inputs/sw_meta_reg[5]/C
                         clock pessimism             -0.488     1.730    <hidden>
    SLICE_X82Y112        FDCE (Remov_fdce_C_CLR)     -0.146     1.584    inputs/sw_meta_reg[5]
  -------------------------------------------------------------------
                         required time                         -1.584    <hidden>
                         arrival time                           2.025    <hidden>
  -------------------------------------------------------------------
                         slack                                  0.441    <hidden>

Slack (MET) :             0.441ns  (arrival time - required time)
  Source:                 inputs/reset_pipe_reg[1]/C
                            (rising edge-triggered cell FDPE clocked by trainer_1khz  {rise@0.000ns fall@500000.031ns period=1000000.000ns})
  Destination:            inputs/sw_meta_reg[7]/CLR
                            (removal check against rising-edge clock trainer_1khz  {rise@0.000ns fall@500000.031ns period=1000000.000ns})
  Path Group:             **async_default**
  Path Type:              Removal (Min at Fast Process Corner)
  Requirement:            0.000ns  (trainer_1khz rise@0.000ns - trainer_1khz rise@0.000ns)
  Data Path Delay:        0.333ns  (logic 0.128ns (38.490%)  route 0.205ns (61.510%))
  Logic Levels:           0  
  Clock Path Skew:        0.038ns (DCD - SCD - CPR)
    Destination Clock Delay (DCD):    2.218ns
    Source Clock Delay      (SCD):    1.692ns
    Clock Pessimism Removal (CPR):    0.488ns

    Location             Delay type                Incr(ns)  Path(ns)    Netlist Resource(s)
  -------------------------------------------------------------------    -------------------
                         (clock trainer_1khz rise edge)
                                                      0.000     0.000 r  <hidden>
    B6                                                0.000     0.000 r  clk
                         net (fo=0)                   0.000     0.000    clk
    B6                   IBUF (Prop_ibuf_I_O)         0.268     0.268 r  clk_IBUF_inst/O
                         net (fo=1, routed)           0.808     1.075    clk_IBUF
    BUFGCTRL_X0Y16       BUFG (Prop_bufg_I_O)         0.026     1.101 r  clk_IBUF_BUFG_inst/O
                         net (fo=169, routed)         0.591     1.692    inputs/CLK
    SLICE_X78Y112        FDPE                                         r  inputs/reset_pipe_reg[1]/C
  -------------------------------------------------------------------    -------------------
    SLICE_X78Y112        FDPE (Prop_fdpe_C_Q)         0.128     1.820 f  inputs/reset_pipe_reg[1]/Q
                         net (fo=119, routed)         0.205     2.025    inputs/reset_pipe[1]
    SLICE_X82Y112        FDCE                                         f  inputs/sw_meta_reg[7]/CLR
  -------------------------------------------------------------------    -------------------

                         (clock trainer_1khz rise edge)
                                                      0.000     0.000 r  <hidden>
    B6                                                0.000     0.000 r  clk
                         net (fo=0)                   0.000     0.000    clk
    B6                   IBUF (Prop_ibuf_I_O)         0.456     0.456 r  clk_IBUF_inst/O
                         net (fo=1, routed)           0.871     1.327    clk_IBUF
    BUFGCTRL_X0Y16       BUFG (Prop_bufg_I_O)         0.029     1.356 r  clk_IBUF_BUFG_inst/O
                         net (fo=169, routed)         0.863     2.218    inputs/CLK
    SLICE_X82Y112        FDCE                                         r  inputs/sw_meta_reg[7]/C
                         clock pessimism             -0.488     1.730    <hidden>
    SLICE_X82Y112        FDCE (Remov_fdce_C_CLR)     -0.146     1.584    inputs/sw_meta_reg[7]
  -------------------------------------------------------------------
                         required time                         -1.584    <hidden>
                         arrival time                           2.025    <hidden>
  -------------------------------------------------------------------
                         slack                                  0.441    <hidden>

Slack (MET) :             0.441ns  (arrival time - required time)
  Source:                 inputs/reset_pipe_reg[1]/C
                            (rising edge-triggered cell FDPE clocked by trainer_1khz  {rise@0.000ns fall@500000.031ns period=1000000.000ns})
  Destination:            inputs/sw_sync_reg[0]/CLR
                            (removal check against rising-edge clock trainer_1khz  {rise@0.000ns fall@500000.031ns period=1000000.000ns})
  Path Group:             **async_default**
  Path Type:              Removal (Min at Fast Process Corner)
  Requirement:            0.000ns  (trainer_1khz rise@0.000ns - trainer_1khz rise@0.000ns)
  Data Path Delay:        0.333ns  (logic 0.128ns (38.490%)  route 0.205ns (61.510%))
  Logic Levels:           0  
  Clock Path Skew:        0.038ns (DCD - SCD - CPR)
    Destination Clock Delay (DCD):    2.218ns
    Source Clock Delay      (SCD):    1.692ns
    Clock Pessimism Removal (CPR):    0.488ns

    Location             Delay type                Incr(ns)  Path(ns)    Netlist Resource(s)
  -------------------------------------------------------------------    -------------------
                         (clock trainer_1khz rise edge)
                                                      0.000     0.000 r  <hidden>
    B6                                                0.000     0.000 r  clk
                         net (fo=0)                   0.000     0.000    clk
    B6                   IBUF (Prop_ibuf_I_O)         0.268     0.268 r  clk_IBUF_inst/O
                         net (fo=1, routed)           0.808     1.075    clk_IBUF
    BUFGCTRL_X0Y16       BUFG (Prop_bufg_I_O)         0.026     1.101 r  clk_IBUF_BUFG_inst/O
                         net (fo=169, routed)         0.591     1.692    inputs/CLK
    SLICE_X78Y112        FDPE                                         r  inputs/reset_pipe_reg[1]/C
  -------------------------------------------------------------------    -------------------
    SLICE_X78Y112        FDPE (Prop_fdpe_C_Q)         0.128     1.820 f  inputs/reset_pipe_reg[1]/Q
                         net (fo=119, routed)         0.205     2.025    inputs/reset_pipe[1]
    SLICE_X82Y112        FDCE                                         f  inputs/sw_sync_reg[0]/CLR
  -------------------------------------------------------------------    -------------------

                         (clock trainer_1khz rise edge)
                                                      0.000     0.000 r  <hidden>
    B6                                                0.000     0.000 r  clk
                         net (fo=0)                   0.000     0.000    clk
    B6                   IBUF (Prop_ibuf_I_O)         0.456     0.456 r  clk_IBUF_inst/O
                         net (fo=1, routed)           0.871     1.327    clk_IBUF
    BUFGCTRL_X0Y16       BUFG (Prop_bufg_I_O)         0.029     1.356 r  clk_IBUF_BUFG_inst/O
                         net (fo=169, routed)         0.863     2.218    inputs/CLK
    SLICE_X82Y112        FDCE                                         r  inputs/sw_sync_reg[0]/C
                         clock pessimism             -0.488     1.730    <hidden>
    SLICE_X82Y112        FDCE (Remov_fdce_C_CLR)     -0.146     1.584    inputs/sw_sync_reg[0]
  -------------------------------------------------------------------
                         required time                         -1.584    <hidden>
                         arrival time                           2.025    <hidden>
  -------------------------------------------------------------------
                         slack                                  0.441    <hidden>

Slack (MET) :             0.441ns  (arrival time - required time)
  Source:                 inputs/reset_pipe_reg[1]/C
                            (rising edge-triggered cell FDPE clocked by trainer_1khz  {rise@0.000ns fall@500000.031ns period=1000000.000ns})
  Destination:            inputs/sw_sync_reg[1]/CLR
                            (removal check against rising-edge clock trainer_1khz  {rise@0.000ns fall@500000.031ns period=1000000.000ns})
  Path Group:             **async_default**
  Path Type:              Removal (Min at Fast Process Corner)
  Requirement:            0.000ns  (trainer_1khz rise@0.000ns - trainer_1khz rise@0.000ns)
  Data Path Delay:        0.333ns  (logic 0.128ns (38.490%)  route 0.205ns (61.510%))
  Logic Levels:           0  
  Clock Path Skew:        0.038ns (DCD - SCD - CPR)
    Destination Clock Delay (DCD):    2.218ns
    Source Clock Delay      (SCD):    1.692ns
    Clock Pessimism Removal (CPR):    0.488ns

    Location             Delay type                Incr(ns)  Path(ns)    Netlist Resource(s)
  -------------------------------------------------------------------    -------------------
                         (clock trainer_1khz rise edge)
                                                      0.000     0.000 r  <hidden>
    B6                                                0.000     0.000 r  clk
                         net (fo=0)                   0.000     0.000    clk
    B6                   IBUF (Prop_ibuf_I_O)         0.268     0.268 r  clk_IBUF_inst/O
                         net (fo=1, routed)           0.808     1.075    clk_IBUF
    BUFGCTRL_X0Y16       BUFG (Prop_bufg_I_O)         0.026     1.101 r  clk_IBUF_BUFG_inst/O
                         net (fo=169, routed)         0.591     1.692    inputs/CLK
    SLICE_X78Y112        FDPE                                         r  inputs/reset_pipe_reg[1]/C
  -------------------------------------------------------------------    -------------------
    SLICE_X78Y112        FDPE (Prop_fdpe_C_Q)         0.128     1.820 f  inputs/reset_pipe_reg[1]/Q
                         net (fo=119, routed)         0.205     2.025    inputs/reset_pipe[1]
    SLICE_X82Y112        FDCE                                         f  inputs/sw_sync_reg[1]/CLR
  -------------------------------------------------------------------    -------------------

                         (clock trainer_1khz rise edge)
                                                      0.000     0.000 r  <hidden>
    B6                                                0.000     0.000 r  clk
                         net (fo=0)                   0.000     0.000    clk
    B6                   IBUF (Prop_ibuf_I_O)         0.456     0.456 r  clk_IBUF_inst/O
                         net (fo=1, routed)           0.871     1.327    clk_IBUF
    BUFGCTRL_X0Y16       BUFG (Prop_bufg_I_O)         0.029     1.356 r  clk_IBUF_BUFG_inst/O
                         net (fo=169, routed)         0.863     2.218    inputs/CLK
    SLICE_X82Y112        FDCE                                         r  inputs/sw_sync_reg[1]/C
                         clock pessimism             -0.488     1.730    <hidden>
    SLICE_X82Y112        FDCE (Remov_fdce_C_CLR)     -0.146     1.584    inputs/sw_sync_reg[1]
  -------------------------------------------------------------------
                         required time                         -1.584    <hidden>
                         arrival time                           2.025    <hidden>
  -------------------------------------------------------------------
                         slack                                  0.441    <hidden>





--------------------------------------------------------------------------------------
Path Group:  (none)
From Clock:  
  To Clock:  trainer_1khz

Max Delay            10 Endpoints
Min Delay            10 Endpoints
--------------------------------------------------------------------------------------


Max Delay Paths
--------------------------------------------------------------------------------------
Slack:                    inf
  Source:                 sw[4]
                            (input port)
  Destination:            inputs/sw_meta_reg[4]/D
                            (rising edge-triggered cell FDCE clocked by trainer_1khz  {rise@0.000ns fall@500000.031ns period=1000000.000ns})
  Path Group:             (none)
  Path Type:              Setup (Max at Slow Process Corner)
  Data Path Delay:        4.064ns  (logic 1.496ns (36.811%)  route 2.568ns (63.189%))
  Logic Levels:           1  (IBUF=1)
  Clock Path Skew:        5.291ns (DCD - SCD + CPR)
    Destination Clock Delay (DCD):    5.291ns
    Source Clock Delay      (SCD):    0.000ns
    Clock Pessimism Removal (CPR):    0.000ns
  Clock Uncertainty:      0.025ns  ((TSJ^2 + TIJ^2)^1/2 + DJ) / 2 + PE
    Total System Jitter     (TSJ):    0.050ns
    Total Input Jitter      (TIJ):    0.000ns
    Discrete Jitter          (DJ):    0.000ns
    Phase Error              (PE):    0.000ns
  Timing Exception:       False Path

    Location             Delay type                Incr(ns)  Path(ns)    Netlist Resource(s)
  -------------------------------------------------------------------    -------------------
    T1                                                0.000     0.000 r  sw[4]
                         net (fo=0)                   0.000     0.000    sw[4]
    T1                   IBUF (Prop_ibuf_I_O)         1.496     1.496 r  sw_IBUF[4]_inst/O
                         net (fo=1, routed)           2.568     4.064    inputs/sw_meta_reg[7]_0[4]
    SLICE_X81Y112        FDCE                                         r  inputs/sw_meta_reg[4]/D
  -------------------------------------------------------------------    -------------------

                         (clock trainer_1khz rise edge)
                                                      0.000     0.000 r  <hidden>
    B6                                                0.000     0.000 r  clk
                         net (fo=0)                   0.000     0.000    clk
    B6                   IBUF (Prop_ibuf_I_O)         1.429     1.429 r  clk_IBUF_inst/O
                         net (fo=1, routed)           2.196     3.625    clk_IBUF
    BUFGCTRL_X0Y16       BUFG (Prop_bufg_I_O)         0.091     3.716 r  clk_IBUF_BUFG_inst/O
                         net (fo=169, routed)         1.575     5.291    inputs/CLK
    SLICE_X81Y112        FDCE                                         r  inputs/sw_meta_reg[4]/C

Slack:                    inf
  Source:                 sw[6]
                            (input port)
  Destination:            inputs/sw_meta_reg[6]/D
                            (rising edge-triggered cell FDCE clocked by trainer_1khz  {rise@0.000ns fall@500000.031ns period=1000000.000ns})
  Path Group:             (none)
  Path Type:              Setup (Max at Slow Process Corner)
  Data Path Delay:        3.338ns  (logic 1.514ns (45.363%)  route 1.824ns (54.637%))
  Logic Levels:           1  (IBUF=1)
  Clock Path Skew:        5.291ns (DCD - SCD + CPR)
    Destination Clock Delay (DCD):    5.291ns
    Source Clock Delay      (SCD):    0.000ns
    Clock Pessimism Removal (CPR):    0.000ns
  Clock Uncertainty:      0.025ns  ((TSJ^2 + TIJ^2)^1/2 + DJ) / 2 + PE
    Total System Jitter     (TSJ):    0.050ns
    Total Input Jitter      (TIJ):    0.000ns
    Discrete Jitter          (DJ):    0.000ns
    Phase Error              (PE):    0.000ns
  Timing Exception:       False Path

    Location             Delay type                Incr(ns)  Path(ns)    Netlist Resource(s)
  -------------------------------------------------------------------    -------------------
    W3                                                0.000     0.000 r  sw[6]
                         net (fo=0)                   0.000     0.000    sw[6]
    W3                   IBUF (Prop_ibuf_I_O)         1.514     1.514 r  sw_IBUF[6]_inst/O
                         net (fo=1, routed)           1.824     3.338    inputs/sw_meta_reg[7]_0[6]
    SLICE_X81Y112        FDCE                                         r  inputs/sw_meta_reg[6]/D
  -------------------------------------------------------------------    -------------------

                         (clock trainer_1khz rise edge)
                                                      0.000     0.000 r  <hidden>
    B6                                                0.000     0.000 r  clk
                         net (fo=0)                   0.000     0.000    clk
    B6                   IBUF (Prop_ibuf_I_O)         1.429     1.429 r  clk_IBUF_inst/O
                         net (fo=1, routed)           2.196     3.625    clk_IBUF
    BUFGCTRL_X0Y16       BUFG (Prop_bufg_I_O)         0.091     3.716 r  clk_IBUF_BUFG_inst/O
                         net (fo=169, routed)         1.575     5.291    inputs/CLK
    SLICE_X81Y112        FDCE                                         r  inputs/sw_meta_reg[6]/C

Slack:                    inf
  Source:                 sw[0]
                            (input port)
  Destination:            inputs/sw_meta_reg[0]/D
                            (rising edge-triggered cell FDCE clocked by trainer_1khz  {rise@0.000ns fall@500000.031ns period=1000000.000ns})
  Path Group:             (none)
  Path Type:              Setup (Max at Slow Process Corner)
  Data Path Delay:        3.330ns  (logic 1.491ns (44.776%)  route 1.839ns (55.224%))
  Logic Levels:           1  (IBUF=1)
  Clock Path Skew:        5.292ns (DCD - SCD + CPR)
    Destination Clock Delay (DCD):    5.292ns
    Source Clock Delay      (SCD):    0.000ns
    Clock Pessimism Removal (CPR):    0.000ns
  Clock Uncertainty:      0.025ns  ((TSJ^2 + TIJ^2)^1/2 + DJ) / 2 + PE
    Total System Jitter     (TSJ):    0.050ns
    Total Input Jitter      (TIJ):    0.000ns
    Discrete Jitter          (DJ):    0.000ns
    Phase Error              (PE):    0.000ns
  Timing Exception:       False Path

    Location             Delay type                Incr(ns)  Path(ns)    Netlist Resource(s)
  -------------------------------------------------------------------    -------------------
    U4                                                0.000     0.000 r  sw[0]
                         net (fo=0)                   0.000     0.000    sw[0]
    U4                   IBUF (Prop_ibuf_I_O)         1.491     1.491 r  sw_IBUF[0]_inst/O
                         net (fo=1, routed)           1.839     3.330    inputs/sw_meta_reg[7]_0[0]
    SLICE_X82Y112        FDCE                                         r  inputs/sw_meta_reg[0]/D
  -------------------------------------------------------------------    -------------------

                         (clock trainer_1khz rise edge)
                                                      0.000     0.000 r  <hidden>
    B6                                                0.000     0.000 r  clk
                         net (fo=0)                   0.000     0.000    clk
    B6                   IBUF (Prop_ibuf_I_O)         1.429     1.429 r  clk_IBUF_inst/O
                         net (fo=1, routed)           2.196     3.625    clk_IBUF
    BUFGCTRL_X0Y16       BUFG (Prop_bufg_I_O)         0.091     3.716 r  clk_IBUF_BUFG_inst/O
                         net (fo=169, routed)         1.576     5.292    inputs/CLK
    SLICE_X82Y112        FDCE                                         r  inputs/sw_meta_reg[0]/C

Slack:                    inf
  Source:                 sw[7]
                            (input port)
  Destination:            inputs/sw_meta_reg[7]/D
                            (rising edge-triggered cell FDCE clocked by trainer_1khz  {rise@0.000ns fall@500000.031ns period=1000000.000ns})
  Path Group:             (none)
  Path Type:              Setup (Max at Slow Process Corner)
  Data Path Delay:        3.167ns  (logic 1.524ns (48.118%)  route 1.643ns (51.882%))
  Logic Levels:           1  (IBUF=1)
  Clock Path Skew:        5.292ns (DCD - SCD + CPR)
    Destination Clock Delay (DCD):    5.292ns
    Source Clock Delay      (SCD):    0.000ns
    Clock Pessimism Removal (CPR):    0.000ns
  Clock Uncertainty:      0.025ns  ((TSJ^2 + TIJ^2)^1/2 + DJ) / 2 + PE
    Total System Jitter     (TSJ):    0.050ns
    Total Input Jitter      (TIJ):    0.000ns
    Discrete Jitter          (DJ):    0.000ns
    Phase Error              (PE):    0.000ns
  Timing Exception:       False Path

    Location             Delay type                Incr(ns)  Path(ns)    Netlist Resource(s)
  -------------------------------------------------------------------    -------------------
    Y1                                                0.000     0.000 r  sw[7]
                         net (fo=0)                   0.000     0.000    sw[7]
    Y1                   IBUF (Prop_ibuf_I_O)         1.524     1.524 r  sw_IBUF[7]_inst/O
                         net (fo=1, routed)           1.643     3.167    inputs/sw_meta_reg[7]_0[7]
    SLICE_X82Y112        FDCE                                         r  inputs/sw_meta_reg[7]/D
  -------------------------------------------------------------------    -------------------

                         (clock trainer_1khz rise edge)
                                                      0.000     0.000 r  <hidden>
    B6                                                0.000     0.000 r  clk
                         net (fo=0)                   0.000     0.000    clk
    B6                   IBUF (Prop_ibuf_I_O)         1.429     1.429 r  clk_IBUF_inst/O
                         net (fo=1, routed)           2.196     3.625    clk_IBUF
    BUFGCTRL_X0Y16       BUFG (Prop_bufg_I_O)         0.091     3.716 r  clk_IBUF_BUFG_inst/O
                         net (fo=169, routed)         1.576     5.292    inputs/CLK
    SLICE_X82Y112        FDCE                                         r  inputs/sw_meta_reg[7]/C

Slack:                    inf
  Source:                 rst
                            (input port)
  Destination:            inputs/reset_pipe_reg[0]/PRE
                            (recovery check against rising-edge clock trainer_1khz  {rise@0.000ns fall@500000.031ns period=1000000.000ns})
  Path Group:             (none)
  Path Type:              Recovery (Max at Slow Process Corner)
  Data Path Delay:        3.148ns  (logic 1.468ns (46.650%)  route 1.679ns (53.350%))
  Logic Levels:           1  (IBUF=1)
  Clock Path Skew:        5.291ns (DCD - SCD + CPR)
    Destination Clock Delay (DCD):    5.291ns
    Source Clock Delay      (SCD):    0.000ns
    Clock Pessimism Removal (CPR):    0.000ns
  Clock Uncertainty:      0.025ns  ((TSJ^2 + TIJ^2)^1/2 + DJ) / 2 + PE
    Total System Jitter     (TSJ):    0.050ns
    Total Input Jitter      (TIJ):    0.000ns
    Discrete Jitter          (DJ):    0.000ns
    Phase Error              (PE):    0.000ns
  Timing Exception:       False Path

    Location             Delay type                Incr(ns)  Path(ns)    Netlist Resource(s)
  -------------------------------------------------------------------    -------------------
    K4                                                0.000     0.000 f  rst
                         net (fo=0)                   0.000     0.000    rst
    K4                   IBUF (Prop_ibuf_I_O)         1.468     1.468 f  rst_IBUF_inst/O
                         net (fo=2, routed)           1.679     3.148    inputs/AS[0]
    SLICE_X78Y112        FDPE                                         f  inputs/reset_pipe_reg[0]/PRE
  -------------------------------------------------------------------    -------------------

                         (clock trainer_1khz rise edge)
                                                      0.000     0.000 r  <hidden>
    B6                                                0.000     0.000 r  clk
                         net (fo=0)                   0.000     0.000    clk
    B6                   IBUF (Prop_ibuf_I_O)         1.429     1.429 r  clk_IBUF_inst/O
                         net (fo=1, routed)           2.196     3.625    clk_IBUF
    BUFGCTRL_X0Y16       BUFG (Prop_bufg_I_O)         0.091     3.716 r  clk_IBUF_BUFG_inst/O
                         net (fo=169, routed)         1.575     5.291    inputs/CLK
    SLICE_X78Y112        FDPE                                         r  inputs/reset_pipe_reg[0]/C

Slack:                    inf
  Source:                 rst
                            (input port)
  Destination:            inputs/reset_pipe_reg[1]/PRE
                            (recovery check against rising-edge clock trainer_1khz  {rise@0.000ns fall@500000.031ns period=1000000.000ns})
  Path Group:             (none)
  Path Type:              Recovery (Max at Slow Process Corner)
  Data Path Delay:        3.148ns  (logic 1.468ns (46.650%)  route 1.679ns (53.350%))
  Logic Levels:           1  (IBUF=1)
  Clock Path Skew:        5.291ns (DCD - SCD + CPR)
    Destination Clock Delay (DCD):    5.291ns
    Source Clock Delay      (SCD):    0.000ns
    Clock Pessimism Removal (CPR):    0.000ns
  Clock Uncertainty:      0.025ns  ((TSJ^2 + TIJ^2)^1/2 + DJ) / 2 + PE
    Total System Jitter     (TSJ):    0.050ns
    Total Input Jitter      (TIJ):    0.000ns
    Discrete Jitter          (DJ):    0.000ns
    Phase Error              (PE):    0.000ns
  Timing Exception:       False Path

    Location             Delay type                Incr(ns)  Path(ns)    Netlist Resource(s)
  -------------------------------------------------------------------    -------------------
    K4                                                0.000     0.000 f  rst
                         net (fo=0)                   0.000     0.000    rst
    K4                   IBUF (Prop_ibuf_I_O)         1.468     1.468 f  rst_IBUF_inst/O
                         net (fo=2, routed)           1.679     3.148    inputs/AS[0]
    SLICE_X78Y112        FDPE                                         f  inputs/reset_pipe_reg[1]/PRE
  -------------------------------------------------------------------    -------------------

                         (clock trainer_1khz rise edge)
                                                      0.000     0.000 r  <hidden>
    B6                                                0.000     0.000 r  clk
                         net (fo=0)                   0.000     0.000    clk
    B6                   IBUF (Prop_ibuf_I_O)         1.429     1.429 r  clk_IBUF_inst/O
                         net (fo=1, routed)           2.196     3.625    clk_IBUF
    BUFGCTRL_X0Y16       BUFG (Prop_bufg_I_O)         0.091     3.716 r  clk_IBUF_BUFG_inst/O
                         net (fo=169, routed)         1.575     5.291    inputs/CLK
    SLICE_X78Y112        FDPE                                         r  inputs/reset_pipe_reg[1]/C

Slack:                    inf
  Source:                 sw[5]
                            (input port)
  Destination:            inputs/sw_meta_reg[5]/D
                            (rising edge-triggered cell FDCE clocked by trainer_1khz  {rise@0.000ns fall@500000.031ns period=1000000.000ns})
  Path Group:             (none)
  Path Type:              Setup (Max at Slow Process Corner)
  Data Path Delay:        3.134ns  (logic 1.503ns (47.967%)  route 1.631ns (52.033%))
  Logic Levels:           1  (IBUF=1)
  Clock Path Skew:        5.292ns (DCD - SCD + CPR)
    Destination Clock Delay (DCD):    5.292ns
    Source Clock Delay      (SCD):    0.000ns
    Clock Pessimism Removal (CPR):    0.000ns
  Clock Uncertainty:      0.025ns  ((TSJ^2 + TIJ^2)^1/2 + DJ) / 2 + PE
    Total System Jitter     (TSJ):    0.050ns
    Total Input Jitter      (TIJ):    0.000ns
    Discrete Jitter          (DJ):    0.000ns
    Phase Error              (PE):    0.000ns
  Timing Exception:       False Path

    Location             Delay type                Incr(ns)  Path(ns)    Netlist Resource(s)
  -------------------------------------------------------------------    -------------------
    U2                                                0.000     0.000 r  sw[5]
                         net (fo=0)                   0.000     0.000    sw[5]
    U2                   IBUF (Prop_ibuf_I_O)         1.503     1.503 r  sw_IBUF[5]_inst/O
                         net (fo=1, routed)           1.631     3.134    inputs/sw_meta_reg[7]_0[5]
    SLICE_X82Y112        FDCE                                         r  inputs/sw_meta_reg[5]/D
  -------------------------------------------------------------------    -------------------

                         (clock trainer_1khz rise edge)
                                                      0.000     0.000 r  <hidden>
    B6                                                0.000     0.000 r  clk
                         net (fo=0)                   0.000     0.000    clk
    B6                   IBUF (Prop_ibuf_I_O)         1.429     1.429 r  clk_IBUF_inst/O
                         net (fo=1, routed)           2.196     3.625    clk_IBUF
    BUFGCTRL_X0Y16       BUFG (Prop_bufg_I_O)         0.091     3.716 r  clk_IBUF_BUFG_inst/O
                         net (fo=169, routed)         1.576     5.292    inputs/CLK
    SLICE_X82Y112        FDCE                                         r  inputs/sw_meta_reg[5]/C

Slack:                    inf
  Source:                 sw[1]
                            (input port)
  Destination:            inputs/sw_meta_reg[1]/D
                            (rising edge-triggered cell FDCE clocked by trainer_1khz  {rise@0.000ns fall@500000.031ns period=1000000.000ns})
  Path Group:             (none)
  Path Type:              Setup (Max at Slow Process Corner)
  Data Path Delay:        3.123ns  (logic 1.529ns (48.948%)  route 1.594ns (51.052%))
  Logic Levels:           1  (IBUF=1)
  Clock Path Skew:        5.292ns (DCD - SCD + CPR)
    Destination Clock Delay (DCD):    5.292ns
    Source Clock Delay      (SCD):    0.000ns
    Clock Pessimism Removal (CPR):    0.000ns
  Clock Uncertainty:      0.025ns  ((TSJ^2 + TIJ^2)^1/2 + DJ) / 2 + PE
    Total System Jitter     (TSJ):    0.050ns
    Total Input Jitter      (TIJ):    0.000ns
    Discrete Jitter          (DJ):    0.000ns
    Phase Error              (PE):    0.000ns
  Timing Exception:       False Path

    Location             Delay type                Incr(ns)  Path(ns)    Netlist Resource(s)
  -------------------------------------------------------------------    -------------------
    V4                                                0.000     0.000 r  sw[1]
                         net (fo=0)                   0.000     0.000    sw[1]
    V4                   IBUF (Prop_ibuf_I_O)         1.529     1.529 r  sw_IBUF[1]_inst/O
                         net (fo=1, routed)           1.594     3.123    inputs/sw_meta_reg[7]_0[1]
    SLICE_X82Y112        FDCE                                         r  inputs/sw_meta_reg[1]/D
  -------------------------------------------------------------------    -------------------

                         (clock trainer_1khz rise edge)
                                                      0.000     0.000 r  <hidden>
    B6                                                0.000     0.000 r  clk
                         net (fo=0)                   0.000     0.000    clk
    B6                   IBUF (Prop_ibuf_I_O)         1.429     1.429 r  clk_IBUF_inst/O
                         net (fo=1, routed)           2.196     3.625    clk_IBUF
    BUFGCTRL_X0Y16       BUFG (Prop_bufg_I_O)         0.091     3.716 r  clk_IBUF_BUFG_inst/O
                         net (fo=169, routed)         1.576     5.292    inputs/CLK
    SLICE_X82Y112        FDCE                                         r  inputs/sw_meta_reg[1]/C

Slack:                    inf
  Source:                 step_button
                            (input port)
  Destination:            step_input/sync1_reg/D
                            (rising edge-triggered cell FDCE clocked by trainer_1khz  {rise@0.000ns fall@500000.031ns period=1000000.000ns})
  Path Group:             (none)
  Path Type:              Setup (Max at Slow Process Corner)
  Data Path Delay:        2.550ns  (logic 1.479ns (57.987%)  route 1.071ns (42.013%))
  Logic Levels:           1  (IBUF=1)
  Clock Path Skew:        5.289ns (DCD - SCD + CPR)
    Destination Clock Delay (DCD):    5.289ns
    Source Clock Delay      (SCD):    0.000ns
    Clock Pessimism Removal (CPR):    0.000ns
  Clock Uncertainty:      0.025ns  ((TSJ^2 + TIJ^2)^1/2 + DJ) / 2 + PE
    Total System Jitter     (TSJ):    0.050ns
    Total Input Jitter      (TIJ):    0.000ns
    Discrete Jitter          (DJ):    0.000ns
    Phase Error              (PE):    0.000ns
  Timing Exception:       False Path

    Location             Delay type                Incr(ns)  Path(ns)    Netlist Resource(s)
  -------------------------------------------------------------------    -------------------
    N4                                                0.000     0.000 r  step_button
                         net (fo=0)                   0.000     0.000    step_button
    N4                   IBUF (Prop_ibuf_I_O)         1.479     1.479 r  step_button_IBUF_inst/O
                         net (fo=1, routed)           1.071     2.550    step_input/button
    SLICE_X80Y115        FDCE                                         r  step_input/sync1_reg/D
  -------------------------------------------------------------------    -------------------

                         (clock trainer_1khz rise edge)
                                                      0.000     0.000 r  <hidden>
    B6                                                0.000     0.000 r  clk
                         net (fo=0)                   0.000     0.000    clk
    B6                   IBUF (Prop_ibuf_I_O)         1.429     1.429 r  clk_IBUF_inst/O
                         net (fo=1, routed)           2.196     3.625    clk_IBUF
    BUFGCTRL_X0Y16       BUFG (Prop_bufg_I_O)         0.091     3.716 r  clk_IBUF_BUFG_inst/O
                         net (fo=169, routed)         1.573     5.289    step_input/CLK
    SLICE_X80Y115        FDCE                                         r  step_input/sync1_reg/C

Slack:                    inf
  Source:                 mode_button
                            (input port)
  Destination:            inputs/button_meta_reg/D
                            (rising edge-triggered cell FDCE clocked by trainer_1khz  {rise@0.000ns fall@500000.031ns period=1000000.000ns})
  Path Group:             (none)
  Path Type:              Setup (Max at Slow Process Corner)
  Data Path Delay:        2.504ns  (logic 1.477ns (58.993%)  route 1.027ns (41.007%))
  Logic Levels:           1  (IBUF=1)
  Clock Path Skew:        5.292ns (DCD - SCD + CPR)
    Destination Clock Delay (DCD):    5.292ns
    Source Clock Delay      (SCD):    0.000ns
    Clock Pessimism Removal (CPR):    0.000ns
  Clock Uncertainty:      0.025ns  ((TSJ^2 + TIJ^2)^1/2 + DJ) / 2 + PE
    Total System Jitter     (TSJ):    0.050ns
    Total Input Jitter      (TIJ):    0.000ns
    Discrete Jitter          (DJ):    0.000ns
    Phase Error              (PE):    0.000ns
  Timing Exception:       False Path

    Location             Delay type                Incr(ns)  Path(ns)    Netlist Resource(s)
  -------------------------------------------------------------------    -------------------
    N8                                                0.000     0.000 r  mode_button
                         net (fo=0)                   0.000     0.000    mode_button
    N8                   IBUF (Prop_ibuf_I_O)         1.477     1.477 r  mode_button_IBUF_inst/O
                         net (fo=1, routed)           1.027     2.504    inputs/button
    SLICE_X79Y111        FDCE                                         r  inputs/button_meta_reg/D
  -------------------------------------------------------------------    -------------------

                         (clock trainer_1khz rise edge)
                                                      0.000     0.000 r  <hidden>
    B6                                                0.000     0.000 r  clk
                         net (fo=0)                   0.000     0.000    clk
    B6                   IBUF (Prop_ibuf_I_O)         1.429     1.429 r  clk_IBUF_inst/O
                         net (fo=1, routed)           2.196     3.625    clk_IBUF
    BUFGCTRL_X0Y16       BUFG (Prop_bufg_I_O)         0.091     3.716 r  clk_IBUF_BUFG_inst/O
                         net (fo=169, routed)         1.576     5.292    inputs/CLK
    SLICE_X79Y111        FDCE                                         r  inputs/button_meta_reg/C





Min Delay Paths
--------------------------------------------------------------------------------------
Slack:                    inf
  Source:                 mode_button
                            (input port)
  Destination:            inputs/button_meta_reg/D
                            (rising edge-triggered cell FDCE clocked by trainer_1khz  {rise@0.000ns fall@500000.031ns period=1000000.000ns})
  Path Group:             (none)
  Path Type:              Hold (Min at Fast Process Corner)
  Data Path Delay:        0.647ns  (logic 0.245ns (37.885%)  route 0.402ns (62.115%))
  Logic Levels:           1  (IBUF=1)
  Clock Path Skew:        2.219ns (DCD - SCD - CPR)
    Destination Clock Delay (DCD):    2.219ns
    Source Clock Delay      (SCD):    0.000ns
    Clock Pessimism Removal (CPR):    -0.000ns
  Timing Exception:       False Path

    Location             Delay type                Incr(ns)  Path(ns)    Netlist Resource(s)
  -------------------------------------------------------------------    -------------------
    N8                                                0.000     0.000 r  mode_button
                         net (fo=0)                   0.000     0.000    mode_button
    N8                   IBUF (Prop_ibuf_I_O)         0.245     0.245 r  mode_button_IBUF_inst/O
                         net (fo=1, routed)           0.402     0.647    inputs/button
    SLICE_X79Y111        FDCE                                         r  inputs/button_meta_reg/D
  -------------------------------------------------------------------    -------------------

                         (clock trainer_1khz rise edge)
                                                      0.000     0.000 r  <hidden>
    B6                                                0.000     0.000 r  clk
                         net (fo=0)                   0.000     0.000    clk
    B6                   IBUF (Prop_ibuf_I_O)         0.456     0.456 r  clk_IBUF_inst/O
                         net (fo=1, routed)           0.871     1.327    clk_IBUF
    BUFGCTRL_X0Y16       BUFG (Prop_bufg_I_O)         0.029     1.356 r  clk_IBUF_BUFG_inst/O
                         net (fo=169, routed)         0.864     2.219    inputs/CLK
    SLICE_X79Y111        FDCE                                         r  inputs/button_meta_reg/C

Slack:                    inf
  Source:                 step_button
                            (input port)
  Destination:            step_input/sync1_reg/D
                            (rising edge-triggered cell FDCE clocked by trainer_1khz  {rise@0.000ns fall@500000.031ns period=1000000.000ns})
  Path Group:             (none)
  Path Type:              Hold (Min at Fast Process Corner)
  Data Path Delay:        0.667ns  (logic 0.247ns (36.981%)  route 0.420ns (63.019%))
  Logic Levels:           1  (IBUF=1)
  Clock Path Skew:        2.215ns (DCD - SCD - CPR)
    Destination Clock Delay (DCD):    2.215ns
    Source Clock Delay      (SCD):    0.000ns
    Clock Pessimism Removal (CPR):    -0.000ns
  Timing Exception:       False Path

    Location             Delay type                Incr(ns)  Path(ns)    Netlist Resource(s)
  -------------------------------------------------------------------    -------------------
    N4                                                0.000     0.000 r  step_button
                         net (fo=0)                   0.000     0.000    step_button
    N4                   IBUF (Prop_ibuf_I_O)         0.247     0.247 r  step_button_IBUF_inst/O
                         net (fo=1, routed)           0.420     0.667    step_input/button
    SLICE_X80Y115        FDCE                                         r  step_input/sync1_reg/D
  -------------------------------------------------------------------    -------------------

                         (clock trainer_1khz rise edge)
                                                      0.000     0.000 r  <hidden>
    B6                                                0.000     0.000 r  clk
                         net (fo=0)                   0.000     0.000    clk
    B6                   IBUF (Prop_ibuf_I_O)         0.456     0.456 r  clk_IBUF_inst/O
                         net (fo=1, routed)           0.871     1.327    clk_IBUF
    BUFGCTRL_X0Y16       BUFG (Prop_bufg_I_O)         0.029     1.356 r  clk_IBUF_BUFG_inst/O
                         net (fo=169, routed)         0.860     2.215    step_input/CLK
    SLICE_X80Y115        FDCE                                         r  step_input/sync1_reg/C

Slack:                    inf
  Source:                 sw[5]
                            (input port)
  Destination:            inputs/sw_meta_reg[5]/D
                            (rising edge-triggered cell FDCE clocked by trainer_1khz  {rise@0.000ns fall@500000.031ns period=1000000.000ns})
  Path Group:             (none)
  Path Type:              Hold (Min at Fast Process Corner)
  Data Path Delay:        0.920ns  (logic 0.271ns (29.425%)  route 0.650ns (70.575%))
  Logic Levels:           1  (IBUF=1)
  Clock Path Skew:        2.218ns (DCD - SCD - CPR)
    Destination Clock Delay (DCD):    2.218ns
    Source Clock Delay      (SCD):    0.000ns
    Clock Pessimism Removal (CPR):    -0.000ns
  Timing Exception:       False Path

    Location             Delay type                Incr(ns)  Path(ns)    Netlist Resource(s)
  -------------------------------------------------------------------    -------------------
    U2                                                0.000     0.000 r  sw[5]
                         net (fo=0)                   0.000     0.000    sw[5]
    U2                   IBUF (Prop_ibuf_I_O)         0.271     0.271 r  sw_IBUF[5]_inst/O
                         net (fo=1, routed)           0.650     0.920    inputs/sw_meta_reg[7]_0[5]
    SLICE_X82Y112        FDCE                                         r  inputs/sw_meta_reg[5]/D
  -------------------------------------------------------------------    -------------------

                         (clock trainer_1khz rise edge)
                                                      0.000     0.000 r  <hidden>
    B6                                                0.000     0.000 r  clk
                         net (fo=0)                   0.000     0.000    clk
    B6                   IBUF (Prop_ibuf_I_O)         0.456     0.456 r  clk_IBUF_inst/O
                         net (fo=1, routed)           0.871     1.327    clk_IBUF
    BUFGCTRL_X0Y16       BUFG (Prop_bufg_I_O)         0.029     1.356 r  clk_IBUF_BUFG_inst/O
                         net (fo=169, routed)         0.863     2.218    inputs/CLK
    SLICE_X82Y112        FDCE                                         r  inputs/sw_meta_reg[5]/C

Slack:                    inf
  Source:                 rst
                            (input port)
  Destination:            inputs/reset_pipe_reg[0]/PRE
                            (removal check against rising-edge clock trainer_1khz  {rise@0.000ns fall@500000.031ns period=1000000.000ns})
  Path Group:             (none)
  Path Type:              Removal (Min at Fast Process Corner)
  Data Path Delay:        0.923ns  (logic 0.236ns (25.618%)  route 0.686ns (74.382%))
  Logic Levels:           1  (IBUF=1)
  Clock Path Skew:        2.217ns (DCD - SCD - CPR)
    Destination Clock Delay (DCD):    2.217ns
    Source Clock Delay      (SCD):    0.000ns
    Clock Pessimism Removal (CPR):    -0.000ns
  Timing Exception:       False Path

    Location             Delay type                Incr(ns)  Path(ns)    Netlist Resource(s)
  -------------------------------------------------------------------    -------------------
    K4                                                0.000     0.000 f  rst
                         net (fo=0)                   0.000     0.000    rst
    K4                   IBUF (Prop_ibuf_I_O)         0.236     0.236 f  rst_IBUF_inst/O
                         net (fo=2, routed)           0.686     0.923    inputs/AS[0]
    SLICE_X78Y112        FDPE                                         f  inputs/reset_pipe_reg[0]/PRE
  -------------------------------------------------------------------    -------------------

                         (clock trainer_1khz rise edge)
                                                      0.000     0.000 r  <hidden>
    B6                                                0.000     0.000 r  clk
                         net (fo=0)                   0.000     0.000    clk
    B6                   IBUF (Prop_ibuf_I_O)         0.456     0.456 r  clk_IBUF_inst/O
                         net (fo=1, routed)           0.871     1.327    clk_IBUF
    BUFGCTRL_X0Y16       BUFG (Prop_bufg_I_O)         0.029     1.356 r  clk_IBUF_BUFG_inst/O
                         net (fo=169, routed)         0.862     2.217    inputs/CLK
    SLICE_X78Y112        FDPE                                         r  inputs/reset_pipe_reg[0]/C

Slack:                    inf
  Source:                 rst
                            (input port)
  Destination:            inputs/reset_pipe_reg[1]/PRE
                            (removal check against rising-edge clock trainer_1khz  {rise@0.000ns fall@500000.031ns period=1000000.000ns})
  Path Group:             (none)
  Path Type:              Removal (Min at Fast Process Corner)
  Data Path Delay:        0.923ns  (logic 0.236ns (25.618%)  route 0.686ns (74.382%))
  Logic Levels:           1  (IBUF=1)
  Clock Path Skew:        2.217ns (DCD - SCD - CPR)
    Destination Clock Delay (DCD):    2.217ns
    Source Clock Delay      (SCD):    0.000ns
    Clock Pessimism Removal (CPR):    -0.000ns
  Timing Exception:       False Path

    Location             Delay type                Incr(ns)  Path(ns)    Netlist Resource(s)
  -------------------------------------------------------------------    -------------------
    K4                                                0.000     0.000 f  rst
                         net (fo=0)                   0.000     0.000    rst
    K4                   IBUF (Prop_ibuf_I_O)         0.236     0.236 f  rst_IBUF_inst/O
                         net (fo=2, routed)           0.686     0.923    inputs/AS[0]
    SLICE_X78Y112        FDPE                                         f  inputs/reset_pipe_reg[1]/PRE
  -------------------------------------------------------------------    -------------------

                         (clock trainer_1khz rise edge)
                                                      0.000     0.000 r  <hidden>
    B6                                                0.000     0.000 r  clk
                         net (fo=0)                   0.000     0.000    clk
    B6                   IBUF (Prop_ibuf_I_O)         0.456     0.456 r  clk_IBUF_inst/O
                         net (fo=1, routed)           0.871     1.327    clk_IBUF
    BUFGCTRL_X0Y16       BUFG (Prop_bufg_I_O)         0.029     1.356 r  clk_IBUF_BUFG_inst/O
                         net (fo=169, routed)         0.862     2.217    inputs/CLK
    SLICE_X78Y112        FDPE                                         r  inputs/reset_pipe_reg[1]/C

Slack:                    inf
  Source:                 sw[1]
                            (input port)
  Destination:            inputs/sw_meta_reg[1]/D
                            (rising edge-triggered cell FDCE clocked by trainer_1khz  {rise@0.000ns fall@500000.031ns period=1000000.000ns})
  Path Group:             (none)
  Path Type:              Hold (Min at Fast Process Corner)
  Data Path Delay:        0.933ns  (logic 0.296ns (31.717%)  route 0.637ns (68.283%))
  Logic Levels:           1  (IBUF=1)
  Clock Path Skew:        2.218ns (DCD - SCD - CPR)
    Destination Clock Delay (DCD):    2.218ns
    Source Clock Delay      (SCD):    0.000ns
    Clock Pessimism Removal (CPR):    -0.000ns
  Timing Exception:       False Path

    Location             Delay type                Incr(ns)  Path(ns)    Netlist Resource(s)
  -------------------------------------------------------------------    -------------------
    V4                                                0.000     0.000 r  sw[1]
                         net (fo=0)                   0.000     0.000    sw[1]
    V4                   IBUF (Prop_ibuf_I_O)         0.296     0.296 r  sw_IBUF[1]_inst/O
                         net (fo=1, routed)           0.637     0.933    inputs/sw_meta_reg[7]_0[1]
    SLICE_X82Y112        FDCE                                         r  inputs/sw_meta_reg[1]/D
  -------------------------------------------------------------------    -------------------

                         (clock trainer_1khz rise edge)
                                                      0.000     0.000 r  <hidden>
    B6                                                0.000     0.000 r  clk
                         net (fo=0)                   0.000     0.000    clk
    B6                   IBUF (Prop_ibuf_I_O)         0.456     0.456 r  clk_IBUF_inst/O
                         net (fo=1, routed)           0.871     1.327    clk_IBUF
    BUFGCTRL_X0Y16       BUFG (Prop_bufg_I_O)         0.029     1.356 r  clk_IBUF_BUFG_inst/O
                         net (fo=169, routed)         0.863     2.218    inputs/CLK
    SLICE_X82Y112        FDCE                                         r  inputs/sw_meta_reg[1]/C

Slack:                    inf
  Source:                 sw[7]
                            (input port)
  Destination:            inputs/sw_meta_reg[7]/D
                            (rising edge-triggered cell FDCE clocked by trainer_1khz  {rise@0.000ns fall@500000.031ns period=1000000.000ns})
  Path Group:             (none)
  Path Type:              Hold (Min at Fast Process Corner)
  Data Path Delay:        0.942ns  (logic 0.291ns (30.910%)  route 0.651ns (69.090%))
  Logic Levels:           1  (IBUF=1)
  Clock Path Skew:        2.218ns (DCD - SCD - CPR)
    Destination Clock Delay (DCD):    2.218ns
    Source Clock Delay      (SCD):    0.000ns
    Clock Pessimism Removal (CPR):    -0.000ns
  Timing Exception:       False Path

    Location             Delay type                Incr(ns)  Path(ns)    Netlist Resource(s)
  -------------------------------------------------------------------    -------------------
    Y1                                                0.000     0.000 r  sw[7]
                         net (fo=0)                   0.000     0.000    sw[7]
    Y1                   IBUF (Prop_ibuf_I_O)         0.291     0.291 r  sw_IBUF[7]_inst/O
                         net (fo=1, routed)           0.651     0.942    inputs/sw_meta_reg[7]_0[7]
    SLICE_X82Y112        FDCE                                         r  inputs/sw_meta_reg[7]/D
  -------------------------------------------------------------------    -------------------

                         (clock trainer_1khz rise edge)
                                                      0.000     0.000 r  <hidden>
    B6                                                0.000     0.000 r  clk
                         net (fo=0)                   0.000     0.000    clk
    B6                   IBUF (Prop_ibuf_I_O)         0.456     0.456 r  clk_IBUF_inst/O
                         net (fo=1, routed)           0.871     1.327    clk_IBUF
    BUFGCTRL_X0Y16       BUFG (Prop_bufg_I_O)         0.029     1.356 r  clk_IBUF_BUFG_inst/O
                         net (fo=169, routed)         0.863     2.218    inputs/CLK
    SLICE_X82Y112        FDCE                                         r  inputs/sw_meta_reg[7]/C

Slack:                    inf
  Source:                 sw[0]
                            (input port)
  Destination:            inputs/sw_meta_reg[0]/D
                            (rising edge-triggered cell FDCE clocked by trainer_1khz  {rise@0.000ns fall@500000.031ns period=1000000.000ns})
  Path Group:             (none)
  Path Type:              Hold (Min at Fast Process Corner)
  Data Path Delay:        1.003ns  (logic 0.259ns (25.814%)  route 0.744ns (74.186%))
  Logic Levels:           1  (IBUF=1)
  Clock Path Skew:        2.218ns (DCD - SCD - CPR)
    Destination Clock Delay (DCD):    2.218ns
    Source Clock Delay      (SCD):    0.000ns
    Clock Pessimism Removal (CPR):    -0.000ns
  Timing Exception:       False Path

    Location             Delay type                Incr(ns)  Path(ns)    Netlist Resource(s)
  -------------------------------------------------------------------    -------------------
    U4                                                0.000     0.000 r  sw[0]
                         net (fo=0)                   0.000     0.000    sw[0]
    U4                   IBUF (Prop_ibuf_I_O)         0.259     0.259 r  sw_IBUF[0]_inst/O
                         net (fo=1, routed)           0.744     1.003    inputs/sw_meta_reg[7]_0[0]
    SLICE_X82Y112        FDCE                                         r  inputs/sw_meta_reg[0]/D
  -------------------------------------------------------------------    -------------------

                         (clock trainer_1khz rise edge)
                                                      0.000     0.000 r  <hidden>
    B6                                                0.000     0.000 r  clk
                         net (fo=0)                   0.000     0.000    clk
    B6                   IBUF (Prop_ibuf_I_O)         0.456     0.456 r  clk_IBUF_inst/O
                         net (fo=1, routed)           0.871     1.327    clk_IBUF
    BUFGCTRL_X0Y16       BUFG (Prop_bufg_I_O)         0.029     1.356 r  clk_IBUF_BUFG_inst/O
                         net (fo=169, routed)         0.863     2.218    inputs/CLK
    SLICE_X82Y112        FDCE                                         r  inputs/sw_meta_reg[0]/C

Slack:                    inf
  Source:                 sw[6]
                            (input port)
  Destination:            inputs/sw_meta_reg[6]/D
                            (rising edge-triggered cell FDCE clocked by trainer_1khz  {rise@0.000ns fall@500000.031ns period=1000000.000ns})
  Path Group:             (none)
  Path Type:              Hold (Min at Fast Process Corner)
  Data Path Delay:        1.009ns  (logic 0.282ns (27.901%)  route 0.728ns (72.099%))
  Logic Levels:           1  (IBUF=1)
  Clock Path Skew:        2.217ns (DCD - SCD - CPR)
    Destination Clock Delay (DCD):    2.217ns
    Source Clock Delay      (SCD):    0.000ns
    Clock Pessimism Removal (CPR):    -0.000ns
  Timing Exception:       False Path

    Location             Delay type                Incr(ns)  Path(ns)    Netlist Resource(s)
  -------------------------------------------------------------------    -------------------
    W3                                                0.000     0.000 r  sw[6]
                         net (fo=0)                   0.000     0.000    sw[6]
    W3                   IBUF (Prop_ibuf_I_O)         0.282     0.282 r  sw_IBUF[6]_inst/O
                         net (fo=1, routed)           0.728     1.009    inputs/sw_meta_reg[7]_0[6]
    SLICE_X81Y112        FDCE                                         r  inputs/sw_meta_reg[6]/D
  -------------------------------------------------------------------    -------------------

                         (clock trainer_1khz rise edge)
                                                      0.000     0.000 r  <hidden>
    B6                                                0.000     0.000 r  clk
                         net (fo=0)                   0.000     0.000    clk
    B6                   IBUF (Prop_ibuf_I_O)         0.456     0.456 r  clk_IBUF_inst/O
                         net (fo=1, routed)           0.871     1.327    clk_IBUF
    BUFGCTRL_X0Y16       BUFG (Prop_bufg_I_O)         0.029     1.356 r  clk_IBUF_BUFG_inst/O
                         net (fo=169, routed)         0.862     2.217    inputs/CLK
    SLICE_X81Y112        FDCE                                         r  inputs/sw_meta_reg[6]/C

Slack:                    inf
  Source:                 sw[4]
                            (input port)
  Destination:            inputs/sw_meta_reg[4]/D
                            (rising edge-triggered cell FDCE clocked by trainer_1khz  {rise@0.000ns fall@500000.031ns period=1000000.000ns})
  Path Group:             (none)
  Path Type:              Hold (Min at Fast Process Corner)
  Data Path Delay:        1.275ns  (logic 0.264ns (20.685%)  route 1.011ns (79.315%))
  Logic Levels:           1  (IBUF=1)
  Clock Path Skew:        2.217ns (DCD - SCD - CPR)
    Destination Clock Delay (DCD):    2.217ns
    Source Clock Delay      (SCD):    0.000ns
    Clock Pessimism Removal (CPR):    -0.000ns
  Timing Exception:       False Path

    Location             Delay type                Incr(ns)  Path(ns)    Netlist Resource(s)
  -------------------------------------------------------------------    -------------------
    T1                                                0.000     0.000 r  sw[4]
                         net (fo=0)                   0.000     0.000    sw[4]
    T1                   IBUF (Prop_ibuf_I_O)         0.264     0.264 r  sw_IBUF[4]_inst/O
                         net (fo=1, routed)           1.011     1.275    inputs/sw_meta_reg[7]_0[4]
    SLICE_X81Y112        FDCE                                         r  inputs/sw_meta_reg[4]/D
  -------------------------------------------------------------------    -------------------

                         (clock trainer_1khz rise edge)
                                                      0.000     0.000 r  <hidden>
    B6                                                0.000     0.000 r  clk
                         net (fo=0)                   0.000     0.000    clk
    B6                   IBUF (Prop_ibuf_I_O)         0.456     0.456 r  clk_IBUF_inst/O
                         net (fo=1, routed)           0.871     1.327    clk_IBUF
    BUFGCTRL_X0Y16       BUFG (Prop_bufg_I_O)         0.029     1.356 r  clk_IBUF_BUFG_inst/O
                         net (fo=169, routed)         0.862     2.217    inputs/CLK
    SLICE_X81Y112        FDCE                                         r  inputs/sw_meta_reg[4]/C





--------------------------------------------------------------------------------------
Path Group:  (none)
From Clock:  trainer_1khz
  To Clock:  

Max Delay            33 Endpoints
Min Delay            33 Endpoints
--------------------------------------------------------------------------------------


Max Delay Paths
--------------------------------------------------------------------------------------
Slack:                    inf
  Source:                 scan/index_reg[1]/C
                            (rising edge-triggered cell FDRE clocked by trainer_1khz  {rise@0.000ns fall@500000.031ns period=1000000.000ns})
  Destination:            seg_data[6]
                            (output port)
  Path Group:             (none)
  Path Type:              Max at Slow Process Corner
  Data Path Delay:        10.692ns  (logic 4.443ns (41.552%)  route 6.249ns (58.448%))
  Logic Levels:           3  (LUT4=1 LUT6=1 OBUF=1)
  Clock Uncertainty:      0.025ns  ((TSJ^2 + TIJ^2)^1/2 + DJ) / 2 + PE
    Total System Jitter     (TSJ):    0.050ns
    Total Input Jitter      (TIJ):    0.000ns
    Discrete Jitter          (DJ):    0.000ns
    Phase Error              (PE):    0.000ns

    Location             Delay type                Incr(ns)  Path(ns)    Netlist Resource(s)
  -------------------------------------------------------------------    -------------------
                         (clock trainer_1khz rise edge)
                                                      0.000     0.000 r  <hidden>
    B6                                                0.000     0.000 r  clk
                         net (fo=0)                   0.000     0.000    clk
    B6                   IBUF (Prop_ibuf_I_O)         1.500     1.500 r  clk_IBUF_inst/O
                         net (fo=1, routed)           2.315     3.815    clk_IBUF
    BUFGCTRL_X0Y16       BUFG (Prop_bufg_I_O)         0.096     3.911 r  clk_IBUF_BUFG_inst/O
                         net (fo=169, routed)         1.694     5.605    scan/CLK
    SLICE_X81Y114        FDRE                                         r  scan/index_reg[1]/C
  -------------------------------------------------------------------    -------------------
    SLICE_X81Y114        FDRE (Prop_fdre_C_Q)         0.456     6.061 r  scan/index_reg[1]/Q
                         net (fo=15, routed)          1.473     7.534    scan/scan_index[1]
    SLICE_X84Y120        LUT4 (Prop_lut4_I1_O)        0.146     7.680 r  scan/seg_data_OBUF[7]_inst_i_5/O
                         net (fo=7, routed)           1.479     9.159    scan/sel0[1]
    SLICE_X84Y132        LUT6 (Prop_lut6_I4_O)        0.328     9.487 r  scan/seg_data_OBUF[6]_inst_i_1/O
                         net (fo=1, routed)           3.298    12.784    seg_data_OBUF[6]
    F5                   OBUF (Prop_obuf_I_O)         3.513    16.297 r  seg_data_OBUF[6]_inst/O
                         net (fo=0)                   0.000    16.297    seg_data[6]
    F5                                                                r  seg_data[6]
  -------------------------------------------------------------------    -------------------

Slack:                    inf
  Source:                 inputs/sw_sync_reg[7]/C
                            (rising edge-triggered cell FDCE clocked by trainer_1khz  {rise@0.000ns fall@500000.031ns period=1000000.000ns})
  Destination:            seg_data[4]
                            (output port)
  Path Group:             (none)
  Path Type:              Max at Slow Process Corner
  Data Path Delay:        9.968ns  (logic 4.615ns (46.303%)  route 5.352ns (53.697%))
  Logic Levels:           3  (LUT4=1 LUT6=1 OBUF=1)
  Clock Uncertainty:      0.025ns  ((TSJ^2 + TIJ^2)^1/2 + DJ) / 2 + PE
    Total System Jitter     (TSJ):    0.050ns
    Total Input Jitter      (TIJ):    0.000ns
    Discrete Jitter          (DJ):    0.000ns
    Phase Error              (PE):    0.000ns

    Location             Delay type                Incr(ns)  Path(ns)    Netlist Resource(s)
  -------------------------------------------------------------------    -------------------
                         (clock trainer_1khz rise edge)
                                                      0.000     0.000 r  <hidden>
    B6                                                0.000     0.000 r  clk
                         net (fo=0)                   0.000     0.000    clk
    B6                   IBUF (Prop_ibuf_I_O)         1.500     1.500 r  clk_IBUF_inst/O
                         net (fo=1, routed)           2.315     3.815    clk_IBUF
    BUFGCTRL_X0Y16       BUFG (Prop_bufg_I_O)         0.096     3.911 r  clk_IBUF_BUFG_inst/O
                         net (fo=169, routed)         1.696     5.607    inputs/CLK
    SLICE_X82Y112        FDCE                                         r  inputs/sw_sync_reg[7]/C
  -------------------------------------------------------------------    -------------------
    SLICE_X82Y112        FDCE (Prop_fdce_C_Q)         0.419     6.026 r  inputs/sw_sync_reg[7]/Q
                         net (fo=8, routed)           0.938     6.964    scan/switches[3]
    SLICE_X84Y116        LUT4 (Prop_lut4_I1_O)        0.322     7.286 r  scan/seg_data_OBUF[7]_inst_i_3/O
                         net (fo=7, routed)           1.764     9.050    scan/seg_data_OBUF[7]_inst_i_3_n_0
    SLICE_X84Y132        LUT6 (Prop_lut6_I2_O)        0.328     9.378 r  scan/seg_data_OBUF[4]_inst_i_1/O
                         net (fo=1, routed)           2.651    12.029    seg_data_OBUF[4]
    E4                   OBUF (Prop_obuf_I_O)         3.546    15.575 r  seg_data_OBUF[4]_inst/O
                         net (fo=0)                   0.000    15.575    seg_data[4]
    E4                                                                r  seg_data[4]
  -------------------------------------------------------------------    -------------------

Slack:                    inf
  Source:                 inputs/reset_pipe_reg[1]/C
                            (rising edge-triggered cell FDPE clocked by trainer_1khz  {rise@0.000ns fall@500000.031ns period=1000000.000ns})
  Destination:            led[4]
                            (output port)
  Path Group:             (none)
  Path Type:              Max at Slow Process Corner
  Data Path Delay:        9.896ns  (logic 4.490ns (45.375%)  route 5.406ns (54.625%))
  Logic Levels:           4  (LUT2=1 LUT6=2 OBUF=1)
  Clock Uncertainty:      0.025ns  ((TSJ^2 + TIJ^2)^1/2 + DJ) / 2 + PE
    Total System Jitter     (TSJ):    0.050ns
    Total Input Jitter      (TIJ):    0.000ns
    Discrete Jitter          (DJ):    0.000ns
    Phase Error              (PE):    0.000ns

    Location             Delay type                Incr(ns)  Path(ns)    Netlist Resource(s)
  -------------------------------------------------------------------    -------------------
                         (clock trainer_1khz rise edge)
                                                      0.000     0.000 r  <hidden>
    B6                                                0.000     0.000 r  clk
                         net (fo=0)                   0.000     0.000    clk
    B6                   IBUF (Prop_ibuf_I_O)         1.500     1.500 r  clk_IBUF_inst/O
                         net (fo=1, routed)           2.315     3.815    clk_IBUF
    BUFGCTRL_X0Y16       BUFG (Prop_bufg_I_O)         0.096     3.911 r  clk_IBUF_BUFG_inst/O
                         net (fo=169, routed)         1.695     5.606    inputs/CLK
    SLICE_X78Y112        FDPE                                         r  inputs/reset_pipe_reg[1]/C
  -------------------------------------------------------------------    -------------------
    SLICE_X78Y112        FDPE (Prop_fdpe_C_Q)         0.419     6.025 f  inputs/reset_pipe_reg[1]/Q
                         net (fo=119, routed)         0.841     6.867    inputs/reset_pipe[1]
    SLICE_X78Y114        LUT2 (Prop_lut2_I0_O)        0.299     7.166 f  inputs/FSM_onehot_value[2]_i_1/O
                         net (fo=33, routed)          1.945     9.110    divider/SR[0]
    SLICE_X84Y111        LUT6 (Prop_lut6_I5_O)        0.124     9.234 r  divider/led_OBUF[4]_inst_i_2/O
                         net (fo=1, routed)           0.592     9.827    piso/data1[0]
    SLICE_X84Y113        LUT6 (Prop_lut6_I5_O)        0.124     9.951 r  piso/led_OBUF[4]_inst_i_1/O
                         net (fo=1, routed)           2.027    11.978    led_OBUF[4]
    N7                   OBUF (Prop_obuf_I_O)         3.524    15.502 r  led_OBUF[4]_inst/O
                         net (fo=0)                   0.000    15.502    led[4]
    N7                                                                r  led[4]
  -------------------------------------------------------------------    -------------------

Slack:                    inf
  Source:                 scan/index_reg[1]/C
                            (rising edge-triggered cell FDRE clocked by trainer_1khz  {rise@0.000ns fall@500000.031ns period=1000000.000ns})
  Destination:            seg_data[7]
                            (output port)
  Path Group:             (none)
  Path Type:              Max at Slow Process Corner
  Data Path Delay:        9.830ns  (logic 4.484ns (45.617%)  route 5.346ns (54.383%))
  Logic Levels:           3  (LUT4=1 LUT6=1 OBUF=1)
  Clock Uncertainty:      0.025ns  ((TSJ^2 + TIJ^2)^1/2 + DJ) / 2 + PE
    Total System Jitter     (TSJ):    0.050ns
    Total Input Jitter      (TIJ):    0.000ns
    Discrete Jitter          (DJ):    0.000ns
    Phase Error              (PE):    0.000ns

    Location             Delay type                Incr(ns)  Path(ns)    Netlist Resource(s)
  -------------------------------------------------------------------    -------------------
                         (clock trainer_1khz rise edge)
                                                      0.000     0.000 r  <hidden>
    B6                                                0.000     0.000 r  clk
                         net (fo=0)                   0.000     0.000    clk
    B6                   IBUF (Prop_ibuf_I_O)         1.500     1.500 r  clk_IBUF_inst/O
                         net (fo=1, routed)           2.315     3.815    clk_IBUF
    BUFGCTRL_X0Y16       BUFG (Prop_bufg_I_O)         0.096     3.911 r  clk_IBUF_BUFG_inst/O
                         net (fo=169, routed)         1.694     5.605    scan/CLK
    SLICE_X81Y114        FDRE                                         r  scan/index_reg[1]/C
  -------------------------------------------------------------------    -------------------
    SLICE_X81Y114        FDRE (Prop_fdre_C_Q)         0.456     6.061 r  scan/index_reg[1]/Q
                         net (fo=15, routed)          1.473     7.534    scan/scan_index[1]
    SLICE_X84Y120        LUT4 (Prop_lut4_I1_O)        0.146     7.680 r  scan/seg_data_OBUF[7]_inst_i_5/O
                         net (fo=7, routed)           1.496     9.176    scan/sel0[1]
    SLICE_X84Y132        LUT6 (Prop_lut6_I4_O)        0.328     9.504 r  scan/seg_data_OBUF[7]_inst_i_1/O
                         net (fo=1, routed)           2.378    11.881    seg_data_OBUF[7]
    F1                   OBUF (Prop_obuf_I_O)         3.554    15.436 r  seg_data_OBUF[7]_inst/O
                         net (fo=0)                   0.000    15.436    seg_data[7]
    F1                                                                r  seg_data[7]
  -------------------------------------------------------------------    -------------------

Slack:                    inf
  Source:                 inputs/sw_sync_reg[4]/C
                            (rising edge-triggered cell FDCE clocked by trainer_1khz  {rise@0.000ns fall@500000.031ns period=1000000.000ns})
  Destination:            seg_data[5]
                            (output port)
  Path Group:             (none)
  Path Type:              Max at Slow Process Corner
  Data Path Delay:        9.540ns  (logic 4.394ns (46.052%)  route 5.147ns (53.948%))
  Logic Levels:           3  (LUT4=1 LUT6=1 OBUF=1)
  Clock Uncertainty:      0.025ns  ((TSJ^2 + TIJ^2)^1/2 + DJ) / 2 + PE
    Total System Jitter     (TSJ):    0.050ns
    Total Input Jitter      (TIJ):    0.000ns
    Discrete Jitter          (DJ):    0.000ns
    Phase Error              (PE):    0.000ns

    Location             Delay type                Incr(ns)  Path(ns)    Netlist Resource(s)
  -------------------------------------------------------------------    -------------------
                         (clock trainer_1khz rise edge)
                                                      0.000     0.000 r  <hidden>
    B6                                                0.000     0.000 r  clk
                         net (fo=0)                   0.000     0.000    clk
    B6                   IBUF (Prop_ibuf_I_O)         1.500     1.500 r  clk_IBUF_inst/O
                         net (fo=1, routed)           2.315     3.815    clk_IBUF
    BUFGCTRL_X0Y16       BUFG (Prop_bufg_I_O)         0.096     3.911 r  clk_IBUF_BUFG_inst/O
                         net (fo=169, routed)         1.695     5.606    inputs/CLK
    SLICE_X81Y112        FDCE                                         r  inputs/sw_sync_reg[4]/C
  -------------------------------------------------------------------    -------------------
    SLICE_X81Y112        FDCE (Prop_fdce_C_Q)         0.419     6.025 r  inputs/sw_sync_reg[4]/Q
                         net (fo=3, routed)           1.278     7.304    scan/switches[0]
    SLICE_X84Y116        LUT4 (Prop_lut4_I2_O)        0.296     7.600 r  scan/seg_data_OBUF[7]_inst_i_6/O
                         net (fo=7, routed)           1.403     9.003    scan/sel0[0]
    SLICE_X84Y131        LUT6 (Prop_lut6_I5_O)        0.124     9.127 r  scan/seg_data_OBUF[5]_inst_i_1/O
                         net (fo=1, routed)           2.466    11.592    seg_data_OBUF[5]
    E2                   OBUF (Prop_obuf_I_O)         3.555    15.147 r  seg_data_OBUF[5]_inst/O
                         net (fo=0)                   0.000    15.147    seg_data[5]
    E2                                                                r  seg_data[5]
  -------------------------------------------------------------------    -------------------

Slack:                    inf
  Source:                 scan/index_reg[1]/C
                            (rising edge-triggered cell FDRE clocked by trainer_1khz  {rise@0.000ns fall@500000.031ns period=1000000.000ns})
  Destination:            seg_data[2]
                            (output port)
  Path Group:             (none)
  Path Type:              Max at Slow Process Corner
  Data Path Delay:        9.522ns  (logic 4.468ns (46.924%)  route 5.054ns (53.076%))
  Logic Levels:           3  (LUT4=1 LUT6=1 OBUF=1)
  Clock Uncertainty:      0.025ns  ((TSJ^2 + TIJ^2)^1/2 + DJ) / 2 + PE
    Total System Jitter     (TSJ):    0.050ns
    Total Input Jitter      (TIJ):    0.000ns
    Discrete Jitter          (DJ):    0.000ns
    Phase Error              (PE):    0.000ns

    Location             Delay type                Incr(ns)  Path(ns)    Netlist Resource(s)
  -------------------------------------------------------------------    -------------------
                         (clock trainer_1khz rise edge)
                                                      0.000     0.000 r  <hidden>
    B6                                                0.000     0.000 r  clk
                         net (fo=0)                   0.000     0.000    clk
    B6                   IBUF (Prop_ibuf_I_O)         1.500     1.500 r  clk_IBUF_inst/O
                         net (fo=1, routed)           2.315     3.815    clk_IBUF
    BUFGCTRL_X0Y16       BUFG (Prop_bufg_I_O)         0.096     3.911 r  clk_IBUF_BUFG_inst/O
                         net (fo=169, routed)         1.694     5.605    scan/CLK
    SLICE_X81Y114        FDRE                                         r  scan/index_reg[1]/C
  -------------------------------------------------------------------    -------------------
    SLICE_X81Y114        FDRE (Prop_fdre_C_Q)         0.456     6.061 r  scan/index_reg[1]/Q
                         net (fo=15, routed)          1.473     7.534    scan/scan_index[1]
    SLICE_X84Y120        LUT4 (Prop_lut4_I1_O)        0.146     7.680 r  scan/seg_data_OBUF[7]_inst_i_5/O
                         net (fo=7, routed)           1.476     9.156    scan/sel0[1]
    SLICE_X84Y131        LUT6 (Prop_lut6_I5_O)        0.328     9.484 r  scan/seg_data_OBUF[2]_inst_i_1/O
                         net (fo=1, routed)           2.105    11.589    seg_data_OBUF[2]
    J3                   OBUF (Prop_obuf_I_O)         3.538    15.127 r  seg_data_OBUF[2]_inst/O
                         net (fo=0)                   0.000    15.127    seg_data[2]
    J3                                                                r  seg_data[2]
  -------------------------------------------------------------------    -------------------

Slack:                    inf
  Source:                 mode_reg[0]/C
                            (rising edge-triggered cell FDRE clocked by trainer_1khz  {rise@0.000ns fall@500000.031ns period=1000000.000ns})
  Destination:            seg_com[5]
                            (output port)
  Path Group:             (none)
  Path Type:              Max at Slow Process Corner
  Data Path Delay:        9.499ns  (logic 4.310ns (45.370%)  route 5.189ns (54.630%))
  Logic Levels:           3  (LUT2=1 LUT6=1 OBUF=1)
  Clock Uncertainty:      0.025ns  ((TSJ^2 + TIJ^2)^1/2 + DJ) / 2 + PE
    Total System Jitter     (TSJ):    0.050ns
    Total Input Jitter      (TIJ):    0.000ns
    Discrete Jitter          (DJ):    0.000ns
    Phase Error              (PE):    0.000ns

    Location             Delay type                Incr(ns)  Path(ns)    Netlist Resource(s)
  -------------------------------------------------------------------    -------------------
                         (clock trainer_1khz rise edge)
                                                      0.000     0.000 r  <hidden>
    B6                                                0.000     0.000 r  clk
                         net (fo=0)                   0.000     0.000    clk
    B6                   IBUF (Prop_ibuf_I_O)         1.500     1.500 r  clk_IBUF_inst/O
                         net (fo=1, routed)           2.315     3.815    clk_IBUF
    BUFGCTRL_X0Y16       BUFG (Prop_bufg_I_O)         0.096     3.911 r  clk_IBUF_BUFG_inst/O
                         net (fo=169, routed)         1.694     5.605    clk_IBUF_BUFG
    SLICE_X80Y114        FDRE                                         r  mode_reg[0]/C
  -------------------------------------------------------------------    -------------------
    SLICE_X80Y114        FDRE (Prop_fdre_C_Q)         0.518     6.123 f  mode_reg[0]/Q
                         net (fo=29, routed)          0.992     7.115    scan/mode[0]
    SLICE_X84Y114        LUT2 (Prop_lut2_I0_O)        0.124     7.239 r  scan/seg_data_OBUF[7]_inst_i_2/O
                         net (fo=15, routed)          1.892     9.131    scan/seg_data_OBUF[7]_inst_i_2_n_0
    SLICE_X84Y134        LUT6 (Prop_lut6_I0_O)        0.124     9.255 r  scan/seg_com_OBUF[5]_inst_i_1/O
                         net (fo=1, routed)           2.306    11.561    seg_com_OBUF[5]
    G1                   OBUF (Prop_obuf_I_O)         3.544    15.105 r  seg_com_OBUF[5]_inst/O
                         net (fo=0)                   0.000    15.105    seg_com[5]
    G1                                                                r  seg_com[5]
  -------------------------------------------------------------------    -------------------

Slack:                    inf
  Source:                 mode_reg[2]/C
                            (rising edge-triggered cell FDRE clocked by trainer_1khz  {rise@0.000ns fall@500000.031ns period=1000000.000ns})
  Destination:            seg_com[4]
                            (output port)
  Path Group:             (none)
  Path Type:              Max at Slow Process Corner
  Data Path Delay:        9.389ns  (logic 4.165ns (44.361%)  route 5.224ns (55.639%))
  Logic Levels:           2  (LUT6=1 OBUF=1)
  Clock Uncertainty:      0.025ns  ((TSJ^2 + TIJ^2)^1/2 + DJ) / 2 + PE
    Total System Jitter     (TSJ):    0.050ns
    Total Input Jitter      (TIJ):    0.000ns
    Discrete Jitter          (DJ):    0.000ns
    Phase Error              (PE):    0.000ns

    Location             Delay type                Incr(ns)  Path(ns)    Netlist Resource(s)
  -------------------------------------------------------------------    -------------------
                         (clock trainer_1khz rise edge)
                                                      0.000     0.000 r  <hidden>
    B6                                                0.000     0.000 r  clk
                         net (fo=0)                   0.000     0.000    clk
    B6                   IBUF (Prop_ibuf_I_O)         1.500     1.500 r  clk_IBUF_inst/O
                         net (fo=1, routed)           2.315     3.815    clk_IBUF
    BUFGCTRL_X0Y16       BUFG (Prop_bufg_I_O)         0.096     3.911 r  clk_IBUF_BUFG_inst/O
                         net (fo=169, routed)         1.694     5.605    clk_IBUF_BUFG
    SLICE_X80Y114        FDRE                                         r  mode_reg[2]/C
  -------------------------------------------------------------------    -------------------
    SLICE_X80Y114        FDRE (Prop_fdre_C_Q)         0.518     6.123 f  mode_reg[2]/Q
                         net (fo=37, routed)          2.719     8.842    scan/mode[2]
    SLICE_X85Y134        LUT6 (Prop_lut6_I5_O)        0.124     8.966 r  scan/seg_com_OBUF[4]_inst_i_1/O
                         net (fo=1, routed)           2.505    11.472    seg_com_OBUF[4]
    G3                   OBUF (Prop_obuf_I_O)         3.523    14.995 r  seg_com_OBUF[4]_inst/O
                         net (fo=0)                   0.000    14.995    seg_com[4]
    G3                                                                r  seg_com[4]
  -------------------------------------------------------------------    -------------------

Slack:                    inf
  Source:                 inputs/sw_sync_reg[7]/C
                            (rising edge-triggered cell FDCE clocked by trainer_1khz  {rise@0.000ns fall@500000.031ns period=1000000.000ns})
  Destination:            seg_data[3]
                            (output port)
  Path Group:             (none)
  Path Type:              Max at Slow Process Corner
  Data Path Delay:        9.373ns  (logic 4.609ns (49.169%)  route 4.764ns (50.831%))
  Logic Levels:           3  (LUT4=1 LUT6=1 OBUF=1)
  Clock Uncertainty:      0.025ns  ((TSJ^2 + TIJ^2)^1/2 + DJ) / 2 + PE
    Total System Jitter     (TSJ):    0.050ns
    Total Input Jitter      (TIJ):    0.000ns
    Discrete Jitter          (DJ):    0.000ns
    Phase Error              (PE):    0.000ns

    Location             Delay type                Incr(ns)  Path(ns)    Netlist Resource(s)
  -------------------------------------------------------------------    -------------------
                         (clock trainer_1khz rise edge)
                                                      0.000     0.000 r  <hidden>
    B6                                                0.000     0.000 r  clk
                         net (fo=0)                   0.000     0.000    clk
    B6                   IBUF (Prop_ibuf_I_O)         1.500     1.500 r  clk_IBUF_inst/O
                         net (fo=1, routed)           2.315     3.815    clk_IBUF
    BUFGCTRL_X0Y16       BUFG (Prop_bufg_I_O)         0.096     3.911 r  clk_IBUF_BUFG_inst/O
                         net (fo=169, routed)         1.696     5.607    inputs/CLK
    SLICE_X82Y112        FDCE                                         r  inputs/sw_sync_reg[7]/C
  -------------------------------------------------------------------    -------------------
    SLICE_X82Y112        FDCE (Prop_fdce_C_Q)         0.419     6.026 r  inputs/sw_sync_reg[7]/Q
                         net (fo=8, routed)           0.938     6.964    scan/switches[3]
    SLICE_X84Y116        LUT4 (Prop_lut4_I1_O)        0.322     7.286 r  scan/seg_data_OBUF[7]_inst_i_3/O
                         net (fo=7, routed)           1.774     9.060    scan/seg_data_OBUF[7]_inst_i_3_n_0
    SLICE_X84Y132        LUT6 (Prop_lut6_I2_O)        0.328     9.388 r  scan/seg_data_OBUF[3]_inst_i_1/O
                         net (fo=1, routed)           2.053    11.441    seg_data_OBUF[3]
    J1                   OBUF (Prop_obuf_I_O)         3.540    14.981 r  seg_data_OBUF[3]_inst/O
                         net (fo=0)                   0.000    14.981    seg_data[3]
    J1                                                                r  seg_data[3]
  -------------------------------------------------------------------    -------------------

Slack:                    inf
  Source:                 scan/index_reg[1]/C
                            (rising edge-triggered cell FDRE clocked by trainer_1khz  {rise@0.000ns fall@500000.031ns period=1000000.000ns})
  Destination:            seg_data[1]
                            (output port)
  Path Group:             (none)
  Path Type:              Max at Slow Process Corner
  Data Path Delay:        9.303ns  (logic 4.483ns (48.195%)  route 4.819ns (51.805%))
  Logic Levels:           3  (LUT4=1 LUT6=1 OBUF=1)
  Clock Uncertainty:      0.025ns  ((TSJ^2 + TIJ^2)^1/2 + DJ) / 2 + PE
    Total System Jitter     (TSJ):    0.050ns
    Total Input Jitter      (TIJ):    0.000ns
    Discrete Jitter          (DJ):    0.000ns
    Phase Error              (PE):    0.000ns

    Location             Delay type                Incr(ns)  Path(ns)    Netlist Resource(s)
  -------------------------------------------------------------------    -------------------
                         (clock trainer_1khz rise edge)
                                                      0.000     0.000 r  <hidden>
    B6                                                0.000     0.000 r  clk
                         net (fo=0)                   0.000     0.000    clk
    B6                   IBUF (Prop_ibuf_I_O)         1.500     1.500 r  clk_IBUF_inst/O
                         net (fo=1, routed)           2.315     3.815    clk_IBUF
    BUFGCTRL_X0Y16       BUFG (Prop_bufg_I_O)         0.096     3.911 r  clk_IBUF_BUFG_inst/O
                         net (fo=169, routed)         1.694     5.605    scan/CLK
    SLICE_X81Y114        FDRE                                         r  scan/index_reg[1]/C
  -------------------------------------------------------------------    -------------------
    SLICE_X81Y114        FDRE (Prop_fdre_C_Q)         0.456     6.061 r  scan/index_reg[1]/Q
                         net (fo=15, routed)          1.473     7.534    scan/scan_index[1]
    SLICE_X84Y120        LUT4 (Prop_lut4_I1_O)        0.146     7.680 r  scan/seg_data_OBUF[7]_inst_i_5/O
                         net (fo=7, routed)           1.486     9.166    scan/sel0[1]
    SLICE_X84Y131        LUT6 (Prop_lut6_I5_O)        0.328     9.494 r  scan/seg_data_OBUF[1]_inst_i_1/O
                         net (fo=1, routed)           1.861    11.355    seg_data_OBUF[1]
    J7                   OBUF (Prop_obuf_I_O)         3.553    14.908 r  seg_data_OBUF[1]_inst/O
                         net (fo=0)                   0.000    14.908    seg_data[1]
    J7                                                                r  seg_data[1]
  -------------------------------------------------------------------    -------------------





Min Delay Paths
--------------------------------------------------------------------------------------
Slack:                    inf
  Source:                 registers/stored_reg[2]/C
                            (rising edge-triggered cell FDRE clocked by trainer_1khz  {rise@0.000ns fall@500000.031ns period=1000000.000ns})
  Destination:            led[6]
                            (output port)
  Path Group:             (none)
  Path Type:              Min at Fast Process Corner
  Data Path Delay:        1.927ns  (logic 1.415ns (73.455%)  route 0.512ns (26.545%))
  Logic Levels:           2  (LUT5=1 OBUF=1)
  Clock Uncertainty:      0.025ns  ((TSJ^2 + TIJ^2)^1/2 + DJ) / 2 + PE
    Total System Jitter     (TSJ):    0.050ns
    Total Input Jitter      (TIJ):    0.000ns
    Discrete Jitter          (DJ):    0.000ns
    Phase Error              (PE):    0.000ns

    Location             Delay type                Incr(ns)  Path(ns)    Netlist Resource(s)
  -------------------------------------------------------------------    -------------------
                         (clock trainer_1khz rise edge)
                                                      0.000     0.000 r  <hidden>
    B6                                                0.000     0.000 r  clk
                         net (fo=0)                   0.000     0.000    clk
    B6                   IBUF (Prop_ibuf_I_O)         0.268     0.268 r  clk_IBUF_inst/O
                         net (fo=1, routed)           0.808     1.075    clk_IBUF
    BUFGCTRL_X0Y16       BUFG (Prop_bufg_I_O)         0.026     1.101 r  clk_IBUF_BUFG_inst/O
                         net (fo=169, routed)         0.591     1.692    registers/CLK
    SLICE_X82Y114        FDRE                                         r  registers/stored_reg[2]/C
  -------------------------------------------------------------------    -------------------
    SLICE_X82Y114        FDRE (Prop_fdre_C_Q)         0.141     1.833 r  registers/stored_reg[2]/Q
                         net (fo=2, routed)           0.064     1.897    piso/led[7][2]
    SLICE_X83Y114        LUT5 (Prop_lut5_I4_O)        0.045     1.942 r  piso/led_OBUF[6]_inst_i_1/O
                         net (fo=1, routed)           0.448     2.390    led_OBUF[6]
    M4                   OBUF (Prop_obuf_I_O)         1.229     3.619 r  led_OBUF[6]_inst/O
                         net (fo=0)                   0.000     3.619    led[6]
    M4                                                                r  led[6]
  -------------------------------------------------------------------    -------------------

Slack:                    inf
  Source:                 scan/index_reg[2]/C
                            (rising edge-triggered cell FDRE clocked by trainer_1khz  {rise@0.000ns fall@500000.031ns period=1000000.000ns})
  Destination:            led[2]
                            (output port)
  Path Group:             (none)
  Path Type:              Min at Fast Process Corner
  Data Path Delay:        1.997ns  (logic 1.415ns (70.857%)  route 0.582ns (29.143%))
  Logic Levels:           2  (LUT6=1 OBUF=1)
  Clock Uncertainty:      0.025ns  ((TSJ^2 + TIJ^2)^1/2 + DJ) / 2 + PE
    Total System Jitter     (TSJ):    0.050ns
    Total Input Jitter      (TIJ):    0.000ns
    Discrete Jitter          (DJ):    0.000ns
    Phase Error              (PE):    0.000ns

    Location             Delay type                Incr(ns)  Path(ns)    Netlist Resource(s)
  -------------------------------------------------------------------    -------------------
                         (clock trainer_1khz rise edge)
                                                      0.000     0.000 r  <hidden>
    B6                                                0.000     0.000 r  clk
                         net (fo=0)                   0.000     0.000    clk
    B6                   IBUF (Prop_ibuf_I_O)         0.268     0.268 r  clk_IBUF_inst/O
                         net (fo=1, routed)           0.808     1.075    clk_IBUF
    BUFGCTRL_X0Y16       BUFG (Prop_bufg_I_O)         0.026     1.101 r  clk_IBUF_BUFG_inst/O
                         net (fo=169, routed)         0.591     1.692    scan/CLK
    SLICE_X85Y114        FDRE                                         r  scan/index_reg[2]/C
  -------------------------------------------------------------------    -------------------
    SLICE_X85Y114        FDRE (Prop_fdre_C_Q)         0.141     1.833 r  scan/index_reg[2]/Q
                         net (fo=14, routed)          0.146     1.979    mealy/scan_index[0]
    SLICE_X84Y115        LUT6 (Prop_lut6_I3_O)        0.045     2.024 r  mealy/led_OBUF[2]_inst_i_1/O
                         net (fo=1, routed)           0.436     2.460    led_OBUF[2]
    M3                   OBUF (Prop_obuf_I_O)         1.229     3.689 r  led_OBUF[2]_inst/O
                         net (fo=0)                   0.000     3.689    led[2]
    M3                                                                r  led[2]
  -------------------------------------------------------------------    -------------------

Slack:                    inf
  Source:                 registers/value_reg[1]/C
                            (rising edge-triggered cell FDRE clocked by trainer_1khz  {rise@0.000ns fall@500000.031ns period=1000000.000ns})
  Destination:            led[1]
                            (output port)
  Path Group:             (none)
  Path Type:              Min at Fast Process Corner
  Data Path Delay:        2.015ns  (logic 1.553ns (77.079%)  route 0.462ns (22.921%))
  Logic Levels:           3  (LUT6=1 MUXF7=1 OBUF=1)
  Clock Uncertainty:      0.025ns  ((TSJ^2 + TIJ^2)^1/2 + DJ) / 2 + PE
    Total System Jitter     (TSJ):    0.050ns
    Total Input Jitter      (TIJ):    0.000ns
    Discrete Jitter          (DJ):    0.000ns
    Phase Error              (PE):    0.000ns

    Location             Delay type                Incr(ns)  Path(ns)    Netlist Resource(s)
  -------------------------------------------------------------------    -------------------
                         (clock trainer_1khz rise edge)
                                                      0.000     0.000 r  <hidden>
    B6                                                0.000     0.000 r  clk
                         net (fo=0)                   0.000     0.000    clk
    B6                   IBUF (Prop_ibuf_I_O)         0.268     0.268 r  clk_IBUF_inst/O
                         net (fo=1, routed)           0.808     1.075    clk_IBUF
    BUFGCTRL_X0Y16       BUFG (Prop_bufg_I_O)         0.026     1.101 r  clk_IBUF_BUFG_inst/O
                         net (fo=169, routed)         0.591     1.692    registers/CLK
    SLICE_X83Y114        FDRE                                         r  registers/value_reg[1]/C
  -------------------------------------------------------------------    -------------------
    SLICE_X83Y114        FDRE (Prop_fdre_C_Q)         0.141     1.833 r  registers/value_reg[1]/Q
                         net (fo=1, routed)           0.100     1.933    shift/data2[1]
    SLICE_X84Y114        LUT6 (Prop_lut6_I1_O)        0.045     1.978 r  shift/led_OBUF[1]_inst_i_2/O
                         net (fo=1, routed)           0.000     1.978    shift/led_OBUF[1]_inst_i_2_n_0
    SLICE_X84Y114        MUXF7 (Prop_muxf7_I0_O)      0.062     2.040 r  shift/led_OBUF[1]_inst_i_1/O
                         net (fo=1, routed)           0.362     2.402    led_OBUF[1]
    M1                   OBUF (Prop_obuf_I_O)         1.305     3.707 r  led_OBUF[1]_inst/O
                         net (fo=0)                   0.000     3.707    led[1]
    M1                                                                r  led[1]
  -------------------------------------------------------------------    -------------------

Slack:                    inf
  Source:                 piso/value_reg[0]/C
                            (rising edge-triggered cell FDRE clocked by trainer_1khz  {rise@0.000ns fall@500000.031ns period=1000000.000ns})
  Destination:            led[4]
                            (output port)
  Path Group:             (none)
  Path Type:              Min at Fast Process Corner
  Data Path Delay:        2.017ns  (logic 1.411ns (69.978%)  route 0.605ns (30.022%))
  Logic Levels:           2  (LUT6=1 OBUF=1)
  Clock Uncertainty:      0.025ns  ((TSJ^2 + TIJ^2)^1/2 + DJ) / 2 + PE
    Total System Jitter     (TSJ):    0.050ns
    Total Input Jitter      (TIJ):    0.000ns
    Discrete Jitter          (DJ):    0.000ns
    Phase Error              (PE):    0.000ns

    Location             Delay type                Incr(ns)  Path(ns)    Netlist Resource(s)
  -------------------------------------------------------------------    -------------------
                         (clock trainer_1khz rise edge)
                                                      0.000     0.000 r  <hidden>
    B6                                                0.000     0.000 r  clk
                         net (fo=0)                   0.000     0.000    clk
    B6                   IBUF (Prop_ibuf_I_O)         0.268     0.268 r  clk_IBUF_inst/O
                         net (fo=1, routed)           0.808     1.075    clk_IBUF
    BUFGCTRL_X0Y16       BUFG (Prop_bufg_I_O)         0.026     1.101 r  clk_IBUF_BUFG_inst/O
                         net (fo=169, routed)         0.591     1.692    piso/CLK
    SLICE_X82Y113        FDRE                                         r  piso/value_reg[0]/C
  -------------------------------------------------------------------    -------------------
    SLICE_X82Y113        FDRE (Prop_fdre_C_Q)         0.141     1.833 r  piso/value_reg[0]/Q
                         net (fo=2, routed)           0.149     1.982    piso/Q[0]
    SLICE_X84Y113        LUT6 (Prop_lut6_I0_O)        0.045     2.027 r  piso/led_OBUF[4]_inst_i_1/O
                         net (fo=1, routed)           0.456     2.484    led_OBUF[4]
    N7                   OBUF (Prop_obuf_I_O)         1.225     3.709 r  led_OBUF[4]_inst/O
                         net (fo=0)                   0.000     3.709    led[4]
    N7                                                                r  led[4]
  -------------------------------------------------------------------    -------------------

Slack:                    inf
  Source:                 registers/stored_reg[3]/C
                            (rising edge-triggered cell FDRE clocked by trainer_1khz  {rise@0.000ns fall@500000.031ns period=1000000.000ns})
  Destination:            led[7]
                            (output port)
  Path Group:             (none)
  Path Type:              Min at Fast Process Corner
  Data Path Delay:        2.059ns  (logic 1.414ns (68.671%)  route 0.645ns (31.329%))
  Logic Levels:           2  (LUT5=1 OBUF=1)
  Clock Uncertainty:      0.025ns  ((TSJ^2 + TIJ^2)^1/2 + DJ) / 2 + PE
    Total System Jitter     (TSJ):    0.050ns
    Total Input Jitter      (TIJ):    0.000ns
    Discrete Jitter          (DJ):    0.000ns
    Phase Error              (PE):    0.000ns

    Location             Delay type                Incr(ns)  Path(ns)    Netlist Resource(s)
  -------------------------------------------------------------------    -------------------
                         (clock trainer_1khz rise edge)
                                                      0.000     0.000 r  <hidden>
    B6                                                0.000     0.000 r  clk
                         net (fo=0)                   0.000     0.000    clk
    B6                   IBUF (Prop_ibuf_I_O)         0.268     0.268 r  clk_IBUF_inst/O
                         net (fo=1, routed)           0.808     1.075    clk_IBUF
    BUFGCTRL_X0Y16       BUFG (Prop_bufg_I_O)         0.026     1.101 r  clk_IBUF_BUFG_inst/O
                         net (fo=169, routed)         0.591     1.692    registers/CLK
    SLICE_X82Y114        FDRE                                         r  registers/stored_reg[3]/C
  -------------------------------------------------------------------    -------------------
    SLICE_X82Y114        FDRE (Prop_fdre_C_Q)         0.141     1.833 r  registers/stored_reg[3]/Q
                         net (fo=2, routed)           0.097     1.930    piso/led[7][3]
    SLICE_X83Y114        LUT5 (Prop_lut5_I4_O)        0.045     1.975 r  piso/led_OBUF[7]_inst_i_1/O
                         net (fo=1, routed)           0.548     2.523    led_OBUF[7]
    L4                   OBUF (Prop_obuf_I_O)         1.228     3.751 r  led_OBUF[7]_inst/O
                         net (fo=0)                   0.000     3.751    led[7]
    L4                                                                r  led[7]
  -------------------------------------------------------------------    -------------------

Slack:                    inf
  Source:                 registers/stored_reg[1]/C
                            (rising edge-triggered cell FDRE clocked by trainer_1khz  {rise@0.000ns fall@500000.031ns period=1000000.000ns})
  Destination:            led[5]
                            (output port)
  Path Group:             (none)
  Path Type:              Min at Fast Process Corner
  Data Path Delay:        2.070ns  (logic 1.429ns (69.065%)  route 0.640ns (30.935%))
  Logic Levels:           2  (LUT5=1 OBUF=1)
  Clock Uncertainty:      0.025ns  ((TSJ^2 + TIJ^2)^1/2 + DJ) / 2 + PE
    Total System Jitter     (TSJ):    0.050ns
    Total Input Jitter      (TIJ):    0.000ns
    Discrete Jitter          (DJ):    0.000ns
    Phase Error              (PE):    0.000ns

    Location             Delay type                Incr(ns)  Path(ns)    Netlist Resource(s)
  -------------------------------------------------------------------    -------------------
                         (clock trainer_1khz rise edge)
                                                      0.000     0.000 r  <hidden>
    B6                                                0.000     0.000 r  clk
                         net (fo=0)                   0.000     0.000    clk
    B6                   IBUF (Prop_ibuf_I_O)         0.268     0.268 r  clk_IBUF_inst/O
                         net (fo=1, routed)           0.808     1.075    clk_IBUF
    BUFGCTRL_X0Y16       BUFG (Prop_bufg_I_O)         0.026     1.101 r  clk_IBUF_BUFG_inst/O
                         net (fo=169, routed)         0.591     1.692    registers/CLK
    SLICE_X82Y114        FDRE                                         r  registers/stored_reg[1]/C
  -------------------------------------------------------------------    -------------------
    SLICE_X82Y114        FDRE (Prop_fdre_C_Q)         0.141     1.833 r  registers/stored_reg[1]/Q
                         net (fo=2, routed)           0.232     2.065    piso/led[7][1]
    SLICE_X82Y114        LUT5 (Prop_lut5_I4_O)        0.045     2.110 r  piso/led_OBUF[5]_inst_i_1/O
                         net (fo=1, routed)           0.408     2.518    led_OBUF[5]
    M2                   OBUF (Prop_obuf_I_O)         1.243     3.762 r  led_OBUF[5]_inst/O
                         net (fo=0)                   0.000     3.762    led[5]
    M2                                                                r  led[5]
  -------------------------------------------------------------------    -------------------

Slack:                    inf
  Source:                 scan/index_reg[2]/C
                            (rising edge-triggered cell FDRE clocked by trainer_1khz  {rise@0.000ns fall@500000.031ns period=1000000.000ns})
  Destination:            seg_com[2]
                            (output port)
  Path Group:             (none)
  Path Type:              Min at Fast Process Corner
  Data Path Delay:        2.097ns  (logic 1.430ns (68.213%)  route 0.666ns (31.787%))
  Logic Levels:           2  (LUT6=1 OBUF=1)
  Clock Uncertainty:      0.025ns  ((TSJ^2 + TIJ^2)^1/2 + DJ) / 2 + PE
    Total System Jitter     (TSJ):    0.050ns
    Total Input Jitter      (TIJ):    0.000ns
    Discrete Jitter          (DJ):    0.000ns
    Phase Error              (PE):    0.000ns

    Location             Delay type                Incr(ns)  Path(ns)    Netlist Resource(s)
  -------------------------------------------------------------------    -------------------
                         (clock trainer_1khz rise edge)
                                                      0.000     0.000 r  <hidden>
    B6                                                0.000     0.000 r  clk
                         net (fo=0)                   0.000     0.000    clk
    B6                   IBUF (Prop_ibuf_I_O)         0.268     0.268 r  clk_IBUF_inst/O
                         net (fo=1, routed)           0.808     1.075    clk_IBUF
    BUFGCTRL_X0Y16       BUFG (Prop_bufg_I_O)         0.026     1.101 r  clk_IBUF_BUFG_inst/O
                         net (fo=169, routed)         0.591     1.692    scan/CLK
    SLICE_X85Y114        FDRE                                         r  scan/index_reg[2]/C
  -------------------------------------------------------------------    -------------------
    SLICE_X85Y114        FDRE (Prop_fdre_C_Q)         0.141     1.833 f  scan/index_reg[2]/Q
                         net (fo=14, routed)          0.335     2.168    scan/index_reg[2]_0[0]
    SLICE_X85Y121        LUT6 (Prop_lut6_I3_O)        0.045     2.213 r  scan/seg_com_OBUF[2]_inst_i_1/O
                         net (fo=1, routed)           0.331     2.545    seg_com_OBUF[2]
    K1                   OBUF (Prop_obuf_I_O)         1.244     3.789 r  seg_com_OBUF[2]_inst/O
                         net (fo=0)                   0.000     3.789    seg_com[2]
    K1                                                                r  seg_com[2]
  -------------------------------------------------------------------    -------------------

Slack:                    inf
  Source:                 piso/value_reg[3]/C
                            (rising edge-triggered cell FDRE clocked by trainer_1khz  {rise@0.000ns fall@500000.031ns period=1000000.000ns})
  Destination:            led[0]
                            (output port)
  Path Group:             (none)
  Path Type:              Min at Fast Process Corner
  Data Path Delay:        2.107ns  (logic 1.556ns (73.820%)  route 0.552ns (26.180%))
  Logic Levels:           3  (LUT5=1 MUXF7=1 OBUF=1)
  Clock Uncertainty:      0.025ns  ((TSJ^2 + TIJ^2)^1/2 + DJ) / 2 + PE
    Total System Jitter     (TSJ):    0.050ns
    Total Input Jitter      (TIJ):    0.000ns
    Discrete Jitter          (DJ):    0.000ns
    Phase Error              (PE):    0.000ns

    Location             Delay type                Incr(ns)  Path(ns)    Netlist Resource(s)
  -------------------------------------------------------------------    -------------------
                         (clock trainer_1khz rise edge)
                                                      0.000     0.000 r  <hidden>
    B6                                                0.000     0.000 r  clk
                         net (fo=0)                   0.000     0.000    clk
    B6                   IBUF (Prop_ibuf_I_O)         0.268     0.268 r  clk_IBUF_inst/O
                         net (fo=1, routed)           0.808     1.075    clk_IBUF
    BUFGCTRL_X0Y16       BUFG (Prop_bufg_I_O)         0.026     1.101 r  clk_IBUF_BUFG_inst/O
                         net (fo=169, routed)         0.591     1.692    piso/CLK
    SLICE_X82Y113        FDRE                                         r  piso/value_reg[3]/C
  -------------------------------------------------------------------    -------------------
    SLICE_X82Y113        FDRE (Prop_fdre_C_Q)         0.141     1.833 r  piso/value_reg[3]/Q
                         net (fo=2, routed)           0.149     1.982    scan/Q[0]
    SLICE_X83Y113        LUT5 (Prop_lut5_I4_O)        0.045     2.027 r  scan/led_OBUF[0]_inst_i_3/O
                         net (fo=1, routed)           0.000     2.027    shift/led[0]
    SLICE_X83Y113        MUXF7 (Prop_muxf7_I1_O)      0.065     2.092 r  shift/led_OBUF[0]_inst_i_1/O
                         net (fo=1, routed)           0.403     2.495    led_OBUF[0]
    N5                   OBUF (Prop_obuf_I_O)         1.305     3.799 r  led_OBUF[0]_inst/O
                         net (fo=0)                   0.000     3.799    led[0]
    N5                                                                r  led[0]
  -------------------------------------------------------------------    -------------------

Slack:                    inf
  Source:                 scan/index_reg[2]/C
                            (rising edge-triggered cell FDRE clocked by trainer_1khz  {rise@0.000ns fall@500000.031ns period=1000000.000ns})
  Destination:            seg_com[0]
                            (output port)
  Path Group:             (none)
  Path Type:              Min at Fast Process Corner
  Data Path Delay:        2.322ns  (logic 1.415ns (60.939%)  route 0.907ns (39.061%))
  Logic Levels:           2  (LUT6=1 OBUF=1)
  Clock Uncertainty:      0.025ns  ((TSJ^2 + TIJ^2)^1/2 + DJ) / 2 + PE
    Total System Jitter     (TSJ):    0.050ns
    Total Input Jitter      (TIJ):    0.000ns
    Discrete Jitter          (DJ):    0.000ns
    Phase Error              (PE):    0.000ns

    Location             Delay type                Incr(ns)  Path(ns)    Netlist Resource(s)
  -------------------------------------------------------------------    -------------------
                         (clock trainer_1khz rise edge)
                                                      0.000     0.000 r  <hidden>
    B6                                                0.000     0.000 r  clk
                         net (fo=0)                   0.000     0.000    clk
    B6                   IBUF (Prop_ibuf_I_O)         0.268     0.268 r  clk_IBUF_inst/O
                         net (fo=1, routed)           0.808     1.075    clk_IBUF
    BUFGCTRL_X0Y16       BUFG (Prop_bufg_I_O)         0.026     1.101 r  clk_IBUF_BUFG_inst/O
                         net (fo=169, routed)         0.591     1.692    scan/CLK
    SLICE_X85Y114        FDRE                                         r  scan/index_reg[2]/C
  -------------------------------------------------------------------    -------------------
    SLICE_X85Y114        FDRE (Prop_fdre_C_Q)         0.141     1.833 f  scan/index_reg[2]/Q
                         net (fo=14, routed)          0.575     2.409    scan/index_reg[2]_0[0]
    SLICE_X85Y131        LUT6 (Prop_lut6_I3_O)        0.045     2.454 r  scan/seg_com_OBUF[0]_inst_i_1/O
                         net (fo=1, routed)           0.331     2.785    seg_com_OBUF[0]
    K5                   OBUF (Prop_obuf_I_O)         1.229     4.014 r  seg_com_OBUF[0]_inst/O
                         net (fo=0)                   0.000     4.014    seg_com[0]
    K5                                                                r  seg_com[0]
  -------------------------------------------------------------------    -------------------

Slack:                    inf
  Source:                 display/lcd_data_reg[7]/C
                            (rising edge-triggered cell FDCE clocked by trainer_1khz  {rise@0.000ns fall@500000.031ns period=1000000.000ns})
  Destination:            lcd_data[7]
                            (output port)
  Path Group:             (none)
  Path Type:              Min at Fast Process Corner
  Data Path Delay:        2.352ns  (logic 1.424ns (60.540%)  route 0.928ns (39.460%))
  Logic Levels:           1  (OBUF=1)
  Clock Uncertainty:      0.025ns  ((TSJ^2 + TIJ^2)^1/2 + DJ) / 2 + PE
    Total System Jitter     (TSJ):    0.050ns
    Total Input Jitter      (TIJ):    0.000ns
    Discrete Jitter          (DJ):    0.000ns
    Phase Error              (PE):    0.000ns

    Location             Delay type                Incr(ns)  Path(ns)    Netlist Resource(s)
  -------------------------------------------------------------------    -------------------
                         (clock trainer_1khz rise edge)
                                                      0.000     0.000 r  <hidden>
    B6                                                0.000     0.000 r  clk
                         net (fo=0)                   0.000     0.000    clk
    B6                   IBUF (Prop_ibuf_I_O)         0.268     0.268 r  clk_IBUF_inst/O
                         net (fo=1, routed)           0.808     1.075    clk_IBUF
    BUFGCTRL_X0Y16       BUFG (Prop_bufg_I_O)         0.026     1.101 r  clk_IBUF_BUFG_inst/O
                         net (fo=169, routed)         0.582     1.683    display/CLK
    SLICE_X76Y118        FDCE                                         r  display/lcd_data_reg[7]/C
  -------------------------------------------------------------------    -------------------
    SLICE_X76Y118        FDCE (Prop_fdce_C_Q)         0.164     1.847 r  display/lcd_data_reg[7]/Q
                         net (fo=1, routed)           0.928     2.775    lcd_data_OBUF[7]
    D1                   OBUF (Prop_obuf_I_O)         1.260     4.035 r  lcd_data_OBUF[7]_inst/O
                         net (fo=0)                   0.000     4.035    lcd_data[7]
    D1                                                                r  lcd_data[7]
  -------------------------------------------------------------------    -------------------





