Copyright 1986-2022 Xilinx, Inc. All Rights Reserved. Copyright 2022-2026 Advanced Micro Devices, Inc. All Rights Reserved.
------------------------------------------------------------------------------------------------------------------------------------------------------------------------------------------------------------------------------------------------------------------
| Tool Version : Vivado v.2026.1 (win64) Build 6511674 Tue Jun 16 11:02:23 MDT 2026
| Date         : Sun Sep 13 18:46:34 2026
| Host         : harrylt running 64-bit major release  (build 9200)
| Command      : report_timing_summary -max_paths 10 -routable_nets -report_unconstrained -file lab2_clock_divider_timing_summary_routed.rpt -pb lab2_clock_divider_timing_summary_routed.pb -rpx lab2_clock_divider_timing_summary_routed.rpx -warn_on_violation
| Design       : lab2_clock_divider
| Device       : 7s75-fgga484
| Speed File   : -1  PRODUCTION 1.23 2018-06-13
| Design State : Routed
------------------------------------------------------------------------------------------------------------------------------------------------------------------------------------------------------------------------------------------------------------------

Timing Summary Report

------------------------------------------------------------------------------------------------
| Timer Settings
| --------------
------------------------------------------------------------------------------------------------

  Enable Multi Corner Analysis               :  Yes
  Enable Pessimism Removal                   :  Yes
  Pessimism Removal Resolution               :  Nearest Common Node
  Enable Input Delay Default Clock           :  No
  Enable Preset / Clear Arcs                 :  No
  Disable Flight Delays                      :  No
  Ignore I/O Paths                           :  No
  Timing Early Launch at Borrowing Latches   :  No
  Borrow Time for Max Delay Exceptions       :  Yes
  Merge Timing Exceptions                    :  Yes
  Inter-SLR Compensation                     :  Conservative

  Corner  Analyze    Analyze    
  Name    Max Paths  Min Paths  
  ------  ---------  ---------  
  Slow    Yes        Yes        
  Fast    Yes        Yes        


------------------------------------------------------------------------------------------------
| Report Methodology
| ------------------
------------------------------------------------------------------------------------------------

Rule       Severity  Description                    Violations  
---------  --------  -----------------------------  ----------  
TIMING-18  Warning   Missing input or output delay  8           

Note: This report is based on the most recent report_methodology run and may not be up-to-date. Run report_methodology on the current design for the latest report.



check_timing report

Table of Contents
-----------------
1. checking no_clock (0)
2. checking constant_clock (0)
3. checking pulse_width_clock (0)
4. checking unconstrained_internal_endpoints (0)
5. checking no_input_delay (1)
6. checking no_output_delay (5)
7. checking multiple_clock (0)
8. checking generated_clocks (0)
9. checking loops (0)
10. checking partial_input_delay (0)
11. checking partial_output_delay (0)
12. checking latch_loops (0)

1. checking no_clock (0)
------------------------
 There are 0 register/latch pins with no clock.


2. checking constant_clock (0)
------------------------------
 There are 0 register/latch pins with constant_clock.


3. checking pulse_width_clock (0)
---------------------------------
 There are 0 register/latch pins which need pulse_width check


4. checking unconstrained_internal_endpoints (0)
------------------------------------------------
 There are 0 pins that are not constrained for maximum delay.

 There are 0 pins that are not constrained for maximum delay due to constant clock.


5. checking no_input_delay (1)
------------------------------
 There are 0 input ports with no input delay specified.

 There is 1 input port with no input delay but user has a false path constraint. (MEDIUM)


6. checking no_output_delay (5)
-------------------------------
 There are 5 ports with no output delay specified. (HIGH)

 There are 0 ports with no output delay but user has a false path constraint

 There are 0 ports with no output delay but with a timing clock defined on it or propagating through it


7. checking multiple_clock (0)
------------------------------
 There are 0 register/latch pins with multiple clocks.


8. checking generated_clocks (0)
--------------------------------
 There are 0 generated clocks that are not connected to a clock source.


9. checking loops (0)
---------------------
 There are 0 combinational loops in the design.


10. checking partial_input_delay (0)
------------------------------------
 There are 0 input ports with partial input delay specified.


11. checking partial_output_delay (0)
-------------------------------------
 There are 0 ports with partial output delay specified.


12. checking latch_loops (0)
----------------------------
 There are 0 combinational latch loops in the design through latch input



------------------------------------------------------------------------------------------------
| Design Timing Summary
| ---------------------
------------------------------------------------------------------------------------------------

    WNS(ns)      TNS(ns)  TNS Failing Endpoints  TNS Total Endpoints      WHS(ns)      THS(ns)  THS Failing Endpoints  THS Total Endpoints     WPWS(ns)     TPWS(ns)  TPWS Failing Endpoints  TPWS Total Endpoints  
    -------      -------  ---------------------  -------------------      -------      -------  ---------------------  -------------------     --------     --------  ----------------------  --------------------  
 999996.312        0.000                      0                   51        0.122        0.000                      0                   51   499999.375        0.000                       0                    27  


All user specified timing constraints are met.


------------------------------------------------------------------------------------------------
| Clock Summary
| -------------
------------------------------------------------------------------------------------------------

Clock         Waveform(ns)               Period(ns)      Frequency(MHz)
-----         ------------               ----------      --------------
trainer_1khz  {0.000 500000.031}         1000000.000     0.001           


------------------------------------------------------------------------------------------------
| Intra Clock Table
| -----------------
------------------------------------------------------------------------------------------------

Clock             WNS(ns)      TNS(ns)  TNS Failing Endpoints  TNS Total Endpoints      WHS(ns)      THS(ns)  THS Failing Endpoints  THS Total Endpoints     WPWS(ns)     TPWS(ns)  TPWS Failing Endpoints  TPWS Total Endpoints  
-----             -------      -------  ---------------------  -------------------      -------      -------  ---------------------  -------------------     --------     --------  ----------------------  --------------------  
trainer_1khz   999996.312        0.000                      0                   51        0.122        0.000                      0                   51   499999.375        0.000                       0                    27  


------------------------------------------------------------------------------------------------
| Inter Clock Table
| -----------------
------------------------------------------------------------------------------------------------

From Clock    To Clock          WNS(ns)      TNS(ns)  TNS Failing Endpoints  TNS Total Endpoints      WHS(ns)      THS(ns)  THS Failing Endpoints  THS Total Endpoints  
----------    --------          -------      -------  ---------------------  -------------------      -------      -------  ---------------------  -------------------  


------------------------------------------------------------------------------------------------
| Other Path Groups Table
| -----------------------
------------------------------------------------------------------------------------------------

Path Group    From Clock    To Clock          WNS(ns)      TNS(ns)  TNS Failing Endpoints  TNS Total Endpoints      WHS(ns)      THS(ns)  THS Failing Endpoints  THS Total Endpoints  
----------    ----------    --------          -------      -------  ---------------------  -------------------      -------      -------  ---------------------  -------------------  


------------------------------------------------------------------------------------------------
| User Ignored Path Table
| -----------------------
------------------------------------------------------------------------------------------------

Path Group    From Clock    To Clock    
----------    ----------    --------    
(none)                      trainer_1khz  


------------------------------------------------------------------------------------------------
| Unconstrained Path Table
| ------------------------
------------------------------------------------------------------------------------------------

Path Group    From Clock    To Clock    
----------    ----------    --------    
(none)        trainer_1khz                


------------------------------------------------------------------------------------------------
| Timing Details
| --------------
------------------------------------------------------------------------------------------------


---------------------------------------------------------------------------------------------------
From Clock:  trainer_1khz
  To Clock:  trainer_1khz

Setup :            0  Failing Endpoints,  Worst Slack   999996.312ns,  Total Violation        0.000ns
Hold  :            0  Failing Endpoints,  Worst Slack        0.122ns,  Total Violation        0.000ns
PW    :            0  Failing Endpoints,  Worst Slack   499999.375ns,  Total Violation        0.000ns
---------------------------------------------------------------------------------------------------


Max Delay Paths
--------------------------------------------------------------------------------------
Slack (MET) :             999996.312ns  (required time - arrival time)
  Source:                 core/count_reg[1]/C
                            (rising edge-triggered cell FDRE clocked by trainer_1khz  {rise@0.000ns fall@500000.031ns period=1000000.000ns})
  Destination:            core/count_reg[0]/R
                            (rising edge-triggered cell FDRE clocked by trainer_1khz  {rise@0.000ns fall@500000.031ns period=1000000.000ns})
  Path Group:             trainer_1khz
  Path Type:              Setup (Max at Slow Process Corner)
  Requirement:            1000000.062ns  (trainer_1khz rise@1000000.062ns - trainer_1khz rise@0.000ns)
  Data Path Delay:        3.095ns  (logic 0.704ns (22.749%)  route 2.391ns (77.251%))
  Logic Levels:           2  (LUT3=1 LUT5=1)
  Clock Path Skew:        -0.022ns (DCD - SCD + CPR)
    Destination Clock Delay (DCD):    5.294ns = ( 1000005.375 - 1000000.062 ) 
    Source Clock Delay      (SCD):    5.609ns
    Clock Pessimism Removal (CPR):    0.293ns
  Clock Uncertainty:      0.035ns  ((TSJ^2 + TIJ^2)^1/2 + DJ) / 2 + PE
    Total System Jitter     (TSJ):    0.071ns
    Total Input Jitter      (TIJ):    0.000ns
    Discrete Jitter          (DJ):    0.000ns
    Phase Error              (PE):    0.000ns

    Location             Delay type                Incr(ns)  Path(ns)    Netlist Resource(s)
  -------------------------------------------------------------------    -------------------
                         (clock trainer_1khz rise edge)
                                                      0.000     0.000 r  <hidden>
    B6                                                0.000     0.000 r  clk
                         net (fo=0)                   0.000     0.000    clk
    B6                   IBUF (Prop_ibuf_I_O)         1.500     1.500 r  clk_IBUF_inst/O
                         net (fo=1, routed)           2.315     3.815    clk_IBUF
    BUFGCTRL_X0Y16       BUFG (Prop_bufg_I_O)         0.096     3.911 r  clk_IBUF_BUFG_inst/O
                         net (fo=26, routed)          1.698     5.609    core/CLK
    SLICE_X85Y110        FDRE                                         r  core/count_reg[1]/C
  -------------------------------------------------------------------    -------------------
    SLICE_X85Y110        FDRE (Prop_fdre_C_Q)         0.456     6.065 r  core/count_reg[1]/Q
                         net (fo=8, routed)           0.957     7.023    core/count_reg[1]
    SLICE_X85Y109        LUT3 (Prop_lut3_I0_O)        0.124     7.147 f  core/led_OBUF[4]_inst_i_2/O
                         net (fo=2, routed)           0.804     7.951    core/led_OBUF[4]_inst_i_2_n_0
    SLICE_X85Y110        LUT5 (Prop_lut5_I3_O)        0.124     8.075 r  core/count[9]_i_1/O
                         net (fo=10, routed)          0.629     8.704    core/clear
    SLICE_X84Y110        FDRE                                         r  core/count_reg[0]/R
  -------------------------------------------------------------------    -------------------

                         (clock trainer_1khz rise edge)
                                                  1000000.062 1000000.062 r  <hidden>
    B6                                                0.000 1000000.062 r  clk
                         net (fo=0)                   0.000 1000000.062    clk
    B6                   IBUF (Prop_ibuf_I_O)         1.429 1000001.500 r  clk_IBUF_inst/O
                         net (fo=1, routed)           2.196 1000003.688    clk_IBUF
    BUFGCTRL_X0Y16       BUFG (Prop_bufg_I_O)         0.091 1000003.750 r  clk_IBUF_BUFG_inst/O
                         net (fo=26, routed)          1.578 1000005.312    core/CLK
    SLICE_X84Y110        FDRE                                         r  core/count_reg[0]/C
                         clock pessimism              0.293 1000005.625    <hidden>
                         clock uncertainty           -0.035 1000005.562    <hidden>
    SLICE_X84Y110        FDRE (Setup_fdre_C_R)       -0.524 1000005.062    core/count_reg[0]
  -------------------------------------------------------------------
                         required time                      1000005.062    <hidden>
                         arrival time                          -8.704    <hidden>
  -------------------------------------------------------------------
                         slack                              999996.312    <hidden>

Slack (MET) :             999996.312ns  (required time - arrival time)
  Source:                 core/count_reg[1]/C
                            (rising edge-triggered cell FDRE clocked by trainer_1khz  {rise@0.000ns fall@500000.031ns period=1000000.000ns})
  Destination:            core/count_reg[2]/R
                            (rising edge-triggered cell FDRE clocked by trainer_1khz  {rise@0.000ns fall@500000.031ns period=1000000.000ns})
  Path Group:             trainer_1khz
  Path Type:              Setup (Max at Slow Process Corner)
  Requirement:            1000000.062ns  (trainer_1khz rise@1000000.062ns - trainer_1khz rise@0.000ns)
  Data Path Delay:        3.095ns  (logic 0.704ns (22.749%)  route 2.391ns (77.251%))
  Logic Levels:           2  (LUT3=1 LUT5=1)
  Clock Path Skew:        -0.022ns (DCD - SCD + CPR)
    Destination Clock Delay (DCD):    5.294ns = ( 1000005.375 - 1000000.062 ) 
    Source Clock Delay      (SCD):    5.609ns
    Clock Pessimism Removal (CPR):    0.293ns
  Clock Uncertainty:      0.035ns  ((TSJ^2 + TIJ^2)^1/2 + DJ) / 2 + PE
    Total System Jitter     (TSJ):    0.071ns
    Total Input Jitter      (TIJ):    0.000ns
    Discrete Jitter          (DJ):    0.000ns
    Phase Error              (PE):    0.000ns

    Location             Delay type                Incr(ns)  Path(ns)    Netlist Resource(s)
  -------------------------------------------------------------------    -------------------
                         (clock trainer_1khz rise edge)
                                                      0.000     0.000 r  <hidden>
    B6                                                0.000     0.000 r  clk
                         net (fo=0)                   0.000     0.000    clk
    B6                   IBUF (Prop_ibuf_I_O)         1.500     1.500 r  clk_IBUF_inst/O
                         net (fo=1, routed)           2.315     3.815    clk_IBUF
    BUFGCTRL_X0Y16       BUFG (Prop_bufg_I_O)         0.096     3.911 r  clk_IBUF_BUFG_inst/O
                         net (fo=26, routed)          1.698     5.609    core/CLK
    SLICE_X85Y110        FDRE                                         r  core/count_reg[1]/C
  -------------------------------------------------------------------    -------------------
    SLICE_X85Y110        FDRE (Prop_fdre_C_Q)         0.456     6.065 r  core/count_reg[1]/Q
                         net (fo=8, routed)           0.957     7.023    core/count_reg[1]
    SLICE_X85Y109        LUT3 (Prop_lut3_I0_O)        0.124     7.147 f  core/led_OBUF[4]_inst_i_2/O
                         net (fo=2, routed)           0.804     7.951    core/led_OBUF[4]_inst_i_2_n_0
    SLICE_X85Y110        LUT5 (Prop_lut5_I3_O)        0.124     8.075 r  core/count[9]_i_1/O
                         net (fo=10, routed)          0.629     8.704    core/clear
    SLICE_X84Y110        FDRE                                         r  core/count_reg[2]/R
  -------------------------------------------------------------------    -------------------

                         (clock trainer_1khz rise edge)
                                                  1000000.062 1000000.062 r  <hidden>
    B6                                                0.000 1000000.062 r  clk
                         net (fo=0)                   0.000 1000000.062    clk
    B6                   IBUF (Prop_ibuf_I_O)         1.429 1000001.500 r  clk_IBUF_inst/O
                         net (fo=1, routed)           2.196 1000003.688    clk_IBUF
    BUFGCTRL_X0Y16       BUFG (Prop_bufg_I_O)         0.091 1000003.750 r  clk_IBUF_BUFG_inst/O
                         net (fo=26, routed)          1.578 1000005.312    core/CLK
    SLICE_X84Y110        FDRE                                         r  core/count_reg[2]/C
                         clock pessimism              0.293 1000005.625    <hidden>
                         clock uncertainty           -0.035 1000005.562    <hidden>
    SLICE_X84Y110        FDRE (Setup_fdre_C_R)       -0.524 1000005.062    core/count_reg[2]
  -------------------------------------------------------------------
                         required time                      1000005.062    <hidden>
                         arrival time                          -8.704    <hidden>
  -------------------------------------------------------------------
                         slack                              999996.312    <hidden>

Slack (MET) :             999996.312ns  (required time - arrival time)
  Source:                 core/count_reg[1]/C
                            (rising edge-triggered cell FDRE clocked by trainer_1khz  {rise@0.000ns fall@500000.031ns period=1000000.000ns})
  Destination:            core/count_reg[3]/R
                            (rising edge-triggered cell FDRE clocked by trainer_1khz  {rise@0.000ns fall@500000.031ns period=1000000.000ns})
  Path Group:             trainer_1khz
  Path Type:              Setup (Max at Slow Process Corner)
  Requirement:            1000000.062ns  (trainer_1khz rise@1000000.062ns - trainer_1khz rise@0.000ns)
  Data Path Delay:        3.095ns  (logic 0.704ns (22.749%)  route 2.391ns (77.251%))
  Logic Levels:           2  (LUT3=1 LUT5=1)
  Clock Path Skew:        -0.022ns (DCD - SCD + CPR)
    Destination Clock Delay (DCD):    5.294ns = ( 1000005.375 - 1000000.062 ) 
    Source Clock Delay      (SCD):    5.609ns
    Clock Pessimism Removal (CPR):    0.293ns
  Clock Uncertainty:      0.035ns  ((TSJ^2 + TIJ^2)^1/2 + DJ) / 2 + PE
    Total System Jitter     (TSJ):    0.071ns
    Total Input Jitter      (TIJ):    0.000ns
    Discrete Jitter          (DJ):    0.000ns
    Phase Error              (PE):    0.000ns

    Location             Delay type                Incr(ns)  Path(ns)    Netlist Resource(s)
  -------------------------------------------------------------------    -------------------
                         (clock trainer_1khz rise edge)
                                                      0.000     0.000 r  <hidden>
    B6                                                0.000     0.000 r  clk
                         net (fo=0)                   0.000     0.000    clk
    B6                   IBUF (Prop_ibuf_I_O)         1.500     1.500 r  clk_IBUF_inst/O
                         net (fo=1, routed)           2.315     3.815    clk_IBUF
    BUFGCTRL_X0Y16       BUFG (Prop_bufg_I_O)         0.096     3.911 r  clk_IBUF_BUFG_inst/O
                         net (fo=26, routed)          1.698     5.609    core/CLK
    SLICE_X85Y110        FDRE                                         r  core/count_reg[1]/C
  -------------------------------------------------------------------    -------------------
    SLICE_X85Y110        FDRE (Prop_fdre_C_Q)         0.456     6.065 r  core/count_reg[1]/Q
                         net (fo=8, routed)           0.957     7.023    core/count_reg[1]
    SLICE_X85Y109        LUT3 (Prop_lut3_I0_O)        0.124     7.147 f  core/led_OBUF[4]_inst_i_2/O
                         net (fo=2, routed)           0.804     7.951    core/led_OBUF[4]_inst_i_2_n_0
    SLICE_X85Y110        LUT5 (Prop_lut5_I3_O)        0.124     8.075 r  core/count[9]_i_1/O
                         net (fo=10, routed)          0.629     8.704    core/clear
    SLICE_X84Y110        FDRE                                         r  core/count_reg[3]/R
  -------------------------------------------------------------------    -------------------

                         (clock trainer_1khz rise edge)
                                                  1000000.062 1000000.062 r  <hidden>
    B6                                                0.000 1000000.062 r  clk
                         net (fo=0)                   0.000 1000000.062    clk
    B6                   IBUF (Prop_ibuf_I_O)         1.429 1000001.500 r  clk_IBUF_inst/O
                         net (fo=1, routed)           2.196 1000003.688    clk_IBUF
    BUFGCTRL_X0Y16       BUFG (Prop_bufg_I_O)         0.091 1000003.750 r  clk_IBUF_BUFG_inst/O
                         net (fo=26, routed)          1.578 1000005.312    core/CLK
    SLICE_X84Y110        FDRE                                         r  core/count_reg[3]/C
                         clock pessimism              0.293 1000005.625    <hidden>
                         clock uncertainty           -0.035 1000005.562    <hidden>
    SLICE_X84Y110        FDRE (Setup_fdre_C_R)       -0.524 1000005.062    core/count_reg[3]
  -------------------------------------------------------------------
                         required time                      1000005.062    <hidden>
                         arrival time                          -8.704    <hidden>
  -------------------------------------------------------------------
                         slack                              999996.312    <hidden>

Slack (MET) :             999996.312ns  (required time - arrival time)
  Source:                 core/count_reg[1]/C
                            (rising edge-triggered cell FDRE clocked by trainer_1khz  {rise@0.000ns fall@500000.031ns period=1000000.000ns})
  Destination:            core/count_reg[5]/R
                            (rising edge-triggered cell FDRE clocked by trainer_1khz  {rise@0.000ns fall@500000.031ns period=1000000.000ns})
  Path Group:             trainer_1khz
  Path Type:              Setup (Max at Slow Process Corner)
  Requirement:            1000000.062ns  (trainer_1khz rise@1000000.062ns - trainer_1khz rise@0.000ns)
  Data Path Delay:        3.095ns  (logic 0.704ns (22.749%)  route 2.391ns (77.251%))
  Logic Levels:           2  (LUT3=1 LUT5=1)
  Clock Path Skew:        -0.022ns (DCD - SCD + CPR)
    Destination Clock Delay (DCD):    5.294ns = ( 1000005.375 - 1000000.062 ) 
    Source Clock Delay      (SCD):    5.609ns
    Clock Pessimism Removal (CPR):    0.293ns
  Clock Uncertainty:      0.035ns  ((TSJ^2 + TIJ^2)^1/2 + DJ) / 2 + PE
    Total System Jitter     (TSJ):    0.071ns
    Total Input Jitter      (TIJ):    0.000ns
    Discrete Jitter          (DJ):    0.000ns
    Phase Error              (PE):    0.000ns

    Location             Delay type                Incr(ns)  Path(ns)    Netlist Resource(s)
  -------------------------------------------------------------------    -------------------
                         (clock trainer_1khz rise edge)
                                                      0.000     0.000 r  <hidden>
    B6                                                0.000     0.000 r  clk
                         net (fo=0)                   0.000     0.000    clk
    B6                   IBUF (Prop_ibuf_I_O)         1.500     1.500 r  clk_IBUF_inst/O
                         net (fo=1, routed)           2.315     3.815    clk_IBUF
    BUFGCTRL_X0Y16       BUFG (Prop_bufg_I_O)         0.096     3.911 r  clk_IBUF_BUFG_inst/O
                         net (fo=26, routed)          1.698     5.609    core/CLK
    SLICE_X85Y110        FDRE                                         r  core/count_reg[1]/C
  -------------------------------------------------------------------    -------------------
    SLICE_X85Y110        FDRE (Prop_fdre_C_Q)         0.456     6.065 r  core/count_reg[1]/Q
                         net (fo=8, routed)           0.957     7.023    core/count_reg[1]
    SLICE_X85Y109        LUT3 (Prop_lut3_I0_O)        0.124     7.147 f  core/led_OBUF[4]_inst_i_2/O
                         net (fo=2, routed)           0.804     7.951    core/led_OBUF[4]_inst_i_2_n_0
    SLICE_X85Y110        LUT5 (Prop_lut5_I3_O)        0.124     8.075 r  core/count[9]_i_1/O
                         net (fo=10, routed)          0.629     8.704    core/clear
    SLICE_X84Y110        FDRE                                         r  core/count_reg[5]/R
  -------------------------------------------------------------------    -------------------

                         (clock trainer_1khz rise edge)
                                                  1000000.062 1000000.062 r  <hidden>
    B6                                                0.000 1000000.062 r  clk
                         net (fo=0)                   0.000 1000000.062    clk
    B6                   IBUF (Prop_ibuf_I_O)         1.429 1000001.500 r  clk_IBUF_inst/O
                         net (fo=1, routed)           2.196 1000003.688    clk_IBUF
    BUFGCTRL_X0Y16       BUFG (Prop_bufg_I_O)         0.091 1000003.750 r  clk_IBUF_BUFG_inst/O
                         net (fo=26, routed)          1.578 1000005.312    core/CLK
    SLICE_X84Y110        FDRE                                         r  core/count_reg[5]/C
                         clock pessimism              0.293 1000005.625    <hidden>
                         clock uncertainty           -0.035 1000005.562    <hidden>
    SLICE_X84Y110        FDRE (Setup_fdre_C_R)       -0.524 1000005.062    core/count_reg[5]
  -------------------------------------------------------------------
                         required time                      1000005.062    <hidden>
                         arrival time                          -8.704    <hidden>
  -------------------------------------------------------------------
                         slack                              999996.312    <hidden>

Slack (MET) :             999996.312ns  (required time - arrival time)
  Source:                 core/count_reg[1]/C
                            (rising edge-triggered cell FDRE clocked by trainer_1khz  {rise@0.000ns fall@500000.031ns period=1000000.000ns})
  Destination:            core/count_reg[9]/R
                            (rising edge-triggered cell FDRE clocked by trainer_1khz  {rise@0.000ns fall@500000.031ns period=1000000.000ns})
  Path Group:             trainer_1khz
  Path Type:              Setup (Max at Slow Process Corner)
  Requirement:            1000000.062ns  (trainer_1khz rise@1000000.062ns - trainer_1khz rise@0.000ns)
  Data Path Delay:        3.095ns  (logic 0.704ns (22.749%)  route 2.391ns (77.251%))
  Logic Levels:           2  (LUT3=1 LUT5=1)
  Clock Path Skew:        -0.022ns (DCD - SCD + CPR)
    Destination Clock Delay (DCD):    5.294ns = ( 1000005.375 - 1000000.062 ) 
    Source Clock Delay      (SCD):    5.609ns
    Clock Pessimism Removal (CPR):    0.293ns
  Clock Uncertainty:      0.035ns  ((TSJ^2 + TIJ^2)^1/2 + DJ) / 2 + PE
    Total System Jitter     (TSJ):    0.071ns
    Total Input Jitter      (TIJ):    0.000ns
    Discrete Jitter          (DJ):    0.000ns
    Phase Error              (PE):    0.000ns

    Location             Delay type                Incr(ns)  Path(ns)    Netlist Resource(s)
  -------------------------------------------------------------------    -------------------
                         (clock trainer_1khz rise edge)
                                                      0.000     0.000 r  <hidden>
    B6                                                0.000     0.000 r  clk
                         net (fo=0)                   0.000     0.000    clk
    B6                   IBUF (Prop_ibuf_I_O)         1.500     1.500 r  clk_IBUF_inst/O
                         net (fo=1, routed)           2.315     3.815    clk_IBUF
    BUFGCTRL_X0Y16       BUFG (Prop_bufg_I_O)         0.096     3.911 r  clk_IBUF_BUFG_inst/O
                         net (fo=26, routed)          1.698     5.609    core/CLK
    SLICE_X85Y110        FDRE                                         r  core/count_reg[1]/C
  -------------------------------------------------------------------    -------------------
    SLICE_X85Y110        FDRE (Prop_fdre_C_Q)         0.456     6.065 r  core/count_reg[1]/Q
                         net (fo=8, routed)           0.957     7.023    core/count_reg[1]
    SLICE_X85Y109        LUT3 (Prop_lut3_I0_O)        0.124     7.147 f  core/led_OBUF[4]_inst_i_2/O
                         net (fo=2, routed)           0.804     7.951    core/led_OBUF[4]_inst_i_2_n_0
    SLICE_X85Y110        LUT5 (Prop_lut5_I3_O)        0.124     8.075 r  core/count[9]_i_1/O
                         net (fo=10, routed)          0.629     8.704    core/clear
    SLICE_X84Y110        FDRE                                         r  core/count_reg[9]/R
  -------------------------------------------------------------------    -------------------

                         (clock trainer_1khz rise edge)
                                                  1000000.062 1000000.062 r  <hidden>
    B6                                                0.000 1000000.062 r  clk
                         net (fo=0)                   0.000 1000000.062    clk
    B6                   IBUF (Prop_ibuf_I_O)         1.429 1000001.500 r  clk_IBUF_inst/O
                         net (fo=1, routed)           2.196 1000003.688    clk_IBUF
    BUFGCTRL_X0Y16       BUFG (Prop_bufg_I_O)         0.091 1000003.750 r  clk_IBUF_BUFG_inst/O
                         net (fo=26, routed)          1.578 1000005.312    core/CLK
    SLICE_X84Y110        FDRE                                         r  core/count_reg[9]/C
                         clock pessimism              0.293 1000005.625    <hidden>
                         clock uncertainty           -0.035 1000005.562    <hidden>
    SLICE_X84Y110        FDRE (Setup_fdre_C_R)       -0.524 1000005.062    core/count_reg[9]
  -------------------------------------------------------------------
                         required time                      1000005.062    <hidden>
                         arrival time                          -8.704    <hidden>
  -------------------------------------------------------------------
                         slack                              999996.312    <hidden>

Slack (MET) :             999996.438ns  (required time - arrival time)
  Source:                 core/count_reg[1]/C
                            (rising edge-triggered cell FDRE clocked by trainer_1khz  {rise@0.000ns fall@500000.031ns period=1000000.000ns})
  Destination:            core/count_reg[1]/R
                            (rising edge-triggered cell FDRE clocked by trainer_1khz  {rise@0.000ns fall@500000.031ns period=1000000.000ns})
  Path Group:             trainer_1khz
  Path Type:              Setup (Max at Slow Process Corner)
  Requirement:            1000000.062ns  (trainer_1khz rise@1000000.062ns - trainer_1khz rise@0.000ns)
  Data Path Delay:        3.095ns  (logic 0.704ns (22.749%)  route 2.391ns (77.251%))
  Logic Levels:           2  (LUT3=1 LUT5=1)
  Clock Path Skew:        0.000ns (DCD - SCD + CPR)
    Destination Clock Delay (DCD):    5.294ns = ( 1000005.375 - 1000000.062 ) 
    Source Clock Delay      (SCD):    5.609ns
    Clock Pessimism Removal (CPR):    0.315ns
  Clock Uncertainty:      0.035ns  ((TSJ^2 + TIJ^2)^1/2 + DJ) / 2 + PE
    Total System Jitter     (TSJ):    0.071ns
    Total Input Jitter      (TIJ):    0.000ns
    Discrete Jitter          (DJ):    0.000ns
    Phase Error              (PE):    0.000ns

    Location             Delay type                Incr(ns)  Path(ns)    Netlist Resource(s)
  -------------------------------------------------------------------    -------------------
                         (clock trainer_1khz rise edge)
                                                      0.000     0.000 r  <hidden>
    B6                                                0.000     0.000 r  clk
                         net (fo=0)                   0.000     0.000    clk
    B6                   IBUF (Prop_ibuf_I_O)         1.500     1.500 r  clk_IBUF_inst/O
                         net (fo=1, routed)           2.315     3.815    clk_IBUF
    BUFGCTRL_X0Y16       BUFG (Prop_bufg_I_O)         0.096     3.911 r  clk_IBUF_BUFG_inst/O
                         net (fo=26, routed)          1.698     5.609    core/CLK
    SLICE_X85Y110        FDRE                                         r  core/count_reg[1]/C
  -------------------------------------------------------------------    -------------------
    SLICE_X85Y110        FDRE (Prop_fdre_C_Q)         0.456     6.065 r  core/count_reg[1]/Q
                         net (fo=8, routed)           0.957     7.023    core/count_reg[1]
    SLICE_X85Y109        LUT3 (Prop_lut3_I0_O)        0.124     7.147 f  core/led_OBUF[4]_inst_i_2/O
                         net (fo=2, routed)           0.804     7.951    core/led_OBUF[4]_inst_i_2_n_0
    SLICE_X85Y110        LUT5 (Prop_lut5_I3_O)        0.124     8.075 r  core/count[9]_i_1/O
                         net (fo=10, routed)          0.629     8.704    core/clear
    SLICE_X85Y110        FDRE                                         r  core/count_reg[1]/R
  -------------------------------------------------------------------    -------------------

                         (clock trainer_1khz rise edge)
                                                  1000000.062 1000000.062 r  <hidden>
    B6                                                0.000 1000000.062 r  clk
                         net (fo=0)                   0.000 1000000.062    clk
    B6                   IBUF (Prop_ibuf_I_O)         1.429 1000001.500 r  clk_IBUF_inst/O
                         net (fo=1, routed)           2.196 1000003.688    clk_IBUF
    BUFGCTRL_X0Y16       BUFG (Prop_bufg_I_O)         0.091 1000003.750 r  clk_IBUF_BUFG_inst/O
                         net (fo=26, routed)          1.578 1000005.312    core/CLK
    SLICE_X85Y110        FDRE                                         r  core/count_reg[1]/C
                         clock pessimism              0.315 1000005.625    <hidden>
                         clock uncertainty           -0.035 1000005.562    <hidden>
    SLICE_X85Y110        FDRE (Setup_fdre_C_R)       -0.429 1000005.125    core/count_reg[1]
  -------------------------------------------------------------------
                         required time                      1000005.188    <hidden>
                         arrival time                          -8.704    <hidden>
  -------------------------------------------------------------------
                         slack                              999996.438    <hidden>

Slack (MET) :             999996.438ns  (required time - arrival time)
  Source:                 core/count_reg[1]/C
                            (rising edge-triggered cell FDRE clocked by trainer_1khz  {rise@0.000ns fall@500000.031ns period=1000000.000ns})
  Destination:            core/count_reg[4]/R
                            (rising edge-triggered cell FDRE clocked by trainer_1khz  {rise@0.000ns fall@500000.031ns period=1000000.000ns})
  Path Group:             trainer_1khz
  Path Type:              Setup (Max at Slow Process Corner)
  Requirement:            1000000.062ns  (trainer_1khz rise@1000000.062ns - trainer_1khz rise@0.000ns)
  Data Path Delay:        3.095ns  (logic 0.704ns (22.749%)  route 2.391ns (77.251%))
  Logic Levels:           2  (LUT3=1 LUT5=1)
  Clock Path Skew:        0.000ns (DCD - SCD + CPR)
    Destination Clock Delay (DCD):    5.294ns = ( 1000005.375 - 1000000.062 ) 
    Source Clock Delay      (SCD):    5.609ns
    Clock Pessimism Removal (CPR):    0.315ns
  Clock Uncertainty:      0.035ns  ((TSJ^2 + TIJ^2)^1/2 + DJ) / 2 + PE
    Total System Jitter     (TSJ):    0.071ns
    Total Input Jitter      (TIJ):    0.000ns
    Discrete Jitter          (DJ):    0.000ns
    Phase Error              (PE):    0.000ns

    Location             Delay type                Incr(ns)  Path(ns)    Netlist Resource(s)
  -------------------------------------------------------------------    -------------------
                         (clock trainer_1khz rise edge)
                                                      0.000     0.000 r  <hidden>
    B6                                                0.000     0.000 r  clk
                         net (fo=0)                   0.000     0.000    clk
    B6                   IBUF (Prop_ibuf_I_O)         1.500     1.500 r  clk_IBUF_inst/O
                         net (fo=1, routed)           2.315     3.815    clk_IBUF
    BUFGCTRL_X0Y16       BUFG (Prop_bufg_I_O)         0.096     3.911 r  clk_IBUF_BUFG_inst/O
                         net (fo=26, routed)          1.698     5.609    core/CLK
    SLICE_X85Y110        FDRE                                         r  core/count_reg[1]/C
  -------------------------------------------------------------------    -------------------
    SLICE_X85Y110        FDRE (Prop_fdre_C_Q)         0.456     6.065 r  core/count_reg[1]/Q
                         net (fo=8, routed)           0.957     7.023    core/count_reg[1]
    SLICE_X85Y109        LUT3 (Prop_lut3_I0_O)        0.124     7.147 f  core/led_OBUF[4]_inst_i_2/O
                         net (fo=2, routed)           0.804     7.951    core/led_OBUF[4]_inst_i_2_n_0
    SLICE_X85Y110        LUT5 (Prop_lut5_I3_O)        0.124     8.075 r  core/count[9]_i_1/O
                         net (fo=10, routed)          0.629     8.704    core/clear
    SLICE_X85Y110        FDRE                                         r  core/count_reg[4]/R
  -------------------------------------------------------------------    -------------------

                         (clock trainer_1khz rise edge)
                                                  1000000.062 1000000.062 r  <hidden>
    B6                                                0.000 1000000.062 r  clk
                         net (fo=0)                   0.000 1000000.062    clk
    B6                   IBUF (Prop_ibuf_I_O)         1.429 1000001.500 r  clk_IBUF_inst/O
                         net (fo=1, routed)           2.196 1000003.688    clk_IBUF
    BUFGCTRL_X0Y16       BUFG (Prop_bufg_I_O)         0.091 1000003.750 r  clk_IBUF_BUFG_inst/O
                         net (fo=26, routed)          1.578 1000005.312    core/CLK
    SLICE_X85Y110        FDRE                                         r  core/count_reg[4]/C
                         clock pessimism              0.315 1000005.625    <hidden>
                         clock uncertainty           -0.035 1000005.562    <hidden>
    SLICE_X85Y110        FDRE (Setup_fdre_C_R)       -0.429 1000005.125    core/count_reg[4]
  -------------------------------------------------------------------
                         required time                      1000005.188    <hidden>
                         arrival time                          -8.704    <hidden>
  -------------------------------------------------------------------
                         slack                              999996.438    <hidden>

Slack (MET) :             999996.438ns  (required time - arrival time)
  Source:                 core/count_reg[1]/C
                            (rising edge-triggered cell FDRE clocked by trainer_1khz  {rise@0.000ns fall@500000.031ns period=1000000.000ns})
  Destination:            core/count_reg[6]/R
                            (rising edge-triggered cell FDRE clocked by trainer_1khz  {rise@0.000ns fall@500000.031ns period=1000000.000ns})
  Path Group:             trainer_1khz
  Path Type:              Setup (Max at Slow Process Corner)
  Requirement:            1000000.062ns  (trainer_1khz rise@1000000.062ns - trainer_1khz rise@0.000ns)
  Data Path Delay:        3.095ns  (logic 0.704ns (22.749%)  route 2.391ns (77.251%))
  Logic Levels:           2  (LUT3=1 LUT5=1)
  Clock Path Skew:        0.000ns (DCD - SCD + CPR)
    Destination Clock Delay (DCD):    5.294ns = ( 1000005.375 - 1000000.062 ) 
    Source Clock Delay      (SCD):    5.609ns
    Clock Pessimism Removal (CPR):    0.315ns
  Clock Uncertainty:      0.035ns  ((TSJ^2 + TIJ^2)^1/2 + DJ) / 2 + PE
    Total System Jitter     (TSJ):    0.071ns
    Total Input Jitter      (TIJ):    0.000ns
    Discrete Jitter          (DJ):    0.000ns
    Phase Error              (PE):    0.000ns

    Location             Delay type                Incr(ns)  Path(ns)    Netlist Resource(s)
  -------------------------------------------------------------------    -------------------
                         (clock trainer_1khz rise edge)
                                                      0.000     0.000 r  <hidden>
    B6                                                0.000     0.000 r  clk
                         net (fo=0)                   0.000     0.000    clk
    B6                   IBUF (Prop_ibuf_I_O)         1.500     1.500 r  clk_IBUF_inst/O
                         net (fo=1, routed)           2.315     3.815    clk_IBUF
    BUFGCTRL_X0Y16       BUFG (Prop_bufg_I_O)         0.096     3.911 r  clk_IBUF_BUFG_inst/O
                         net (fo=26, routed)          1.698     5.609    core/CLK
    SLICE_X85Y110        FDRE                                         r  core/count_reg[1]/C
  -------------------------------------------------------------------    -------------------
    SLICE_X85Y110        FDRE (Prop_fdre_C_Q)         0.456     6.065 r  core/count_reg[1]/Q
                         net (fo=8, routed)           0.957     7.023    core/count_reg[1]
    SLICE_X85Y109        LUT3 (Prop_lut3_I0_O)        0.124     7.147 f  core/led_OBUF[4]_inst_i_2/O
                         net (fo=2, routed)           0.804     7.951    core/led_OBUF[4]_inst_i_2_n_0
    SLICE_X85Y110        LUT5 (Prop_lut5_I3_O)        0.124     8.075 r  core/count[9]_i_1/O
                         net (fo=10, routed)          0.629     8.704    core/clear
    SLICE_X85Y110        FDRE                                         r  core/count_reg[6]/R
  -------------------------------------------------------------------    -------------------

                         (clock trainer_1khz rise edge)
                                                  1000000.062 1000000.062 r  <hidden>
    B6                                                0.000 1000000.062 r  clk
                         net (fo=0)                   0.000 1000000.062    clk
    B6                   IBUF (Prop_ibuf_I_O)         1.429 1000001.500 r  clk_IBUF_inst/O
                         net (fo=1, routed)           2.196 1000003.688    clk_IBUF
    BUFGCTRL_X0Y16       BUFG (Prop_bufg_I_O)         0.091 1000003.750 r  clk_IBUF_BUFG_inst/O
                         net (fo=26, routed)          1.578 1000005.312    core/CLK
    SLICE_X85Y110        FDRE                                         r  core/count_reg[6]/C
                         clock pessimism              0.315 1000005.625    <hidden>
                         clock uncertainty           -0.035 1000005.562    <hidden>
    SLICE_X85Y110        FDRE (Setup_fdre_C_R)       -0.429 1000005.125    core/count_reg[6]
  -------------------------------------------------------------------
                         required time                      1000005.188    <hidden>
                         arrival time                          -8.704    <hidden>
  -------------------------------------------------------------------
                         slack                              999996.438    <hidden>

Slack (MET) :             999996.438ns  (required time - arrival time)
  Source:                 core/count_reg[1]/C
                            (rising edge-triggered cell FDRE clocked by trainer_1khz  {rise@0.000ns fall@500000.031ns period=1000000.000ns})
  Destination:            core/count_reg[7]/R
                            (rising edge-triggered cell FDRE clocked by trainer_1khz  {rise@0.000ns fall@500000.031ns period=1000000.000ns})
  Path Group:             trainer_1khz
  Path Type:              Setup (Max at Slow Process Corner)
  Requirement:            1000000.062ns  (trainer_1khz rise@1000000.062ns - trainer_1khz rise@0.000ns)
  Data Path Delay:        3.095ns  (logic 0.704ns (22.749%)  route 2.391ns (77.251%))
  Logic Levels:           2  (LUT3=1 LUT5=1)
  Clock Path Skew:        0.000ns (DCD - SCD + CPR)
    Destination Clock Delay (DCD):    5.294ns = ( 1000005.375 - 1000000.062 ) 
    Source Clock Delay      (SCD):    5.609ns
    Clock Pessimism Removal (CPR):    0.315ns
  Clock Uncertainty:      0.035ns  ((TSJ^2 + TIJ^2)^1/2 + DJ) / 2 + PE
    Total System Jitter     (TSJ):    0.071ns
    Total Input Jitter      (TIJ):    0.000ns
    Discrete Jitter          (DJ):    0.000ns
    Phase Error              (PE):    0.000ns

    Location             Delay type                Incr(ns)  Path(ns)    Netlist Resource(s)
  -------------------------------------------------------------------    -------------------
                         (clock trainer_1khz rise edge)
                                                      0.000     0.000 r  <hidden>
    B6                                                0.000     0.000 r  clk
                         net (fo=0)                   0.000     0.000    clk
    B6                   IBUF (Prop_ibuf_I_O)         1.500     1.500 r  clk_IBUF_inst/O
                         net (fo=1, routed)           2.315     3.815    clk_IBUF
    BUFGCTRL_X0Y16       BUFG (Prop_bufg_I_O)         0.096     3.911 r  clk_IBUF_BUFG_inst/O
                         net (fo=26, routed)          1.698     5.609    core/CLK
    SLICE_X85Y110        FDRE                                         r  core/count_reg[1]/C
  -------------------------------------------------------------------    -------------------
    SLICE_X85Y110        FDRE (Prop_fdre_C_Q)         0.456     6.065 r  core/count_reg[1]/Q
                         net (fo=8, routed)           0.957     7.023    core/count_reg[1]
    SLICE_X85Y109        LUT3 (Prop_lut3_I0_O)        0.124     7.147 f  core/led_OBUF[4]_inst_i_2/O
                         net (fo=2, routed)           0.804     7.951    core/led_OBUF[4]_inst_i_2_n_0
    SLICE_X85Y110        LUT5 (Prop_lut5_I3_O)        0.124     8.075 r  core/count[9]_i_1/O
                         net (fo=10, routed)          0.629     8.704    core/clear
    SLICE_X85Y110        FDRE                                         r  core/count_reg[7]/R
  -------------------------------------------------------------------    -------------------

                         (clock trainer_1khz rise edge)
                                                  1000000.062 1000000.062 r  <hidden>
    B6                                                0.000 1000000.062 r  clk
                         net (fo=0)                   0.000 1000000.062    clk
    B6                   IBUF (Prop_ibuf_I_O)         1.429 1000001.500 r  clk_IBUF_inst/O
                         net (fo=1, routed)           2.196 1000003.688    clk_IBUF
    BUFGCTRL_X0Y16       BUFG (Prop_bufg_I_O)         0.091 1000003.750 r  clk_IBUF_BUFG_inst/O
                         net (fo=26, routed)          1.578 1000005.312    core/CLK
    SLICE_X85Y110        FDRE                                         r  core/count_reg[7]/C
                         clock pessimism              0.315 1000005.625    <hidden>
                         clock uncertainty           -0.035 1000005.562    <hidden>
    SLICE_X85Y110        FDRE (Setup_fdre_C_R)       -0.429 1000005.125    core/count_reg[7]
  -------------------------------------------------------------------
                         required time                      1000005.188    <hidden>
                         arrival time                          -8.704    <hidden>
  -------------------------------------------------------------------
                         slack                              999996.438    <hidden>

Slack (MET) :             999996.438ns  (required time - arrival time)
  Source:                 core/count_reg[1]/C
                            (rising edge-triggered cell FDRE clocked by trainer_1khz  {rise@0.000ns fall@500000.031ns period=1000000.000ns})
  Destination:            core/count_reg[8]/R
                            (rising edge-triggered cell FDRE clocked by trainer_1khz  {rise@0.000ns fall@500000.031ns period=1000000.000ns})
  Path Group:             trainer_1khz
  Path Type:              Setup (Max at Slow Process Corner)
  Requirement:            1000000.062ns  (trainer_1khz rise@1000000.062ns - trainer_1khz rise@0.000ns)
  Data Path Delay:        3.095ns  (logic 0.704ns (22.749%)  route 2.391ns (77.251%))
  Logic Levels:           2  (LUT3=1 LUT5=1)
  Clock Path Skew:        0.000ns (DCD - SCD + CPR)
    Destination Clock Delay (DCD):    5.294ns = ( 1000005.375 - 1000000.062 ) 
    Source Clock Delay      (SCD):    5.609ns
    Clock Pessimism Removal (CPR):    0.315ns
  Clock Uncertainty:      0.035ns  ((TSJ^2 + TIJ^2)^1/2 + DJ) / 2 + PE
    Total System Jitter     (TSJ):    0.071ns
    Total Input Jitter      (TIJ):    0.000ns
    Discrete Jitter          (DJ):    0.000ns
    Phase Error              (PE):    0.000ns

    Location             Delay type                Incr(ns)  Path(ns)    Netlist Resource(s)
  -------------------------------------------------------------------    -------------------
                         (clock trainer_1khz rise edge)
                                                      0.000     0.000 r  <hidden>
    B6                                                0.000     0.000 r  clk
                         net (fo=0)                   0.000     0.000    clk
    B6                   IBUF (Prop_ibuf_I_O)         1.500     1.500 r  clk_IBUF_inst/O
                         net (fo=1, routed)           2.315     3.815    clk_IBUF
    BUFGCTRL_X0Y16       BUFG (Prop_bufg_I_O)         0.096     3.911 r  clk_IBUF_BUFG_inst/O
                         net (fo=26, routed)          1.698     5.609    core/CLK
    SLICE_X85Y110        FDRE                                         r  core/count_reg[1]/C
  -------------------------------------------------------------------    -------------------
    SLICE_X85Y110        FDRE (Prop_fdre_C_Q)         0.456     6.065 r  core/count_reg[1]/Q
                         net (fo=8, routed)           0.957     7.023    core/count_reg[1]
    SLICE_X85Y109        LUT3 (Prop_lut3_I0_O)        0.124     7.147 f  core/led_OBUF[4]_inst_i_2/O
                         net (fo=2, routed)           0.804     7.951    core/led_OBUF[4]_inst_i_2_n_0
    SLICE_X85Y110        LUT5 (Prop_lut5_I3_O)        0.124     8.075 r  core/count[9]_i_1/O
                         net (fo=10, routed)          0.629     8.704    core/clear
    SLICE_X85Y110        FDRE                                         r  core/count_reg[8]/R
  -------------------------------------------------------------------    -------------------

                         (clock trainer_1khz rise edge)
                                                  1000000.062 1000000.062 r  <hidden>
    B6                                                0.000 1000000.062 r  clk
                         net (fo=0)                   0.000 1000000.062    clk
    B6                   IBUF (Prop_ibuf_I_O)         1.429 1000001.500 r  clk_IBUF_inst/O
                         net (fo=1, routed)           2.196 1000003.688    clk_IBUF
    BUFGCTRL_X0Y16       BUFG (Prop_bufg_I_O)         0.091 1000003.750 r  clk_IBUF_BUFG_inst/O
                         net (fo=26, routed)          1.578 1000005.312    core/CLK
    SLICE_X85Y110        FDRE                                         r  core/count_reg[8]/C
                         clock pessimism              0.315 1000005.625    <hidden>
                         clock uncertainty           -0.035 1000005.562    <hidden>
    SLICE_X85Y110        FDRE (Setup_fdre_C_R)       -0.429 1000005.125    core/count_reg[8]
  -------------------------------------------------------------------
                         required time                      1000005.188    <hidden>
                         arrival time                          -8.704    <hidden>
  -------------------------------------------------------------------
                         slack                              999996.438    <hidden>





Min Delay Paths
--------------------------------------------------------------------------------------
Slack (MET) :             0.122ns  (arrival time - required time)
  Source:                 inputs/reset_pipe_reg[0]/C
                            (rising edge-triggered cell FDPE clocked by trainer_1khz  {rise@0.000ns fall@500000.031ns period=1000000.000ns})
  Destination:            inputs/reset_pipe_reg[1]/D
                            (rising edge-triggered cell FDPE clocked by trainer_1khz  {rise@0.000ns fall@500000.031ns period=1000000.000ns})
  Path Group:             trainer_1khz
  Path Type:              Hold (Min at Fast Process Corner)
  Requirement:            0.000ns  (trainer_1khz rise@0.000ns - trainer_1khz rise@0.000ns)
  Data Path Delay:        0.197ns  (logic 0.141ns (71.611%)  route 0.056ns (28.389%))
  Logic Levels:           0  
  Clock Path Skew:        0.000ns (DCD - SCD - CPR)
    Destination Clock Delay (DCD):    2.220ns
    Source Clock Delay      (SCD):    1.694ns
    Clock Pessimism Removal (CPR):    0.526ns

    Location             Delay type                Incr(ns)  Path(ns)    Netlist Resource(s)
  -------------------------------------------------------------------    -------------------
                         (clock trainer_1khz rise edge)
                                                      0.000     0.000 r  <hidden>
    B6                                                0.000     0.000 r  clk
                         net (fo=0)                   0.000     0.000    clk
    B6                   IBUF (Prop_ibuf_I_O)         0.268     0.268 r  clk_IBUF_inst/O
                         net (fo=1, routed)           0.808     1.075    clk_IBUF
    BUFGCTRL_X0Y16       BUFG (Prop_bufg_I_O)         0.026     1.101 r  clk_IBUF_BUFG_inst/O
                         net (fo=26, routed)          0.593     1.694    inputs/CLK
    SLICE_X83Y110        FDPE                                         r  inputs/reset_pipe_reg[0]/C
  -------------------------------------------------------------------    -------------------
    SLICE_X83Y110        FDPE (Prop_fdpe_C_Q)         0.141     1.835 r  inputs/reset_pipe_reg[0]/Q
                         net (fo=1, routed)           0.056     1.891    inputs/reset_pipe[0]
    SLICE_X83Y110        FDPE                                         r  inputs/reset_pipe_reg[1]/D
  -------------------------------------------------------------------    -------------------

                         (clock trainer_1khz rise edge)
                                                      0.000     0.000 r  <hidden>
    B6                                                0.000     0.000 r  clk
                         net (fo=0)                   0.000     0.000    clk
    B6                   IBUF (Prop_ibuf_I_O)         0.456     0.456 r  clk_IBUF_inst/O
                         net (fo=1, routed)           0.871     1.327    clk_IBUF
    BUFGCTRL_X0Y16       BUFG (Prop_bufg_I_O)         0.029     1.356 r  clk_IBUF_BUFG_inst/O
                         net (fo=26, routed)          0.865     2.220    inputs/CLK
    SLICE_X83Y110        FDPE                                         r  inputs/reset_pipe_reg[1]/C
                         clock pessimism             -0.526     1.694    <hidden>
    SLICE_X83Y110        FDPE (Hold_fdpe_C_D)         0.075     1.769    inputs/reset_pipe_reg[1]
  -------------------------------------------------------------------
                         required time                         -1.769    <hidden>
                         arrival time                           1.891    <hidden>
  -------------------------------------------------------------------
                         slack                                  0.122    <hidden>

Slack (MET) :             0.128ns  (arrival time - required time)
  Source:                 ratio10/count_reg[2]/C
                            (rising edge-triggered cell FDRE clocked by trainer_1khz  {rise@0.000ns fall@500000.031ns period=1000000.000ns})
  Destination:            ratio10/divided_reg/D
                            (rising edge-triggered cell FDRE clocked by trainer_1khz  {rise@0.000ns fall@500000.031ns period=1000000.000ns})
  Path Group:             trainer_1khz
  Path Type:              Hold (Min at Fast Process Corner)
  Requirement:            0.000ns  (trainer_1khz rise@0.000ns - trainer_1khz rise@0.000ns)
  Data Path Delay:        0.262ns  (logic 0.186ns (70.964%)  route 0.076ns (29.036%))
  Logic Levels:           1  (LUT3=1)
  Clock Path Skew:        0.013ns (DCD - SCD - CPR)
    Destination Clock Delay (DCD):    2.220ns
    Source Clock Delay      (SCD):    1.694ns
    Clock Pessimism Removal (CPR):    0.513ns

    Location             Delay type                Incr(ns)  Path(ns)    Netlist Resource(s)
  -------------------------------------------------------------------    -------------------
                         (clock trainer_1khz rise edge)
                                                      0.000     0.000 r  <hidden>
    B6                                                0.000     0.000 r  clk
                         net (fo=0)                   0.000     0.000    clk
    B6                   IBUF (Prop_ibuf_I_O)         0.268     0.268 r  clk_IBUF_inst/O
                         net (fo=1, routed)           0.808     1.075    clk_IBUF
    BUFGCTRL_X0Y16       BUFG (Prop_bufg_I_O)         0.026     1.101 r  clk_IBUF_BUFG_inst/O
                         net (fo=26, routed)          0.593     1.694    ratio10/CLK
    SLICE_X85Y111        FDRE                                         r  ratio10/count_reg[2]/C
  -------------------------------------------------------------------    -------------------
    SLICE_X85Y111        FDRE (Prop_fdre_C_Q)         0.141     1.835 r  ratio10/count_reg[2]/Q
                         net (fo=5, routed)           0.076     1.911    ratio10/count_reg[2]
    SLICE_X84Y111        LUT3 (Prop_lut3_I2_O)        0.045     1.956 r  ratio10/divided_i_2/O
                         net (fo=1, routed)           0.000     1.956    ratio10/divided_i_2_n_0
    SLICE_X84Y111        FDRE                                         r  ratio10/divided_reg/D
  -------------------------------------------------------------------    -------------------

                         (clock trainer_1khz rise edge)
                                                      0.000     0.000 r  <hidden>
    B6                                                0.000     0.000 r  clk
                         net (fo=0)                   0.000     0.000    clk
    B6                   IBUF (Prop_ibuf_I_O)         0.456     0.456 r  clk_IBUF_inst/O
                         net (fo=1, routed)           0.871     1.327    clk_IBUF
    BUFGCTRL_X0Y16       BUFG (Prop_bufg_I_O)         0.029     1.356 r  clk_IBUF_BUFG_inst/O
                         net (fo=26, routed)          0.865     2.220    ratio10/CLK
    SLICE_X84Y111        FDRE                                         r  ratio10/divided_reg/C
                         clock pessimism             -0.513     1.707    <hidden>
    SLICE_X84Y111        FDRE (Hold_fdre_C_D)         0.121     1.828    ratio10/divided_reg
  -------------------------------------------------------------------
                         required time                         -1.828    <hidden>
                         arrival time                           1.956    <hidden>
  -------------------------------------------------------------------
                         slack                                  0.128    <hidden>

Slack (MET) :             0.155ns  (arrival time - required time)
  Source:                 core/count_reg[1]/C
                            (rising edge-triggered cell FDRE clocked by trainer_1khz  {rise@0.000ns fall@500000.031ns period=1000000.000ns})
  Destination:            core/count_reg[5]/D
                            (rising edge-triggered cell FDRE clocked by trainer_1khz  {rise@0.000ns fall@500000.031ns period=1000000.000ns})
  Path Group:             trainer_1khz
  Path Type:              Hold (Min at Fast Process Corner)
  Requirement:            0.000ns  (trainer_1khz rise@0.000ns - trainer_1khz rise@0.000ns)
  Data Path Delay:        0.289ns  (logic 0.186ns (64.270%)  route 0.103ns (35.730%))
  Logic Levels:           1  (LUT6=1)
  Clock Path Skew:        0.013ns (DCD - SCD - CPR)
    Destination Clock Delay (DCD):    2.220ns
    Source Clock Delay      (SCD):    1.694ns
    Clock Pessimism Removal (CPR):    0.513ns

    Location             Delay type                Incr(ns)  Path(ns)    Netlist Resource(s)
  -------------------------------------------------------------------    -------------------
                         (clock trainer_1khz rise edge)
                                                      0.000     0.000 r  <hidden>
    B6                                                0.000     0.000 r  clk
                         net (fo=0)                   0.000     0.000    clk
    B6                   IBUF (Prop_ibuf_I_O)         0.268     0.268 r  clk_IBUF_inst/O
                         net (fo=1, routed)           0.808     1.075    clk_IBUF
    BUFGCTRL_X0Y16       BUFG (Prop_bufg_I_O)         0.026     1.101 r  clk_IBUF_BUFG_inst/O
                         net (fo=26, routed)          0.593     1.694    core/CLK
    SLICE_X85Y110        FDRE                                         r  core/count_reg[1]/C
  -------------------------------------------------------------------    -------------------
    SLICE_X85Y110        FDRE (Prop_fdre_C_Q)         0.141     1.835 r  core/count_reg[1]/Q
                         net (fo=8, routed)           0.103     1.938    core/count_reg[1]
    SLICE_X84Y110        LUT6 (Prop_lut6_I3_O)        0.045     1.983 r  core/count[5]_i_1/O
                         net (fo=1, routed)           0.000     1.983    core/p_0_in[5]
    SLICE_X84Y110        FDRE                                         r  core/count_reg[5]/D
  -------------------------------------------------------------------    -------------------

                         (clock trainer_1khz rise edge)
                                                      0.000     0.000 r  <hidden>
    B6                                                0.000     0.000 r  clk
                         net (fo=0)                   0.000     0.000    clk
    B6                   IBUF (Prop_ibuf_I_O)         0.456     0.456 r  clk_IBUF_inst/O
                         net (fo=1, routed)           0.871     1.327    clk_IBUF
    BUFGCTRL_X0Y16       BUFG (Prop_bufg_I_O)         0.029     1.356 r  clk_IBUF_BUFG_inst/O
                         net (fo=26, routed)          0.865     2.220    core/CLK
    SLICE_X84Y110        FDRE                                         r  core/count_reg[5]/C
                         clock pessimism             -0.513     1.707    <hidden>
    SLICE_X84Y110        FDRE (Hold_fdre_C_D)         0.121     1.828    core/count_reg[5]
  -------------------------------------------------------------------
                         required time                         -1.828    <hidden>
                         arrival time                           1.983    <hidden>
  -------------------------------------------------------------------
                         slack                                  0.155    <hidden>

Slack (MET) :             0.166ns  (arrival time - required time)
  Source:                 core/count_reg[7]/C
                            (rising edge-triggered cell FDRE clocked by trainer_1khz  {rise@0.000ns fall@500000.031ns period=1000000.000ns})
  Destination:            core/count_reg[9]/D
                            (rising edge-triggered cell FDRE clocked by trainer_1khz  {rise@0.000ns fall@500000.031ns period=1000000.000ns})
  Path Group:             trainer_1khz
  Path Type:              Hold (Min at Fast Process Corner)
  Requirement:            0.000ns  (trainer_1khz rise@0.000ns - trainer_1khz rise@0.000ns)
  Data Path Delay:        0.300ns  (logic 0.186ns (61.929%)  route 0.114ns (38.071%))
  Logic Levels:           1  (LUT6=1)
  Clock Path Skew:        0.013ns (DCD - SCD - CPR)
    Destination Clock Delay (DCD):    2.220ns
    Source Clock Delay      (SCD):    1.694ns
    Clock Pessimism Removal (CPR):    0.513ns

    Location             Delay type                Incr(ns)  Path(ns)    Netlist Resource(s)
  -------------------------------------------------------------------    -------------------
                         (clock trainer_1khz rise edge)
                                                      0.000     0.000 r  <hidden>
    B6                                                0.000     0.000 r  clk
                         net (fo=0)                   0.000     0.000    clk
    B6                   IBUF (Prop_ibuf_I_O)         0.268     0.268 r  clk_IBUF_inst/O
                         net (fo=1, routed)           0.808     1.075    clk_IBUF
    BUFGCTRL_X0Y16       BUFG (Prop_bufg_I_O)         0.026     1.101 r  clk_IBUF_BUFG_inst/O
                         net (fo=26, routed)          0.593     1.694    core/CLK
    SLICE_X85Y110        FDRE                                         r  core/count_reg[7]/C
  -------------------------------------------------------------------    -------------------
    SLICE_X85Y110        FDRE (Prop_fdre_C_Q)         0.141     1.835 r  core/count_reg[7]/Q
                         net (fo=4, routed)           0.114     1.949    core/count_reg[7]
    SLICE_X84Y110        LUT6 (Prop_lut6_I1_O)        0.045     1.994 r  core/count[9]_i_2/O
                         net (fo=1, routed)           0.000     1.994    core/p_0_in[9]
    SLICE_X84Y110        FDRE                                         r  core/count_reg[9]/D
  -------------------------------------------------------------------    -------------------

                         (clock trainer_1khz rise edge)
                                                      0.000     0.000 r  <hidden>
    B6                                                0.000     0.000 r  clk
                         net (fo=0)                   0.000     0.000    clk
    B6                   IBUF (Prop_ibuf_I_O)         0.456     0.456 r  clk_IBUF_inst/O
                         net (fo=1, routed)           0.871     1.327    clk_IBUF
    BUFGCTRL_X0Y16       BUFG (Prop_bufg_I_O)         0.029     1.356 r  clk_IBUF_BUFG_inst/O
                         net (fo=26, routed)          0.865     2.220    core/CLK
    SLICE_X84Y110        FDRE                                         r  core/count_reg[9]/C
                         clock pessimism             -0.513     1.707    <hidden>
    SLICE_X84Y110        FDRE (Hold_fdre_C_D)         0.121     1.828    core/count_reg[9]
  -------------------------------------------------------------------
                         required time                         -1.828    <hidden>
                         arrival time                           1.994    <hidden>
  -------------------------------------------------------------------
                         slack                                  0.166    <hidden>

Slack (MET) :             0.190ns  (arrival time - required time)
  Source:                 ratio50/count_reg[3]/C
                            (rising edge-triggered cell FDRE clocked by trainer_1khz  {rise@0.000ns fall@500000.031ns period=1000000.000ns})
  Destination:            ratio50/count_reg[5]/D
                            (rising edge-triggered cell FDRE clocked by trainer_1khz  {rise@0.000ns fall@500000.031ns period=1000000.000ns})
  Path Group:             trainer_1khz
  Path Type:              Hold (Min at Fast Process Corner)
  Requirement:            0.000ns  (trainer_1khz rise@0.000ns - trainer_1khz rise@0.000ns)
  Data Path Delay:        0.295ns  (logic 0.209ns (70.790%)  route 0.086ns (29.210%))
  Logic Levels:           1  (LUT6=1)
  Clock Path Skew:        0.013ns (DCD - SCD - CPR)
    Destination Clock Delay (DCD):    2.218ns
    Source Clock Delay      (SCD):    1.693ns
    Clock Pessimism Removal (CPR):    0.512ns

    Location             Delay type                Incr(ns)  Path(ns)    Netlist Resource(s)
  -------------------------------------------------------------------    -------------------
                         (clock trainer_1khz rise edge)
                                                      0.000     0.000 r  <hidden>
    B6                                                0.000     0.000 r  clk
                         net (fo=0)                   0.000     0.000    clk
    B6                   IBUF (Prop_ibuf_I_O)         0.268     0.268 r  clk_IBUF_inst/O
                         net (fo=1, routed)           0.808     1.075    clk_IBUF
    BUFGCTRL_X0Y16       BUFG (Prop_bufg_I_O)         0.026     1.101 r  clk_IBUF_BUFG_inst/O
                         net (fo=26, routed)          0.592     1.693    ratio50/CLK
    SLICE_X84Y112        FDRE                                         r  ratio50/count_reg[3]/C
  -------------------------------------------------------------------    -------------------
    SLICE_X84Y112        FDRE (Prop_fdre_C_Q)         0.164     1.857 r  ratio50/count_reg[3]/Q
                         net (fo=6, routed)           0.086     1.943    ratio50/count_reg[3]
    SLICE_X85Y112        LUT6 (Prop_lut6_I4_O)        0.045     1.988 r  ratio50/count[5]_i_2/O
                         net (fo=1, routed)           0.000     1.988    ratio50/p_0_in__1[5]
    SLICE_X85Y112        FDRE                                         r  ratio50/count_reg[5]/D
  -------------------------------------------------------------------    -------------------

                         (clock trainer_1khz rise edge)
                                                      0.000     0.000 r  <hidden>
    B6                                                0.000     0.000 r  clk
                         net (fo=0)                   0.000     0.000    clk
    B6                   IBUF (Prop_ibuf_I_O)         0.456     0.456 r  clk_IBUF_inst/O
                         net (fo=1, routed)           0.871     1.327    clk_IBUF
    BUFGCTRL_X0Y16       BUFG (Prop_bufg_I_O)         0.029     1.356 r  clk_IBUF_BUFG_inst/O
                         net (fo=26, routed)          0.863     2.218    ratio50/CLK
    SLICE_X85Y112        FDRE                                         r  ratio50/count_reg[5]/C
                         clock pessimism             -0.512     1.706    <hidden>
    SLICE_X85Y112        FDRE (Hold_fdre_C_D)         0.092     1.798    ratio50/count_reg[5]
  -------------------------------------------------------------------
                         required time                         -1.798    <hidden>
                         arrival time                           1.988    <hidden>
  -------------------------------------------------------------------
                         slack                                  0.190    <hidden>

Slack (MET) :             0.255ns  (arrival time - required time)
  Source:                 core/count_reg[7]/C
                            (rising edge-triggered cell FDRE clocked by trainer_1khz  {rise@0.000ns fall@500000.031ns period=1000000.000ns})
  Destination:            core/count_reg[8]/D
                            (rising edge-triggered cell FDRE clocked by trainer_1khz  {rise@0.000ns fall@500000.031ns period=1000000.000ns})
  Path Group:             trainer_1khz
  Path Type:              Hold (Min at Fast Process Corner)
  Requirement:            0.000ns  (trainer_1khz rise@0.000ns - trainer_1khz rise@0.000ns)
  Data Path Delay:        0.362ns  (logic 0.183ns (50.505%)  route 0.179ns (49.495%))
  Logic Levels:           1  (LUT5=1)
  Clock Path Skew:        0.000ns (DCD - SCD - CPR)
    Destination Clock Delay (DCD):    2.220ns
    Source Clock Delay      (SCD):    1.694ns
    Clock Pessimism Removal (CPR):    0.526ns

    Location             Delay type                Incr(ns)  Path(ns)    Netlist Resource(s)
  -------------------------------------------------------------------    -------------------
                         (clock trainer_1khz rise edge)
                                                      0.000     0.000 r  <hidden>
    B6                                                0.000     0.000 r  clk
                         net (fo=0)                   0.000     0.000    clk
    B6                   IBUF (Prop_ibuf_I_O)         0.268     0.268 r  clk_IBUF_inst/O
                         net (fo=1, routed)           0.808     1.075    clk_IBUF
    BUFGCTRL_X0Y16       BUFG (Prop_bufg_I_O)         0.026     1.101 r  clk_IBUF_BUFG_inst/O
                         net (fo=26, routed)          0.593     1.694    core/CLK
    SLICE_X85Y110        FDRE                                         r  core/count_reg[7]/C
  -------------------------------------------------------------------    -------------------
    SLICE_X85Y110        FDRE (Prop_fdre_C_Q)         0.141     1.835 r  core/count_reg[7]/Q
                         net (fo=4, routed)           0.179     2.014    core/count_reg[7]
    SLICE_X85Y110        LUT5 (Prop_lut5_I3_O)        0.042     2.056 r  core/count[8]_i_1/O
                         net (fo=1, routed)           0.000     2.056    core/p_0_in[8]
    SLICE_X85Y110        FDRE                                         r  core/count_reg[8]/D
  -------------------------------------------------------------------    -------------------

                         (clock trainer_1khz rise edge)
                                                      0.000     0.000 r  <hidden>
    B6                                                0.000     0.000 r  clk
                         net (fo=0)                   0.000     0.000    clk
    B6                   IBUF (Prop_ibuf_I_O)         0.456     0.456 r  clk_IBUF_inst/O
                         net (fo=1, routed)           0.871     1.327    clk_IBUF
    BUFGCTRL_X0Y16       BUFG (Prop_bufg_I_O)         0.029     1.356 r  clk_IBUF_BUFG_inst/O
                         net (fo=26, routed)          0.865     2.220    core/CLK
    SLICE_X85Y110        FDRE                                         r  core/count_reg[8]/C
                         clock pessimism             -0.526     1.694    <hidden>
    SLICE_X85Y110        FDRE (Hold_fdre_C_D)         0.107     1.801    core/count_reg[8]
  -------------------------------------------------------------------
                         required time                         -1.801    <hidden>
                         arrival time                           2.056    <hidden>
  -------------------------------------------------------------------
                         slack                                  0.255    <hidden>

Slack (MET) :             0.264ns  (arrival time - required time)
  Source:                 ratio2/divided_reg/C
                            (rising edge-triggered cell FDRE clocked by trainer_1khz  {rise@0.000ns fall@500000.031ns period=1000000.000ns})
  Destination:            ratio2/divided_reg/D
                            (rising edge-triggered cell FDRE clocked by trainer_1khz  {rise@0.000ns fall@500000.031ns period=1000000.000ns})
  Path Group:             trainer_1khz
  Path Type:              Hold (Min at Fast Process Corner)
  Requirement:            0.000ns  (trainer_1khz rise@0.000ns - trainer_1khz rise@0.000ns)
  Data Path Delay:        0.384ns  (logic 0.209ns (54.393%)  route 0.175ns (45.607%))
  Logic Levels:           1  (LUT2=1)
  Clock Path Skew:        0.000ns (DCD - SCD - CPR)
    Destination Clock Delay (DCD):    2.221ns
    Source Clock Delay      (SCD):    1.695ns
    Clock Pessimism Removal (CPR):    0.526ns

    Location             Delay type                Incr(ns)  Path(ns)    Netlist Resource(s)
  -------------------------------------------------------------------    -------------------
                         (clock trainer_1khz rise edge)
                                                      0.000     0.000 r  <hidden>
    B6                                                0.000     0.000 r  clk
                         net (fo=0)                   0.000     0.000    clk
    B6                   IBUF (Prop_ibuf_I_O)         0.268     0.268 r  clk_IBUF_inst/O
                         net (fo=1, routed)           0.808     1.075    clk_IBUF
    BUFGCTRL_X0Y16       BUFG (Prop_bufg_I_O)         0.026     1.101 r  clk_IBUF_BUFG_inst/O
                         net (fo=26, routed)          0.594     1.695    ratio2/CLK
    SLICE_X84Y109        FDRE                                         r  ratio2/divided_reg/C
  -------------------------------------------------------------------    -------------------
    SLICE_X84Y109        FDRE (Prop_fdre_C_Q)         0.164     1.859 f  ratio2/divided_reg/Q
                         net (fo=2, routed)           0.175     2.034    ratio2/led_OBUF[0]
    SLICE_X84Y109        LUT2 (Prop_lut2_I0_O)        0.045     2.079 r  ratio2/divided_i_1__2/O
                         net (fo=1, routed)           0.000     2.079    ratio2/divided_i_1__2_n_0
    SLICE_X84Y109        FDRE                                         r  ratio2/divided_reg/D
  -------------------------------------------------------------------    -------------------

                         (clock trainer_1khz rise edge)
                                                      0.000     0.000 r  <hidden>
    B6                                                0.000     0.000 r  clk
                         net (fo=0)                   0.000     0.000    clk
    B6                   IBUF (Prop_ibuf_I_O)         0.456     0.456 r  clk_IBUF_inst/O
                         net (fo=1, routed)           0.871     1.327    clk_IBUF
    BUFGCTRL_X0Y16       BUFG (Prop_bufg_I_O)         0.029     1.356 r  clk_IBUF_BUFG_inst/O
                         net (fo=26, routed)          0.866     2.221    ratio2/CLK
    SLICE_X84Y109        FDRE                                         r  ratio2/divided_reg/C
                         clock pessimism             -0.526     1.695    <hidden>
    SLICE_X84Y109        FDRE (Hold_fdre_C_D)         0.120     1.815    ratio2/divided_reg
  -------------------------------------------------------------------
                         required time                         -1.815    <hidden>
                         arrival time                           2.079    <hidden>
  -------------------------------------------------------------------
                         slack                                  0.264    <hidden>

Slack (MET) :             0.274ns  (arrival time - required time)
  Source:                 core/count_reg[7]/C
                            (rising edge-triggered cell FDRE clocked by trainer_1khz  {rise@0.000ns fall@500000.031ns period=1000000.000ns})
  Destination:            core/count_reg[7]/D
                            (rising edge-triggered cell FDRE clocked by trainer_1khz  {rise@0.000ns fall@500000.031ns period=1000000.000ns})
  Path Group:             trainer_1khz
  Path Type:              Hold (Min at Fast Process Corner)
  Requirement:            0.000ns  (trainer_1khz rise@0.000ns - trainer_1khz rise@0.000ns)
  Data Path Delay:        0.365ns  (logic 0.186ns (50.911%)  route 0.179ns (49.089%))
  Logic Levels:           1  (LUT4=1)
  Clock Path Skew:        0.000ns (DCD - SCD - CPR)
    Destination Clock Delay (DCD):    2.220ns
    Source Clock Delay      (SCD):    1.694ns
    Clock Pessimism Removal (CPR):    0.526ns

    Location             Delay type                Incr(ns)  Path(ns)    Netlist Resource(s)
  -------------------------------------------------------------------    -------------------
                         (clock trainer_1khz rise edge)
                                                      0.000     0.000 r  <hidden>
    B6                                                0.000     0.000 r  clk
                         net (fo=0)                   0.000     0.000    clk
    B6                   IBUF (Prop_ibuf_I_O)         0.268     0.268 r  clk_IBUF_inst/O
                         net (fo=1, routed)           0.808     1.075    clk_IBUF
    BUFGCTRL_X0Y16       BUFG (Prop_bufg_I_O)         0.026     1.101 r  clk_IBUF_BUFG_inst/O
                         net (fo=26, routed)          0.593     1.694    core/CLK
    SLICE_X85Y110        FDRE                                         r  core/count_reg[7]/C
  -------------------------------------------------------------------    -------------------
    SLICE_X85Y110        FDRE (Prop_fdre_C_Q)         0.141     1.835 r  core/count_reg[7]/Q
                         net (fo=4, routed)           0.179     2.014    core/count_reg[7]
    SLICE_X85Y110        LUT4 (Prop_lut4_I3_O)        0.045     2.059 r  core/count[7]_i_1/O
                         net (fo=1, routed)           0.000     2.059    core/p_0_in[7]
    SLICE_X85Y110        FDRE                                         r  core/count_reg[7]/D
  -------------------------------------------------------------------    -------------------

                         (clock trainer_1khz rise edge)
                                                      0.000     0.000 r  <hidden>
    B6                                                0.000     0.000 r  clk
                         net (fo=0)                   0.000     0.000    clk
    B6                   IBUF (Prop_ibuf_I_O)         0.456     0.456 r  clk_IBUF_inst/O
                         net (fo=1, routed)           0.871     1.327    clk_IBUF
    BUFGCTRL_X0Y16       BUFG (Prop_bufg_I_O)         0.029     1.356 r  clk_IBUF_BUFG_inst/O
                         net (fo=26, routed)          0.865     2.220    core/CLK
    SLICE_X85Y110        FDRE                                         r  core/count_reg[7]/C
                         clock pessimism             -0.526     1.694    <hidden>
    SLICE_X85Y110        FDRE (Hold_fdre_C_D)         0.091     1.785    core/count_reg[7]
  -------------------------------------------------------------------
                         required time                         -1.785    <hidden>
                         arrival time                           2.059    <hidden>
  -------------------------------------------------------------------
                         slack                                  0.274    <hidden>

Slack (MET) :             0.276ns  (arrival time - required time)
  Source:                 ratio10/count_reg[0]/C
                            (rising edge-triggered cell FDRE clocked by trainer_1khz  {rise@0.000ns fall@500000.031ns period=1000000.000ns})
  Destination:            ratio10/count_reg[1]/D
                            (rising edge-triggered cell FDRE clocked by trainer_1khz  {rise@0.000ns fall@500000.031ns period=1000000.000ns})
  Path Group:             trainer_1khz
  Path Type:              Hold (Min at Fast Process Corner)
  Requirement:            0.000ns  (trainer_1khz rise@0.000ns - trainer_1khz rise@0.000ns)
  Data Path Delay:        0.383ns  (logic 0.183ns (47.742%)  route 0.200ns (52.258%))
  Logic Levels:           1  (LUT2=1)
  Clock Path Skew:        0.000ns (DCD - SCD - CPR)
    Destination Clock Delay (DCD):    2.220ns
    Source Clock Delay      (SCD):    1.694ns
    Clock Pessimism Removal (CPR):    0.526ns

    Location             Delay type                Incr(ns)  Path(ns)    Netlist Resource(s)
  -------------------------------------------------------------------    -------------------
                         (clock trainer_1khz rise edge)
                                                      0.000     0.000 r  <hidden>
    B6                                                0.000     0.000 r  clk
                         net (fo=0)                   0.000     0.000    clk
    B6                   IBUF (Prop_ibuf_I_O)         0.268     0.268 r  clk_IBUF_inst/O
                         net (fo=1, routed)           0.808     1.075    clk_IBUF
    BUFGCTRL_X0Y16       BUFG (Prop_bufg_I_O)         0.026     1.101 r  clk_IBUF_BUFG_inst/O
                         net (fo=26, routed)          0.593     1.694    ratio10/CLK
    SLICE_X85Y111        FDRE                                         r  ratio10/count_reg[0]/C
  -------------------------------------------------------------------    -------------------
    SLICE_X85Y111        FDRE (Prop_fdre_C_Q)         0.141     1.835 r  ratio10/count_reg[0]/Q
                         net (fo=7, routed)           0.200     2.035    ratio10/count_reg[0]
    SLICE_X85Y111        LUT2 (Prop_lut2_I0_O)        0.042     2.077 r  ratio10/count[1]_i_1__0/O
                         net (fo=1, routed)           0.000     2.077    ratio10/p_0_in__0[1]
    SLICE_X85Y111        FDRE                                         r  ratio10/count_reg[1]/D
  -------------------------------------------------------------------    -------------------

                         (clock trainer_1khz rise edge)
                                                      0.000     0.000 r  <hidden>
    B6                                                0.000     0.000 r  clk
                         net (fo=0)                   0.000     0.000    clk
    B6                   IBUF (Prop_ibuf_I_O)         0.456     0.456 r  clk_IBUF_inst/O
                         net (fo=1, routed)           0.871     1.327    clk_IBUF
    BUFGCTRL_X0Y16       BUFG (Prop_bufg_I_O)         0.029     1.356 r  clk_IBUF_BUFG_inst/O
                         net (fo=26, routed)          0.865     2.220    ratio10/CLK
    SLICE_X85Y111        FDRE                                         r  ratio10/count_reg[1]/C
                         clock pessimism             -0.526     1.694    <hidden>
    SLICE_X85Y111        FDRE (Hold_fdre_C_D)         0.107     1.801    ratio10/count_reg[1]
  -------------------------------------------------------------------
                         required time                         -1.801    <hidden>
                         arrival time                           2.077    <hidden>
  -------------------------------------------------------------------
                         slack                                  0.276    <hidden>

Slack (MET) :             0.278ns  (arrival time - required time)
  Source:                 ratio50/count_reg[3]/C
                            (rising edge-triggered cell FDRE clocked by trainer_1khz  {rise@0.000ns fall@500000.031ns period=1000000.000ns})
  Destination:            ratio50/count_reg[4]/D
                            (rising edge-triggered cell FDRE clocked by trainer_1khz  {rise@0.000ns fall@500000.031ns period=1000000.000ns})
  Path Group:             trainer_1khz
  Path Type:              Hold (Min at Fast Process Corner)
  Requirement:            0.000ns  (trainer_1khz rise@0.000ns - trainer_1khz rise@0.000ns)
  Data Path Delay:        0.409ns  (logic 0.212ns (51.808%)  route 0.197ns (48.192%))
  Logic Levels:           1  (LUT5=1)
  Clock Path Skew:        0.000ns (DCD - SCD - CPR)
    Destination Clock Delay (DCD):    2.218ns
    Source Clock Delay      (SCD):    1.693ns
    Clock Pessimism Removal (CPR):    0.525ns

    Location             Delay type                Incr(ns)  Path(ns)    Netlist Resource(s)
  -------------------------------------------------------------------    -------------------
                         (clock trainer_1khz rise edge)
                                                      0.000     0.000 r  <hidden>
    B6                                                0.000     0.000 r  clk
                         net (fo=0)                   0.000     0.000    clk
    B6                   IBUF (Prop_ibuf_I_O)         0.268     0.268 r  clk_IBUF_inst/O
                         net (fo=1, routed)           0.808     1.075    clk_IBUF
    BUFGCTRL_X0Y16       BUFG (Prop_bufg_I_O)         0.026     1.101 r  clk_IBUF_BUFG_inst/O
                         net (fo=26, routed)          0.592     1.693    ratio50/CLK
    SLICE_X84Y112        FDRE                                         r  ratio50/count_reg[3]/C
  -------------------------------------------------------------------    -------------------
    SLICE_X84Y112        FDRE (Prop_fdre_C_Q)         0.164     1.857 r  ratio50/count_reg[3]/Q
                         net (fo=6, routed)           0.197     2.054    ratio50/count_reg[3]
    SLICE_X84Y112        LUT5 (Prop_lut5_I0_O)        0.048     2.102 r  ratio50/count[4]_i_1__0/O
                         net (fo=1, routed)           0.000     2.102    ratio50/p_0_in__1[4]
    SLICE_X84Y112        FDRE                                         r  ratio50/count_reg[4]/D
  -------------------------------------------------------------------    -------------------

                         (clock trainer_1khz rise edge)
                                                      0.000     0.000 r  <hidden>
    B6                                                0.000     0.000 r  clk
                         net (fo=0)                   0.000     0.000    clk
    B6                   IBUF (Prop_ibuf_I_O)         0.456     0.456 r  clk_IBUF_inst/O
                         net (fo=1, routed)           0.871     1.327    clk_IBUF
    BUFGCTRL_X0Y16       BUFG (Prop_bufg_I_O)         0.029     1.356 r  clk_IBUF_BUFG_inst/O
                         net (fo=26, routed)          0.863     2.218    ratio50/CLK
    SLICE_X84Y112        FDRE                                         r  ratio50/count_reg[4]/C
                         clock pessimism             -0.525     1.693    <hidden>
    SLICE_X84Y112        FDRE (Hold_fdre_C_D)         0.131     1.824    ratio50/count_reg[4]
  -------------------------------------------------------------------
                         required time                         -1.824    <hidden>
                         arrival time                           2.102    <hidden>
  -------------------------------------------------------------------
                         slack                                  0.278    <hidden>





Pulse Width Checks
--------------------------------------------------------------------------------------
Clock Name:         trainer_1khz
Waveform(ns):       { 0.000 500000.031 }
Period(ns):         1000000.062
Sources:            { clk }

Check Type        Corner  Lib Pin  Reference Pin  Required(ns)  Actual(ns)   Slack(ns)   Location        Pin
Min Period        n/a     BUFG/I   n/a            2.155         1000000.047  999997.836  BUFGCTRL_X0Y16  clk_IBUF_BUFG_inst/I
Min Period        n/a     FDRE/C   n/a            1.000         1000000.047  999999.000  SLICE_X84Y110   core/count_reg[0]/C
Min Period        n/a     FDRE/C   n/a            1.000         1000000.047  999999.000  SLICE_X85Y110   core/count_reg[1]/C
Min Period        n/a     FDRE/C   n/a            1.000         1000000.047  999999.000  SLICE_X84Y110   core/count_reg[2]/C
Min Period        n/a     FDRE/C   n/a            1.000         1000000.047  999999.000  SLICE_X84Y110   core/count_reg[3]/C
Min Period        n/a     FDRE/C   n/a            1.000         1000000.047  999999.000  SLICE_X85Y110   core/count_reg[4]/C
Min Period        n/a     FDRE/C   n/a            1.000         1000000.047  999999.000  SLICE_X84Y110   core/count_reg[5]/C
Min Period        n/a     FDRE/C   n/a            1.000         1000000.047  999999.000  SLICE_X85Y110   core/count_reg[6]/C
Min Period        n/a     FDRE/C   n/a            1.000         1000000.047  999999.000  SLICE_X85Y110   core/count_reg[7]/C
Min Period        n/a     FDRE/C   n/a            1.000         1000000.047  999999.000  SLICE_X85Y110   core/count_reg[8]/C
Low Pulse Width   Slow    FDRE/C   n/a            0.500         499999.907   499999.383  SLICE_X84Y110   core/count_reg[0]/C
Low Pulse Width   Slow    FDRE/C   n/a            0.500         499999.907   499999.383  SLICE_X85Y110   core/count_reg[1]/C
Low Pulse Width   Slow    FDRE/C   n/a            0.500         499999.907   499999.383  SLICE_X84Y110   core/count_reg[2]/C
Low Pulse Width   Slow    FDRE/C   n/a            0.500         499999.907   499999.383  SLICE_X84Y110   core/count_reg[3]/C
Low Pulse Width   Slow    FDRE/C   n/a            0.500         499999.907   499999.383  SLICE_X85Y110   core/count_reg[4]/C
Low Pulse Width   Slow    FDRE/C   n/a            0.500         499999.907   499999.383  SLICE_X84Y110   core/count_reg[5]/C
Low Pulse Width   Slow    FDRE/C   n/a            0.500         499999.907   499999.383  SLICE_X85Y110   core/count_reg[6]/C
Low Pulse Width   Slow    FDRE/C   n/a            0.500         499999.907   499999.383  SLICE_X85Y110   core/count_reg[7]/C
Low Pulse Width   Slow    FDRE/C   n/a            0.500         499999.907   499999.383  SLICE_X85Y110   core/count_reg[8]/C
Low Pulse Width   Slow    FDRE/C   n/a            0.500         499999.907   499999.383  SLICE_X84Y110   core/count_reg[9]/C
High Pulse Width  Fast    FDRE/C   n/a            0.500         500000.024   499999.500  SLICE_X84Y110   core/count_reg[0]/C
High Pulse Width  Fast    FDRE/C   n/a            0.500         500000.024   499999.500  SLICE_X85Y110   core/count_reg[1]/C
High Pulse Width  Fast    FDRE/C   n/a            0.500         500000.024   499999.500  SLICE_X84Y110   core/count_reg[2]/C
High Pulse Width  Fast    FDRE/C   n/a            0.500         500000.024   499999.500  SLICE_X84Y110   core/count_reg[3]/C
High Pulse Width  Fast    FDRE/C   n/a            0.500         500000.024   499999.500  SLICE_X85Y110   core/count_reg[4]/C
High Pulse Width  Fast    FDRE/C   n/a            0.500         500000.024   499999.500  SLICE_X84Y110   core/count_reg[5]/C
High Pulse Width  Fast    FDRE/C   n/a            0.500         500000.024   499999.500  SLICE_X85Y110   core/count_reg[6]/C
High Pulse Width  Fast    FDRE/C   n/a            0.500         500000.024   499999.500  SLICE_X85Y110   core/count_reg[7]/C
High Pulse Width  Fast    FDRE/C   n/a            0.500         500000.024   499999.500  SLICE_X85Y110   core/count_reg[8]/C
High Pulse Width  Fast    FDRE/C   n/a            0.500         500000.024   499999.500  SLICE_X84Y110   core/count_reg[9]/C



--------------------------------------------------------------------------------------
Path Group:  (none)
From Clock:  
  To Clock:  trainer_1khz

Max Delay             2 Endpoints
Min Delay             2 Endpoints
--------------------------------------------------------------------------------------


Max Delay Paths
--------------------------------------------------------------------------------------
Slack:                    inf
  Source:                 rst
                            (input port)
  Destination:            inputs/reset_pipe_reg[0]/PRE
                            (recovery check against rising-edge clock trainer_1khz  {rise@0.000ns fall@500000.031ns period=1000000.000ns})
  Path Group:             (none)
  Path Type:              Recovery (Max at Slow Process Corner)
  Data Path Delay:        3.161ns  (logic 1.468ns (46.454%)  route 1.693ns (53.546%))
  Logic Levels:           1  (IBUF=1)
  Clock Path Skew:        5.294ns (DCD - SCD + CPR)
    Destination Clock Delay (DCD):    5.294ns
    Source Clock Delay      (SCD):    0.000ns
    Clock Pessimism Removal (CPR):    0.000ns
  Clock Uncertainty:      0.025ns  ((TSJ^2 + TIJ^2)^1/2 + DJ) / 2 + PE
    Total System Jitter     (TSJ):    0.050ns
    Total Input Jitter      (TIJ):    0.000ns
    Discrete Jitter          (DJ):    0.000ns
    Phase Error              (PE):    0.000ns
  Timing Exception:       False Path

    Location             Delay type                Incr(ns)  Path(ns)    Netlist Resource(s)
  -------------------------------------------------------------------    -------------------
    K4                                                0.000     0.000 f  rst
                         net (fo=0)                   0.000     0.000    rst
    K4                   IBUF (Prop_ibuf_I_O)         1.468     1.468 f  rst_IBUF_inst/O
                         net (fo=2, routed)           1.693     3.161    inputs/AS[0]
    SLICE_X83Y110        FDPE                                         f  inputs/reset_pipe_reg[0]/PRE
  -------------------------------------------------------------------    -------------------

                         (clock trainer_1khz rise edge)
                                                      0.000     0.000 r  <hidden>
    B6                                                0.000     0.000 r  clk
                         net (fo=0)                   0.000     0.000    clk
    B6                   IBUF (Prop_ibuf_I_O)         1.429     1.429 r  clk_IBUF_inst/O
                         net (fo=1, routed)           2.196     3.625    clk_IBUF
    BUFGCTRL_X0Y16       BUFG (Prop_bufg_I_O)         0.091     3.716 r  clk_IBUF_BUFG_inst/O
                         net (fo=26, routed)          1.578     5.294    inputs/CLK
    SLICE_X83Y110        FDPE                                         r  inputs/reset_pipe_reg[0]/C

Slack:                    inf
  Source:                 rst
                            (input port)
  Destination:            inputs/reset_pipe_reg[1]/PRE
                            (recovery check against rising-edge clock trainer_1khz  {rise@0.000ns fall@500000.031ns period=1000000.000ns})
  Path Group:             (none)
  Path Type:              Recovery (Max at Slow Process Corner)
  Data Path Delay:        3.161ns  (logic 1.468ns (46.454%)  route 1.693ns (53.546%))
  Logic Levels:           1  (IBUF=1)
  Clock Path Skew:        5.294ns (DCD - SCD + CPR)
    Destination Clock Delay (DCD):    5.294ns
    Source Clock Delay      (SCD):    0.000ns
    Clock Pessimism Removal (CPR):    0.000ns
  Clock Uncertainty:      0.025ns  ((TSJ^2 + TIJ^2)^1/2 + DJ) / 2 + PE
    Total System Jitter     (TSJ):    0.050ns
    Total Input Jitter      (TIJ):    0.000ns
    Discrete Jitter          (DJ):    0.000ns
    Phase Error              (PE):    0.000ns
  Timing Exception:       False Path

    Location             Delay type                Incr(ns)  Path(ns)    Netlist Resource(s)
  -------------------------------------------------------------------    -------------------
    K4                                                0.000     0.000 f  rst
                         net (fo=0)                   0.000     0.000    rst
    K4                   IBUF (Prop_ibuf_I_O)         1.468     1.468 f  rst_IBUF_inst/O
                         net (fo=2, routed)           1.693     3.161    inputs/AS[0]
    SLICE_X83Y110        FDPE                                         f  inputs/reset_pipe_reg[1]/PRE
  -------------------------------------------------------------------    -------------------

                         (clock trainer_1khz rise edge)
                                                      0.000     0.000 r  <hidden>
    B6                                                0.000     0.000 r  clk
                         net (fo=0)                   0.000     0.000    clk
    B6                   IBUF (Prop_ibuf_I_O)         1.429     1.429 r  clk_IBUF_inst/O
                         net (fo=1, routed)           2.196     3.625    clk_IBUF
    BUFGCTRL_X0Y16       BUFG (Prop_bufg_I_O)         0.091     3.716 r  clk_IBUF_BUFG_inst/O
                         net (fo=26, routed)          1.578     5.294    inputs/CLK
    SLICE_X83Y110        FDPE                                         r  inputs/reset_pipe_reg[1]/C





Min Delay Paths
--------------------------------------------------------------------------------------
Slack:                    inf
  Source:                 rst
                            (input port)
  Destination:            inputs/reset_pipe_reg[0]/PRE
                            (removal check against rising-edge clock trainer_1khz  {rise@0.000ns fall@500000.031ns period=1000000.000ns})
  Path Group:             (none)
  Path Type:              Removal (Min at Fast Process Corner)
  Data Path Delay:        0.924ns  (logic 0.236ns (25.582%)  route 0.688ns (74.418%))
  Logic Levels:           1  (IBUF=1)
  Clock Path Skew:        2.220ns (DCD - SCD - CPR)
    Destination Clock Delay (DCD):    2.220ns
    Source Clock Delay      (SCD):    0.000ns
    Clock Pessimism Removal (CPR):    -0.000ns
  Timing Exception:       False Path

    Location             Delay type                Incr(ns)  Path(ns)    Netlist Resource(s)
  -------------------------------------------------------------------    -------------------
    K4                                                0.000     0.000 f  rst
                         net (fo=0)                   0.000     0.000    rst
    K4                   IBUF (Prop_ibuf_I_O)         0.236     0.236 f  rst_IBUF_inst/O
                         net (fo=2, routed)           0.688     0.924    inputs/AS[0]
    SLICE_X83Y110        FDPE                                         f  inputs/reset_pipe_reg[0]/PRE
  -------------------------------------------------------------------    -------------------

                         (clock trainer_1khz rise edge)
                                                      0.000     0.000 r  <hidden>
    B6                                                0.000     0.000 r  clk
                         net (fo=0)                   0.000     0.000    clk
    B6                   IBUF (Prop_ibuf_I_O)         0.456     0.456 r  clk_IBUF_inst/O
                         net (fo=1, routed)           0.871     1.327    clk_IBUF
    BUFGCTRL_X0Y16       BUFG (Prop_bufg_I_O)         0.029     1.356 r  clk_IBUF_BUFG_inst/O
                         net (fo=26, routed)          0.865     2.220    inputs/CLK
    SLICE_X83Y110        FDPE                                         r  inputs/reset_pipe_reg[0]/C

Slack:                    inf
  Source:                 rst
                            (input port)
  Destination:            inputs/reset_pipe_reg[1]/PRE
                            (removal check against rising-edge clock trainer_1khz  {rise@0.000ns fall@500000.031ns period=1000000.000ns})
  Path Group:             (none)
  Path Type:              Removal (Min at Fast Process Corner)
  Data Path Delay:        0.924ns  (logic 0.236ns (25.582%)  route 0.688ns (74.418%))
  Logic Levels:           1  (IBUF=1)
  Clock Path Skew:        2.220ns (DCD - SCD - CPR)
    Destination Clock Delay (DCD):    2.220ns
    Source Clock Delay      (SCD):    0.000ns
    Clock Pessimism Removal (CPR):    -0.000ns
  Timing Exception:       False Path

    Location             Delay type                Incr(ns)  Path(ns)    Netlist Resource(s)
  -------------------------------------------------------------------    -------------------
    K4                                                0.000     0.000 f  rst
                         net (fo=0)                   0.000     0.000    rst
    K4                   IBUF (Prop_ibuf_I_O)         0.236     0.236 f  rst_IBUF_inst/O
                         net (fo=2, routed)           0.688     0.924    inputs/AS[0]
    SLICE_X83Y110        FDPE                                         f  inputs/reset_pipe_reg[1]/PRE
  -------------------------------------------------------------------    -------------------

                         (clock trainer_1khz rise edge)
                                                      0.000     0.000 r  <hidden>
    B6                                                0.000     0.000 r  clk
                         net (fo=0)                   0.000     0.000    clk
    B6                   IBUF (Prop_ibuf_I_O)         0.456     0.456 r  clk_IBUF_inst/O
                         net (fo=1, routed)           0.871     1.327    clk_IBUF
    BUFGCTRL_X0Y16       BUFG (Prop_bufg_I_O)         0.029     1.356 r  clk_IBUF_BUFG_inst/O
                         net (fo=26, routed)          0.865     2.220    inputs/CLK
    SLICE_X83Y110        FDPE                                         r  inputs/reset_pipe_reg[1]/C





--------------------------------------------------------------------------------------
Path Group:  (none)
From Clock:  trainer_1khz
  To Clock:  

Max Delay             5 Endpoints
Min Delay             5 Endpoints
--------------------------------------------------------------------------------------


Max Delay Paths
--------------------------------------------------------------------------------------
Slack:                    inf
  Source:                 core/count_reg[8]/C
                            (rising edge-triggered cell FDRE clocked by trainer_1khz  {rise@0.000ns fall@500000.031ns period=1000000.000ns})
  Destination:            led[4]
                            (output port)
  Path Group:             (none)
  Path Type:              Max at Slow Process Corner
  Data Path Delay:        7.629ns  (logic 4.366ns (57.232%)  route 3.263ns (42.768%))
  Logic Levels:           3  (LUT5=2 OBUF=1)
  Clock Uncertainty:      0.025ns  ((TSJ^2 + TIJ^2)^1/2 + DJ) / 2 + PE
    Total System Jitter     (TSJ):    0.050ns
    Total Input Jitter      (TIJ):    0.000ns
    Discrete Jitter          (DJ):    0.000ns
    Phase Error              (PE):    0.000ns

    Location             Delay type                Incr(ns)  Path(ns)    Netlist Resource(s)
  -------------------------------------------------------------------    -------------------
                         (clock trainer_1khz rise edge)
                                                      0.000     0.000 r  <hidden>
    B6                                                0.000     0.000 r  clk
                         net (fo=0)                   0.000     0.000    clk
    B6                   IBUF (Prop_ibuf_I_O)         1.500     1.500 r  clk_IBUF_inst/O
                         net (fo=1, routed)           2.315     3.815    clk_IBUF
    BUFGCTRL_X0Y16       BUFG (Prop_bufg_I_O)         0.096     3.911 r  clk_IBUF_BUFG_inst/O
                         net (fo=26, routed)          1.698     5.609    core/CLK
    SLICE_X85Y110        FDRE                                         r  core/count_reg[8]/C
  -------------------------------------------------------------------    -------------------
    SLICE_X85Y110        FDRE (Prop_fdre_C_Q)         0.419     6.028 r  core/count_reg[8]/Q
                         net (fo=3, routed)           0.887     6.915    core/count_reg[8]
    SLICE_X85Y110        LUT5 (Prop_lut5_I0_O)        0.299     7.214 r  core/led_OBUF[4]_inst_i_3/O
                         net (fo=3, routed)           0.662     7.876    core/led_OBUF[4]_inst_i_3_n_0
    SLICE_X85Y109        LUT5 (Prop_lut5_I4_O)        0.124     8.000 r  core/led_OBUF[4]_inst_i_1/O
                         net (fo=1, routed)           1.714     9.714    led_OBUF[4]
    N7                   OBUF (Prop_obuf_I_O)         3.524    13.238 r  led_OBUF[4]_inst/O
                         net (fo=0)                   0.000    13.238    led[4]
    N7                                                                r  led[4]
  -------------------------------------------------------------------    -------------------

Slack:                    inf
  Source:                 core/divided_reg/C
                            (rising edge-triggered cell FDRE clocked by trainer_1khz  {rise@0.000ns fall@500000.031ns period=1000000.000ns})
  Destination:            led[3]
                            (output port)
  Path Group:             (none)
  Path Type:              Max at Slow Process Corner
  Data Path Delay:        6.290ns  (logic 3.980ns (63.279%)  route 2.310ns (36.721%))
  Logic Levels:           1  (OBUF=1)
  Clock Uncertainty:      0.025ns  ((TSJ^2 + TIJ^2)^1/2 + DJ) / 2 + PE
    Total System Jitter     (TSJ):    0.050ns
    Total Input Jitter      (TIJ):    0.000ns
    Discrete Jitter          (DJ):    0.000ns
    Phase Error              (PE):    0.000ns

    Location             Delay type                Incr(ns)  Path(ns)    Netlist Resource(s)
  -------------------------------------------------------------------    -------------------
                         (clock trainer_1khz rise edge)
                                                      0.000     0.000 r  <hidden>
    B6                                                0.000     0.000 r  clk
                         net (fo=0)                   0.000     0.000    clk
    B6                   IBUF (Prop_ibuf_I_O)         1.500     1.500 r  clk_IBUF_inst/O
                         net (fo=1, routed)           2.315     3.815    clk_IBUF
    BUFGCTRL_X0Y16       BUFG (Prop_bufg_I_O)         0.096     3.911 r  clk_IBUF_BUFG_inst/O
                         net (fo=26, routed)          1.698     5.609    core/CLK
    SLICE_X85Y109        FDRE                                         r  core/divided_reg/C
  -------------------------------------------------------------------    -------------------
    SLICE_X85Y109        FDRE (Prop_fdre_C_Q)         0.456     6.065 r  core/divided_reg/Q
                         net (fo=1, routed)           2.310     8.375    led_OBUF[3]
    M7                   OBUF (Prop_obuf_I_O)         3.524    11.900 r  led_OBUF[3]_inst/O
                         net (fo=0)                   0.000    11.900    led[3]
    M7                                                                r  led[3]
  -------------------------------------------------------------------    -------------------

Slack:                    inf
  Source:                 ratio50/divided_reg/C
                            (rising edge-triggered cell FDRE clocked by trainer_1khz  {rise@0.000ns fall@500000.031ns period=1000000.000ns})
  Destination:            led[2]
                            (output port)
  Path Group:             (none)
  Path Type:              Max at Slow Process Corner
  Data Path Delay:        6.041ns  (logic 3.984ns (65.947%)  route 2.057ns (34.053%))
  Logic Levels:           1  (OBUF=1)
  Clock Uncertainty:      0.025ns  ((TSJ^2 + TIJ^2)^1/2 + DJ) / 2 + PE
    Total System Jitter     (TSJ):    0.050ns
    Total Input Jitter      (TIJ):    0.000ns
    Discrete Jitter          (DJ):    0.000ns
    Phase Error              (PE):    0.000ns

    Location             Delay type                Incr(ns)  Path(ns)    Netlist Resource(s)
  -------------------------------------------------------------------    -------------------
                         (clock trainer_1khz rise edge)
                                                      0.000     0.000 r  <hidden>
    B6                                                0.000     0.000 r  clk
                         net (fo=0)                   0.000     0.000    clk
    B6                   IBUF (Prop_ibuf_I_O)         1.500     1.500 r  clk_IBUF_inst/O
                         net (fo=1, routed)           2.315     3.815    clk_IBUF
    BUFGCTRL_X0Y16       BUFG (Prop_bufg_I_O)         0.096     3.911 r  clk_IBUF_BUFG_inst/O
                         net (fo=26, routed)          1.695     5.606    ratio50/CLK
    SLICE_X85Y113        FDRE                                         r  ratio50/divided_reg/C
  -------------------------------------------------------------------    -------------------
    SLICE_X85Y113        FDRE (Prop_fdre_C_Q)         0.456     6.062 r  ratio50/divided_reg/Q
                         net (fo=1, routed)           2.057     8.119    led_OBUF[2]
    M3                   OBUF (Prop_obuf_I_O)         3.528    11.647 r  led_OBUF[2]_inst/O
                         net (fo=0)                   0.000    11.647    led[2]
    M3                                                                r  led[2]
  -------------------------------------------------------------------    -------------------

Slack:                    inf
  Source:                 ratio10/divided_reg/C
                            (rising edge-triggered cell FDRE clocked by trainer_1khz  {rise@0.000ns fall@500000.031ns period=1000000.000ns})
  Destination:            led[1]
                            (output port)
  Path Group:             (none)
  Path Type:              Max at Slow Process Corner
  Data Path Delay:        5.967ns  (logic 4.059ns (68.031%)  route 1.908ns (31.969%))
  Logic Levels:           1  (OBUF=1)
  Clock Uncertainty:      0.025ns  ((TSJ^2 + TIJ^2)^1/2 + DJ) / 2 + PE
    Total System Jitter     (TSJ):    0.050ns
    Total Input Jitter      (TIJ):    0.000ns
    Discrete Jitter          (DJ):    0.000ns
    Phase Error              (PE):    0.000ns

    Location             Delay type                Incr(ns)  Path(ns)    Netlist Resource(s)
  -------------------------------------------------------------------    -------------------
                         (clock trainer_1khz rise edge)
                                                      0.000     0.000 r  <hidden>
    B6                                                0.000     0.000 r  clk
                         net (fo=0)                   0.000     0.000    clk
    B6                   IBUF (Prop_ibuf_I_O)         1.500     1.500 r  clk_IBUF_inst/O
                         net (fo=1, routed)           2.315     3.815    clk_IBUF
    BUFGCTRL_X0Y16       BUFG (Prop_bufg_I_O)         0.096     3.911 r  clk_IBUF_BUFG_inst/O
                         net (fo=26, routed)          1.697     5.608    ratio10/CLK
    SLICE_X84Y111        FDRE                                         r  ratio10/divided_reg/C
  -------------------------------------------------------------------    -------------------
    SLICE_X84Y111        FDRE (Prop_fdre_C_Q)         0.518     6.126 r  ratio10/divided_reg/Q
                         net (fo=1, routed)           1.908     8.034    led_OBUF[1]
    M1                   OBUF (Prop_obuf_I_O)         3.541    11.575 r  led_OBUF[1]_inst/O
                         net (fo=0)                   0.000    11.575    led[1]
    M1                                                                r  led[1]
  -------------------------------------------------------------------    -------------------

Slack:                    inf
  Source:                 ratio2/divided_reg/C
                            (rising edge-triggered cell FDRE clocked by trainer_1khz  {rise@0.000ns fall@500000.031ns period=1000000.000ns})
  Destination:            led[0]
                            (output port)
  Path Group:             (none)
  Path Type:              Max at Slow Process Corner
  Data Path Delay:        5.743ns  (logic 4.059ns (70.674%)  route 1.684ns (29.326%))
  Logic Levels:           1  (OBUF=1)
  Clock Uncertainty:      0.025ns  ((TSJ^2 + TIJ^2)^1/2 + DJ) / 2 + PE
    Total System Jitter     (TSJ):    0.050ns
    Total Input Jitter      (TIJ):    0.000ns
    Discrete Jitter          (DJ):    0.000ns
    Phase Error              (PE):    0.000ns

    Location             Delay type                Incr(ns)  Path(ns)    Netlist Resource(s)
  -------------------------------------------------------------------    -------------------
                         (clock trainer_1khz rise edge)
                                                      0.000     0.000 r  <hidden>
    B6                                                0.000     0.000 r  clk
                         net (fo=0)                   0.000     0.000    clk
    B6                   IBUF (Prop_ibuf_I_O)         1.500     1.500 r  clk_IBUF_inst/O
                         net (fo=1, routed)           2.315     3.815    clk_IBUF
    BUFGCTRL_X0Y16       BUFG (Prop_bufg_I_O)         0.096     3.911 r  clk_IBUF_BUFG_inst/O
                         net (fo=26, routed)          1.698     5.609    ratio2/CLK
    SLICE_X84Y109        FDRE                                         r  ratio2/divided_reg/C
  -------------------------------------------------------------------    -------------------
    SLICE_X84Y109        FDRE (Prop_fdre_C_Q)         0.518     6.127 r  ratio2/divided_reg/Q
                         net (fo=2, routed)           1.684     7.811    led_OBUF[0]
    N5                   OBUF (Prop_obuf_I_O)         3.541    11.352 r  led_OBUF[0]_inst/O
                         net (fo=0)                   0.000    11.352    led[0]
    N5                                                                r  led[0]
  -------------------------------------------------------------------    -------------------





Min Delay Paths
--------------------------------------------------------------------------------------
Slack:                    inf
  Source:                 ratio2/divided_reg/C
                            (rising edge-triggered cell FDRE clocked by trainer_1khz  {rise@0.000ns fall@500000.031ns period=1000000.000ns})
  Destination:            led[0]
                            (output port)
  Path Group:             (none)
  Path Type:              Min at Fast Process Corner
  Data Path Delay:        1.745ns  (logic 1.406ns (80.562%)  route 0.339ns (19.438%))
  Logic Levels:           1  (OBUF=1)
  Clock Uncertainty:      0.025ns  ((TSJ^2 + TIJ^2)^1/2 + DJ) / 2 + PE
    Total System Jitter     (TSJ):    0.050ns
    Total Input Jitter      (TIJ):    0.000ns
    Discrete Jitter          (DJ):    0.000ns
    Phase Error              (PE):    0.000ns

    Location             Delay type                Incr(ns)  Path(ns)    Netlist Resource(s)
  -------------------------------------------------------------------    -------------------
                         (clock trainer_1khz rise edge)
                                                      0.000     0.000 r  <hidden>
    B6                                                0.000     0.000 r  clk
                         net (fo=0)                   0.000     0.000    clk
    B6                   IBUF (Prop_ibuf_I_O)         0.268     0.268 r  clk_IBUF_inst/O
                         net (fo=1, routed)           0.808     1.075    clk_IBUF
    BUFGCTRL_X0Y16       BUFG (Prop_bufg_I_O)         0.026     1.101 r  clk_IBUF_BUFG_inst/O
                         net (fo=26, routed)          0.594     1.695    ratio2/CLK
    SLICE_X84Y109        FDRE                                         r  ratio2/divided_reg/C
  -------------------------------------------------------------------    -------------------
    SLICE_X84Y109        FDRE (Prop_fdre_C_Q)         0.164     1.859 r  ratio2/divided_reg/Q
                         net (fo=2, routed)           0.339     2.198    led_OBUF[0]
    N5                   OBUF (Prop_obuf_I_O)         1.242     3.440 r  led_OBUF[0]_inst/O
                         net (fo=0)                   0.000     3.440    led[0]
    N5                                                                r  led[0]
  -------------------------------------------------------------------    -------------------

Slack:                    inf
  Source:                 ratio10/divided_reg/C
                            (rising edge-triggered cell FDRE clocked by trainer_1khz  {rise@0.000ns fall@500000.031ns period=1000000.000ns})
  Destination:            led[1]
                            (output port)
  Path Group:             (none)
  Path Type:              Min at Fast Process Corner
  Data Path Delay:        1.843ns  (logic 1.406ns (76.306%)  route 0.437ns (23.694%))
  Logic Levels:           1  (OBUF=1)
  Clock Uncertainty:      0.025ns  ((TSJ^2 + TIJ^2)^1/2 + DJ) / 2 + PE
    Total System Jitter     (TSJ):    0.050ns
    Total Input Jitter      (TIJ):    0.000ns
    Discrete Jitter          (DJ):    0.000ns
    Phase Error              (PE):    0.000ns

    Location             Delay type                Incr(ns)  Path(ns)    Netlist Resource(s)
  -------------------------------------------------------------------    -------------------
                         (clock trainer_1khz rise edge)
                                                      0.000     0.000 r  <hidden>
    B6                                                0.000     0.000 r  clk
                         net (fo=0)                   0.000     0.000    clk
    B6                   IBUF (Prop_ibuf_I_O)         0.268     0.268 r  clk_IBUF_inst/O
                         net (fo=1, routed)           0.808     1.075    clk_IBUF
    BUFGCTRL_X0Y16       BUFG (Prop_bufg_I_O)         0.026     1.101 r  clk_IBUF_BUFG_inst/O
                         net (fo=26, routed)          0.593     1.694    ratio10/CLK
    SLICE_X84Y111        FDRE                                         r  ratio10/divided_reg/C
  -------------------------------------------------------------------    -------------------
    SLICE_X84Y111        FDRE (Prop_fdre_C_Q)         0.164     1.858 r  ratio10/divided_reg/Q
                         net (fo=1, routed)           0.437     2.295    led_OBUF[1]
    M1                   OBUF (Prop_obuf_I_O)         1.242     3.537 r  led_OBUF[1]_inst/O
                         net (fo=0)                   0.000     3.537    led[1]
    M1                                                                r  led[1]
  -------------------------------------------------------------------    -------------------

Slack:                    inf
  Source:                 ratio50/divided_reg/C
                            (rising edge-triggered cell FDRE clocked by trainer_1khz  {rise@0.000ns fall@500000.031ns period=1000000.000ns})
  Destination:            led[2]
                            (output port)
  Path Group:             (none)
  Path Type:              Min at Fast Process Corner
  Data Path Delay:        1.867ns  (logic 1.370ns (73.373%)  route 0.497ns (26.627%))
  Logic Levels:           1  (OBUF=1)
  Clock Uncertainty:      0.025ns  ((TSJ^2 + TIJ^2)^1/2 + DJ) / 2 + PE
    Total System Jitter     (TSJ):    0.050ns
    Total Input Jitter      (TIJ):    0.000ns
    Discrete Jitter          (DJ):    0.000ns
    Phase Error              (PE):    0.000ns

    Location             Delay type                Incr(ns)  Path(ns)    Netlist Resource(s)
  -------------------------------------------------------------------    -------------------
                         (clock trainer_1khz rise edge)
                                                      0.000     0.000 r  <hidden>
    B6                                                0.000     0.000 r  clk
                         net (fo=0)                   0.000     0.000    clk
    B6                   IBUF (Prop_ibuf_I_O)         0.268     0.268 r  clk_IBUF_inst/O
                         net (fo=1, routed)           0.808     1.075    clk_IBUF
    BUFGCTRL_X0Y16       BUFG (Prop_bufg_I_O)         0.026     1.101 r  clk_IBUF_BUFG_inst/O
                         net (fo=26, routed)          0.591     1.692    ratio50/CLK
    SLICE_X85Y113        FDRE                                         r  ratio50/divided_reg/C
  -------------------------------------------------------------------    -------------------
    SLICE_X85Y113        FDRE (Prop_fdre_C_Q)         0.141     1.833 r  ratio50/divided_reg/Q
                         net (fo=1, routed)           0.497     2.330    led_OBUF[2]
    M3                   OBUF (Prop_obuf_I_O)         1.229     3.559 r  led_OBUF[2]_inst/O
                         net (fo=0)                   0.000     3.559    led[2]
    M3                                                                r  led[2]
  -------------------------------------------------------------------    -------------------

Slack:                    inf
  Source:                 inputs/reset_pipe_reg[1]/C
                            (rising edge-triggered cell FDPE clocked by trainer_1khz  {rise@0.000ns fall@500000.031ns period=1000000.000ns})
  Destination:            led[4]
                            (output port)
  Path Group:             (none)
  Path Type:              Min at Fast Process Corner
  Data Path Delay:        2.001ns  (logic 1.452ns (72.572%)  route 0.549ns (27.428%))
  Logic Levels:           2  (LUT5=1 OBUF=1)
  Clock Uncertainty:      0.025ns  ((TSJ^2 + TIJ^2)^1/2 + DJ) / 2 + PE
    Total System Jitter     (TSJ):    0.050ns
    Total Input Jitter      (TIJ):    0.000ns
    Discrete Jitter          (DJ):    0.000ns
    Phase Error              (PE):    0.000ns

    Location             Delay type                Incr(ns)  Path(ns)    Netlist Resource(s)
  -------------------------------------------------------------------    -------------------
                         (clock trainer_1khz rise edge)
                                                      0.000     0.000 r  <hidden>
    B6                                                0.000     0.000 r  clk
                         net (fo=0)                   0.000     0.000    clk
    B6                   IBUF (Prop_ibuf_I_O)         0.268     0.268 r  clk_IBUF_inst/O
                         net (fo=1, routed)           0.808     1.075    clk_IBUF
    BUFGCTRL_X0Y16       BUFG (Prop_bufg_I_O)         0.026     1.101 r  clk_IBUF_BUFG_inst/O
                         net (fo=26, routed)          0.593     1.694    inputs/CLK
    SLICE_X83Y110        FDPE                                         r  inputs/reset_pipe_reg[1]/C
  -------------------------------------------------------------------    -------------------
    SLICE_X83Y110        FDPE (Prop_fdpe_C_Q)         0.128     1.822 f  inputs/reset_pipe_reg[1]/Q
                         net (fo=8, routed)           0.194     2.017    core/out[0]
    SLICE_X85Y109        LUT5 (Prop_lut5_I1_O)        0.099     2.116 r  core/led_OBUF[4]_inst_i_1/O
                         net (fo=1, routed)           0.354     2.470    led_OBUF[4]
    N7                   OBUF (Prop_obuf_I_O)         1.225     3.695 r  led_OBUF[4]_inst/O
                         net (fo=0)                   0.000     3.695    led[4]
    N7                                                                r  led[4]
  -------------------------------------------------------------------    -------------------

Slack:                    inf
  Source:                 core/divided_reg/C
                            (rising edge-triggered cell FDRE clocked by trainer_1khz  {rise@0.000ns fall@500000.031ns period=1000000.000ns})
  Destination:            led[3]
                            (output port)
  Path Group:             (none)
  Path Type:              Min at Fast Process Corner
  Data Path Delay:        2.003ns  (logic 1.366ns (68.209%)  route 0.637ns (31.791%))
  Logic Levels:           1  (OBUF=1)
  Clock Uncertainty:      0.025ns  ((TSJ^2 + TIJ^2)^1/2 + DJ) / 2 + PE
    Total System Jitter     (TSJ):    0.050ns
    Total Input Jitter      (TIJ):    0.000ns
    Discrete Jitter          (DJ):    0.000ns
    Phase Error              (PE):    0.000ns

    Location             Delay type                Incr(ns)  Path(ns)    Netlist Resource(s)
  -------------------------------------------------------------------    -------------------
                         (clock trainer_1khz rise edge)
                                                      0.000     0.000 r  <hidden>
    B6                                                0.000     0.000 r  clk
                         net (fo=0)                   0.000     0.000    clk
    B6                   IBUF (Prop_ibuf_I_O)         0.268     0.268 r  clk_IBUF_inst/O
                         net (fo=1, routed)           0.808     1.075    clk_IBUF
    BUFGCTRL_X0Y16       BUFG (Prop_bufg_I_O)         0.026     1.101 r  clk_IBUF_BUFG_inst/O
                         net (fo=26, routed)          0.594     1.695    core/CLK
    SLICE_X85Y109        FDRE                                         r  core/divided_reg/C
  -------------------------------------------------------------------    -------------------
    SLICE_X85Y109        FDRE (Prop_fdre_C_Q)         0.141     1.836 r  core/divided_reg/Q
                         net (fo=1, routed)           0.637     2.473    led_OBUF[3]
    M7                   OBUF (Prop_obuf_I_O)         1.225     3.698 r  led_OBUF[3]_inst/O
                         net (fo=0)                   0.000     3.698    led[3]
    M7                                                                r  led[3]
  -------------------------------------------------------------------    -------------------





