$date
   Sun Sep  6 23:22:41 2026
$end

$version
  2026.1
  $dumpfile ("top_main.vcd") 
$end

$timescale
  1ps
$end

$scope module tb_top_main $end
$var reg 1 ! clk $end
$var reg 1 " rst $end
$var reg 1 # up $end
$var reg 8 $ key [7:0] $end
$var wire 4 % q [3:0] $end
$var wire 4 & phase [3:0] $end
$var wire 4 ' min_tens [3:0] $end
$var wire 4 ( min_ones [3:0] $end
$var wire 4 ) sec_tens [3:0] $end
$var wire 4 * sec_ones [3:0] $end
$var wire 1 + o_100 $end
$var wire 1 , o_50 $end
$var wire 1 - o_10 $end
$var wire 1 . o_2 $end
$var wire 1 / sound $end
$var wire 8 0 seg_data [7:0] $end
$var wire 8 1 seg_com [7:0] $end
$scope module dut $end
$var wire 1 2 clk $end
$var wire 1 3 rst $end
$var wire 1 4 up $end
$var wire 8 5 key [7:0] $end
$var wire 4 % q [3:0] $end
$var wire 4 & phase [3:0] $end
$var wire 1 + o_100 $end
$var wire 1 , o_50 $end
$var wire 1 - o_10 $end
$var wire 1 . o_2 $end
$var wire 1 / sound $end
$var wire 4 ' min_tens [3:0] $end
$var wire 4 ( min_ones [3:0] $end
$var wire 4 ) sec_tens [3:0] $end
$var wire 4 * sec_ones [3:0] $end
$var wire 8 0 seg_data [7:0] $end
$var wire 8 1 seg_com [7:0] $end
$scope module stepper.circuit $end
$var wire 1 2 clk $end
$var wire 1 3 rst $end
$var reg 4 6 phase [3:0] $end
$var reg 2 7 state [1:0] $end
$upscope $end
$upscope $end
$upscope $end
$enddefinitions $end

#0
$dumpvars
0!
1"
1#
b10000000 $
b0 %
b11 &
b0 '
b0 (
b0 )
b0 *
0+
0,
0-
0.
0/
b0 0
b11111111 1
02
13
14
b10000000 5
b11 6
b0 7
$end

#5000
1!
12

#10000
0!
02

#15000
1!
12

#20000
0!
0"
02
03

#25000
1!
b110 &
12
b110 6
b1 7

#30000
0!
02

#35000
1!
b1100 &
12
b1100 6
b10 7

#40000
0!
02

#45000
1!
b1001 &
12
b1001 6
b11 7

#50000
0!
02

#55000
1!
b11 &
12
b11 6
b0 7

#60000
0!
02

#65000
1!
b110 &
12
b110 6
b1 7

#70000
0!
02

#75000
1!
b1100 &
12
b1100 6
b10 7

#80000
0!
02

#85000
1!
b1001 &
12
b1001 6
b11 7

#90000
0!
02

#95000
1!
b11 &
12
b11 6
b0 7

#100000
0!
02

#105000
1!
b110 &
12
b110 6
b1 7

#110000
0!
02

#115000
1!
b1100 &
12
b1100 6
b10 7

#120000
0!
02

#125000
1!
b1001 &
12
b1001 6
b11 7

#130000
0!
02

#135000
1!
b11 &
12
b11 6
b0 7

#140000
0!
02

#145000
1!
b110 &
12
b110 6
b1 7

#150000
0!
02

#155000
1!
b1100 &
12
b1100 6
b10 7

#160000
0!
02

#165000
1!
b1001 &
12
b1001 6
b11 7

#170000
0!
02

#175000
1!
b11 &
12
b11 6
b0 7

#180000
0!
02

#185000
1!
b110 &
12
b110 6
b1 7

#190000
0!
02

#195000
1!
b1100 &
12
b1100 6
b10 7

#200000
0!
02

#205000
1!
b1001 &
12
b1001 6
b11 7

#210000
0!
02

#215000
1!
b11 &
12
b11 6
b0 7

#220000
0!
02

#225000
1!
b110 &
12
b110 6
b1 7

#230000
0!
02

#235000
1!
b1100 &
12
b1100 6
b10 7

#240000
0!
02

#245000
1!
b1001 &
12
b1001 6
b11 7

#250000
0!
02

#255000
1!
b11 &
12
b11 6
b0 7

#260000
0!
02

#265000
1!
b110 &
12
b110 6
b1 7

#270000
0!
02

#275000
1!
b1100 &
12
b1100 6
b10 7

#280000
0!
02

#285000
1!
b1001 &
12
b1001 6
b11 7

#290000
0!
02

#295000
1!
b11 &
12
b11 6
b0 7

#300000
0!
02

#305000
1!
b110 &
12
b110 6
b1 7

#310000
0!
02

#315000
1!
b1100 &
12
b1100 6
b10 7

#320000
0!
02

#325000
1!
b1001 &
12
b1001 6
b11 7

#330000
0!
02

#335000
1!
b11 &
12
b11 6
b0 7

#340000
0!
02

#345000
1!
b110 &
12
b110 6
b1 7

#350000
0!
02

#355000
1!
b1100 &
12
b1100 6
b10 7

#360000
0!
02

#365000
1!
b1001 &
12
b1001 6
b11 7

#370000
0!
02

#375000
1!
b11 &
12
b11 6
b0 7

#380000
0!
02

#385000
1!
b110 &
12
b110 6
b1 7

#390000
0!
02

#395000
1!
b1100 &
12
b1100 6
b10 7

#400000
0!
02

#405000
1!
b1001 &
12
b1001 6
b11 7

#410000
0!
02

#415000
1!
b11 &
12
b11 6
b0 7

#420000
0!
02

#425000
1!
b110 &
12
b110 6
b1 7

#430000
0!
02

#435000
1!
b1100 &
12
b1100 6
b10 7

#440000
0!
02

#445000
1!
b1001 &
12
b1001 6
b11 7

#450000
0!
02

#455000
1!
b11 &
12
b11 6
b0 7

#460000
0!
02

#465000
1!
b110 &
12
b110 6
b1 7

#470000
0!
02

#475000
1!
b1100 &
12
b1100 6
b10 7

#480000
0!
02

#485000
1!
b1001 &
12
b1001 6
b11 7

#490000
0!
02

#495000
1!
b11 &
12
b11 6
b0 7

#500000
0!
02

#505000
1!
b110 &
12
b110 6
b1 7

#510000
0!
02

#515000
1!
b1100 &
12
b1100 6
b10 7

#520000
0!
02

#525000
1!
b1001 &
12
b1001 6
b11 7

#530000
0!
02

#535000
1!
b11 &
12
b11 6
b0 7

#540000
0!
02

#545000
1!
b110 &
12
b110 6
b1 7

#550000
0!
02

#555000
1!
b1100 &
12
b1100 6
b10 7

#560000
0!
02

#565000
1!
b1001 &
12
b1001 6
b11 7

#570000
0!
02

#575000
1!
b11 &
12
b11 6
b0 7

#580000
0!
02

#585000
1!
b110 &
12
b110 6
b1 7

#590000
0!
02

#595000
1!
b1100 &
12
b1100 6
b10 7

#600000
0!
02

#605000
1!
b1001 &
12
b1001 6
b11 7

#610000
0!
02

#615000
1!
b11 &
12
b11 6
b0 7

#620000
0!
02

#625000
1!
b110 &
12
b110 6
b1 7

#630000
0!
02

#635000
1!
b1100 &
12
b1100 6
b10 7

#640000
0!
02

#645000
1!
b1001 &
12
b1001 6
b11 7

#650000
0!
02

#655000
1!
b11 &
12
b11 6
b0 7

#660000
0!
02

#665000
1!
b110 &
12
b110 6
b1 7

#670000
0!
02

#675000
1!
b1100 &
12
b1100 6
b10 7

#680000
0!
02

#685000
1!
b1001 &
12
b1001 6
b11 7

#690000
0!
02

#695000
1!
b11 &
12
b11 6
b0 7

#700000
0!
02

#705000
1!
b110 &
12
b110 6
b1 7

#710000
0!
02

#715000
1!
b1100 &
12
b1100 6
b10 7

#720000
0!
02

#725000
1!
b1001 &
12
b1001 6
b11 7

#730000
0!
02

#735000
1!
b11 &
12
b11 6
b0 7

#740000
0!
02

#745000
1!
b110 &
12
b110 6
b1 7

#750000
0!
02

#755000
1!
b1100 &
12
b1100 6
b10 7

#760000
0!
02

#765000
1!
b1001 &
12
b1001 6
b11 7

#770000
0!
02

#775000
1!
b11 &
12
b11 6
b0 7

#780000
0!
02

#785000
1!
b110 &
12
b110 6
b1 7

#790000
0!
02

#795000
1!
b1100 &
12
b1100 6
b10 7

#800000
0!
02

#805000
1!
b1001 &
12
b1001 6
b11 7

#810000
0!
02

#815000
1!
b11 &
12
b11 6
b0 7

#820000
0!
02

#825000
1!
b110 &
12
b110 6
b1 7

#830000
0!
02

#835000
1!
b1100 &
12
b1100 6
b10 7

#840000
0!
02

#845000
1!
b1001 &
12
b1001 6
b11 7

#850000
0!
02

#855000
1!
b11 &
12
b11 6
b0 7

#860000
0!
02

#865000
1!
b110 &
12
b110 6
b1 7

#870000
0!
02

#875000
1!
b1100 &
12
b1100 6
b10 7

#880000
0!
02

#885000
1!
b1001 &
12
b1001 6
b11 7

#890000
0!
02

#895000
1!
b11 &
12
b11 6
b0 7

#900000
0!
02

#905000
1!
b110 &
12
b110 6
b1 7

#910000
0!
02

#915000
1!
b1100 &
12
b1100 6
b10 7

#920000
0!
02

#925000
1!
b1001 &
12
b1001 6
b11 7

#930000
0!
02

#935000
1!
b11 &
12
b11 6
b0 7

#940000
0!
02

#945000
1!
b110 &
12
b110 6
b1 7

#950000
0!
02

#955000
1!
b1100 &
12
b1100 6
b10 7

#960000
0!
02

#965000
1!
b1001 &
12
b1001 6
b11 7

#970000
0!
02

#975000
1!
b11 &
12
b11 6
b0 7

#980000
0!
02

#985000
1!
b110 &
12
b110 6
b1 7

#990000
0!
02

#995000
1!
b1100 &
12
b1100 6
b10 7

#1000000
0!
02

#1005000
1!
b1001 &
12
b1001 6
b11 7

#1010000
0!
02

#1015000
1!
b11 &
12
b11 6
b0 7

#1020000
0!
02

#1025000
1!
b110 &
12
b110 6
b1 7

#1030000
0!
02

#1035000
1!
b1100 &
12
b1100 6
b10 7

#1040000
0!
02

#1045000
1!
b1001 &
12
b1001 6
b11 7

#1050000
0!
02

#1055000
1!
b11 &
12
b11 6
b0 7

#1060000
0!
02

#1065000
1!
b110 &
12
b110 6
b1 7

#1070000
0!
02

#1075000
1!
b1100 &
12
b1100 6
b10 7

#1080000
0!
02

#1085000
1!
b1001 &
12
b1001 6
b11 7

#1090000
0!
02

#1095000
1!
b11 &
12
b11 6
b0 7

#1100000
0!
02

#1105000
1!
b110 &
12
b110 6
b1 7

#1110000
0!
02

#1115000
1!
b1100 &
12
b1100 6
b10 7

#1120000
0!
02

#1125000
1!
b1001 &
12
b1001 6
b11 7

#1130000
0!
02

#1135000
1!
b11 &
12
b11 6
b0 7

#1140000
0!
02

#1145000
1!
b110 &
12
b110 6
b1 7

#1150000
0!
02

#1155000
1!
b1100 &
12
b1100 6
b10 7

#1160000
0!
02

#1165000
1!
b1001 &
12
b1001 6
b11 7

#1170000
0!
02

#1175000
1!
b11 &
12
b11 6
b0 7

#1180000
0!
02

#1185000
1!
b110 &
12
b110 6
b1 7

#1190000
0!
02

#1195000
1!
b1100 &
12
b1100 6
b10 7

#1200000
0!
02

#1205000
1!
b1001 &
12
b1001 6
b11 7

#1210000
0!
02

#1215000
1!
b11 &
12
b11 6
b0 7

#1220000
0!
02

#1225000
1!
b110 &
12
b110 6
b1 7

#1230000
0!
02

#1235000
1!
b1100 &
12
b1100 6
b10 7

#1240000
0!
02

#1245000
1!
b1001 &
12
b1001 6
b11 7

#1250000
0!
02

#1255000
1!
b11 &
12
b11 6
b0 7

#1260000
0!
02

#1265000
1!
b110 &
12
b110 6
b1 7

#1270000
0!
02

#1275000
1!
b1100 &
12
b1100 6
b10 7

#1280000
0!
02

#1285000
1!
b1001 &
12
b1001 6
b11 7

#1290000
0!
02

#1295000
1!
b11 &
12
b11 6
b0 7

#1300000
0!
02

#1305000
1!
b110 &
12
b110 6
b1 7

#1310000
0!
02

#1315000
1!
b1100 &
12
b1100 6
b10 7

#1320000
0!
02

#1325000
1!
b1001 &
12
b1001 6
b11 7

#1330000
0!
02

#1335000
1!
b11 &
12
b11 6
b0 7

#1340000
0!
02

#1345000
1!
b110 &
12
b110 6
b1 7

#1350000
0!
02

#1355000
1!
b1100 &
12
b1100 6
b10 7

#1360000
0!
02

#1365000
1!
b1001 &
12
b1001 6
b11 7

#1370000
0!
02

#1375000
1!
b11 &
12
b11 6
b0 7

#1380000
0!
02

#1385000
1!
b110 &
12
b110 6
b1 7

#1390000
0!
02

#1395000
1!
b1100 &
12
b1100 6
b10 7

#1400000
0!
02

#1405000
1!
b1001 &
12
b1001 6
b11 7

#1410000
0!
02

#1415000
1!
b11 &
12
b11 6
b0 7

#1420000
0!
02

#1425000
1!
b110 &
12
b110 6
b1 7

#1430000
0!
02

#1435000
1!
b1100 &
12
b1100 6
b10 7

#1440000
0!
02

#1445000
1!
b1001 &
12
b1001 6
b11 7

#1450000
0!
02

#1455000
1!
b11 &
12
b11 6
b0 7

#1460000
0!
02

#1465000
1!
b110 &
12
b110 6
b1 7

#1470000
0!
02

#1475000
1!
b1100 &
12
b1100 6
b10 7

#1480000
0!
02

#1485000
1!
b1001 &
12
b1001 6
b11 7

#1490000
0!
02

#1495000
1!
b11 &
12
b11 6
b0 7

#1500000
0!
02

#1505000
1!
b110 &
12
b110 6
b1 7

#1510000
0!
02

#1515000
1!
b1100 &
12
b1100 6
b10 7

#1520000
0!
02

#1525000
1!
b1001 &
12
b1001 6
b11 7

#1530000
0!
02

#1535000
1!
b11 &
12
b11 6
b0 7

#1540000
0!
02

#1545000
1!
b110 &
12
b110 6
b1 7

#1550000
0!
02

#1555000
1!
b1100 &
12
b1100 6
b10 7

#1560000
0!
02

#1565000
1!
b1001 &
12
b1001 6
b11 7

#1570000
0!
02

#1575000
1!
b11 &
12
b11 6
b0 7

#1580000
0!
02

#1585000
1!
b110 &
12
b110 6
b1 7

#1590000
0!
02

#1595000
1!
b1100 &
12
b1100 6
b10 7

#1600000
0!
02

#1605000
1!
b1001 &
12
b1001 6
b11 7

#1610000
0!
02

#1615000
1!
b11 &
12
b11 6
b0 7

#1620000
0!
02

#1625000
1!
b110 &
12
b110 6
b1 7

#1630000
0!
02

#1635000
1!
b1100 &
12
b1100 6
b10 7

#1640000
0!
02

#1645000
1!
b1001 &
12
b1001 6
b11 7

#1650000
0!
02

#1655000
1!
b11 &
12
b11 6
b0 7

#1660000
0!
02

#1665000
1!
b110 &
12
b110 6
b1 7

#1670000
0!
02

#1675000
1!
b1100 &
12
b1100 6
b10 7

#1680000
0!
02

#1685000
1!
b1001 &
12
b1001 6
b11 7

#1690000
0!
02

#1695000
1!
b11 &
12
b11 6
b0 7

#1700000
0!
02

#1705000
1!
b110 &
12
b110 6
b1 7

#1710000
0!
02

#1715000
1!
b1100 &
12
b1100 6
b10 7

#1720000
0!
02

#1725000
1!
b1001 &
12
b1001 6
b11 7

#1730000
0!
02

#1735000
1!
b11 &
12
b11 6
b0 7

#1740000
0!
02

#1745000
1!
b110 &
12
b110 6
b1 7

#1750000
0!
02

#1755000
1!
b1100 &
12
b1100 6
b10 7

#1760000
0!
02

#1765000
1!
b1001 &
12
b1001 6
b11 7

#1770000
0!
02

#1775000
1!
b11 &
12
b11 6
b0 7

#1780000
0!
02

#1785000
1!
b110 &
12
b110 6
b1 7

#1790000
0!
02

#1795000
1!
b1100 &
12
b1100 6
b10 7

#1800000
0!
02

#1805000
1!
b1001 &
12
b1001 6
b11 7

#1810000
0!
02

#1815000
1!
b11 &
12
b11 6
b0 7

#1820000
0!
02

#1825000
1!
b110 &
12
b110 6
b1 7

#1830000
0!
02

#1835000
1!
b1100 &
12
b1100 6
b10 7

#1840000
0!
02

#1845000
1!
b1001 &
12
b1001 6
b11 7

#1850000
0!
02

#1855000
1!
b11 &
12
b11 6
b0 7

#1860000
0!
02

#1865000
1!
b110 &
12
b110 6
b1 7

#1870000
0!
02

#1875000
1!
b1100 &
12
b1100 6
b10 7

#1880000
0!
02

#1885000
1!
b1001 &
12
b1001 6
b11 7

#1890000
0!
02

#1895000
1!
b11 &
12
b11 6
b0 7

#1900000
0!
02

#1905000
1!
b110 &
12
b110 6
b1 7

#1910000
0!
02

#1915000
1!
b1100 &
12
b1100 6
b10 7

#1920000
0!
02

#1925000
1!
b1001 &
12
b1001 6
b11 7

#1930000
0!
02

#1935000
1!
b11 &
12
b11 6
b0 7

#1940000
0!
02

#1945000
1!
b110 &
12
b110 6
b1 7

#1950000
0!
02

#1955000
1!
b1100 &
12
b1100 6
b10 7

#1960000
0!
02

#1965000
1!
b1001 &
12
b1001 6
b11 7

#1970000
0!
02

#1975000
1!
b11 &
12
b11 6
b0 7

#1980000
0!
02

#1985000
1!
b110 &
12
b110 6
b1 7

#1990000
0!
02

#1995000
1!
b1100 &
12
b1100 6
b10 7

#2000000
0!
02

#2005000
1!
b1001 &
12
b1001 6
b11 7

#2010000
0!
02

#2015000
1!
b11 &
12
b11 6
b0 7

#2020000
0!
02

#2025000
1!
b110 &
12
b110 6
b1 7

#2030000
0!
02

#2035000
1!
b1100 &
12
b1100 6
b10 7

#2040000
0!
02

#2045000
1!
b1001 &
12
b1001 6
b11 7

#2050000
0!
02

#2055000
1!
b11 &
12
b11 6
b0 7

#2060000
0!
02

#2065000
1!
b110 &
12
b110 6
b1 7

#2070000
0!
02

#2075000
1!
b1100 &
12
b1100 6
b10 7

#2080000
0!
02

#2085000
1!
b1001 &
12
b1001 6
b11 7

#2090000
0!
02

#2095000
1!
b11 &
12
b11 6
b0 7

#2100000
0!
02

#2105000
1!
b110 &
12
b110 6
b1 7

#2110000
0!
02

#2115000
1!
b1100 &
12
b1100 6
b10 7

#2120000
0!
02

#2125000
1!
b1001 &
12
b1001 6
b11 7

#2130000
0!
02

#2135000
1!
b11 &
12
b11 6
b0 7

#2140000
0!
02

#2145000
1!
b110 &
12
b110 6
b1 7

#2150000
0!
02

#2155000
1!
b1100 &
12
b1100 6
b10 7

#2160000
0!
02

#2165000
1!
b1001 &
12
b1001 6
b11 7

#2170000
0!
02

#2175000
1!
b11 &
12
b11 6
b0 7

#2180000
0!
02

#2185000
1!
b110 &
12
b110 6
b1 7

#2190000
0!
02

#2195000
1!
b1100 &
12
b1100 6
b10 7

#2200000
0!
02

#2205000
1!
b1001 &
12
b1001 6
b11 7

#2210000
0!
02

#2215000
1!
b11 &
12
b11 6
b0 7

#2220000
0!
02

#2225000
1!
b110 &
12
b110 6
b1 7

#2230000
0!
02

#2235000
1!
b1100 &
12
b1100 6
b10 7

#2240000
0!
02

#2245000
1!
b1001 &
12
b1001 6
b11 7

#2250000
0!
02

#2255000
1!
b11 &
12
b11 6
b0 7

#2260000
0!
02

#2265000
1!
b110 &
12
b110 6
b1 7

#2270000
0!
02

#2275000
1!
b1100 &
12
b1100 6
b10 7

#2280000
0!
02

#2285000
1!
b1001 &
12
b1001 6
b11 7

#2290000
0!
02

#2295000
1!
b11 &
12
b11 6
b0 7

#2300000
0!
02

#2305000
1!
b110 &
12
b110 6
b1 7

#2310000
0!
02

#2315000
1!
b1100 &
12
b1100 6
b10 7

#2320000
0!
02

#2325000
1!
b1001 &
12
b1001 6
b11 7

#2330000
0!
02

#2335000
1!
b11 &
12
b11 6
b0 7

#2340000
0!
02

#2345000
1!
b110 &
12
b110 6
b1 7

#2350000
0!
02

#2355000
1!
b1100 &
12
b1100 6
b10 7

#2360000
0!
02

#2365000
1!
b1001 &
12
b1001 6
b11 7

#2370000
0!
02

#2375000
1!
b11 &
12
b11 6
b0 7

#2380000
0!
02

#2385000
1!
b110 &
12
b110 6
b1 7

#2390000
0!
02

#2395000
1!
b1100 &
12
b1100 6
b10 7

#2400000
0!
02

#2405000
1!
b1001 &
12
b1001 6
b11 7

#2410000
0!
02

#2415000
1!
b11 &
12
b11 6
b0 7

#2420000
0!
02

#2425000
1!
b110 &
12
b110 6
b1 7

#2430000
0!
02

#2435000
1!
b1100 &
12
b1100 6
b10 7

#2440000
0!
02

#2445000
1!
b1001 &
12
b1001 6
b11 7

#2450000
0!
02

#2455000
1!
b11 &
12
b11 6
b0 7

#2460000
0!
02

#2465000
1!
b110 &
12
b110 6
b1 7

#2470000
0!
02

#2475000
1!
b1100 &
12
b1100 6
b10 7

#2480000
0!
02

#2485000
1!
b1001 &
12
b1001 6
b11 7

#2490000
0!
02

#2495000
1!
b11 &
12
b11 6
b0 7

#2500000
0!
02

#2505000
1!
b110 &
12
b110 6
b1 7

#2510000
0!
02

#2515000
1!
b1100 &
12
b1100 6
b10 7

#2520000
0!
02

#2525000
1!
b1001 &
12
b1001 6
b11 7

#2530000
0!
02

#2535000
1!
b11 &
12
b11 6
b0 7

#2540000
0!
02

#2545000
1!
b110 &
12
b110 6
b1 7

#2550000
0!
02

#2555000
1!
b1100 &
12
b1100 6
b10 7

#2560000
0!
02

#2565000
1!
b1001 &
12
b1001 6
b11 7

#2570000
0!
02

#2575000
1!
b11 &
12
b11 6
b0 7

#2580000
0!
02

#2585000
1!
b110 &
12
b110 6
b1 7

#2590000
0!
02

#2595000
1!
b1100 &
12
b1100 6
b10 7

#2600000
0!
02

#2605000
1!
b1001 &
12
b1001 6
b11 7

#2610000
0!
02

#2615000
1!
b11 &
12
b11 6
b0 7

#2620000
0!
02

#2625000
1!
b110 &
12
b110 6
b1 7

#2630000
0!
02

#2635000
1!
b1100 &
12
b1100 6
b10 7

#2640000
0!
02

#2645000
1!
b1001 &
12
b1001 6
b11 7

#2650000
0!
02

#2655000
1!
b11 &
12
b11 6
b0 7

#2660000
0!
02

#2665000
1!
b110 &
12
b110 6
b1 7

#2670000
0!
02

#2675000
1!
b1100 &
12
b1100 6
b10 7

#2680000
0!
02

#2685000
1!
b1001 &
12
b1001 6
b11 7

#2690000
0!
02

#2695000
1!
b11 &
12
b11 6
b0 7

#2700000
0!
02

#2705000
1!
b110 &
12
b110 6
b1 7

#2710000
0!
02

#2715000
1!
b1100 &
12
b1100 6
b10 7

#2720000
0!
02

#2725000
1!
b1001 &
12
b1001 6
b11 7

#2730000
0!
02

#2735000
1!
b11 &
12
b11 6
b0 7

#2740000
0!
02

#2745000
1!
b110 &
12
b110 6
b1 7

#2750000
0!
02

#2755000
1!
b1100 &
12
b1100 6
b10 7

#2760000
0!
02

#2765000
1!
b1001 &
12
b1001 6
b11 7

#2770000
0!
02

#2775000
1!
b11 &
12
b11 6
b0 7

#2780000
0!
02

#2785000
1!
b110 &
12
b110 6
b1 7

#2790000
0!
02

#2795000
1!
b1100 &
12
b1100 6
b10 7

#2800000
0!
02

#2805000
1!
b1001 &
12
b1001 6
b11 7

#2810000
0!
02

#2815000
1!
b11 &
12
b11 6
b0 7

#2820000
0!
02

#2825000
1!
b110 &
12
b110 6
b1 7

#2830000
0!
02

#2835000
1!
b1100 &
12
b1100 6
b10 7

#2840000
0!
02

#2845000
1!
b1001 &
12
b1001 6
b11 7

#2850000
0!
02

#2855000
1!
b11 &
12
b11 6
b0 7

#2860000
0!
02

#2865000
1!
b110 &
12
b110 6
b1 7

#2870000
0!
02

#2875000
1!
b1100 &
12
b1100 6
b10 7

#2880000
0!
02

#2885000
1!
b1001 &
12
b1001 6
b11 7

#2890000
0!
02

#2895000
1!
b11 &
12
b11 6
b0 7

#2900000
0!
02

#2905000
1!
b110 &
12
b110 6
b1 7

#2910000
0!
02

#2915000
1!
b1100 &
12
b1100 6
b10 7

#2920000
0!
02

#2925000
1!
b1001 &
12
b1001 6
b11 7

#2930000
0!
02

#2935000
1!
b11 &
12
b11 6
b0 7

#2940000
0!
02

#2945000
1!
b110 &
12
b110 6
b1 7

#2950000
0!
02

#2955000
1!
b1100 &
12
b1100 6
b10 7

#2960000
0!
02

#2965000
1!
b1001 &
12
b1001 6
b11 7

#2970000
0!
02

#2975000
1!
b11 &
12
b11 6
b0 7

#2980000
0!
02

#2985000
1!
b110 &
12
b110 6
b1 7

#2990000
0!
02

#2995000
1!
b1100 &
12
b1100 6
b10 7

#3000000
0!
02

#3005000
1!
b1001 &
12
b1001 6
b11 7

#3010000
0!
02

#3015000
1!
b11 &
12
b11 6
b0 7

#3020000
0!
02

#3025000
1!
b110 &
12
b110 6
b1 7

#3030000
0!
02

#3035000
1!
b1100 &
12
b1100 6
b10 7

#3040000
0!
02

#3045000
1!
b1001 &
12
b1001 6
b11 7

#3050000
0!
02

#3055000
1!
b11 &
12
b11 6
b0 7

#3060000
0!
02

#3065000
1!
b110 &
12
b110 6
b1 7

#3070000
0!
02

#3075000
1!
b1100 &
12
b1100 6
b10 7

#3080000
0!
02

#3085000
1!
b1001 &
12
b1001 6
b11 7

#3090000
0!
02

#3095000
1!
b11 &
12
b11 6
b0 7

#3100000
0!
02

#3105000
1!
b110 &
12
b110 6
b1 7

#3110000
0!
02

#3115000
1!
b1100 &
12
b1100 6
b10 7

#3120000
0!
02

#3125000
1!
b1001 &
12
b1001 6
b11 7

#3130000
0!
02

#3135000
1!
b11 &
12
b11 6
b0 7

#3140000
0!
02

#3145000
1!
b110 &
12
b110 6
b1 7

#3150000
0!
02

#3155000
1!
b1100 &
12
b1100 6
b10 7

#3160000
0!
02

#3165000
1!
b1001 &
12
b1001 6
b11 7

#3170000
0!
02

#3175000
1!
b11 &
12
b11 6
b0 7

#3180000
0!
02

#3185000
1!
b110 &
12
b110 6
b1 7

#3190000
0!
02

#3195000
1!
b1100 &
12
b1100 6
b10 7

#3200000
0!
02

#3205000
1!
b1001 &
12
b1001 6
b11 7

#3210000
0!
02

#3215000
1!
b11 &
12
b11 6
b0 7

#3220000
0!
02

#3225000
1!
b110 &
12
b110 6
b1 7

#3230000
0!
02

#3235000
1!
b1100 &
12
b1100 6
b10 7

#3240000
0!
02

#3245000
1!
b1001 &
12
b1001 6
b11 7

#3250000
0!
02

#3255000
1!
b11 &
12
b11 6
b0 7

#3260000
0!
02

#3265000
1!
b110 &
12
b110 6
b1 7

#3270000
0!
02

#3275000
1!
b1100 &
12
b1100 6
b10 7

#3280000
0!
02

#3285000
1!
b1001 &
12
b1001 6
b11 7

#3290000
0!
02

#3295000
1!
b11 &
12
b11 6
b0 7

#3300000
0!
02

#3305000
1!
b110 &
12
b110 6
b1 7

#3310000
0!
02

#3315000
1!
b1100 &
12
b1100 6
b10 7

#3320000
0!
02

#3325000
1!
b1001 &
12
b1001 6
b11 7

#3330000
0!
02

#3335000
1!
b11 &
12
b11 6
b0 7

#3340000
0!
02

#3345000
1!
b110 &
12
b110 6
b1 7

#3350000
0!
02

#3355000
1!
b1100 &
12
b1100 6
b10 7

#3360000
0!
02

#3365000
1!
b1001 &
12
b1001 6
b11 7

#3370000
0!
02

#3375000
1!
b11 &
12
b11 6
b0 7

#3380000
0!
02

#3385000
1!
b110 &
12
b110 6
b1 7

#3390000
0!
02

#3395000
1!
b1100 &
12
b1100 6
b10 7

#3400000
0!
02

#3405000
1!
b1001 &
12
b1001 6
b11 7

#3410000
0!
02

#3415000
1!
b11 &
12
b11 6
b0 7

#3420000
0!
02

#3425000
1!
b110 &
12
b110 6
b1 7

#3430000
0!
02

#3435000
1!
b1100 &
12
b1100 6
b10 7

#3440000
0!
02

#3445000
1!
b1001 &
12
b1001 6
b11 7

#3450000
0!
02

#3455000
1!
b11 &
12
b11 6
b0 7

#3460000
0!
02

#3465000
1!
b110 &
12
b110 6
b1 7

#3470000
0!
02

#3475000
1!
b1100 &
12
b1100 6
b10 7

#3480000
0!
02

#3485000
1!
b1001 &
12
b1001 6
b11 7

#3490000
0!
02

#3495000
1!
b11 &
12
b11 6
b0 7

#3500000
0!
02

#3505000
1!
b110 &
12
b110 6
b1 7

#3510000
0!
02

#3515000
1!
b1100 &
12
b1100 6
b10 7

#3520000
0!
02

#3525000
1!
b1001 &
12
b1001 6
b11 7

#3530000
0!
02

#3535000
1!
b11 &
12
b11 6
b0 7

#3540000
0!
02

#3545000
1!
b110 &
12
b110 6
b1 7

#3550000
0!
02

#3555000
1!
b1100 &
12
b1100 6
b10 7

#3560000
0!
02

#3565000
1!
b1001 &
12
b1001 6
b11 7

#3570000
0!
02

#3575000
1!
b11 &
12
b11 6
b0 7

#3580000
0!
02

#3585000
1!
b110 &
12
b110 6
b1 7

#3590000
0!
02

#3595000
1!
b1100 &
12
b1100 6
b10 7

#3600000
0!
02

#3605000
1!
b1001 &
12
b1001 6
b11 7

#3610000
0!
02

#3615000
1!
b11 &
12
b11 6
b0 7

#3620000
0!
02

#3625000
1!
b110 &
12
b110 6
b1 7

#3630000
0!
02

#3635000
1!
b1100 &
12
b1100 6
b10 7

#3640000
0!
02

#3645000
1!
b1001 &
12
b1001 6
b11 7

#3650000
0!
02

#3655000
1!
b11 &
12
b11 6
b0 7

#3660000
0!
02

#3665000
1!
b110 &
12
b110 6
b1 7

#3670000
0!
02

#3675000
1!
b1100 &
12
b1100 6
b10 7

#3680000
0!
02

#3685000
1!
b1001 &
12
b1001 6
b11 7

#3690000
0!
02

#3695000
1!
b11 &
12
b11 6
b0 7

#3700000
0!
02

#3705000
1!
b110 &
12
b110 6
b1 7

#3710000
0!
02

#3715000
1!
b1100 &
12
b1100 6
b10 7

#3720000
0!
02

#3725000
1!
b1001 &
12
b1001 6
b11 7

#3730000
0!
02

#3735000
1!
b11 &
12
b11 6
b0 7

#3740000
0!
02

#3745000
1!
b110 &
12
b110 6
b1 7

#3750000
0!
02

#3755000
1!
b1100 &
12
b1100 6
b10 7

#3760000
0!
02

#3765000
1!
b1001 &
12
b1001 6
b11 7

#3770000
0!
02

#3775000
1!
b11 &
12
b11 6
b0 7

#3780000
0!
02

#3785000
1!
b110 &
12
b110 6
b1 7

#3790000
0!
02

#3795000
1!
b1100 &
12
b1100 6
b10 7

#3800000
0!
02

#3805000
1!
b1001 &
12
b1001 6
b11 7

#3810000
0!
02

#3815000
1!
b11 &
12
b11 6
b0 7

#3820000
0!
02

#3825000
1!
b110 &
12
b110 6
b1 7

#3830000
0!
02

#3835000
1!
b1100 &
12
b1100 6
b10 7

#3840000
0!
02

#3845000
1!
b1001 &
12
b1001 6
b11 7

#3850000
0!
02

#3855000
1!
b11 &
12
b11 6
b0 7

#3860000
0!
02

#3865000
1!
b110 &
12
b110 6
b1 7

#3870000
0!
02

#3875000
1!
b1100 &
12
b1100 6
b10 7

#3880000
0!
02

#3885000
1!
b1001 &
12
b1001 6
b11 7

#3890000
0!
02

#3895000
1!
b11 &
12
b11 6
b0 7

#3900000
0!
02

#3905000
1!
b110 &
12
b110 6
b1 7

#3910000
0!
02

#3915000
1!
b1100 &
12
b1100 6
b10 7

#3920000
0!
02

#3925000
1!
b1001 &
12
b1001 6
b11 7

#3930000
0!
02

#3935000
1!
b11 &
12
b11 6
b0 7

#3940000
0!
02

#3945000
1!
b110 &
12
b110 6
b1 7

#3950000
0!
02

#3955000
1!
b1100 &
12
b1100 6
b10 7

#3960000
0!
02

#3965000
1!
b1001 &
12
b1001 6
b11 7

#3970000
0!
02

#3975000
1!
b11 &
12
b11 6
b0 7

#3980000
0!
02

#3985000
1!
b110 &
12
b110 6
b1 7

#3990000
0!
02

#3995000
1!
b1100 &
12
b1100 6
b10 7

#4000000
0!
02

#4005000
1!
b1001 &
12
b1001 6
b11 7

#4010000
0!
02

#4015000
1!
b11 &
12
b11 6
b0 7

#4020000
0!
02

#4025000
1!
b110 &
12
b110 6
b1 7

#4030000
0!
02

#4035000
1!
b1100 &
12
b1100 6
b10 7

#4040000
0!
02

#4045000
1!
b1001 &
12
b1001 6
b11 7

#4050000
0!
02

#4055000
1!
b11 &
12
b11 6
b0 7

#4060000
0!
02

#4065000
1!
b110 &
12
b110 6
b1 7

#4070000
0!
02

#4075000
1!
b1100 &
12
b1100 6
b10 7

#4080000
0!
02

#4085000
1!
b1001 &
12
b1001 6
b11 7

#4090000
0!
02

#4095000
1!
b11 &
12
b11 6
b0 7

#4100000
0!
02

#4105000
1!
b110 &
12
b110 6
b1 7

#4110000
0!
02

#4115000
1!
b1100 &
12
b1100 6
b10 7

#4120000
0!
02

#4125000
1!
b1001 &
12
b1001 6
b11 7

#4130000
0!
02

#4135000
1!
b11 &
12
b11 6
b0 7

#4140000
0!
02

#4145000
1!
b110 &
12
b110 6
b1 7

#4150000
0!
02

#4155000
1!
b1100 &
12
b1100 6
b10 7

#4160000
0!
02

#4165000
1!
b1001 &
12
b1001 6
b11 7

#4170000
0!
02

#4175000
1!
b11 &
12
b11 6
b0 7

#4180000
0!
02

#4185000
1!
b110 &
12
b110 6
b1 7

#4190000
0!
02

#4195000
1!
b1100 &
12
b1100 6
b10 7

#4200000
0!
02

#4205000
1!
b1001 &
12
b1001 6
b11 7

#4210000
0!
02

#4215000
1!
b11 &
12
b11 6
b0 7

#4220000
0!
02

#4225000
1!
b110 &
12
b110 6
b1 7

#4230000
0!
02

#4235000
1!
b1100 &
12
b1100 6
b10 7

#4240000
0!
02

#4245000
1!
b1001 &
12
b1001 6
b11 7

#4250000
0!
02

#4255000
1!
b11 &
12
b11 6
b0 7

#4260000
0!
02

#4265000
1!
b110 &
12
b110 6
b1 7

#4270000
0!
02

#4275000
1!
b1100 &
12
b1100 6
b10 7

#4280000
0!
02

#4285000
1!
b1001 &
12
b1001 6
b11 7

#4290000
0!
02

#4295000
1!
b11 &
12
b11 6
b0 7

#4300000
0!
02

#4305000
1!
b110 &
12
b110 6
b1 7

#4310000
0!
02

#4315000
1!
b1100 &
12
b1100 6
b10 7

#4320000
0!
02

#4325000
1!
b1001 &
12
b1001 6
b11 7

#4330000
0!
02

#4335000
1!
b11 &
12
b11 6
b0 7

#4340000
0!
02

#4345000
1!
b110 &
12
b110 6
b1 7

#4350000
0!
02

#4355000
1!
b1100 &
12
b1100 6
b10 7

#4360000
0!
02

#4365000
1!
b1001 &
12
b1001 6
b11 7

#4370000
0!
02

#4375000
1!
b11 &
12
b11 6
b0 7

#4380000
0!
02

#4385000
1!
b110 &
12
b110 6
b1 7

#4390000
0!
02

#4395000
1!
b1100 &
12
b1100 6
b10 7

#4400000
0!
02

#4405000
1!
b1001 &
12
b1001 6
b11 7

#4410000
0!
02

#4415000
1!
b11 &
12
b11 6
b0 7

#4420000
0!
02

#4425000
1!
b110 &
12
b110 6
b1 7

#4430000
0!
02

#4435000
1!
b1100 &
12
b1100 6
b10 7

#4440000
0!
02

#4445000
1!
b1001 &
12
b1001 6
b11 7

#4450000
0!
02

#4455000
1!
b11 &
12
b11 6
b0 7

#4460000
0!
02

#4465000
1!
b110 &
12
b110 6
b1 7

#4470000
0!
02

#4475000
1!
b1100 &
12
b1100 6
b10 7

#4480000
0!
02

#4485000
1!
b1001 &
12
b1001 6
b11 7

#4490000
0!
02

#4495000
1!
b11 &
12
b11 6
b0 7

#4500000
0!
02

#4505000
1!
b110 &
12
b110 6
b1 7

#4510000
0!
02

#4515000
1!
b1100 &
12
b1100 6
b10 7

#4520000
0!
02

#4525000
1!
b1001 &
12
b1001 6
b11 7

#4530000
0!
02

#4535000
1!
b11 &
12
b11 6
b0 7

#4540000
0!
02

#4545000
1!
b110 &
12
b110 6
b1 7

#4550000
0!
02

#4555000
1!
b1100 &
12
b1100 6
b10 7

#4560000
0!
02

#4565000
1!
b1001 &
12
b1001 6
b11 7

#4570000
0!
02

#4575000
1!
b11 &
12
b11 6
b0 7

#4580000
0!
02

#4585000
1!
b110 &
12
b110 6
b1 7

#4590000
0!
02

#4595000
1!
b1100 &
12
b1100 6
b10 7

#4600000
0!
02

#4605000
1!
b1001 &
12
b1001 6
b11 7

#4610000
0!
02

#4615000
1!
b11 &
12
b11 6
b0 7

#4620000
0!
02

#4625000
1!
b110 &
12
b110 6
b1 7

#4630000
0!
02

#4635000
1!
b1100 &
12
b1100 6
b10 7

#4640000
0!
02

#4645000
1!
b1001 &
12
b1001 6
b11 7

#4650000
0!
02

#4655000
1!
b11 &
12
b11 6
b0 7

#4660000
0!
02

#4665000
1!
b110 &
12
b110 6
b1 7

#4670000
0!
02

#4675000
1!
b1100 &
12
b1100 6
b10 7

#4680000
0!
02

#4685000
1!
b1001 &
12
b1001 6
b11 7

#4690000
0!
02

#4695000
1!
b11 &
12
b11 6
b0 7

#4700000
0!
02

#4705000
1!
b110 &
12
b110 6
b1 7

#4710000
0!
02

#4715000
1!
b1100 &
12
b1100 6
b10 7

#4720000
0!
02

#4725000
1!
b1001 &
12
b1001 6
b11 7

#4730000
0!
02

#4735000
1!
b11 &
12
b11 6
b0 7

#4740000
0!
02

#4745000
1!
b110 &
12
b110 6
b1 7

#4750000
0!
02

#4755000
1!
b1100 &
12
b1100 6
b10 7

#4760000
0!
02

#4765000
1!
b1001 &
12
b1001 6
b11 7

#4770000
0!
02

#4775000
1!
b11 &
12
b11 6
b0 7

#4780000
0!
02

#4785000
1!
b110 &
12
b110 6
b1 7

#4790000
0!
02

#4795000
1!
b1100 &
12
b1100 6
b10 7

#4800000
0!
02

#4805000
1!
b1001 &
12
b1001 6
b11 7

#4810000
0!
02

#4815000
1!
b11 &
12
b11 6
b0 7

#4820000
0!
02

#4825000
1!
b110 &
12
b110 6
b1 7

#4830000
0!
02

#4835000
1!
b1100 &
12
b1100 6
b10 7

#4840000
0!
02

#4845000
1!
b1001 &
12
b1001 6
b11 7

#4850000
0!
02

#4855000
1!
b11 &
12
b11 6
b0 7

#4860000
0!
02

#4865000
1!
b110 &
12
b110 6
b1 7

#4870000
0!
02

#4875000
1!
b1100 &
12
b1100 6
b10 7

#4880000
0!
02

#4885000
1!
b1001 &
12
b1001 6
b11 7

#4890000
0!
02

#4895000
1!
b11 &
12
b11 6
b0 7

#4900000
0!
02

#4905000
1!
b110 &
12
b110 6
b1 7

#4910000
0!
02

#4915000
1!
b1100 &
12
b1100 6
b10 7

#4920000
0!
02

#4925000
1!
b1001 &
12
b1001 6
b11 7

#4930000
0!
02

#4935000
1!
b11 &
12
b11 6
b0 7

#4940000
0!
02

#4945000
1!
b110 &
12
b110 6
b1 7

#4950000
0!
02

#4955000
1!
b1100 &
12
b1100 6
b10 7

#4960000
0!
02

#4965000
1!
b1001 &
12
b1001 6
b11 7

#4970000
0!
02

#4975000
1!
b11 &
12
b11 6
b0 7

#4980000
0!
02

#4985000
1!
b110 &
12
b110 6
b1 7

#4990000
0!
02

#4995000
1!
b1100 &
12
b1100 6
b10 7

#5000000
0!
02

#5005000
1!
b1001 &
12
b1001 6
b11 7

#5010000
0!
02

#5015000
1!
b11 &
12
b11 6
b0 7

#5020000
0!
02

#5025000
1!
b110 &
12
b110 6
b1 7

#5030000
0!
02

#5035000
1!
b1100 &
12
b1100 6
b10 7

#5040000
0!
02

#5045000
1!
b1001 &
12
b1001 6
b11 7

#5050000
0!
02

#5055000
1!
b11 &
12
b11 6
b0 7

#5060000
0!
02

#5065000
1!
b110 &
12
b110 6
b1 7

#5070000
0!
02

#5075000
1!
b1100 &
12
b1100 6
b10 7

#5080000
0!
02

#5085000
1!
b1001 &
12
b1001 6
b11 7

#5090000
0!
02

#5095000
1!
b11 &
12
b11 6
b0 7

#5100000
0!
02

#5105000
1!
b110 &
12
b110 6
b1 7

#5110000
0!
02

#5115000
1!
b1100 &
12
b1100 6
b10 7

#5120000
0!
02

#5125000
1!
b1001 &
12
b1001 6
b11 7

#5130000
0!
02

#5135000
1!
b11 &
12
b11 6
b0 7

#5140000
0!
02

#5145000
1!
b110 &
12
b110 6
b1 7

#5150000
0!
02

#5155000
1!
b1100 &
12
b1100 6
b10 7

#5160000
0!
02

#5165000
1!
b1001 &
12
b1001 6
b11 7

#5170000
0!
02

#5175000
1!
b11 &
12
b11 6
b0 7

#5180000
0!
02

#5185000
1!
b110 &
12
b110 6
b1 7

#5190000
0!
02

#5195000
1!
b1100 &
12
b1100 6
b10 7

#5200000
0!
02

#5205000
1!
b1001 &
12
b1001 6
b11 7

#5210000
0!
02

#5215000
1!
b11 &
12
b11 6
b0 7

#5220000
0!
02

#5225000
1!
b110 &
12
b110 6
b1 7

#5230000
0!
02

#5235000
1!
b1100 &
12
b1100 6
b10 7

#5240000
0!
02

#5245000
1!
b1001 &
12
b1001 6
b11 7

#5250000
0!
02

#5255000
1!
b11 &
12
b11 6
b0 7

#5260000
0!
02

#5265000
1!
b110 &
12
b110 6
b1 7

#5270000
0!
02

#5275000
1!
b1100 &
12
b1100 6
b10 7

#5280000
0!
02

#5285000
1!
b1001 &
12
b1001 6
b11 7

#5290000
0!
02

#5295000
1!
b11 &
12
b11 6
b0 7

#5300000
0!
02

#5305000
1!
b110 &
12
b110 6
b1 7

#5310000
0!
02

#5315000
1!
b1100 &
12
b1100 6
b10 7

#5320000
0!
02

#5325000
1!
b1001 &
12
b1001 6
b11 7

#5330000
0!
02

#5335000
1!
b11 &
12
b11 6
b0 7

#5340000
0!
02

#5345000
1!
b110 &
12
b110 6
b1 7

#5350000
0!
02

#5355000
1!
b1100 &
12
b1100 6
b10 7

#5360000
0!
02

#5365000
1!
b1001 &
12
b1001 6
b11 7

#5370000
0!
02

#5375000
1!
b11 &
12
b11 6
b0 7

#5380000
0!
02

#5385000
1!
b110 &
12
b110 6
b1 7

#5390000
0!
02

#5395000
1!
b1100 &
12
b1100 6
b10 7

#5400000
0!
02

#5405000
1!
b1001 &
12
b1001 6
b11 7

#5410000
0!
02

#5415000
1!
b11 &
12
b11 6
b0 7

#5420000
0!
02

#5425000
1!
b110 &
12
b110 6
b1 7

#5430000
0!
02

#5435000
1!
b1100 &
12
b1100 6
b10 7

#5440000
0!
02

#5445000
1!
b1001 &
12
b1001 6
b11 7

#5450000
0!
02

#5455000
1!
b11 &
12
b11 6
b0 7

#5460000
0!
02

#5465000
1!
b110 &
12
b110 6
b1 7

#5470000
0!
02

#5475000
1!
b1100 &
12
b1100 6
b10 7

#5480000
0!
02

#5485000
1!
b1001 &
12
b1001 6
b11 7

#5490000
0!
02

#5495000
1!
b11 &
12
b11 6
b0 7

#5500000
0!
02

#5505000
1!
b110 &
12
b110 6
b1 7

#5510000
0!
02

#5515000
1!
b1100 &
12
b1100 6
b10 7

#5520000
0!
02

#5525000
1!
b1001 &
12
b1001 6
b11 7

#5530000
0!
02

#5535000
1!
b11 &
12
b11 6
b0 7

#5540000
0!
02

#5545000
1!
b110 &
12
b110 6
b1 7

#5550000
0!
02

#5555000
1!
b1100 &
12
b1100 6
b10 7

#5560000
0!
02

#5565000
1!
b1001 &
12
b1001 6
b11 7

#5570000
0!
02

#5575000
1!
b11 &
12
b11 6
b0 7

#5580000
0!
02

#5585000
1!
b110 &
12
b110 6
b1 7

#5590000
0!
02

#5595000
1!
b1100 &
12
b1100 6
b10 7

#5600000
0!
02

#5605000
1!
b1001 &
12
b1001 6
b11 7

#5610000
0!
02

#5615000
1!
b11 &
12
b11 6
b0 7

#5620000
0!
02

#5625000
1!
b110 &
12
b110 6
b1 7

#5630000
0!
02

#5635000
1!
b1100 &
12
b1100 6
b10 7

#5640000
0!
02

#5645000
1!
b1001 &
12
b1001 6
b11 7

#5650000
0!
02

#5655000
1!
b11 &
12
b11 6
b0 7

#5660000
0!
02

#5665000
1!
b110 &
12
b110 6
b1 7

#5670000
0!
02

#5675000
1!
b1100 &
12
b1100 6
b10 7

#5680000
0!
02

#5685000
1!
b1001 &
12
b1001 6
b11 7

#5690000
0!
02

#5695000
1!
b11 &
12
b11 6
b0 7

#5700000
0!
02

#5705000
1!
b110 &
12
b110 6
b1 7

#5710000
0!
02

#5715000
1!
b1100 &
12
b1100 6
b10 7

#5720000
0!
02

#5725000
1!
b1001 &
12
b1001 6
b11 7

#5730000
0!
02

#5735000
1!
b11 &
12
b11 6
b0 7

#5740000
0!
02

#5745000
1!
b110 &
12
b110 6
b1 7

#5750000
0!
02

#5755000
1!
b1100 &
12
b1100 6
b10 7

#5760000
0!
02

#5765000
1!
b1001 &
12
b1001 6
b11 7

#5770000
0!
02

#5775000
1!
b11 &
12
b11 6
b0 7

#5780000
0!
02

#5785000
1!
b110 &
12
b110 6
b1 7

#5790000
0!
02

#5795000
1!
b1100 &
12
b1100 6
b10 7

#5800000
0!
02

#5805000
1!
b1001 &
12
b1001 6
b11 7

#5810000
0!
02

#5815000
1!
b11 &
12
b11 6
b0 7

#5820000
0!
02

#5825000
1!
b110 &
12
b110 6
b1 7

#5830000
0!
02

#5835000
1!
b1100 &
12
b1100 6
b10 7

#5840000
0!
02

#5845000
1!
b1001 &
12
b1001 6
b11 7

#5850000
0!
02

#5855000
1!
b11 &
12
b11 6
b0 7

#5860000
0!
02

#5865000
1!
b110 &
12
b110 6
b1 7

#5870000
0!
02

#5875000
1!
b1100 &
12
b1100 6
b10 7

#5880000
0!
02

#5885000
1!
b1001 &
12
b1001 6
b11 7

#5890000
0!
02

#5895000
1!
b11 &
12
b11 6
b0 7

#5900000
0!
02

#5905000
1!
b110 &
12
b110 6
b1 7

#5910000
0!
02

#5915000
1!
b1100 &
12
b1100 6
b10 7

#5920000
0!
02

#5925000
1!
b1001 &
12
b1001 6
b11 7

#5930000
0!
02

#5935000
1!
b11 &
12
b11 6
b0 7

#5940000
0!
02

#5945000
1!
b110 &
12
b110 6
b1 7

#5950000
0!
02

#5955000
1!
b1100 &
12
b1100 6
b10 7

#5960000
0!
02

#5965000
1!
b1001 &
12
b1001 6
b11 7

#5970000
0!
02

#5975000
1!
b11 &
12
b11 6
b0 7

#5980000
0!
02

#5985000
1!
b110 &
12
b110 6
b1 7

#5990000
0!
02

#5995000
1!
b1100 &
12
b1100 6
b10 7

#6000000
0!
02

#6005000
1!
b1001 &
12
b1001 6
b11 7

#6010000
0!
02

#6015000
1!
b11 &
12
b11 6
b0 7

#6020000
0!
02

#6025000
1!
b110 &
12
b110 6
b1 7

#6030000
0!
02

#6035000
1!
b1100 &
12
b1100 6
b10 7

#6040000
0!
02

#6045000
1!
b1001 &
12
b1001 6
b11 7

#6050000
0!
02

#6055000
1!
b11 &
12
b11 6
b0 7

#6060000
0!
02

#6065000
1!
b110 &
12
b110 6
b1 7

#6070000
0!
02

#6075000
1!
b1100 &
12
b1100 6
b10 7

#6080000
0!
02

#6085000
1!
b1001 &
12
b1001 6
b11 7

#6090000
0!
02

#6095000
1!
b11 &
12
b11 6
b0 7

#6100000
0!
02

#6105000
1!
b110 &
12
b110 6
b1 7

#6110000
0!
02

#6115000
1!
b1100 &
12
b1100 6
b10 7

#6120000
0!
02

#6125000
1!
b1001 &
12
b1001 6
b11 7

#6130000
0!
02

#6135000
1!
b11 &
12
b11 6
b0 7

#6140000
0!
02

#6145000
1!
b110 &
12
b110 6
b1 7

#6150000
0!
02

#6155000
1!
b1100 &
12
b1100 6
b10 7

#6160000
0!
02

#6165000
1!
b1001 &
12
b1001 6
b11 7

#6170000
0!
02

#6175000
1!
b11 &
12
b11 6
b0 7

#6180000
0!
02

#6185000
1!
b110 &
12
b110 6
b1 7

#6190000
0!
02

#6195000
1!
b1100 &
12
b1100 6
b10 7

#6200000
0!
02

#6205000
1!
b1001 &
12
b1001 6
b11 7

#6210000
0!
02

#6215000
1!
b11 &
12
b11 6
b0 7

#6220000
0!
02

#6225000
1!
b110 &
12
b110 6
b1 7

#6230000
0!
02

#6235000
1!
b1100 &
12
b1100 6
b10 7

#6240000
0!
02

#6245000
1!
b1001 &
12
b1001 6
b11 7

#6250000
0!
02

#6255000
1!
b11 &
12
b11 6
b0 7

#6260000
0!
02

#6265000
1!
b110 &
12
b110 6
b1 7

#6270000
0!
02

#6275000
1!
b1100 &
12
b1100 6
b10 7

#6280000
0!
02

#6285000
1!
b1001 &
12
b1001 6
b11 7

#6290000
0!
02

#6295000
1!
b11 &
12
b11 6
b0 7

#6300000
0!
02

#6305000
1!
b110 &
12
b110 6
b1 7

#6310000
0!
02

#6315000
1!
b1100 &
12
b1100 6
b10 7

#6320000
0!
02

#6325000
1!
b1001 &
12
b1001 6
b11 7

#6330000
0!
02

#6335000
1!
b11 &
12
b11 6
b0 7

#6340000
0!
02

#6345000
1!
b110 &
12
b110 6
b1 7

#6350000
0!
02

#6355000
1!
b1100 &
12
b1100 6
b10 7

#6360000
0!
02

#6365000
1!
b1001 &
12
b1001 6
b11 7

#6370000
0!
02

#6375000
1!
b11 &
12
b11 6
b0 7

#6380000
0!
02

#6385000
1!
b110 &
12
b110 6
b1 7

#6390000
0!
02

#6395000
1!
b1100 &
12
b1100 6
b10 7

#6400000
0!
02

#6405000
1!
b1001 &
12
b1001 6
b11 7

#6410000
0!
02

#6415000
1!
b11 &
12
b11 6
b0 7

#6420000
0!
02

#6425000
1!
b110 &
12
b110 6
b1 7

#6430000
0!
02

#6435000
1!
b1100 &
12
b1100 6
b10 7

#6440000
0!
02

#6445000
1!
b1001 &
12
b1001 6
b11 7

#6450000
0!
02

#6455000
1!
b11 &
12
b11 6
b0 7

#6460000
0!
02

#6465000
1!
b110 &
12
b110 6
b1 7

#6470000
0!
02

#6475000
1!
b1100 &
12
b1100 6
b10 7

#6480000
0!
02

#6485000
1!
b1001 &
12
b1001 6
b11 7

#6490000
0!
02

#6495000
1!
b11 &
12
b11 6
b0 7

#6500000
0!
02

#6505000
1!
b110 &
12
b110 6
b1 7

#6510000
0!
02

#6515000
1!
b1100 &
12
b1100 6
b10 7

#6520000
0!
02

#6525000
1!
b1001 &
12
b1001 6
b11 7

#6530000
0!
02

#6535000
1!
b11 &
12
b11 6
b0 7

#6540000
0!
02

#6545000
1!
b110 &
12
b110 6
b1 7

#6550000
0!
02

#6555000
1!
b1100 &
12
b1100 6
b10 7

#6560000
0!
02

#6565000
1!
b1001 &
12
b1001 6
b11 7

#6570000
0!
02

#6575000
1!
b11 &
12
b11 6
b0 7

#6580000
0!
02

#6585000
1!
b110 &
12
b110 6
b1 7

#6590000
0!
02

#6595000
1!
b1100 &
12
b1100 6
b10 7

#6600000
0!
02

#6605000
1!
b1001 &
12
b1001 6
b11 7

#6610000
0!
02

#6615000
1!
b11 &
12
b11 6
b0 7

#6620000
0!
02

#6625000
1!
b110 &
12
b110 6
b1 7

#6630000
0!
02

#6635000
1!
b1100 &
12
b1100 6
b10 7

#6640000
0!
02

#6645000
1!
b1001 &
12
b1001 6
b11 7

#6650000
0!
02

#6655000
1!
b11 &
12
b11 6
b0 7

#6660000
0!
02

#6665000
1!
b110 &
12
b110 6
b1 7

#6670000
0!
02

#6675000
1!
b1100 &
12
b1100 6
b10 7

#6680000
0!
02

#6685000
1!
b1001 &
12
b1001 6
b11 7

#6690000
0!
02

#6695000
1!
b11 &
12
b11 6
b0 7

#6700000
0!
02

#6705000
1!
b110 &
12
b110 6
b1 7

#6710000
0!
02

#6715000
1!
b1100 &
12
b1100 6
b10 7

#6720000
0!
02

#6725000
1!
b1001 &
12
b1001 6
b11 7

#6730000
0!
02

#6735000
1!
b11 &
12
b11 6
b0 7

#6740000
0!
02

#6745000
1!
b110 &
12
b110 6
b1 7

#6750000
0!
02

#6755000
1!
b1100 &
12
b1100 6
b10 7

#6760000
0!
02

#6765000
1!
b1001 &
12
b1001 6
b11 7

#6770000
0!
02

#6775000
1!
b11 &
12
b11 6
b0 7

#6780000
0!
02

#6785000
1!
b110 &
12
b110 6
b1 7

#6790000
0!
02

#6795000
1!
b1100 &
12
b1100 6
b10 7

#6800000
0!
02

#6805000
1!
b1001 &
12
b1001 6
b11 7

#6810000
0!
02

#6815000
1!
b11 &
12
b11 6
b0 7

#6820000
0!
02

#6825000
1!
b110 &
12
b110 6
b1 7

#6830000
0!
02

#6835000
1!
b1100 &
12
b1100 6
b10 7

#6840000
0!
02

#6845000
1!
b1001 &
12
b1001 6
b11 7

#6850000
0!
02

#6855000
1!
b11 &
12
b11 6
b0 7

#6860000
0!
02

#6865000
1!
b110 &
12
b110 6
b1 7

#6870000
0!
02

#6875000
1!
b1100 &
12
b1100 6
b10 7

#6880000
0!
02

#6885000
1!
b1001 &
12
b1001 6
b11 7

#6890000
0!
02

#6895000
1!
b11 &
12
b11 6
b0 7

#6900000
0!
02

#6905000
1!
b110 &
12
b110 6
b1 7

#6910000
0!
02

#6915000
1!
b1100 &
12
b1100 6
b10 7

#6920000
0!
02

#6925000
1!
b1001 &
12
b1001 6
b11 7

#6930000
0!
02

#6935000
1!
b11 &
12
b11 6
b0 7

#6940000
0!
02

#6945000
1!
b110 &
12
b110 6
b1 7

#6950000
0!
02

#6955000
1!
b1100 &
12
b1100 6
b10 7

#6960000
0!
02

#6965000
1!
b1001 &
12
b1001 6
b11 7

#6970000
0!
02

#6975000
1!
b11 &
12
b11 6
b0 7

#6980000
0!
02

#6985000
1!
b110 &
12
b110 6
b1 7

#6990000
0!
02

#6995000
1!
b1100 &
12
b1100 6
b10 7

#7000000
0!
02

#7005000
1!
b1001 &
12
b1001 6
b11 7

#7010000
0!
02

#7015000
1!
b11 &
12
b11 6
b0 7

#7020000
0!
02

#7025000
1!
b110 &
12
b110 6
b1 7

#7030000
0!
02

#7035000
1!
b1100 &
12
b1100 6
b10 7

#7040000
0!
02

#7045000
1!
b1001 &
12
b1001 6
b11 7

#7050000
0!
02

#7055000
1!
b11 &
12
b11 6
b0 7

#7060000
0!
02

#7065000
1!
b110 &
12
b110 6
b1 7

#7070000
0!
02

#7075000
1!
b1100 &
12
b1100 6
b10 7

#7080000
0!
02

#7085000
1!
b1001 &
12
b1001 6
b11 7

#7090000
0!
02

#7095000
1!
b11 &
12
b11 6
b0 7

#7100000
0!
02

#7105000
1!
b110 &
12
b110 6
b1 7

#7110000
0!
02

#7115000
1!
b1100 &
12
b1100 6
b10 7

#7120000
0!
02

#7125000
1!
b1001 &
12
b1001 6
b11 7

#7130000
0!
02

#7135000
1!
b11 &
12
b11 6
b0 7

#7140000
0!
02

#7145000
1!
b110 &
12
b110 6
b1 7

#7150000
0!
02

#7155000
1!
b1100 &
12
b1100 6
b10 7

#7160000
0!
02

#7165000
1!
b1001 &
12
b1001 6
b11 7

#7170000
0!
02

#7175000
1!
b11 &
12
b11 6
b0 7

#7180000
0!
02

#7185000
1!
b110 &
12
b110 6
b1 7

#7190000
0!
02

#7195000
1!
b1100 &
12
b1100 6
b10 7

#7200000
0!
02

#7205000
1!
b1001 &
12
b1001 6
b11 7

#7210000
0!
02

#7215000
1!
b11 &
12
b11 6
b0 7

#7220000
0!
02

#7225000
1!
b110 &
12
b110 6
b1 7

#7230000
0!
02

#7235000
1!
b1100 &
12
b1100 6
b10 7

#7240000
0!
02

#7245000
1!
b1001 &
12
b1001 6
b11 7

#7250000
0!
02

#7255000
1!
b11 &
12
b11 6
b0 7

#7260000
0!
02

#7265000
1!
b110 &
12
b110 6
b1 7

#7270000
0!
02

#7275000
1!
b1100 &
12
b1100 6
b10 7

#7280000
0!
02

#7285000
1!
b1001 &
12
b1001 6
b11 7

#7290000
0!
02

#7295000
1!
b11 &
12
b11 6
b0 7

#7300000
0!
02

#7305000
1!
b110 &
12
b110 6
b1 7

#7310000
0!
02

#7315000
1!
b1100 &
12
b1100 6
b10 7

#7320000
0!
02

#7325000
1!
b1001 &
12
b1001 6
b11 7

#7330000
0!
02

#7335000
1!
b11 &
12
b11 6
b0 7

#7340000
0!
02

#7345000
1!
b110 &
12
b110 6
b1 7

#7350000
0!
02

#7355000
1!
b1100 &
12
b1100 6
b10 7

#7360000
0!
02

#7365000
1!
b1001 &
12
b1001 6
b11 7

#7370000
0!
02

#7375000
1!
b11 &
12
b11 6
b0 7

#7380000
0!
02

#7385000
1!
b110 &
12
b110 6
b1 7

#7390000
0!
02

#7395000
1!
b1100 &
12
b1100 6
b10 7

#7400000
0!
02

#7405000
1!
b1001 &
12
b1001 6
b11 7

#7410000
0!
02

#7415000
1!
b11 &
12
b11 6
b0 7

#7420000
0!
02

#7425000
1!
b110 &
12
b110 6
b1 7

#7430000
0!
02

#7435000
1!
b1100 &
12
b1100 6
b10 7

#7440000
0!
02

#7445000
1!
b1001 &
12
b1001 6
b11 7

#7450000
0!
02

#7455000
1!
b11 &
12
b11 6
b0 7

#7460000
0!
02

#7465000
1!
b110 &
12
b110 6
b1 7

#7470000
0!
02

#7475000
1!
b1100 &
12
b1100 6
b10 7

#7480000
0!
02

#7485000
1!
b1001 &
12
b1001 6
b11 7

#7490000
0!
02

#7495000
1!
b11 &
12
b11 6
b0 7

#7500000
0!
02

#7505000
1!
b110 &
12
b110 6
b1 7

#7510000
0!
02

#7515000
1!
b1100 &
12
b1100 6
b10 7

#7520000
0!
02

#7525000
1!
b1001 &
12
b1001 6
b11 7

#7530000
0!
02

#7535000
1!
b11 &
12
b11 6
b0 7

#7540000
0!
02

#7545000
1!
b110 &
12
b110 6
b1 7

#7550000
0!
02

#7555000
1!
b1100 &
12
b1100 6
b10 7

#7560000
0!
02

#7565000
1!
b1001 &
12
b1001 6
b11 7

#7570000
0!
02

#7575000
1!
b11 &
12
b11 6
b0 7

#7580000
0!
02

#7585000
1!
b110 &
12
b110 6
b1 7

#7590000
0!
02

#7595000
1!
b1100 &
12
b1100 6
b10 7

#7600000
0!
02

#7605000
1!
b1001 &
12
b1001 6
b11 7

#7610000
0!
02

#7615000
1!
b11 &
12
b11 6
b0 7

#7620000
0!
02

#7625000
1!
b110 &
12
b110 6
b1 7

#7630000
0!
02

#7635000
1!
b1100 &
12
b1100 6
b10 7

#7640000
0!
02

#7645000
1!
b1001 &
12
b1001 6
b11 7

#7650000
0!
02

#7655000
1!
b11 &
12
b11 6
b0 7

#7660000
0!
02

#7665000
1!
b110 &
12
b110 6
b1 7

#7670000
0!
02

#7675000
1!
b1100 &
12
b1100 6
b10 7

#7680000
0!
02

#7685000
1!
b1001 &
12
b1001 6
b11 7

#7690000
0!
02

#7695000
1!
b11 &
12
b11 6
b0 7

#7700000
0!
02

#7705000
1!
b110 &
12
b110 6
b1 7

#7710000
0!
02

#7715000
1!
b1100 &
12
b1100 6
b10 7

#7720000
0!
02

#7725000
1!
b1001 &
12
b1001 6
b11 7

#7730000
0!
02

#7735000
1!
b11 &
12
b11 6
b0 7

#7740000
0!
02

#7745000
1!
b110 &
12
b110 6
b1 7

#7750000
0!
02

#7755000
1!
b1100 &
12
b1100 6
b10 7

#7760000
0!
02

#7765000
1!
b1001 &
12
b1001 6
b11 7

#7770000
0!
02

#7775000
1!
b11 &
12
b11 6
b0 7

#7780000
0!
02

#7785000
1!
b110 &
12
b110 6
b1 7

#7790000
0!
02

#7795000
1!
b1100 &
12
b1100 6
b10 7

#7800000
0!
02

#7805000
1!
b1001 &
12
b1001 6
b11 7

#7810000
0!
02

#7815000
1!
b11 &
12
b11 6
b0 7

#7820000
0!
02

#7825000
1!
b110 &
12
b110 6
b1 7

#7830000
0!
02

#7835000
1!
b1100 &
12
b1100 6
b10 7

#7840000
0!
02

#7845000
1!
b1001 &
12
b1001 6
b11 7

#7850000
0!
02

#7855000
1!
b11 &
12
b11 6
b0 7

#7860000
0!
02

#7865000
1!
b110 &
12
b110 6
b1 7

#7870000
0!
02

#7875000
1!
b1100 &
12
b1100 6
b10 7

#7880000
0!
02

#7885000
1!
b1001 &
12
b1001 6
b11 7

#7890000
0!
02

#7895000
1!
b11 &
12
b11 6
b0 7

#7900000
0!
02

#7905000
1!
b110 &
12
b110 6
b1 7

#7910000
0!
02

#7915000
1!
b1100 &
12
b1100 6
b10 7

#7920000
0!
02

#7925000
1!
b1001 &
12
b1001 6
b11 7

#7930000
0!
02

#7935000
1!
b11 &
12
b11 6
b0 7

#7940000
0!
02

#7945000
1!
b110 &
12
b110 6
b1 7

#7950000
0!
02

#7955000
1!
b1100 &
12
b1100 6
b10 7

#7960000
0!
02

#7965000
1!
b1001 &
12
b1001 6
b11 7

#7970000
0!
02

#7975000
1!
b11 &
12
b11 6
b0 7

#7980000
0!
02

#7985000
1!
b110 &
12
b110 6
b1 7

#7990000
0!
02

#7995000
1!
b1100 &
12
b1100 6
b10 7

#8000000
0!
02

#8005000
1!
b1001 &
12
b1001 6
b11 7

#8010000
0!
02

#8015000
1!
b11 &
12
b11 6
b0 7

#8020000
0!
02

#8025000
1!
b110 &
12
b110 6
b1 7

#8030000
0!
02

#8035000
1!
b1100 &
12
b1100 6
b10 7

#8040000
0!
02

#8045000
1!
b1001 &
12
b1001 6
b11 7

#8050000
0!
02

#8055000
1!
b11 &
12
b11 6
b0 7

#8060000
0!
02

#8065000
1!
b110 &
12
b110 6
b1 7

#8070000
0!
02

#8075000
1!
b1100 &
12
b1100 6
b10 7

#8080000
0!
02

#8085000
1!
b1001 &
12
b1001 6
b11 7

#8090000
0!
02

#8095000
1!
b11 &
12
b11 6
b0 7

#8100000
0!
02

#8105000
1!
b110 &
12
b110 6
b1 7

#8110000
0!
02

#8115000
1!
b1100 &
12
b1100 6
b10 7

#8120000
0!
02

#8125000
1!
b1001 &
12
b1001 6
b11 7

#8130000
0!
02

#8135000
1!
b11 &
12
b11 6
b0 7

#8140000
0!
02

#8145000
1!
b110 &
12
b110 6
b1 7

#8150000
0!
02

#8155000
1!
b1100 &
12
b1100 6
b10 7

#8160000
0!
02

#8165000
1!
b1001 &
12
b1001 6
b11 7

#8170000
0!
02

#8175000
1!
b11 &
12
b11 6
b0 7

#8180000
0!
02

#8185000
1!
b110 &
12
b110 6
b1 7

#8190000
0!
02

#8195000
1!
b1100 &
12
b1100 6
b10 7

#8200000
0!
02

#8205000
1!
b1001 &
12
b1001 6
b11 7

#8210000
0!
02

#8215000
1!
b11 &
12
b11 6
b0 7

#8220000
0!
02

#8225000
1!
b110 &
12
b110 6
b1 7

#8230000
0!
02

#8235000
1!
b1100 &
12
b1100 6
b10 7

#8240000
0!
02

#8245000
1!
b1001 &
12
b1001 6
b11 7

#8250000
0!
02

#8255000
1!
b11 &
12
b11 6
b0 7

#8260000
0!
02

#8265000
1!
b110 &
12
b110 6
b1 7

#8270000
0!
02

#8275000
1!
b1100 &
12
b1100 6
b10 7

#8280000
0!
02

#8285000
1!
b1001 &
12
b1001 6
b11 7

#8290000
0!
02

#8295000
1!
b11 &
12
b11 6
b0 7

#8300000
0!
02

#8305000
1!
b110 &
12
b110 6
b1 7

#8310000
0!
02

#8315000
1!
b1100 &
12
b1100 6
b10 7

#8320000
0!
02

#8325000
1!
b1001 &
12
b1001 6
b11 7

#8330000
0!
02

#8335000
1!
b11 &
12
b11 6
b0 7

#8340000
0!
02

#8345000
1!
b110 &
12
b110 6
b1 7

#8350000
0!
02

#8355000
1!
b1100 &
12
b1100 6
b10 7

#8360000
0!
02

#8365000
1!
b1001 &
12
b1001 6
b11 7

#8370000
0!
02

#8375000
1!
b11 &
12
b11 6
b0 7

#8380000
0!
02

#8385000
1!
b110 &
12
b110 6
b1 7

#8390000
0!
02

#8395000
1!
b1100 &
12
b1100 6
b10 7

#8400000
0!
02

#8405000
1!
b1001 &
12
b1001 6
b11 7

#8410000
0!
02

#8415000
1!
b11 &
12
b11 6
b0 7

#8420000
0!
02

#8425000
1!
b110 &
12
b110 6
b1 7

#8430000
0!
02

#8435000
1!
b1100 &
12
b1100 6
b10 7

#8440000
0!
02

#8445000
1!
b1001 &
12
b1001 6
b11 7

#8450000
0!
02

#8455000
1!
b11 &
12
b11 6
b0 7

#8460000
0!
02

#8465000
1!
b110 &
12
b110 6
b1 7

#8470000
0!
02

#8475000
1!
b1100 &
12
b1100 6
b10 7

#8480000
0!
02

#8485000
1!
b1001 &
12
b1001 6
b11 7

#8490000
0!
02

#8495000
1!
b11 &
12
b11 6
b0 7

#8500000
0!
02

#8505000
1!
b110 &
12
b110 6
b1 7

#8510000
0!
02

#8515000
1!
b1100 &
12
b1100 6
b10 7

#8520000
0!
02

#8525000
1!
b1001 &
12
b1001 6
b11 7

#8530000
0!
02

#8535000
1!
b11 &
12
b11 6
b0 7

#8540000
0!
02

#8545000
1!
b110 &
12
b110 6
b1 7

#8550000
0!
02

#8555000
1!
b1100 &
12
b1100 6
b10 7

#8560000
0!
02

#8565000
1!
b1001 &
12
b1001 6
b11 7

#8570000
0!
02

#8575000
1!
b11 &
12
b11 6
b0 7

#8580000
0!
02

#8585000
1!
b110 &
12
b110 6
b1 7

#8590000
0!
02

#8595000
1!
b1100 &
12
b1100 6
b10 7

#8600000
0!
02

#8605000
1!
b1001 &
12
b1001 6
b11 7

#8610000
0!
02

#8615000
1!
b11 &
12
b11 6
b0 7

#8620000
0!
02

#8625000
1!
b110 &
12
b110 6
b1 7

#8630000
0!
02

#8635000
1!
b1100 &
12
b1100 6
b10 7

#8640000
0!
02

#8645000
1!
b1001 &
12
b1001 6
b11 7

#8650000
0!
02

#8655000
1!
b11 &
12
b11 6
b0 7

#8660000
0!
02

#8665000
1!
b110 &
12
b110 6
b1 7

#8670000
0!
02

#8675000
1!
b1100 &
12
b1100 6
b10 7

#8680000
0!
02

#8685000
1!
b1001 &
12
b1001 6
b11 7

#8690000
0!
02

#8695000
1!
b11 &
12
b11 6
b0 7

#8700000
0!
02

#8705000
1!
b110 &
12
b110 6
b1 7

#8710000
0!
02

#8715000
1!
b1100 &
12
b1100 6
b10 7

#8720000
0!
02

#8725000
1!
b1001 &
12
b1001 6
b11 7

#8730000
0!
02

#8735000
1!
b11 &
12
b11 6
b0 7

#8740000
0!
02

#8745000
1!
b110 &
12
b110 6
b1 7

#8750000
0!
02

#8755000
1!
b1100 &
12
b1100 6
b10 7

#8760000
0!
02

#8765000
1!
b1001 &
12
b1001 6
b11 7

#8770000
0!
02

#8775000
1!
b11 &
12
b11 6
b0 7

#8780000
0!
02

#8785000
1!
b110 &
12
b110 6
b1 7

#8790000
0!
02

#8795000
1!
b1100 &
12
b1100 6
b10 7

#8800000
0!
02

#8805000
1!
b1001 &
12
b1001 6
b11 7

#8810000
0!
02

#8815000
1!
b11 &
12
b11 6
b0 7

#8820000
0!
02

#8825000
1!
b110 &
12
b110 6
b1 7

#8830000
0!
02

#8835000
1!
b1100 &
12
b1100 6
b10 7

#8840000
0!
02

#8845000
1!
b1001 &
12
b1001 6
b11 7

#8850000
0!
02

#8855000
1!
b11 &
12
b11 6
b0 7

#8860000
0!
02

#8865000
1!
b110 &
12
b110 6
b1 7

#8870000
0!
02

#8875000
1!
b1100 &
12
b1100 6
b10 7

#8880000
0!
02

#8885000
1!
b1001 &
12
b1001 6
b11 7

#8890000
0!
02

#8895000
1!
b11 &
12
b11 6
b0 7

#8900000
0!
02

#8905000
1!
b110 &
12
b110 6
b1 7

#8910000
0!
02

#8915000
1!
b1100 &
12
b1100 6
b10 7

#8920000
0!
02

#8925000
1!
b1001 &
12
b1001 6
b11 7

#8930000
0!
02

#8935000
1!
b11 &
12
b11 6
b0 7

#8940000
0!
02

#8945000
1!
b110 &
12
b110 6
b1 7

#8950000
0!
02

#8955000
1!
b1100 &
12
b1100 6
b10 7

#8960000
0!
02

#8965000
1!
b1001 &
12
b1001 6
b11 7

#8970000
0!
02

#8975000
1!
b11 &
12
b11 6
b0 7

#8980000
0!
02

#8985000
1!
b110 &
12
b110 6
b1 7

#8990000
0!
02

#8995000
1!
b1100 &
12
b1100 6
b10 7

#9000000
0!
02

#9005000
1!
b1001 &
12
b1001 6
b11 7

#9010000
0!
02

#9015000
1!
b11 &
12
b11 6
b0 7

#9020000
0!
02

#9025000
1!
b110 &
12
b110 6
b1 7

#9030000
0!
02

#9035000
1!
b1100 &
12
b1100 6
b10 7

#9040000
0!
02

#9045000
1!
b1001 &
12
b1001 6
b11 7

#9050000
0!
02

#9055000
1!
b11 &
12
b11 6
b0 7

#9060000
0!
02

#9065000
1!
b110 &
12
b110 6
b1 7

#9070000
0!
02

#9075000
1!
b1100 &
12
b1100 6
b10 7

#9080000
0!
02

#9085000
1!
b1001 &
12
b1001 6
b11 7

#9090000
0!
02

#9095000
1!
b11 &
12
b11 6
b0 7

#9100000
0!
02

#9105000
1!
b110 &
12
b110 6
b1 7

#9110000
0!
02

#9115000
1!
b1100 &
12
b1100 6
b10 7

#9120000
0!
02

#9125000
1!
b1001 &
12
b1001 6
b11 7

#9130000
0!
02

#9135000
1!
b11 &
12
b11 6
b0 7

#9140000
0!
02

#9145000
1!
b110 &
12
b110 6
b1 7

#9150000
0!
02

#9155000
1!
b1100 &
12
b1100 6
b10 7

#9160000
0!
02

#9165000
1!
b1001 &
12
b1001 6
b11 7

#9170000
0!
02

#9175000
1!
b11 &
12
b11 6
b0 7

#9180000
0!
02

#9185000
1!
b110 &
12
b110 6
b1 7

#9190000
0!
02

#9195000
1!
b1100 &
12
b1100 6
b10 7

#9200000
0!
02

#9205000
1!
b1001 &
12
b1001 6
b11 7

#9210000
0!
02

#9215000
1!
b11 &
12
b11 6
b0 7

#9220000
0!
02

#9225000
1!
b110 &
12
b110 6
b1 7

#9230000
0!
02

#9235000
1!
b1100 &
12
b1100 6
b10 7

#9240000
0!
02

#9245000
1!
b1001 &
12
b1001 6
b11 7

#9250000
0!
02

#9255000
1!
b11 &
12
b11 6
b0 7

#9260000
0!
02

#9265000
1!
b110 &
12
b110 6
b1 7

#9270000
0!
02

#9275000
1!
b1100 &
12
b1100 6
b10 7

#9280000
0!
02

#9285000
1!
b1001 &
12
b1001 6
b11 7

#9290000
0!
02

#9295000
1!
b11 &
12
b11 6
b0 7

#9300000
0!
02

#9305000
1!
b110 &
12
b110 6
b1 7

#9310000
0!
02

#9315000
1!
b1100 &
12
b1100 6
b10 7

#9320000
0!
02

#9325000
1!
b1001 &
12
b1001 6
b11 7

#9330000
0!
02

#9335000
1!
b11 &
12
b11 6
b0 7

#9340000
0!
02

#9345000
1!
b110 &
12
b110 6
b1 7

#9350000
0!
02

#9355000
1!
b1100 &
12
b1100 6
b10 7

#9360000
0!
02

#9365000
1!
b1001 &
12
b1001 6
b11 7

#9370000
0!
02

#9375000
1!
b11 &
12
b11 6
b0 7

#9380000
0!
02

#9385000
1!
b110 &
12
b110 6
b1 7

#9390000
0!
02

#9395000
1!
b1100 &
12
b1100 6
b10 7

#9400000
0!
02

#9405000
1!
b1001 &
12
b1001 6
b11 7

#9410000
0!
02

#9415000
1!
b11 &
12
b11 6
b0 7

#9420000
0!
02

#9425000
1!
b110 &
12
b110 6
b1 7

#9430000
0!
02

#9435000
1!
b1100 &
12
b1100 6
b10 7

#9440000
0!
02

#9445000
1!
b1001 &
12
b1001 6
b11 7

#9450000
0!
02

#9455000
1!
b11 &
12
b11 6
b0 7

#9460000
0!
02

#9465000
1!
b110 &
12
b110 6
b1 7

#9470000
0!
02

#9475000
1!
b1100 &
12
b1100 6
b10 7

#9480000
0!
02

#9485000
1!
b1001 &
12
b1001 6
b11 7

#9490000
0!
02

#9495000
1!
b11 &
12
b11 6
b0 7

#9500000
0!
02

#9505000
1!
b110 &
12
b110 6
b1 7

#9510000
0!
02

#9515000
1!
b1100 &
12
b1100 6
b10 7

#9520000
0!
02

#9525000
1!
b1001 &
12
b1001 6
b11 7

#9530000
0!
02

#9535000
1!
b11 &
12
b11 6
b0 7

#9540000
0!
02

#9545000
1!
b110 &
12
b110 6
b1 7

#9550000
0!
02

#9555000
1!
b1100 &
12
b1100 6
b10 7

#9560000
0!
02

#9565000
1!
b1001 &
12
b1001 6
b11 7

#9570000
0!
02

#9575000
1!
b11 &
12
b11 6
b0 7

#9580000
0!
02

#9585000
1!
b110 &
12
b110 6
b1 7

#9590000
0!
02

#9595000
1!
b1100 &
12
b1100 6
b10 7

#9600000
0!
02

#9605000
1!
b1001 &
12
b1001 6
b11 7

#9610000
0!
02

#9615000
1!
b11 &
12
b11 6
b0 7

#9620000
0!
02

#9625000
1!
b110 &
12
b110 6
b1 7

#9630000
0!
02

#9635000
1!
b1100 &
12
b1100 6
b10 7

#9640000
0!
02

#9645000
1!
b1001 &
12
b1001 6
b11 7

#9650000
0!
02

#9655000
1!
b11 &
12
b11 6
b0 7

#9660000
0!
02

#9665000
1!
b110 &
12
b110 6
b1 7

#9670000
0!
02

#9675000
1!
b1100 &
12
b1100 6
b10 7

#9680000
0!
02

#9685000
1!
b1001 &
12
b1001 6
b11 7

#9690000
0!
02

#9695000
1!
b11 &
12
b11 6
b0 7

#9700000
0!
02

#9705000
1!
b110 &
12
b110 6
b1 7

#9710000
0!
02

#9715000
1!
b1100 &
12
b1100 6
b10 7

#9720000
0!
02

#9725000
1!
b1001 &
12
b1001 6
b11 7

#9730000
0!
02

#9735000
1!
b11 &
12
b11 6
b0 7

#9740000
0!
02

#9745000
1!
b110 &
12
b110 6
b1 7

#9750000
0!
02

#9755000
1!
b1100 &
12
b1100 6
b10 7

#9760000
0!
02

#9765000
1!
b1001 &
12
b1001 6
b11 7

#9770000
0!
02

#9775000
1!
b11 &
12
b11 6
b0 7

#9780000
0!
02

#9785000
1!
b110 &
12
b110 6
b1 7

#9790000
0!
02

#9795000
1!
b1100 &
12
b1100 6
b10 7

#9800000
0!
02

#9805000
1!
b1001 &
12
b1001 6
b11 7

#9810000
0!
02

#9815000
1!
b11 &
12
b11 6
b0 7

#9820000
0!
02

#9825000
1!
b110 &
12
b110 6
b1 7

#9830000
0!
02

#9835000
1!
b1100 &
12
b1100 6
b10 7

#9840000
0!
02

#9845000
1!
b1001 &
12
b1001 6
b11 7

#9850000
0!
02

#9855000
1!
b11 &
12
b11 6
b0 7

#9860000
0!
02

#9865000
1!
b110 &
12
b110 6
b1 7

#9870000
0!
02

#9875000
1!
b1100 &
12
b1100 6
b10 7

#9880000
0!
02

#9885000
1!
b1001 &
12
b1001 6
b11 7

#9890000
0!
02

#9895000
1!
b11 &
12
b11 6
b0 7

#9900000
0!
02

#9905000
1!
b110 &
12
b110 6
b1 7

#9910000
0!
02

#9915000
1!
b1100 &
12
b1100 6
b10 7

#9920000
0!
02

#9925000
1!
b1001 &
12
b1001 6
b11 7

#9930000
0!
02

#9935000
1!
b11 &
12
b11 6
b0 7

#9940000
0!
02

#9945000
1!
b110 &
12
b110 6
b1 7

#9950000
0!
02

#9955000
1!
b1100 &
12
b1100 6
b10 7

#9960000
0!
02

#9965000
1!
b1001 &
12
b1001 6
b11 7

#9970000
0!
02

#9975000
1!
b11 &
12
b11 6
b0 7

#9980000
0!
02

#9985000
1!
b110 &
12
b110 6
b1 7

#9990000
0!
02

#9995000
1!
b1100 &
12
b1100 6
b10 7

#10000000
0!
02

#10005000
1!
b1001 &
12
b1001 6
b11 7

#10010000
0!
02

#10015000
1!
b11 &
12
b11 6
b0 7

#10020000
0!
02

#10025000
1!
b110 &
12
b110 6
b1 7

#10030000
0!
02

#10035000
1!
b1100 &
12
b1100 6
b10 7

#10040000
0!
02

#10045000
1!
b1001 &
12
b1001 6
b11 7

#10050000
0!
02

#10055000
1!
b11 &
12
b11 6
b0 7

#10060000
0!
02

#10065000
1!
b110 &
12
b110 6
b1 7

#10070000
0!
02

#10075000
1!
b1100 &
12
b1100 6
b10 7

#10080000
0!
02

#10085000
1!
b1001 &
12
b1001 6
b11 7

#10090000
0!
02

#10095000
1!
b11 &
12
b11 6
b0 7

#10100000
0!
02

#10105000
1!
b110 &
12
b110 6
b1 7

#10110000
0!
02

#10115000
1!
b1100 &
12
b1100 6
b10 7

#10120000
0!
02

#10125000
1!
b1001 &
12
b1001 6
b11 7

#10130000
0!
02

#10135000
1!
b11 &
12
b11 6
b0 7

#10140000
0!
02

#10145000
1!
b110 &
12
b110 6
b1 7

#10150000
0!
02

#10155000
1!
b1100 &
12
b1100 6
b10 7

#10160000
0!
02

#10165000
1!
b1001 &
12
b1001 6
b11 7

#10170000
0!
02

#10175000
1!
b11 &
12
b11 6
b0 7

#10180000
0!
02

#10185000
1!
b110 &
12
b110 6
b1 7

#10190000
0!
02

#10195000
1!
b1100 &
12
b1100 6
b10 7

#10200000
0!
02

#10205000
1!
b1001 &
12
b1001 6
b11 7

#10210000
0!
02

#10215000
1!
b11 &
12
b11 6
b0 7

#10220000
0!
02

#10225000
1!
b110 &
12
b110 6
b1 7

#10230000
0!
02

#10235000
1!
b1100 &
12
b1100 6
b10 7

#10240000
0!
02

#10245000
1!
b1001 &
12
b1001 6
b11 7

#10250000
0!
02

#10255000
1!
b11 &
12
b11 6
b0 7

#10260000
0!
02

#10265000
1!
b110 &
12
b110 6
b1 7

#10270000
0!
02

#10275000
1!
b1100 &
12
b1100 6
b10 7

#10280000
0!
02

#10285000
1!
b1001 &
12
b1001 6
b11 7

#10290000
0!
02

#10295000
1!
b11 &
12
b11 6
b0 7

#10300000
0!
02

#10305000
1!
b110 &
12
b110 6
b1 7

#10310000
0!
02

#10315000
1!
b1100 &
12
b1100 6
b10 7

#10320000
0!
02

#10325000
1!
b1001 &
12
b1001 6
b11 7

#10330000
0!
02

#10335000
1!
b11 &
12
b11 6
b0 7

#10340000
0!
02

#10345000
1!
b110 &
12
b110 6
b1 7

#10350000
0!
02

#10355000
1!
b1100 &
12
b1100 6
b10 7

#10360000
0!
02

#10365000
1!
b1001 &
12
b1001 6
b11 7

#10370000
0!
02

#10375000
1!
b11 &
12
b11 6
b0 7

#10380000
0!
02

#10385000
1!
b110 &
12
b110 6
b1 7

#10390000
0!
02

#10395000
1!
b1100 &
12
b1100 6
b10 7

#10400000
0!
02

#10405000
1!
b1001 &
12
b1001 6
b11 7

#10410000
0!
02

#10415000
1!
b11 &
12
b11 6
b0 7

#10420000
0!
02

#10425000
1!
b110 &
12
b110 6
b1 7

#10430000
0!
02

#10435000
1!
b1100 &
12
b1100 6
b10 7

#10440000
0!
02

#10445000
1!
b1001 &
12
b1001 6
b11 7

#10450000
0!
02

#10455000
1!
b11 &
12
b11 6
b0 7

#10460000
0!
02

#10465000
1!
b110 &
12
b110 6
b1 7

#10470000
0!
02

#10475000
1!
b1100 &
12
b1100 6
b10 7

#10480000
0!
02

#10485000
1!
b1001 &
12
b1001 6
b11 7

#10490000
0!
02

#10495000
1!
b11 &
12
b11 6
b0 7

#10500000
0!
02

#10505000
1!
b110 &
12
b110 6
b1 7

#10510000
0!
02

#10515000
1!
b1100 &
12
b1100 6
b10 7

#10520000
0!
02

#10525000
1!
b1001 &
12
b1001 6
b11 7

#10530000
0!
02

#10535000
1!
b11 &
12
b11 6
b0 7

#10540000
0!
02

#10545000
1!
b110 &
12
b110 6
b1 7

#10550000
0!
02

#10555000
1!
b1100 &
12
b1100 6
b10 7

#10560000
0!
02

#10565000
1!
b1001 &
12
b1001 6
b11 7

#10570000
0!
02

#10575000
1!
b11 &
12
b11 6
b0 7

#10580000
0!
02

#10585000
1!
b110 &
12
b110 6
b1 7

#10590000
0!
02

#10595000
1!
b1100 &
12
b1100 6
b10 7

#10600000
0!
02

#10605000
1!
b1001 &
12
b1001 6
b11 7

#10610000
0!
02

#10615000
1!
b11 &
12
b11 6
b0 7

#10620000
0!
02

#10625000
1!
b110 &
12
b110 6
b1 7

#10630000
0!
02

#10635000
1!
b1100 &
12
b1100 6
b10 7

#10640000
0!
02

#10645000
1!
b1001 &
12
b1001 6
b11 7

#10650000
0!
02

#10655000
1!
b11 &
12
b11 6
b0 7

#10660000
0!
02

#10665000
1!
b110 &
12
b110 6
b1 7

#10670000
0!
02

#10675000
1!
b1100 &
12
b1100 6
b10 7

#10680000
0!
02

#10685000
1!
b1001 &
12
b1001 6
b11 7

#10690000
0!
02

#10695000
1!
b11 &
12
b11 6
b0 7

#10700000
0!
02

#10705000
1!
b110 &
12
b110 6
b1 7

#10710000
0!
02

#10715000
1!
b1100 &
12
b1100 6
b10 7

#10720000
0!
02

#10725000
1!
b1001 &
12
b1001 6
b11 7

#10730000
0!
02

#10735000
1!
b11 &
12
b11 6
b0 7

#10740000
0!
02

#10745000
1!
b110 &
12
b110 6
b1 7

#10750000
0!
02

#10755000
1!
b1100 &
12
b1100 6
b10 7

#10760000
0!
02

#10765000
1!
b1001 &
12
b1001 6
b11 7

#10770000
0!
02

#10775000
1!
b11 &
12
b11 6
b0 7

#10780000
0!
02

#10785000
1!
b110 &
12
b110 6
b1 7

#10790000
0!
02

#10795000
1!
b1100 &
12
b1100 6
b10 7

#10800000
0!
02

#10805000
1!
b1001 &
12
b1001 6
b11 7

#10810000
0!
02

#10815000
1!
b11 &
12
b11 6
b0 7

#10820000
0!
02

#10825000
1!
b110 &
12
b110 6
b1 7

#10830000
0!
02

#10835000
1!
b1100 &
12
b1100 6
b10 7

#10840000
0!
02

#10845000
1!
b1001 &
12
b1001 6
b11 7

#10850000
0!
02

#10855000
1!
b11 &
12
b11 6
b0 7

#10860000
0!
02

#10865000
1!
b110 &
12
b110 6
b1 7

#10870000
0!
02

#10875000
1!
b1100 &
12
b1100 6
b10 7

#10880000
0!
02

#10885000
1!
b1001 &
12
b1001 6
b11 7

#10890000
0!
02

#10895000
1!
b11 &
12
b11 6
b0 7

#10900000
0!
02

#10905000
1!
b110 &
12
b110 6
b1 7

#10910000
0!
02

#10915000
1!
b1100 &
12
b1100 6
b10 7

#10920000
0!
02

#10925000
1!
b1001 &
12
b1001 6
b11 7

#10930000
0!
02

#10935000
1!
b11 &
12
b11 6
b0 7

#10940000
0!
02

#10945000
1!
b110 &
12
b110 6
b1 7

#10950000
0!
02

#10955000
1!
b1100 &
12
b1100 6
b10 7

#10960000
0!
02

#10965000
1!
b1001 &
12
b1001 6
b11 7

#10970000
0!
02

#10975000
1!
b11 &
12
b11 6
b0 7

#10980000
0!
02

#10985000
1!
b110 &
12
b110 6
b1 7

#10990000
0!
02

#10995000
1!
b1100 &
12
b1100 6
b10 7

#11000000
0!
02

#11005000
1!
b1001 &
12
b1001 6
b11 7

#11010000
0!
02

#11015000
1!
b11 &
12
b11 6
b0 7

#11020000
0!
02

#11025000
1!
b110 &
12
b110 6
b1 7

#11030000
0!
02

#11035000
1!
b1100 &
12
b1100 6
b10 7

#11040000
0!
02

#11045000
1!
b1001 &
12
b1001 6
b11 7

#11050000
0!
02

#11055000
1!
b11 &
12
b11 6
b0 7

#11060000
0!
02

#11065000
1!
b110 &
12
b110 6
b1 7

#11070000
0!
02

#11075000
1!
b1100 &
12
b1100 6
b10 7

#11080000
0!
02

#11085000
1!
b1001 &
12
b1001 6
b11 7

#11090000
0!
02

#11095000
1!
b11 &
12
b11 6
b0 7

#11100000
0!
02

#11105000
1!
b110 &
12
b110 6
b1 7

#11110000
0!
02

#11115000
1!
b1100 &
12
b1100 6
b10 7

#11120000
0!
02

#11125000
1!
b1001 &
12
b1001 6
b11 7

#11130000
0!
02

#11135000
1!
b11 &
12
b11 6
b0 7

#11140000
0!
02

#11145000
1!
b110 &
12
b110 6
b1 7

#11150000
0!
02

#11155000
1!
b1100 &
12
b1100 6
b10 7

#11160000
0!
02

#11165000
1!
b1001 &
12
b1001 6
b11 7

#11170000
0!
02

#11175000
1!
b11 &
12
b11 6
b0 7

#11180000
0!
02

#11185000
1!
b110 &
12
b110 6
b1 7

#11190000
0!
02

#11195000
1!
b1100 &
12
b1100 6
b10 7

#11200000
0!
02

#11205000
1!
b1001 &
12
b1001 6
b11 7

#11210000
0!
02

#11215000
1!
b11 &
12
b11 6
b0 7

#11220000
0!
02

#11225000
1!
b110 &
12
b110 6
b1 7

#11230000
0!
02

#11235000
1!
b1100 &
12
b1100 6
b10 7

#11240000
0!
02

#11245000
1!
b1001 &
12
b1001 6
b11 7

#11250000
0!
02

#11255000
1!
b11 &
12
b11 6
b0 7

#11260000
0!
02

#11265000
1!
b110 &
12
b110 6
b1 7

#11270000
0!
02

#11275000
1!
b1100 &
12
b1100 6
b10 7

#11280000
0!
02

#11285000
1!
b1001 &
12
b1001 6
b11 7

#11290000
0!
02

#11295000
1!
b11 &
12
b11 6
b0 7

#11300000
0!
02

#11305000
1!
b110 &
12
b110 6
b1 7

#11310000
0!
02

#11315000
1!
b1100 &
12
b1100 6
b10 7

#11320000
0!
02

#11325000
1!
b1001 &
12
b1001 6
b11 7

#11330000
0!
02

#11335000
1!
b11 &
12
b11 6
b0 7

#11340000
0!
02

#11345000
1!
b110 &
12
b110 6
b1 7

#11350000
0!
02

#11355000
1!
b1100 &
12
b1100 6
b10 7

#11360000
0!
02

#11365000
1!
b1001 &
12
b1001 6
b11 7

#11370000
0!
02

#11375000
1!
b11 &
12
b11 6
b0 7

#11380000
0!
02

#11385000
1!
b110 &
12
b110 6
b1 7

#11390000
0!
02

#11395000
1!
b1100 &
12
b1100 6
b10 7

#11400000
0!
02

#11405000
1!
b1001 &
12
b1001 6
b11 7

#11410000
0!
02

#11415000
1!
b11 &
12
b11 6
b0 7

#11420000
0!
02

#11425000
1!
b110 &
12
b110 6
b1 7

#11430000
0!
02

#11435000
1!
b1100 &
12
b1100 6
b10 7

#11440000
0!
02

#11445000
1!
b1001 &
12
b1001 6
b11 7

#11450000
0!
02

#11455000
1!
b11 &
12
b11 6
b0 7

#11460000
0!
02

#11465000
1!
b110 &
12
b110 6
b1 7

#11470000
0!
02

#11475000
1!
b1100 &
12
b1100 6
b10 7

#11480000
0!
02

#11485000
1!
b1001 &
12
b1001 6
b11 7

#11490000
0!
02

#11495000
1!
b11 &
12
b11 6
b0 7

#11500000
0!
02

#11505000
1!
b110 &
12
b110 6
b1 7

#11510000
0!
02

#11515000
1!
b1100 &
12
b1100 6
b10 7

#11520000
0!
02

#11525000
1!
b1001 &
12
b1001 6
b11 7

#11530000
0!
02

#11535000
1!
b11 &
12
b11 6
b0 7

#11540000
0!
02

#11545000
1!
b110 &
12
b110 6
b1 7

#11550000
0!
02

#11555000
1!
b1100 &
12
b1100 6
b10 7

#11560000
0!
02

#11565000
1!
b1001 &
12
b1001 6
b11 7

#11570000
0!
02

#11575000
1!
b11 &
12
b11 6
b0 7

#11580000
0!
02

#11585000
1!
b110 &
12
b110 6
b1 7

#11590000
0!
02

#11595000
1!
b1100 &
12
b1100 6
b10 7

#11600000
0!
02

#11605000
1!
b1001 &
12
b1001 6
b11 7

#11610000
0!
02

#11615000
1!
b11 &
12
b11 6
b0 7

#11620000
0!
02

#11625000
1!
b110 &
12
b110 6
b1 7

#11630000
0!
02

#11635000
1!
b1100 &
12
b1100 6
b10 7

#11640000
0!
02

#11645000
1!
b1001 &
12
b1001 6
b11 7

#11650000
0!
02

#11655000
1!
b11 &
12
b11 6
b0 7

#11660000
0!
02

#11665000
1!
b110 &
12
b110 6
b1 7

#11670000
0!
02

#11675000
1!
b1100 &
12
b1100 6
b10 7

#11680000
0!
02

#11685000
1!
b1001 &
12
b1001 6
b11 7

#11690000
0!
02

#11695000
1!
b11 &
12
b11 6
b0 7

#11700000
0!
02

#11705000
1!
b110 &
12
b110 6
b1 7

#11710000
0!
02

#11715000
1!
b1100 &
12
b1100 6
b10 7

#11720000
0!
02

#11725000
1!
b1001 &
12
b1001 6
b11 7

#11730000
0!
02

#11735000
1!
b11 &
12
b11 6
b0 7

#11740000
0!
02

#11745000
1!
b110 &
12
b110 6
b1 7

#11750000
0!
02

#11755000
1!
b1100 &
12
b1100 6
b10 7

#11760000
0!
02

#11765000
1!
b1001 &
12
b1001 6
b11 7

#11770000
0!
02

#11775000
1!
b11 &
12
b11 6
b0 7

#11780000
0!
02

#11785000
1!
b110 &
12
b110 6
b1 7

#11790000
0!
02

#11795000
1!
b1100 &
12
b1100 6
b10 7

#11800000
0!
02

#11805000
1!
b1001 &
12
b1001 6
b11 7

#11810000
0!
02

#11815000
1!
b11 &
12
b11 6
b0 7

#11820000
0!
02

#11825000
1!
b110 &
12
b110 6
b1 7

#11830000
0!
02

#11835000
1!
b1100 &
12
b1100 6
b10 7

#11840000
0!
02

#11845000
1!
b1001 &
12
b1001 6
b11 7

#11850000
0!
02

#11855000
1!
b11 &
12
b11 6
b0 7

#11860000
0!
02

#11865000
1!
b110 &
12
b110 6
b1 7

#11870000
0!
02

#11875000
1!
b1100 &
12
b1100 6
b10 7

#11880000
0!
02

#11885000
1!
b1001 &
12
b1001 6
b11 7

#11890000
0!
02

#11895000
1!
b11 &
12
b11 6
b0 7

#11900000
0!
02

#11905000
1!
b110 &
12
b110 6
b1 7

#11910000
0!
02

#11915000
1!
b1100 &
12
b1100 6
b10 7

#11920000
0!
02

#11925000
1!
b1001 &
12
b1001 6
b11 7

#11930000
0!
02

#11935000
1!
b11 &
12
b11 6
b0 7

#11940000
0!
02

#11945000
1!
b110 &
12
b110 6
b1 7

#11950000
0!
02

#11955000
1!
b1100 &
12
b1100 6
b10 7

#11960000
0!
02

#11965000
1!
b1001 &
12
b1001 6
b11 7

#11970000
0!
02

#11975000
1!
b11 &
12
b11 6
b0 7

#11980000
0!
02

#11985000
1!
b110 &
12
b110 6
b1 7

#11990000
0!
02

#11995000
1!
b1100 &
12
b1100 6
b10 7

#12000000
0!
02

#12005000
1!
b1001 &
12
b1001 6
b11 7

#12010000
0!
02

#12015000
1!
b11 &
12
b11 6
b0 7

#12020000
0!
02

#12025000
1!
b110 &
12
b110 6
b1 7

#12030000
0!
02

#12035000
1!
b1100 &
12
b1100 6
b10 7

#12040000
0!
02

#12045000
1!
b1001 &
12
b1001 6
b11 7

#12050000
0!
02

#12055000
1!
b11 &
12
b11 6
b0 7

#12060000
0!
02

#12065000
1!
b110 &
12
b110 6
b1 7

#12070000
0!
02

#12075000
1!
b1100 &
12
b1100 6
b10 7

#12080000
0!
02

#12085000
1!
b1001 &
12
b1001 6
b11 7

#12090000
0!
02

#12095000
1!
b11 &
12
b11 6
b0 7

#12100000
0!
02

#12105000
1!
b110 &
12
b110 6
b1 7

#12110000
0!
02

#12115000
1!
b1100 &
12
b1100 6
b10 7

#12120000
0!
02

#12125000
1!
b1001 &
12
b1001 6
b11 7

#12130000
0!
02

#12135000
1!
b11 &
12
b11 6
b0 7

#12140000
0!
02

#12145000
1!
b110 &
12
b110 6
b1 7

#12150000
0!
02

#12155000
1!
b1100 &
12
b1100 6
b10 7

#12160000
0!
02

#12165000
1!
b1001 &
12
b1001 6
b11 7

#12170000
0!
02

#12175000
1!
b11 &
12
b11 6
b0 7

#12180000
0!
02

#12185000
1!
b110 &
12
b110 6
b1 7

#12190000
0!
02

#12195000
1!
b1100 &
12
b1100 6
b10 7

#12200000
0!
02

#12205000
1!
b1001 &
12
b1001 6
b11 7

#12210000
0!
02

#12215000
1!
b11 &
12
b11 6
b0 7

#12220000
0!
02

#12225000
1!
b110 &
12
b110 6
b1 7

#12230000
0!
02

#12235000
1!
b1100 &
12
b1100 6
b10 7

#12240000
0!
02

#12245000
1!
b1001 &
12
b1001 6
b11 7

#12250000
0!
02

#12255000
1!
b11 &
12
b11 6
b0 7

#12260000
0!
02

#12265000
1!
b110 &
12
b110 6
b1 7

#12270000
0!
02

#12275000
1!
b1100 &
12
b1100 6
b10 7

#12280000
0!
02

#12285000
1!
b1001 &
12
b1001 6
b11 7

#12290000
0!
02

#12295000
1!
b11 &
12
b11 6
b0 7

#12300000
0!
02

#12305000
1!
b110 &
12
b110 6
b1 7

#12310000
0!
02

#12315000
1!
b1100 &
12
b1100 6
b10 7

#12320000
0!
02

#12325000
1!
b1001 &
12
b1001 6
b11 7

#12330000
0!
02

#12335000
1!
b11 &
12
b11 6
b0 7

#12340000
0!
02

#12345000
1!
b110 &
12
b110 6
b1 7

#12350000
0!
02

#12355000
1!
b1100 &
12
b1100 6
b10 7

#12360000
0!
02

#12365000
1!
b1001 &
12
b1001 6
b11 7

#12370000
0!
02

#12375000
1!
b11 &
12
b11 6
b0 7

#12380000
0!
02

#12385000
1!
b110 &
12
b110 6
b1 7

#12390000
0!
02

#12395000
1!
b1100 &
12
b1100 6
b10 7

#12400000
0!
02

#12405000
1!
b1001 &
12
b1001 6
b11 7

#12410000
0!
02

#12415000
1!
b11 &
12
b11 6
b0 7

#12420000
0!
02

#12425000
1!
b110 &
12
b110 6
b1 7

#12430000
0!
02

#12435000
1!
b1100 &
12
b1100 6
b10 7

#12440000
0!
02

#12445000
1!
b1001 &
12
b1001 6
b11 7

#12450000
0!
02

#12455000
1!
b11 &
12
b11 6
b0 7

#12460000
0!
02

#12465000
1!
b110 &
12
b110 6
b1 7

#12470000
0!
02

#12475000
1!
b1100 &
12
b1100 6
b10 7

#12480000
0!
02

#12485000
1!
b1001 &
12
b1001 6
b11 7

#12490000
0!
02

#12495000
1!
b11 &
12
b11 6
b0 7

#12500000
0!
02

#12505000
1!
b110 &
12
b110 6
b1 7

#12510000
0!
02

#12515000
1!
b1100 &
12
b1100 6
b10 7

#12520000
0!
02

#12525000
1!
b1001 &
12
b1001 6
b11 7

#12530000
0!
02

#12535000
1!
b11 &
12
b11 6
b0 7

#12540000
0!
02

#12545000
1!
b110 &
12
b110 6
b1 7

#12550000
0!
02

#12555000
1!
b1100 &
12
b1100 6
b10 7

#12560000
0!
02

#12565000
1!
b1001 &
12
b1001 6
b11 7

#12570000
0!
02

#12575000
1!
b11 &
12
b11 6
b0 7

#12580000
0!
02

#12585000
1!
b110 &
12
b110 6
b1 7

#12590000
0!
02

#12595000
1!
b1100 &
12
b1100 6
b10 7

#12600000
0!
02

#12605000
1!
b1001 &
12
b1001 6
b11 7

#12610000
0!
02

#12615000
1!
b11 &
12
b11 6
b0 7

#12620000
0!
02

#12625000
1!
b110 &
12
b110 6
b1 7

#12630000
0!
02

#12635000
1!
b1100 &
12
b1100 6
b10 7

#12640000
0!
02

#12645000
1!
b1001 &
12
b1001 6
b11 7

#12650000
0!
02

#12655000
1!
b11 &
12
b11 6
b0 7

#12660000
0!
02

#12665000
1!
b110 &
12
b110 6
b1 7

#12670000
0!
02

#12675000
1!
b1100 &
12
b1100 6
b10 7

#12680000
0!
02

#12685000
1!
b1001 &
12
b1001 6
b11 7

#12690000
0!
02

#12695000
1!
b11 &
12
b11 6
b0 7

#12700000
0!
02

#12705000
1!
b110 &
12
b110 6
b1 7

#12710000
0!
02

#12715000
1!
b1100 &
12
b1100 6
b10 7

#12720000
0!
02

#12725000
1!
b1001 &
12
b1001 6
b11 7

#12730000
0!
02

#12735000
1!
b11 &
12
b11 6
b0 7

#12740000
0!
02

#12745000
1!
b110 &
12
b110 6
b1 7

#12750000
0!
02

#12755000
1!
b1100 &
12
b1100 6
b10 7

#12760000
0!
02

#12765000
1!
b1001 &
12
b1001 6
b11 7

#12770000
0!
02

#12775000
1!
b11 &
12
b11 6
b0 7

#12780000
0!
02

#12785000
1!
b110 &
12
b110 6
b1 7

#12790000
0!
02

#12795000
1!
b1100 &
12
b1100 6
b10 7

#12800000
0!
02

#12805000
1!
b1001 &
12
b1001 6
b11 7

#12810000
0!
02

#12815000
1!
b11 &
12
b11 6
b0 7

#12820000
0!
02

#12825000
1!
b110 &
12
b110 6
b1 7

#12830000
0!
02

#12835000
1!
b1100 &
12
b1100 6
b10 7

#12840000
0!
02

#12845000
1!
b1001 &
12
b1001 6
b11 7

#12850000
0!
02

#12855000
1!
b11 &
12
b11 6
b0 7

#12860000
0!
02

#12865000
1!
b110 &
12
b110 6
b1 7

#12870000
0!
02

#12875000
1!
b1100 &
12
b1100 6
b10 7

#12880000
0!
02

#12885000
1!
b1001 &
12
b1001 6
b11 7

#12890000
0!
02

#12895000
1!
b11 &
12
b11 6
b0 7

#12900000
0!
02

#12905000
1!
b110 &
12
b110 6
b1 7

#12910000
0!
02

#12915000
1!
b1100 &
12
b1100 6
b10 7

#12920000
0!
02

#12925000
1!
b1001 &
12
b1001 6
b11 7

#12930000
0!
02

#12935000
1!
b11 &
12
b11 6
b0 7

#12940000
0!
02

#12945000
1!
b110 &
12
b110 6
b1 7

#12950000
0!
02

#12955000
1!
b1100 &
12
b1100 6
b10 7

#12960000
0!
02

#12965000
1!
b1001 &
12
b1001 6
b11 7

#12970000
0!
02

#12975000
1!
b11 &
12
b11 6
b0 7

#12980000
0!
02

#12985000
1!
b110 &
12
b110 6
b1 7

#12990000
0!
02

#12995000
1!
b1100 &
12
b1100 6
b10 7

#13000000
0!
02

#13005000
1!
b1001 &
12
b1001 6
b11 7

#13010000
0!
02

#13015000
1!
b11 &
12
b11 6
b0 7

#13020000
0!
02

#13025000
1!
b110 &
12
b110 6
b1 7

#13030000
0!
02

#13035000
1!
b1100 &
12
b1100 6
b10 7

#13040000
0!
02

#13045000
1!
b1001 &
12
b1001 6
b11 7

#13050000
0!
02

#13055000
1!
b11 &
12
b11 6
b0 7

#13060000
0!
02

#13065000
1!
b110 &
12
b110 6
b1 7

#13070000
0!
02

#13075000
1!
b1100 &
12
b1100 6
b10 7

#13080000
0!
02

#13085000
1!
b1001 &
12
b1001 6
b11 7

#13090000
0!
02

#13095000
1!
b11 &
12
b11 6
b0 7

#13100000
0!
02

#13105000
1!
b110 &
12
b110 6
b1 7

#13110000
0!
02

#13115000
1!
b1100 &
12
b1100 6
b10 7

#13120000
0!
02

#13125000
1!
b1001 &
12
b1001 6
b11 7

#13130000
0!
02

#13135000
1!
b11 &
12
b11 6
b0 7

#13140000
0!
02

#13145000
1!
b110 &
12
b110 6
b1 7

#13150000
0!
02

#13155000
1!
b1100 &
12
b1100 6
b10 7

#13160000
0!
02

#13165000
1!
b1001 &
12
b1001 6
b11 7

#13170000
0!
02

#13175000
1!
b11 &
12
b11 6
b0 7

#13180000
0!
02

#13185000
1!
b110 &
12
b110 6
b1 7

#13190000
0!
02

#13195000
1!
b1100 &
12
b1100 6
b10 7

#13200000
0!
02

#13205000
1!
b1001 &
12
b1001 6
b11 7

#13210000
0!
02

#13215000
1!
b11 &
12
b11 6
b0 7

#13220000
0!
02

#13225000
1!
b110 &
12
b110 6
b1 7

#13230000
0!
02

#13235000
1!
b1100 &
12
b1100 6
b10 7

#13240000
0!
02

#13245000
1!
b1001 &
12
b1001 6
b11 7

#13250000
0!
02

#13255000
1!
b11 &
12
b11 6
b0 7

#13260000
0!
02

#13265000
1!
b110 &
12
b110 6
b1 7

#13270000
0!
02

#13275000
1!
b1100 &
12
b1100 6
b10 7

#13280000
0!
02

#13285000
1!
b1001 &
12
b1001 6
b11 7

#13290000
0!
02

#13295000
1!
b11 &
12
b11 6
b0 7

#13300000
0!
02

#13305000
1!
b110 &
12
b110 6
b1 7

#13310000
0!
02

#13315000
1!
b1100 &
12
b1100 6
b10 7

#13320000
0!
02

#13325000
1!
b1001 &
12
b1001 6
b11 7

#13330000
0!
02

#13335000
1!
b11 &
12
b11 6
b0 7

#13340000
0!
02

#13345000
1!
b110 &
12
b110 6
b1 7

#13350000
0!
02

#13355000
1!
b1100 &
12
b1100 6
b10 7

#13360000
0!
02

#13365000
1!
b1001 &
12
b1001 6
b11 7

#13370000
0!
02

#13375000
1!
b11 &
12
b11 6
b0 7

#13380000
0!
02

#13385000
1!
b110 &
12
b110 6
b1 7

#13390000
0!
02

#13395000
1!
b1100 &
12
b1100 6
b10 7

#13400000
0!
02

#13405000
1!
b1001 &
12
b1001 6
b11 7

#13410000
0!
02

#13415000
1!
b11 &
12
b11 6
b0 7

#13420000
0!
02

#13425000
1!
b110 &
12
b110 6
b1 7

#13430000
0!
02

#13435000
1!
b1100 &
12
b1100 6
b10 7

#13440000
0!
02

#13445000
1!
b1001 &
12
b1001 6
b11 7

#13450000
0!
02

#13455000
1!
b11 &
12
b11 6
b0 7

#13460000
0!
02

#13465000
1!
b110 &
12
b110 6
b1 7

#13470000
0!
02

#13475000
1!
b1100 &
12
b1100 6
b10 7

#13480000
0!
02

#13485000
1!
b1001 &
12
b1001 6
b11 7

#13490000
0!
02

#13495000
1!
b11 &
12
b11 6
b0 7

#13500000
0!
02

#13505000
1!
b110 &
12
b110 6
b1 7

#13510000
0!
02

#13515000
1!
b1100 &
12
b1100 6
b10 7

#13520000
0!
02

#13525000
1!
b1001 &
12
b1001 6
b11 7

#13530000
0!
02

#13535000
1!
b11 &
12
b11 6
b0 7

#13540000
0!
02

#13545000
1!
b110 &
12
b110 6
b1 7

#13550000
0!
02

#13555000
1!
b1100 &
12
b1100 6
b10 7

#13560000
0!
02

#13565000
1!
b1001 &
12
b1001 6
b11 7

#13570000
0!
02

#13575000
1!
b11 &
12
b11 6
b0 7

#13580000
0!
02

#13585000
1!
b110 &
12
b110 6
b1 7

#13590000
0!
02

#13595000
1!
b1100 &
12
b1100 6
b10 7

#13600000
0!
02

#13605000
1!
b1001 &
12
b1001 6
b11 7

#13610000
0!
02

#13615000
1!
b11 &
12
b11 6
b0 7

#13620000
0!
02

#13625000
1!
b110 &
12
b110 6
b1 7

#13630000
0!
02

#13635000
1!
b1100 &
12
b1100 6
b10 7

#13640000
0!
02

#13645000
1!
b1001 &
12
b1001 6
b11 7

#13650000
0!
02

#13655000
1!
b11 &
12
b11 6
b0 7

#13660000
0!
02

#13665000
1!
b110 &
12
b110 6
b1 7

#13670000
0!
02

#13675000
1!
b1100 &
12
b1100 6
b10 7

#13680000
0!
02

#13685000
1!
b1001 &
12
b1001 6
b11 7

#13690000
0!
02

#13695000
1!
b11 &
12
b11 6
b0 7

#13700000
0!
02

#13705000
1!
b110 &
12
b110 6
b1 7

#13710000
0!
02

#13715000
1!
b1100 &
12
b1100 6
b10 7

#13720000
0!
02

#13725000
1!
b1001 &
12
b1001 6
b11 7

#13730000
0!
02

#13735000
1!
b11 &
12
b11 6
b0 7

#13740000
0!
02

#13745000
1!
b110 &
12
b110 6
b1 7

#13750000
0!
02

#13755000
1!
b1100 &
12
b1100 6
b10 7

#13760000
0!
02

#13765000
1!
b1001 &
12
b1001 6
b11 7

#13770000
0!
02

#13775000
1!
b11 &
12
b11 6
b0 7

#13780000
0!
02

#13785000
1!
b110 &
12
b110 6
b1 7

#13790000
0!
02

#13795000
1!
b1100 &
12
b1100 6
b10 7

#13800000
0!
02

#13805000
1!
b1001 &
12
b1001 6
b11 7

#13810000
0!
02

#13815000
1!
b11 &
12
b11 6
b0 7

#13820000
0!
02

#13825000
1!
b110 &
12
b110 6
b1 7

#13830000
0!
02

#13835000
1!
b1100 &
12
b1100 6
b10 7

#13840000
0!
02

#13845000
1!
b1001 &
12
b1001 6
b11 7

#13850000
0!
02

#13855000
1!
b11 &
12
b11 6
b0 7

#13860000
0!
02

#13865000
1!
b110 &
12
b110 6
b1 7

#13870000
0!
02

#13875000
1!
b1100 &
12
b1100 6
b10 7

#13880000
0!
02

#13885000
1!
b1001 &
12
b1001 6
b11 7

#13890000
0!
02

#13895000
1!
b11 &
12
b11 6
b0 7

#13900000
0!
02

#13905000
1!
b110 &
12
b110 6
b1 7

#13910000
0!
02

#13915000
1!
b1100 &
12
b1100 6
b10 7

#13920000
0!
02

#13925000
1!
b1001 &
12
b1001 6
b11 7

#13930000
0!
02

#13935000
1!
b11 &
12
b11 6
b0 7

#13940000
0!
02

#13945000
1!
b110 &
12
b110 6
b1 7

#13950000
0!
02

#13955000
1!
b1100 &
12
b1100 6
b10 7

#13960000
0!
02

#13965000
1!
b1001 &
12
b1001 6
b11 7

#13970000
0!
02

#13975000
1!
b11 &
12
b11 6
b0 7

#13980000
0!
02

#13985000
1!
b110 &
12
b110 6
b1 7

#13990000
0!
02

#13995000
1!
b1100 &
12
b1100 6
b10 7

#14000000
0!
02

#14005000
1!
b1001 &
12
b1001 6
b11 7

#14010000
0!
02

#14015000
1!
b11 &
12
b11 6
b0 7

#14020000
0!
02

#14025000
1!
b110 &
12
b110 6
b1 7

#14030000
0!
02

#14035000
1!
b1100 &
12
b1100 6
b10 7

#14040000
0!
02

#14045000
1!
b1001 &
12
b1001 6
b11 7

#14050000
0!
02

#14055000
1!
b11 &
12
b11 6
b0 7

#14060000
0!
02

#14065000
1!
b110 &
12
b110 6
b1 7

#14070000
0!
02

#14075000
1!
b1100 &
12
b1100 6
b10 7

#14080000
0!
02

#14085000
1!
b1001 &
12
b1001 6
b11 7

#14090000
0!
02

#14095000
1!
b11 &
12
b11 6
b0 7

#14100000
0!
02

#14105000
1!
b110 &
12
b110 6
b1 7

#14110000
0!
02

#14115000
1!
b1100 &
12
b1100 6
b10 7

#14120000
0!
02

#14125000
1!
b1001 &
12
b1001 6
b11 7

#14130000
0!
02

#14135000
1!
b11 &
12
b11 6
b0 7

#14140000
0!
02

#14145000
1!
b110 &
12
b110 6
b1 7

#14150000
0!
02

#14155000
1!
b1100 &
12
b1100 6
b10 7

#14160000
0!
02

#14165000
1!
b1001 &
12
b1001 6
b11 7

#14170000
0!
02

#14175000
1!
b11 &
12
b11 6
b0 7

#14180000
0!
02

#14185000
1!
b110 &
12
b110 6
b1 7

#14190000
0!
02

#14195000
1!
b1100 &
12
b1100 6
b10 7

#14200000
0!
02

#14205000
1!
b1001 &
12
b1001 6
b11 7

#14210000
0!
02

#14215000
1!
b11 &
12
b11 6
b0 7

#14220000
0!
02

#14225000
1!
b110 &
12
b110 6
b1 7

#14230000
0!
02

#14235000
1!
b1100 &
12
b1100 6
b10 7

#14240000
0!
02

#14245000
1!
b1001 &
12
b1001 6
b11 7

#14250000
0!
02

#14255000
1!
b11 &
12
b11 6
b0 7

#14260000
0!
02

#14265000
1!
b110 &
12
b110 6
b1 7

#14270000
0!
02

#14275000
1!
b1100 &
12
b1100 6
b10 7

#14280000
0!
02

#14285000
1!
b1001 &
12
b1001 6
b11 7

#14290000
0!
02

#14295000
1!
b11 &
12
b11 6
b0 7

#14300000
0!
02

#14305000
1!
b110 &
12
b110 6
b1 7

#14310000
0!
02

#14315000
1!
b1100 &
12
b1100 6
b10 7

#14320000
0!
02

#14325000
1!
b1001 &
12
b1001 6
b11 7

#14330000
0!
02

#14335000
1!
b11 &
12
b11 6
b0 7

#14340000
0!
02

#14345000
1!
b110 &
12
b110 6
b1 7

#14350000
0!
02

#14355000
1!
b1100 &
12
b1100 6
b10 7

#14360000
0!
02

#14365000
1!
b1001 &
12
b1001 6
b11 7

#14370000
0!
02

#14375000
1!
b11 &
12
b11 6
b0 7

#14380000
0!
02

#14385000
1!
b110 &
12
b110 6
b1 7

#14390000
0!
02

#14395000
1!
b1100 &
12
b1100 6
b10 7

#14400000
0!
02

#14405000
1!
b1001 &
12
b1001 6
b11 7

#14410000
0!
02

#14415000
1!
b11 &
12
b11 6
b0 7

#14420000
0!
02

#14425000
1!
b110 &
12
b110 6
b1 7

#14430000
0!
02

#14435000
1!
b1100 &
12
b1100 6
b10 7

#14440000
0!
02

#14445000
1!
b1001 &
12
b1001 6
b11 7

#14450000
0!
02

#14455000
1!
b11 &
12
b11 6
b0 7

#14460000
0!
02

#14465000
1!
b110 &
12
b110 6
b1 7

#14470000
0!
02

#14475000
1!
b1100 &
12
b1100 6
b10 7

#14480000
0!
02

#14485000
1!
b1001 &
12
b1001 6
b11 7

#14490000
0!
02

#14495000
1!
b11 &
12
b11 6
b0 7

#14500000
0!
02

#14505000
1!
b110 &
12
b110 6
b1 7

#14510000
0!
02

#14515000
1!
b1100 &
12
b1100 6
b10 7

#14520000
0!
02

#14525000
1!
b1001 &
12
b1001 6
b11 7

#14530000
0!
02

#14535000
1!
b11 &
12
b11 6
b0 7

#14540000
0!
02

#14545000
1!
b110 &
12
b110 6
b1 7

#14550000
0!
02

#14555000
1!
b1100 &
12
b1100 6
b10 7

#14560000
0!
02

#14565000
1!
b1001 &
12
b1001 6
b11 7

#14570000
0!
02

#14575000
1!
b11 &
12
b11 6
b0 7

#14580000
0!
02

#14585000
1!
b110 &
12
b110 6
b1 7

#14590000
0!
02

#14595000
1!
b1100 &
12
b1100 6
b10 7

#14600000
0!
02

#14605000
1!
b1001 &
12
b1001 6
b11 7

#14610000
0!
02

#14615000
1!
b11 &
12
b11 6
b0 7

#14620000
0!
02

#14625000
1!
b110 &
12
b110 6
b1 7

#14630000
0!
02

#14635000
1!
b1100 &
12
b1100 6
b10 7

#14640000
0!
02

#14645000
1!
b1001 &
12
b1001 6
b11 7

#14650000
0!
02

#14655000
1!
b11 &
12
b11 6
b0 7

#14660000
0!
02

#14665000
1!
b110 &
12
b110 6
b1 7

#14670000
0!
02

#14675000
1!
b1100 &
12
b1100 6
b10 7

#14680000
0!
02

#14685000
1!
b1001 &
12
b1001 6
b11 7

#14690000
0!
02

#14695000
1!
b11 &
12
b11 6
b0 7

#14700000
0!
02

#14705000
1!
b110 &
12
b110 6
b1 7

#14710000
0!
02

#14715000
1!
b1100 &
12
b1100 6
b10 7

#14720000
0!
02

#14725000
1!
b1001 &
12
b1001 6
b11 7

#14730000
0!
02

#14735000
1!
b11 &
12
b11 6
b0 7

#14740000
0!
02

#14745000
1!
b110 &
12
b110 6
b1 7

#14750000
0!
02

#14755000
1!
b1100 &
12
b1100 6
b10 7

#14760000
0!
02

#14765000
1!
b1001 &
12
b1001 6
b11 7

#14770000
0!
02

#14775000
1!
b11 &
12
b11 6
b0 7

#14780000
0!
02

#14785000
1!
b110 &
12
b110 6
b1 7

#14790000
0!
02

#14795000
1!
b1100 &
12
b1100 6
b10 7

#14800000
0!
02

#14805000
1!
b1001 &
12
b1001 6
b11 7

#14810000
0!
02

#14815000
1!
b11 &
12
b11 6
b0 7

#14820000
0!
02

#14825000
1!
b110 &
12
b110 6
b1 7

#14830000
0!
02

#14835000
1!
b1100 &
12
b1100 6
b10 7

#14840000
0!
02

#14845000
1!
b1001 &
12
b1001 6
b11 7

#14850000
0!
02

#14855000
1!
b11 &
12
b11 6
b0 7

#14860000
0!
02

#14865000
1!
b110 &
12
b110 6
b1 7

#14870000
0!
02

#14875000
1!
b1100 &
12
b1100 6
b10 7

#14880000
0!
02

#14885000
1!
b1001 &
12
b1001 6
b11 7

#14890000
0!
02

#14895000
1!
b11 &
12
b11 6
b0 7

#14900000
0!
02

#14905000
1!
b110 &
12
b110 6
b1 7

#14910000
0!
02

#14915000
1!
b1100 &
12
b1100 6
b10 7

#14920000
0!
02

#14925000
1!
b1001 &
12
b1001 6
b11 7

#14930000
0!
02

#14935000
1!
b11 &
12
b11 6
b0 7

#14940000
0!
02

#14945000
1!
b110 &
12
b110 6
b1 7

#14950000
0!
02

#14955000
1!
b1100 &
12
b1100 6
b10 7

#14960000
0!
02

#14965000
1!
b1001 &
12
b1001 6
b11 7

#14970000
0!
02

#14975000
1!
b11 &
12
b11 6
b0 7

#14980000
0!
02

#14985000
1!
b110 &
12
b110 6
b1 7

#14990000
0!
02

#14995000
1!
b1100 &
12
b1100 6
b10 7

#15000000
0!
02

#15005000
1!
b1001 &
12
b1001 6
b11 7

#15010000
0!
02

#15015000
1!
b11 &
12
b11 6
b0 7

#15020000
0!
02

#15025000
1!
b110 &
12
b110 6
b1 7

#15030000
0!
02

#15035000
1!
b1100 &
12
b1100 6
b10 7

#15040000
0!
02

#15045000
1!
b1001 &
12
b1001 6
b11 7

#15050000
0!
02

#15055000
1!
b11 &
12
b11 6
b0 7

#15060000
0!
02

#15065000
1!
b110 &
12
b110 6
b1 7

#15070000
0!
02

#15075000
1!
b1100 &
12
b1100 6
b10 7

#15080000
0!
02

#15085000
1!
b1001 &
12
b1001 6
b11 7

#15090000
0!
02

#15095000
1!
b11 &
12
b11 6
b0 7

#15100000
0!
02

#15105000
1!
b110 &
12
b110 6
b1 7

#15110000
0!
02

#15115000
1!
b1100 &
12
b1100 6
b10 7

#15120000
0!
02

#15125000
1!
b1001 &
12
b1001 6
b11 7

#15130000
0!
02

#15135000
1!
b11 &
12
b11 6
b0 7

#15140000
0!
02

#15145000
1!
b110 &
12
b110 6
b1 7

#15150000
0!
02

#15155000
1!
b1100 &
12
b1100 6
b10 7

#15160000
0!
02

#15165000
1!
b1001 &
12
b1001 6
b11 7

#15170000
0!
02

#15175000
1!
b11 &
12
b11 6
b0 7

#15180000
0!
02

#15185000
1!
b110 &
12
b110 6
b1 7

#15190000
0!
02

#15195000
1!
b1100 &
12
b1100 6
b10 7

#15200000
0!
02

#15205000
1!
b1001 &
12
b1001 6
b11 7

#15210000
0!
02

#15215000
1!
b11 &
12
b11 6
b0 7

#15220000
0!
02

#15225000
1!
b110 &
12
b110 6
b1 7

#15230000
0!
02

#15235000
1!
b1100 &
12
b1100 6
b10 7

#15240000
0!
02

#15245000
1!
b1001 &
12
b1001 6
b11 7

#15250000
0!
02

#15255000
1!
b11 &
12
b11 6
b0 7

#15260000
0!
02

#15265000
1!
b110 &
12
b110 6
b1 7

#15270000
0!
02

#15275000
1!
b1100 &
12
b1100 6
b10 7

#15280000
0!
02

#15285000
1!
b1001 &
12
b1001 6
b11 7

#15290000
0!
02

#15295000
1!
b11 &
12
b11 6
b0 7

#15300000
0!
02

#15305000
1!
b110 &
12
b110 6
b1 7

#15310000
0!
02

#15315000
1!
b1100 &
12
b1100 6
b10 7

#15320000
0!
02

#15325000
1!
b1001 &
12
b1001 6
b11 7

#15330000
0!
02

#15335000
1!
b11 &
12
b11 6
b0 7

#15340000
0!
02

#15345000
1!
b110 &
12
b110 6
b1 7

#15350000
0!
02

#15355000
1!
b1100 &
12
b1100 6
b10 7

#15360000
0!
02

#15365000
1!
b1001 &
12
b1001 6
b11 7

#15370000
0!
02

#15375000
1!
b11 &
12
b11 6
b0 7

#15380000
0!
02

#15385000
1!
b110 &
12
b110 6
b1 7

#15390000
0!
02

#15395000
1!
b1100 &
12
b1100 6
b10 7

#15400000
0!
02

#15405000
1!
b1001 &
12
b1001 6
b11 7

#15410000
0!
02

#15415000
1!
b11 &
12
b11 6
b0 7

#15420000
0!
02

#15425000
1!
b110 &
12
b110 6
b1 7

#15430000
0!
02

#15435000
1!
b1100 &
12
b1100 6
b10 7

#15440000
0!
02

#15445000
1!
b1001 &
12
b1001 6
b11 7

#15450000
0!
02

#15455000
1!
b11 &
12
b11 6
b0 7

#15460000
0!
02

#15465000
1!
b110 &
12
b110 6
b1 7

#15470000
0!
02

#15475000
1!
b1100 &
12
b1100 6
b10 7

#15480000
0!
02

#15485000
1!
b1001 &
12
b1001 6
b11 7

#15490000
0!
02

#15495000
1!
b11 &
12
b11 6
b0 7

#15500000
0!
02

#15505000
1!
b110 &
12
b110 6
b1 7

#15510000
0!
02

#15515000
1!
b1100 &
12
b1100 6
b10 7

#15520000
0!
02

#15525000
1!
b1001 &
12
b1001 6
b11 7

#15530000
0!
02

#15535000
1!
b11 &
12
b11 6
b0 7

#15540000
0!
02

#15545000
1!
b110 &
12
b110 6
b1 7

#15550000
0!
02

#15555000
1!
b1100 &
12
b1100 6
b10 7

#15560000
0!
02

#15565000
1!
b1001 &
12
b1001 6
b11 7

#15570000
0!
02

#15575000
1!
b11 &
12
b11 6
b0 7

#15580000
0!
02

#15585000
1!
b110 &
12
b110 6
b1 7

#15590000
0!
02

#15595000
1!
b1100 &
12
b1100 6
b10 7

#15600000
0!
02

#15605000
1!
b1001 &
12
b1001 6
b11 7

#15610000
0!
02

#15615000
1!
b11 &
12
b11 6
b0 7

#15620000
0!
02

#15625000
1!
b110 &
12
b110 6
b1 7

#15630000
0!
02

#15635000
1!
b1100 &
12
b1100 6
b10 7

#15640000
0!
02

#15645000
1!
b1001 &
12
b1001 6
b11 7

#15650000
0!
02

#15655000
1!
b11 &
12
b11 6
b0 7

#15660000
0!
02

#15665000
1!
b110 &
12
b110 6
b1 7

#15670000
0!
02

#15675000
1!
b1100 &
12
b1100 6
b10 7

#15680000
0!
02

#15685000
1!
b1001 &
12
b1001 6
b11 7

#15690000
0!
02

#15695000
1!
b11 &
12
b11 6
b0 7

#15700000
0!
02

#15705000
1!
b110 &
12
b110 6
b1 7

#15710000
0!
02

#15715000
1!
b1100 &
12
b1100 6
b10 7

#15720000
0!
02

#15725000
1!
b1001 &
12
b1001 6
b11 7

#15730000
0!
02

#15735000
1!
b11 &
12
b11 6
b0 7

#15740000
0!
02

#15745000
1!
b110 &
12
b110 6
b1 7

#15750000
0!
02

#15755000
1!
b1100 &
12
b1100 6
b10 7

#15760000
0!
02

#15765000
1!
b1001 &
12
b1001 6
b11 7

#15770000
0!
02

#15775000
1!
b11 &
12
b11 6
b0 7

#15780000
0!
02

#15785000
1!
b110 &
12
b110 6
b1 7

#15790000
0!
02

#15795000
1!
b1100 &
12
b1100 6
b10 7

#15800000
0!
02

#15805000
1!
b1001 &
12
b1001 6
b11 7

#15810000
0!
02

#15815000
1!
b11 &
12
b11 6
b0 7

#15820000
0!
02

#15825000
1!
b110 &
12
b110 6
b1 7

#15830000
0!
02

#15835000
1!
b1100 &
12
b1100 6
b10 7

#15840000
0!
02

#15845000
1!
b1001 &
12
b1001 6
b11 7

#15850000
0!
02

#15855000
1!
b11 &
12
b11 6
b0 7

#15860000
0!
02

#15865000
1!
b110 &
12
b110 6
b1 7

#15870000
0!
02

#15875000
1!
b1100 &
12
b1100 6
b10 7

#15880000
0!
02

#15885000
1!
b1001 &
12
b1001 6
b11 7

#15890000
0!
02

#15895000
1!
b11 &
12
b11 6
b0 7

#15900000
0!
02

#15905000
1!
b110 &
12
b110 6
b1 7

#15910000
0!
02

#15915000
1!
b1100 &
12
b1100 6
b10 7

#15920000
0!
02

#15925000
1!
b1001 &
12
b1001 6
b11 7

#15930000
0!
02

#15935000
1!
b11 &
12
b11 6
b0 7

#15940000
0!
02

#15945000
1!
b110 &
12
b110 6
b1 7

#15950000
0!
02

#15955000
1!
b1100 &
12
b1100 6
b10 7

#15960000
0!
02

#15965000
1!
b1001 &
12
b1001 6
b11 7

#15970000
0!
02

#15975000
1!
b11 &
12
b11 6
b0 7

#15980000
0!
02

#15985000
1!
b110 &
12
b110 6
b1 7

#15990000
0!
02

#15995000
1!
b1100 &
12
b1100 6
b10 7

#16000000
0!
02

#16005000
1!
b1001 &
12
b1001 6
b11 7

#16010000
0!
02

#16015000
1!
b11 &
12
b11 6
b0 7

#16020000
0!
02

#16025000
1!
b110 &
12
b110 6
b1 7

#16030000
0!
02

#16035000
1!
b1100 &
12
b1100 6
b10 7

#16040000
0!
02

#16045000
1!
b1001 &
12
b1001 6
b11 7

#16050000
0!
02

#16055000
1!
b11 &
12
b11 6
b0 7

#16060000
0!
02

#16065000
1!
b110 &
12
b110 6
b1 7

#16070000
0!
02

#16075000
1!
b1100 &
12
b1100 6
b10 7

#16080000
0!
02

#16085000
1!
b1001 &
12
b1001 6
b11 7

#16090000
0!
02

#16095000
1!
b11 &
12
b11 6
b0 7

#16100000
0!
02

#16105000
1!
b110 &
12
b110 6
b1 7

#16110000
0!
02

#16115000
1!
b1100 &
12
b1100 6
b10 7

#16120000
0!
02

#16125000
1!
b1001 &
12
b1001 6
b11 7

#16130000
0!
02

#16135000
1!
b11 &
12
b11 6
b0 7

#16140000
0!
02

#16145000
1!
b110 &
12
b110 6
b1 7

#16150000
0!
02

#16155000
1!
b1100 &
12
b1100 6
b10 7

#16160000
0!
02

#16165000
1!
b1001 &
12
b1001 6
b11 7

#16170000
0!
02

#16175000
1!
b11 &
12
b11 6
b0 7

#16180000
0!
02

#16185000
1!
b110 &
12
b110 6
b1 7

#16190000
0!
02

#16195000
1!
b1100 &
12
b1100 6
b10 7

#16200000
0!
02

#16205000
1!
b1001 &
12
b1001 6
b11 7

#16210000
0!
02

#16215000
1!
b11 &
12
b11 6
b0 7

#16220000
0!
02

#16225000
1!
b110 &
12
b110 6
b1 7

#16230000
0!
02

#16235000
1!
b1100 &
12
b1100 6
b10 7

#16240000
0!
02

#16245000
1!
b1001 &
12
b1001 6
b11 7

#16250000
0!
02

#16255000
1!
b11 &
12
b11 6
b0 7

#16260000
0!
02

#16265000
1!
b110 &
12
b110 6
b1 7

#16270000
0!
02

#16275000
1!
b1100 &
12
b1100 6
b10 7

#16280000
0!
02

#16285000
1!
b1001 &
12
b1001 6
b11 7

#16290000
0!
02

#16295000
1!
b11 &
12
b11 6
b0 7

#16300000
0!
02

#16305000
1!
b110 &
12
b110 6
b1 7

#16310000
0!
02

#16315000
1!
b1100 &
12
b1100 6
b10 7

#16320000
0!
02

#16325000
1!
b1001 &
12
b1001 6
b11 7

#16330000
0!
02

#16335000
1!
b11 &
12
b11 6
b0 7

#16340000
0!
02

#16345000
1!
b110 &
12
b110 6
b1 7

#16350000
0!
02

#16355000
1!
b1100 &
12
b1100 6
b10 7

#16360000
0!
02

#16365000
1!
b1001 &
12
b1001 6
b11 7

#16370000
0!
02

#16375000
1!
b11 &
12
b11 6
b0 7

#16380000
0!
02

#16385000
1!
b110 &
12
b110 6
b1 7

#16390000
0!
02

#16395000
1!
b1100 &
12
b1100 6
b10 7

#16400000
0!
02

#16405000
1!
b1001 &
12
b1001 6
b11 7

#16410000
0!
02

#16415000
1!
b11 &
12
b11 6
b0 7

#16420000
0!
02

#16425000
1!
b110 &
12
b110 6
b1 7

#16430000
0!
02

#16435000
1!
b1100 &
12
b1100 6
b10 7

#16440000
0!
02

#16445000
1!
b1001 &
12
b1001 6
b11 7

#16450000
0!
02

#16455000
1!
b11 &
12
b11 6
b0 7

#16460000
0!
02

#16465000
1!
b110 &
12
b110 6
b1 7

#16470000
0!
02

#16475000
1!
b1100 &
12
b1100 6
b10 7

#16480000
0!
02

#16485000
1!
b1001 &
12
b1001 6
b11 7

#16490000
0!
02

#16495000
1!
b11 &
12
b11 6
b0 7

#16500000
0!
02

#16505000
1!
b110 &
12
b110 6
b1 7

#16510000
0!
02

#16515000
1!
b1100 &
12
b1100 6
b10 7

#16520000
0!
02

#16525000
1!
b1001 &
12
b1001 6
b11 7

#16530000
0!
02

#16535000
1!
b11 &
12
b11 6
b0 7

#16540000
0!
02

#16545000
1!
b110 &
12
b110 6
b1 7

#16550000
0!
02

#16555000
1!
b1100 &
12
b1100 6
b10 7

#16560000
0!
02

#16565000
1!
b1001 &
12
b1001 6
b11 7

#16570000
0!
02

#16575000
1!
b11 &
12
b11 6
b0 7

#16580000
0!
02

#16585000
1!
b110 &
12
b110 6
b1 7

#16590000
0!
02

#16595000
1!
b1100 &
12
b1100 6
b10 7

#16600000
0!
02

#16605000
1!
b1001 &
12
b1001 6
b11 7

#16610000
0!
02

#16615000
1!
b11 &
12
b11 6
b0 7

#16620000
0!
02

#16625000
1!
b110 &
12
b110 6
b1 7

#16630000
0!
02

#16635000
1!
b1100 &
12
b1100 6
b10 7

#16640000
0!
02

#16645000
1!
b1001 &
12
b1001 6
b11 7

#16650000
0!
02

#16655000
1!
b11 &
12
b11 6
b0 7

#16660000
0!
02

#16665000
1!
b110 &
12
b110 6
b1 7

#16670000
0!
02

#16675000
1!
b1100 &
12
b1100 6
b10 7

#16680000
0!
02

#16685000
1!
b1001 &
12
b1001 6
b11 7

#16690000
0!
02

#16695000
1!
b11 &
12
b11 6
b0 7

#16700000
0!
02

#16705000
1!
b110 &
12
b110 6
b1 7

#16710000
0!
02

#16715000
1!
b1100 &
12
b1100 6
b10 7

#16720000
0!
02

#16725000
1!
b1001 &
12
b1001 6
b11 7

#16730000
0!
02

#16735000
1!
b11 &
12
b11 6
b0 7

#16740000
0!
02

#16745000
1!
b110 &
12
b110 6
b1 7

#16750000
0!
02

#16755000
1!
b1100 &
12
b1100 6
b10 7

#16760000
0!
02

#16765000
1!
b1001 &
12
b1001 6
b11 7

#16770000
0!
02

#16775000
1!
b11 &
12
b11 6
b0 7

#16780000
0!
02

#16785000
1!
b110 &
12
b110 6
b1 7

#16790000
0!
02

#16795000
1!
b1100 &
12
b1100 6
b10 7

#16800000
0!
02

#16805000
1!
b1001 &
12
b1001 6
b11 7

#16810000
0!
02

#16815000
1!
b11 &
12
b11 6
b0 7

#16820000
0!
02

#16825000
1!
b110 &
12
b110 6
b1 7

#16830000
0!
02

#16835000
1!
b1100 &
12
b1100 6
b10 7

#16840000
0!
02

#16845000
1!
b1001 &
12
b1001 6
b11 7

#16850000
0!
02

#16855000
1!
b11 &
12
b11 6
b0 7

#16860000
0!
02

#16865000
1!
b110 &
12
b110 6
b1 7

#16870000
0!
02

#16875000
1!
b1100 &
12
b1100 6
b10 7

#16880000
0!
02

#16885000
1!
b1001 &
12
b1001 6
b11 7

#16890000
0!
02

#16895000
1!
b11 &
12
b11 6
b0 7

#16900000
0!
02

#16905000
1!
b110 &
12
b110 6
b1 7

#16910000
0!
02

#16915000
1!
b1100 &
12
b1100 6
b10 7

#16920000
0!
02

#16925000
1!
b1001 &
12
b1001 6
b11 7

#16930000
0!
02

#16935000
1!
b11 &
12
b11 6
b0 7

#16940000
0!
02

#16945000
1!
b110 &
12
b110 6
b1 7

#16950000
0!
02

#16955000
1!
b1100 &
12
b1100 6
b10 7

#16960000
0!
02

#16965000
1!
b1001 &
12
b1001 6
b11 7

#16970000
0!
02

#16975000
1!
b11 &
12
b11 6
b0 7

#16980000
0!
02

#16985000
1!
b110 &
12
b110 6
b1 7

#16990000
0!
02

#16995000
1!
b1100 &
12
b1100 6
b10 7

#17000000
0!
02

#17005000
1!
b1001 &
12
b1001 6
b11 7

#17010000
0!
02

#17015000
1!
b11 &
12
b11 6
b0 7

#17020000
0!
02

#17025000
1!
b110 &
12
b110 6
b1 7

#17030000
0!
02

#17035000
1!
b1100 &
12
b1100 6
b10 7

#17040000
0!
02

#17045000
1!
b1001 &
12
b1001 6
b11 7

#17050000
0!
02

#17055000
1!
b11 &
12
b11 6
b0 7

#17060000
0!
02

#17065000
1!
b110 &
12
b110 6
b1 7

#17070000
0!
02

#17075000
1!
b1100 &
12
b1100 6
b10 7

#17080000
0!
02

#17085000
1!
b1001 &
12
b1001 6
b11 7

#17090000
0!
02

#17095000
1!
b11 &
12
b11 6
b0 7

#17100000
0!
02

#17105000
1!
b110 &
12
b110 6
b1 7

#17110000
0!
02

#17115000
1!
b1100 &
12
b1100 6
b10 7

#17120000
0!
02

#17125000
1!
b1001 &
12
b1001 6
b11 7

#17130000
0!
02

#17135000
1!
b11 &
12
b11 6
b0 7

#17140000
0!
02

#17145000
1!
b110 &
12
b110 6
b1 7

#17150000
0!
02

#17155000
1!
b1100 &
12
b1100 6
b10 7

#17160000
0!
02

#17165000
1!
b1001 &
12
b1001 6
b11 7

#17170000
0!
02

#17175000
1!
b11 &
12
b11 6
b0 7

#17180000
0!
02

#17185000
1!
b110 &
12
b110 6
b1 7

#17190000
0!
02

#17195000
1!
b1100 &
12
b1100 6
b10 7

#17200000
0!
02

#17205000
1!
b1001 &
12
b1001 6
b11 7

#17210000
0!
02

#17215000
1!
b11 &
12
b11 6
b0 7

#17220000
0!
02

#17225000
1!
b110 &
12
b110 6
b1 7

#17230000
0!
02

#17235000
1!
b1100 &
12
b1100 6
b10 7

#17240000
0!
02

#17245000
1!
b1001 &
12
b1001 6
b11 7

#17250000
0!
02

#17255000
1!
b11 &
12
b11 6
b0 7

#17260000
0!
02

#17265000
1!
b110 &
12
b110 6
b1 7

#17270000
0!
02

#17275000
1!
b1100 &
12
b1100 6
b10 7

#17280000
0!
02

#17285000
1!
b1001 &
12
b1001 6
b11 7

#17290000
0!
02

#17295000
1!
b11 &
12
b11 6
b0 7

#17300000
0!
02

#17305000
1!
b110 &
12
b110 6
b1 7

#17310000
0!
02

#17315000
1!
b1100 &
12
b1100 6
b10 7

#17320000
0!
02

#17325000
1!
b1001 &
12
b1001 6
b11 7

#17330000
0!
02

#17335000
1!
b11 &
12
b11 6
b0 7

#17340000
0!
02

#17345000
1!
b110 &
12
b110 6
b1 7

#17350000
0!
02

#17355000
1!
b1100 &
12
b1100 6
b10 7

#17360000
0!
02

#17365000
1!
b1001 &
12
b1001 6
b11 7

#17370000
0!
02

#17375000
1!
b11 &
12
b11 6
b0 7

#17380000
0!
02

#17385000
1!
b110 &
12
b110 6
b1 7

#17390000
0!
02

#17395000
1!
b1100 &
12
b1100 6
b10 7

#17400000
0!
02

#17405000
1!
b1001 &
12
b1001 6
b11 7

#17410000
0!
02

#17415000
1!
b11 &
12
b11 6
b0 7

#17420000
0!
02

#17425000
1!
b110 &
12
b110 6
b1 7

#17430000
0!
02

#17435000
1!
b1100 &
12
b1100 6
b10 7

#17440000
0!
02

#17445000
1!
b1001 &
12
b1001 6
b11 7

#17450000
0!
02

#17455000
1!
b11 &
12
b11 6
b0 7

#17460000
0!
02

#17465000
1!
b110 &
12
b110 6
b1 7

#17470000
0!
02

#17475000
1!
b1100 &
12
b1100 6
b10 7

#17480000
0!
02

#17485000
1!
b1001 &
12
b1001 6
b11 7

#17490000
0!
02

#17495000
1!
b11 &
12
b11 6
b0 7

#17500000
0!
02

#17505000
1!
b110 &
12
b110 6
b1 7

#17510000
0!
02

#17515000
1!
b1100 &
12
b1100 6
b10 7

#17520000
0!
02

#17525000
1!
b1001 &
12
b1001 6
b11 7

#17530000
0!
02

#17535000
1!
b11 &
12
b11 6
b0 7

#17540000
0!
02

#17545000
1!
b110 &
12
b110 6
b1 7

#17550000
0!
02

#17555000
1!
b1100 &
12
b1100 6
b10 7

#17560000
0!
02

#17565000
1!
b1001 &
12
b1001 6
b11 7

#17570000
0!
02

#17575000
1!
b11 &
12
b11 6
b0 7

#17580000
0!
02

#17585000
1!
b110 &
12
b110 6
b1 7

#17590000
0!
02

#17595000
1!
b1100 &
12
b1100 6
b10 7

#17600000
0!
02

#17605000
1!
b1001 &
12
b1001 6
b11 7

#17610000
0!
02

#17615000
1!
b11 &
12
b11 6
b0 7

#17620000
0!
02

#17625000
1!
b110 &
12
b110 6
b1 7

#17630000
0!
02

#17635000
1!
b1100 &
12
b1100 6
b10 7

#17640000
0!
02

#17645000
1!
b1001 &
12
b1001 6
b11 7

#17650000
0!
02

#17655000
1!
b11 &
12
b11 6
b0 7

#17660000
0!
02

#17665000
1!
b110 &
12
b110 6
b1 7

#17670000
0!
02

#17675000
1!
b1100 &
12
b1100 6
b10 7

#17680000
0!
02

#17685000
1!
b1001 &
12
b1001 6
b11 7

#17690000
0!
02

#17695000
1!
b11 &
12
b11 6
b0 7

#17700000
0!
02

#17705000
1!
b110 &
12
b110 6
b1 7

#17710000
0!
02

#17715000
1!
b1100 &
12
b1100 6
b10 7

#17720000
0!
02

#17725000
1!
b1001 &
12
b1001 6
b11 7

#17730000
0!
02

#17735000
1!
b11 &
12
b11 6
b0 7

#17740000
0!
02

#17745000
1!
b110 &
12
b110 6
b1 7

#17750000
0!
02

#17755000
1!
b1100 &
12
b1100 6
b10 7

#17760000
0!
02

#17765000
1!
b1001 &
12
b1001 6
b11 7

#17770000
0!
02

#17775000
1!
b11 &
12
b11 6
b0 7

#17780000
0!
02

#17785000
1!
b110 &
12
b110 6
b1 7

#17790000
0!
02

#17795000
1!
b1100 &
12
b1100 6
b10 7

#17800000
0!
02

#17805000
1!
b1001 &
12
b1001 6
b11 7

#17810000
0!
02

#17815000
1!
b11 &
12
b11 6
b0 7

#17820000
0!
02

#17825000
1!
b110 &
12
b110 6
b1 7

#17830000
0!
02

#17835000
1!
b1100 &
12
b1100 6
b10 7

#17840000
0!
02

#17845000
1!
b1001 &
12
b1001 6
b11 7

#17850000
0!
02

#17855000
1!
b11 &
12
b11 6
b0 7

#17860000
0!
02

#17865000
1!
b110 &
12
b110 6
b1 7

#17870000
0!
02

#17875000
1!
b1100 &
12
b1100 6
b10 7

#17880000
0!
02

#17885000
1!
b1001 &
12
b1001 6
b11 7

#17890000
0!
02

#17895000
1!
b11 &
12
b11 6
b0 7

#17900000
0!
02

#17905000
1!
b110 &
12
b110 6
b1 7

#17910000
0!
02

#17915000
1!
b1100 &
12
b1100 6
b10 7

#17920000
0!
02

#17925000
1!
b1001 &
12
b1001 6
b11 7

#17930000
0!
02

#17935000
1!
b11 &
12
b11 6
b0 7

#17940000
0!
02

#17945000
1!
b110 &
12
b110 6
b1 7

#17950000
0!
02

#17955000
1!
b1100 &
12
b1100 6
b10 7

#17960000
0!
02

#17965000
1!
b1001 &
12
b1001 6
b11 7

#17970000
0!
02

#17975000
1!
b11 &
12
b11 6
b0 7

#17980000
0!
02

#17985000
1!
b110 &
12
b110 6
b1 7

#17990000
0!
02

#17995000
1!
b1100 &
12
b1100 6
b10 7

#18000000
0!
02

#18005000
1!
b1001 &
12
b1001 6
b11 7

#18010000
0!
02

#18015000
1!
b11 &
12
b11 6
b0 7

#18020000
0!
02

#18025000
1!
b110 &
12
b110 6
b1 7

#18030000
0!
02

#18035000
1!
b1100 &
12
b1100 6
b10 7

#18040000
0!
02

#18045000
1!
b1001 &
12
b1001 6
b11 7

#18050000
0!
02

#18055000
1!
b11 &
12
b11 6
b0 7

#18060000
0!
02

#18065000
1!
b110 &
12
b110 6
b1 7

#18070000
0!
02

#18075000
1!
b1100 &
12
b1100 6
b10 7

#18080000
0!
02

#18085000
1!
b1001 &
12
b1001 6
b11 7

#18090000
0!
02

#18095000
1!
b11 &
12
b11 6
b0 7

#18100000
0!
02

#18105000
1!
b110 &
12
b110 6
b1 7

#18110000
0!
02

#18115000
1!
b1100 &
12
b1100 6
b10 7

#18120000
0!
02

#18125000
1!
b1001 &
12
b1001 6
b11 7

#18130000
0!
02

#18135000
1!
b11 &
12
b11 6
b0 7

#18140000
0!
02

#18145000
1!
b110 &
12
b110 6
b1 7

#18150000
0!
02

#18155000
1!
b1100 &
12
b1100 6
b10 7

#18160000
0!
02

#18165000
1!
b1001 &
12
b1001 6
b11 7

#18170000
0!
02

#18175000
1!
b11 &
12
b11 6
b0 7

#18180000
0!
02

#18185000
1!
b110 &
12
b110 6
b1 7

#18190000
0!
02

#18195000
1!
b1100 &
12
b1100 6
b10 7

#18200000
0!
02

#18205000
1!
b1001 &
12
b1001 6
b11 7

#18210000
0!
02

#18215000
1!
b11 &
12
b11 6
b0 7

#18220000
0!
02

#18225000
1!
b110 &
12
b110 6
b1 7

#18230000
0!
02

#18235000
1!
b1100 &
12
b1100 6
b10 7

#18240000
0!
02

#18245000
1!
b1001 &
12
b1001 6
b11 7

#18250000
0!
02

#18255000
1!
b11 &
12
b11 6
b0 7

#18260000
0!
02

#18265000
1!
b110 &
12
b110 6
b1 7

#18270000
0!
02

#18275000
1!
b1100 &
12
b1100 6
b10 7

#18280000
0!
02

#18285000
1!
b1001 &
12
b1001 6
b11 7

#18290000
0!
02

#18295000
1!
b11 &
12
b11 6
b0 7

#18300000
0!
02

#18305000
1!
b110 &
12
b110 6
b1 7

#18310000
0!
02

#18315000
1!
b1100 &
12
b1100 6
b10 7

#18320000
0!
02

#18325000
1!
b1001 &
12
b1001 6
b11 7

#18330000
0!
02

#18335000
1!
b11 &
12
b11 6
b0 7

#18340000
0!
02

#18345000
1!
b110 &
12
b110 6
b1 7

#18350000
0!
02

#18355000
1!
b1100 &
12
b1100 6
b10 7

#18360000
0!
02

#18365000
1!
b1001 &
12
b1001 6
b11 7

#18370000
0!
02

#18375000
1!
b11 &
12
b11 6
b0 7

#18380000
0!
02

#18385000
1!
b110 &
12
b110 6
b1 7

#18390000
0!
02

#18395000
1!
b1100 &
12
b1100 6
b10 7

#18400000
0!
02

#18405000
1!
b1001 &
12
b1001 6
b11 7

#18410000
0!
02

#18415000
1!
b11 &
12
b11 6
b0 7

#18420000
0!
02

#18425000
1!
b110 &
12
b110 6
b1 7

#18430000
0!
02

#18435000
1!
b1100 &
12
b1100 6
b10 7

#18440000
0!
02

#18445000
1!
b1001 &
12
b1001 6
b11 7

#18450000
0!
02

#18455000
1!
b11 &
12
b11 6
b0 7

#18460000
0!
02

#18465000
1!
b110 &
12
b110 6
b1 7

#18470000
0!
02

#18475000
1!
b1100 &
12
b1100 6
b10 7

#18480000
0!
02

#18485000
1!
b1001 &
12
b1001 6
b11 7

#18490000
0!
02

#18495000
1!
b11 &
12
b11 6
b0 7

#18500000
0!
02

#18505000
1!
b110 &
12
b110 6
b1 7

#18510000
0!
02

#18515000
1!
b1100 &
12
b1100 6
b10 7

#18520000
0!
02

#18525000
1!
b1001 &
12
b1001 6
b11 7

#18530000
0!
02

#18535000
1!
b11 &
12
b11 6
b0 7

#18540000
0!
02

#18545000
1!
b110 &
12
b110 6
b1 7

#18550000
0!
02

#18555000
1!
b1100 &
12
b1100 6
b10 7

#18560000
0!
02

#18565000
1!
b1001 &
12
b1001 6
b11 7

#18570000
0!
02

#18575000
1!
b11 &
12
b11 6
b0 7

#18580000
0!
02

#18585000
1!
b110 &
12
b110 6
b1 7

#18590000
0!
02

#18595000
1!
b1100 &
12
b1100 6
b10 7

#18600000
0!
02

#18605000
1!
b1001 &
12
b1001 6
b11 7

#18610000
0!
02

#18615000
1!
b11 &
12
b11 6
b0 7

#18620000
0!
02

#18625000
1!
b110 &
12
b110 6
b1 7

#18630000
0!
02

#18635000
1!
b1100 &
12
b1100 6
b10 7

#18640000
0!
02

#18645000
1!
b1001 &
12
b1001 6
b11 7

#18650000
0!
02

#18655000
1!
b11 &
12
b11 6
b0 7

#18660000
0!
02

#18665000
1!
b110 &
12
b110 6
b1 7

#18670000
0!
02

#18675000
1!
b1100 &
12
b1100 6
b10 7

#18680000
0!
02

#18685000
1!
b1001 &
12
b1001 6
b11 7

#18690000
0!
02

#18695000
1!
b11 &
12
b11 6
b0 7

#18700000
0!
02

#18705000
1!
b110 &
12
b110 6
b1 7

#18710000
0!
02

#18715000
1!
b1100 &
12
b1100 6
b10 7

#18720000
0!
02

#18725000
1!
b1001 &
12
b1001 6
b11 7

#18730000
0!
02

#18735000
1!
b11 &
12
b11 6
b0 7

#18740000
0!
02

#18745000
1!
b110 &
12
b110 6
b1 7

#18750000
0!
02

#18755000
1!
b1100 &
12
b1100 6
b10 7

#18760000
0!
02

#18765000
1!
b1001 &
12
b1001 6
b11 7

#18770000
0!
02

#18775000
1!
b11 &
12
b11 6
b0 7

#18780000
0!
02

#18785000
1!
b110 &
12
b110 6
b1 7

#18790000
0!
02

#18795000
1!
b1100 &
12
b1100 6
b10 7

#18800000
0!
02

#18805000
1!
b1001 &
12
b1001 6
b11 7

#18810000
0!
02

#18815000
1!
b11 &
12
b11 6
b0 7

#18820000
0!
02

#18825000
1!
b110 &
12
b110 6
b1 7

#18830000
0!
02

#18835000
1!
b1100 &
12
b1100 6
b10 7

#18840000
0!
02

#18845000
1!
b1001 &
12
b1001 6
b11 7

#18850000
0!
02

#18855000
1!
b11 &
12
b11 6
b0 7

#18860000
0!
02

#18865000
1!
b110 &
12
b110 6
b1 7

#18870000
0!
02

#18875000
1!
b1100 &
12
b1100 6
b10 7

#18880000
0!
02

#18885000
1!
b1001 &
12
b1001 6
b11 7

#18890000
0!
02

#18895000
1!
b11 &
12
b11 6
b0 7

#18900000
0!
02

#18905000
1!
b110 &
12
b110 6
b1 7

#18910000
0!
02

#18915000
1!
b1100 &
12
b1100 6
b10 7

#18920000
0!
02

#18925000
1!
b1001 &
12
b1001 6
b11 7

#18930000
0!
02

#18935000
1!
b11 &
12
b11 6
b0 7

#18940000
0!
02

#18945000
1!
b110 &
12
b110 6
b1 7

#18950000
0!
02

#18955000
1!
b1100 &
12
b1100 6
b10 7

#18960000
0!
02

#18965000
1!
b1001 &
12
b1001 6
b11 7

#18970000
0!
02

#18975000
1!
b11 &
12
b11 6
b0 7

#18980000
0!
02

#18985000
1!
b110 &
12
b110 6
b1 7

#18990000
0!
02

#18995000
1!
b1100 &
12
b1100 6
b10 7

#19000000
0!
02

#19005000
1!
b1001 &
12
b1001 6
b11 7

#19010000
0!
02

#19015000
1!
b11 &
12
b11 6
b0 7

#19020000
0!
02

#19025000
1!
b110 &
12
b110 6
b1 7

#19030000
0!
02

#19035000
1!
b1100 &
12
b1100 6
b10 7

#19040000
0!
02

#19045000
1!
b1001 &
12
b1001 6
b11 7

#19050000
0!
02

#19055000
1!
b11 &
12
b11 6
b0 7

#19060000
0!
02

#19065000
1!
b110 &
12
b110 6
b1 7

#19070000
0!
02

#19075000
1!
b1100 &
12
b1100 6
b10 7

#19080000
0!
02

#19085000
1!
b1001 &
12
b1001 6
b11 7

#19090000
0!
02

#19095000
1!
b11 &
12
b11 6
b0 7

#19100000
0!
02

#19105000
1!
b110 &
12
b110 6
b1 7

#19110000
0!
02

#19115000
1!
b1100 &
12
b1100 6
b10 7

#19120000
0!
02

#19125000
1!
b1001 &
12
b1001 6
b11 7

#19130000
0!
02

#19135000
1!
b11 &
12
b11 6
b0 7

#19140000
0!
02

#19145000
1!
b110 &
12
b110 6
b1 7

#19150000
0!
02

#19155000
1!
b1100 &
12
b1100 6
b10 7

#19160000
0!
02

#19165000
1!
b1001 &
12
b1001 6
b11 7

#19170000
0!
02

#19175000
1!
b11 &
12
b11 6
b0 7

#19180000
0!
02

#19185000
1!
b110 &
12
b110 6
b1 7

#19190000
0!
02

#19195000
1!
b1100 &
12
b1100 6
b10 7

#19200000
0!
02

#19205000
1!
b1001 &
12
b1001 6
b11 7

#19210000
0!
02

#19215000
1!
b11 &
12
b11 6
b0 7

#19220000
0!
02

#19225000
1!
b110 &
12
b110 6
b1 7

#19230000
0!
02

#19235000
1!
b1100 &
12
b1100 6
b10 7

#19240000
0!
02

#19245000
1!
b1001 &
12
b1001 6
b11 7

#19250000
0!
02

#19255000
1!
b11 &
12
b11 6
b0 7

#19260000
0!
02

#19265000
1!
b110 &
12
b110 6
b1 7

#19270000
0!
02

#19275000
1!
b1100 &
12
b1100 6
b10 7

#19280000
0!
02

#19285000
1!
b1001 &
12
b1001 6
b11 7

#19290000
0!
02

#19295000
1!
b11 &
12
b11 6
b0 7

#19300000
0!
02

#19305000
1!
b110 &
12
b110 6
b1 7

#19310000
0!
02

#19315000
1!
b1100 &
12
b1100 6
b10 7

#19320000
0!
02

#19325000
1!
b1001 &
12
b1001 6
b11 7

#19330000
0!
02

#19335000
1!
b11 &
12
b11 6
b0 7

#19340000
0!
02

#19345000
1!
b110 &
12
b110 6
b1 7

#19350000
0!
02

#19355000
1!
b1100 &
12
b1100 6
b10 7

#19360000
0!
02

#19365000
1!
b1001 &
12
b1001 6
b11 7

#19370000
0!
02

#19375000
1!
b11 &
12
b11 6
b0 7

#19380000
0!
02

#19385000
1!
b110 &
12
b110 6
b1 7

#19390000
0!
02

#19395000
1!
b1100 &
12
b1100 6
b10 7

#19400000
0!
02

#19405000
1!
b1001 &
12
b1001 6
b11 7

#19410000
0!
02

#19415000
1!
b11 &
12
b11 6
b0 7

#19420000
0!
02

#19425000
1!
b110 &
12
b110 6
b1 7

#19430000
0!
02

#19435000
1!
b1100 &
12
b1100 6
b10 7

#19440000
0!
02

#19445000
1!
b1001 &
12
b1001 6
b11 7

#19450000
0!
02

#19455000
1!
b11 &
12
b11 6
b0 7

#19460000
0!
02

#19465000
1!
b110 &
12
b110 6
b1 7

#19470000
0!
02

#19475000
1!
b1100 &
12
b1100 6
b10 7

#19480000
0!
02

#19485000
1!
b1001 &
12
b1001 6
b11 7

#19490000
0!
02

#19495000
1!
b11 &
12
b11 6
b0 7

#19500000
0!
02

#19505000
1!
b110 &
12
b110 6
b1 7

#19510000
0!
02

#19515000
1!
b1100 &
12
b1100 6
b10 7

#19520000
0!
02

#19525000
1!
b1001 &
12
b1001 6
b11 7

#19530000
0!
02

#19535000
1!
b11 &
12
b11 6
b0 7

#19540000
0!
02

#19545000
1!
b110 &
12
b110 6
b1 7

#19550000
0!
02

#19555000
1!
b1100 &
12
b1100 6
b10 7

#19560000
0!
02

#19565000
1!
b1001 &
12
b1001 6
b11 7

#19570000
0!
02

#19575000
1!
b11 &
12
b11 6
b0 7

#19580000
0!
02

#19585000
1!
b110 &
12
b110 6
b1 7

#19590000
0!
02

#19595000
1!
b1100 &
12
b1100 6
b10 7

#19600000
0!
02

#19605000
1!
b1001 &
12
b1001 6
b11 7

#19610000
0!
02

#19615000
1!
b11 &
12
b11 6
b0 7

#19620000
0!
02

#19625000
1!
b110 &
12
b110 6
b1 7

#19630000
0!
02

#19635000
1!
b1100 &
12
b1100 6
b10 7

#19640000
0!
02

#19645000
1!
b1001 &
12
b1001 6
b11 7

#19650000
0!
02

#19655000
1!
b11 &
12
b11 6
b0 7

#19660000
0!
02

#19665000
1!
b110 &
12
b110 6
b1 7

#19670000
0!
02

#19675000
1!
b1100 &
12
b1100 6
b10 7

#19680000
0!
02

#19685000
1!
b1001 &
12
b1001 6
b11 7

#19690000
0!
02

#19695000
1!
b11 &
12
b11 6
b0 7

#19700000
0!
02

#19705000
1!
b110 &
12
b110 6
b1 7

#19710000
0!
02

#19715000
1!
b1100 &
12
b1100 6
b10 7

#19720000
0!
02

#19725000
1!
b1001 &
12
b1001 6
b11 7

#19730000
0!
02

#19735000
1!
b11 &
12
b11 6
b0 7

#19740000
0!
02

#19745000
1!
b110 &
12
b110 6
b1 7

#19750000
0!
02

#19755000
1!
b1100 &
12
b1100 6
b10 7

#19760000
0!
02

#19765000
1!
b1001 &
12
b1001 6
b11 7

#19770000
0!
02

#19775000
1!
b11 &
12
b11 6
b0 7

#19780000
0!
02

#19785000
1!
b110 &
12
b110 6
b1 7

#19790000
0!
02

#19795000
1!
b1100 &
12
b1100 6
b10 7

#19800000
0!
02

#19805000
1!
b1001 &
12
b1001 6
b11 7

#19810000
0!
02

#19815000
1!
b11 &
12
b11 6
b0 7

#19820000
0!
02

#19825000
1!
b110 &
12
b110 6
b1 7

#19830000
0!
02

#19835000
1!
b1100 &
12
b1100 6
b10 7

#19840000
0!
02

#19845000
1!
b1001 &
12
b1001 6
b11 7

#19850000
0!
02

#19855000
1!
b11 &
12
b11 6
b0 7

#19860000
0!
02

#19865000
1!
b110 &
12
b110 6
b1 7

#19870000
0!
02

#19875000
1!
b1100 &
12
b1100 6
b10 7

#19880000
0!
02

#19885000
1!
b1001 &
12
b1001 6
b11 7

#19890000
0!
02

#19895000
1!
b11 &
12
b11 6
b0 7

#19900000
0!
02

#19905000
1!
b110 &
12
b110 6
b1 7

#19910000
0!
02

#19915000
1!
b1100 &
12
b1100 6
b10 7

#19920000
0!
02

#19925000
1!
b1001 &
12
b1001 6
b11 7

#19930000
0!
02

#19935000
1!
b11 &
12
b11 6
b0 7

#19940000
0!
02

#19945000
1!
b110 &
12
b110 6
b1 7

#19950000
0!
02

#19955000
1!
b1100 &
12
b1100 6
b10 7

#19960000
0!
02

#19965000
1!
b1001 &
12
b1001 6
b11 7

#19970000
0!
02

#19975000
1!
b11 &
12
b11 6
b0 7

#19980000
0!
02

#19985000
1!
b110 &
12
b110 6
b1 7

#19990000
0!
02

#19995000
1!
b1100 &
12
b1100 6
b10 7

#20000000
0!
02

#20005000
1!
b1001 &
12
b1001 6
b11 7

#20010000
0!
02

#20015000
1!
b11 &
12
b11 6
b0 7

#20020000
0!
02

#20025000
1!
b110 &
12
b110 6
b1 7

#20030000
0!
02

#20035000
1!
b1100 &
12
b1100 6
b10 7

#20040000
0!
02

#20045000
1!
b1001 &
12
b1001 6
b11 7

#20050000
0!
02

#20055000
1!
b11 &
12
b11 6
b0 7

#20060000
0!
02

#20065000
1!
b110 &
12
b110 6
b1 7

#20070000
0!
02

#20075000
1!
b1100 &
12
b1100 6
b10 7

#20080000
0!
02

#20085000
1!
b1001 &
12
b1001 6
b11 7

#20090000
0!
02

#20095000
1!
b11 &
12
b11 6
b0 7

#20100000
0!
02

#20105000
1!
b110 &
12
b110 6
b1 7

#20110000
0!
02

#20115000
1!
b1100 &
12
b1100 6
b10 7

#20120000
0!
02

#20125000
1!
b1001 &
12
b1001 6
b11 7

#20130000
0!
02

#20135000
1!
b11 &
12
b11 6
b0 7

#20140000
0!
02

#20145000
1!
b110 &
12
b110 6
b1 7

#20150000
0!
02

#20155000
1!
b1100 &
12
b1100 6
b10 7

#20160000
0!
02

#20165000
1!
b1001 &
12
b1001 6
b11 7

#20170000
0!
02

#20175000
1!
b11 &
12
b11 6
b0 7

#20180000
0!
02

#20185000
1!
b110 &
12
b110 6
b1 7

#20190000
0!
02

#20195000
1!
b1100 &
12
b1100 6
b10 7

#20200000
0!
02

#20205000
1!
b1001 &
12
b1001 6
b11 7

#20210000
0!
02

#20215000
1!
b11 &
12
b11 6
b0 7

#20220000
0!
02

#20225000
1!
b110 &
12
b110 6
b1 7

#20230000
0!
02

#20235000
1!
b1100 &
12
b1100 6
b10 7

#20240000
0!
02

#20245000
1!
b1001 &
12
b1001 6
b11 7

#20250000
0!
02

#20255000
1!
b11 &
12
b11 6
b0 7

#20260000
0!
02

#20265000
1!
b110 &
12
b110 6
b1 7

#20270000
0!
02

#20275000
1!
b1100 &
12
b1100 6
b10 7

#20280000
0!
02

#20285000
1!
b1001 &
12
b1001 6
b11 7

#20290000
0!
02

#20295000
1!
b11 &
12
b11 6
b0 7

#20300000
0!
02

#20305000
1!
b110 &
12
b110 6
b1 7

#20310000
0!
02

#20315000
1!
b1100 &
12
b1100 6
b10 7

#20320000
0!
02

#20325000
1!
b1001 &
12
b1001 6
b11 7

#20330000
0!
02

#20335000
1!
b11 &
12
b11 6
b0 7

#20340000
0!
02

#20345000
1!
b110 &
12
b110 6
b1 7

#20350000
0!
02

#20355000
1!
b1100 &
12
b1100 6
b10 7

#20360000
0!
02

#20365000
1!
b1001 &
12
b1001 6
b11 7

#20370000
0!
02

#20375000
1!
b11 &
12
b11 6
b0 7

#20380000
0!
02

#20385000
1!
b110 &
12
b110 6
b1 7

#20390000
0!
02

#20395000
1!
b1100 &
12
b1100 6
b10 7

#20400000
0!
02

#20405000
1!
b1001 &
12
b1001 6
b11 7

#20410000
0!
02

#20415000
1!
b11 &
12
b11 6
b0 7

#20420000
0!
02

#20425000
1!
b110 &
12
b110 6
b1 7

#20430000
0!
02

#20435000
1!
b1100 &
12
b1100 6
b10 7

#20440000
0!
02

#20445000
1!
b1001 &
12
b1001 6
b11 7

#20450000
0!
02

#20455000
1!
b11 &
12
b11 6
b0 7

#20460000
0!
02

#20465000
1!
b110 &
12
b110 6
b1 7

#20470000
0!
02

#20475000
1!
b1100 &
12
b1100 6
b10 7

#20480000
0!
02

#20485000
1!
b1001 &
12
b1001 6
b11 7

#20490000
0!
02

#20495000
1!
b11 &
12
b11 6
b0 7

#20500000
0!
02

#20505000
1!
b110 &
12
b110 6
b1 7

#20510000
0!
02

#20515000
1!
b1100 &
12
b1100 6
b10 7

#20520000
0!
02

#20525000
1!
b1001 &
12
b1001 6
b11 7

#20530000
0!
02

#20535000
1!
b11 &
12
b11 6
b0 7

#20540000
0!
02

#20545000
1!
b110 &
12
b110 6
b1 7

#20550000
0!
02

#20555000
1!
b1100 &
12
b1100 6
b10 7

#20560000
0!
02

#20565000
1!
b1001 &
12
b1001 6
b11 7

#20570000
0!
02

#20575000
1!
b11 &
12
b11 6
b0 7

#20580000
0!
02

#20585000
1!
b110 &
12
b110 6
b1 7

#20590000
0!
02

#20595000
1!
b1100 &
12
b1100 6
b10 7

#20600000
0!
02

#20605000
1!
b1001 &
12
b1001 6
b11 7

#20610000
0!
02

#20615000
1!
b11 &
12
b11 6
b0 7

#20620000
0!
02

#20625000
1!
b110 &
12
b110 6
b1 7

#20630000
0!
02

#20635000
1!
b1100 &
12
b1100 6
b10 7

#20640000
0!
02

#20645000
1!
b1001 &
12
b1001 6
b11 7

#20650000
0!
02

#20655000
1!
b11 &
12
b11 6
b0 7

#20660000
0!
02

#20665000
1!
b110 &
12
b110 6
b1 7

#20670000
0!
02

#20675000
1!
b1100 &
12
b1100 6
b10 7

#20680000
0!
02

#20685000
1!
b1001 &
12
b1001 6
b11 7

#20690000
0!
02

#20695000
1!
b11 &
12
b11 6
b0 7

#20700000
0!
02

#20705000
1!
b110 &
12
b110 6
b1 7

#20710000
0!
02

#20715000
1!
b1100 &
12
b1100 6
b10 7

#20720000
0!
02

#20725000
1!
b1001 &
12
b1001 6
b11 7

#20730000
0!
02

#20735000
1!
b11 &
12
b11 6
b0 7

#20740000
0!
02

#20745000
1!
b110 &
12
b110 6
b1 7

#20750000
0!
02

#20755000
1!
b1100 &
12
b1100 6
b10 7

#20760000
0!
02

#20765000
1!
b1001 &
12
b1001 6
b11 7

#20770000
0!
02

#20775000
1!
b11 &
12
b11 6
b0 7

#20780000
0!
02

#20785000
1!
b110 &
12
b110 6
b1 7

#20790000
0!
02

#20795000
1!
b1100 &
12
b1100 6
b10 7

#20800000
0!
02

#20805000
1!
b1001 &
12
b1001 6
b11 7

#20810000
0!
02

#20815000
1!
b11 &
12
b11 6
b0 7

#20820000
0!
02

#20825000
1!
b110 &
12
b110 6
b1 7

#20830000
0!
02

#20835000
1!
b1100 &
12
b1100 6
b10 7

#20840000
0!
02

#20845000
1!
b1001 &
12
b1001 6
b11 7

#20850000
0!
02

#20855000
1!
b11 &
12
b11 6
b0 7

#20860000
0!
02

#20865000
1!
b110 &
12
b110 6
b1 7

#20870000
0!
02

#20875000
1!
b1100 &
12
b1100 6
b10 7

#20880000
0!
02

#20885000
1!
b1001 &
12
b1001 6
b11 7

#20890000
0!
02

#20895000
1!
b11 &
12
b11 6
b0 7

#20900000
0!
02

#20905000
1!
b110 &
12
b110 6
b1 7

#20910000
0!
02

#20915000
1!
b1100 &
12
b1100 6
b10 7

#20920000
0!
02

#20925000
1!
b1001 &
12
b1001 6
b11 7

#20930000
0!
02

#20935000
1!
b11 &
12
b11 6
b0 7

#20940000
0!
02

#20945000
1!
b110 &
12
b110 6
b1 7

#20950000
0!
02

#20955000
1!
b1100 &
12
b1100 6
b10 7

#20960000
0!
02

#20965000
1!
b1001 &
12
b1001 6
b11 7

#20970000
0!
02

#20975000
1!
b11 &
12
b11 6
b0 7

#20980000
0!
02

#20985000
1!
b110 &
12
b110 6
b1 7

#20990000
0!
02

#20995000
1!
b1100 &
12
b1100 6
b10 7

#21000000
0!
02

#21005000
1!
b1001 &
12
b1001 6
b11 7

#21010000
0!
02

#21015000
1!
b11 &
12
b11 6
b0 7

#21020000
0!
02

#21025000
1!
b110 &
12
b110 6
b1 7

#21030000
0!
02

#21035000
1!
b1100 &
12
b1100 6
b10 7

#21040000
0!
02

#21045000
1!
b1001 &
12
b1001 6
b11 7

#21050000
0!
02

#21055000
1!
b11 &
12
b11 6
b0 7

#21060000
0!
02

#21065000
1!
b110 &
12
b110 6
b1 7

#21070000
0!
02

#21075000
1!
b1100 &
12
b1100 6
b10 7

#21080000
0!
02

#21085000
1!
b1001 &
12
b1001 6
b11 7

#21090000
0!
02

#21095000
1!
b11 &
12
b11 6
b0 7

#21100000
0!
02

#21105000
1!
b110 &
12
b110 6
b1 7

#21110000
0!
02

#21115000
1!
b1100 &
12
b1100 6
b10 7

#21120000
0!
02

#21125000
1!
b1001 &
12
b1001 6
b11 7

#21130000
0!
02

#21135000
1!
b11 &
12
b11 6
b0 7

#21140000
0!
02

#21145000
1!
b110 &
12
b110 6
b1 7

#21150000
0!
02

#21155000
1!
b1100 &
12
b1100 6
b10 7

#21160000
0!
02

#21165000
1!
b1001 &
12
b1001 6
b11 7

#21170000
0!
02

#21175000
1!
b11 &
12
b11 6
b0 7

#21180000
0!
02

#21185000
1!
b110 &
12
b110 6
b1 7

#21190000
0!
02

#21195000
1!
b1100 &
12
b1100 6
b10 7

#21200000
0!
02

#21205000
1!
b1001 &
12
b1001 6
b11 7

#21210000
0!
02

#21215000
1!
b11 &
12
b11 6
b0 7

#21220000
0!
02

#21225000
1!
b110 &
12
b110 6
b1 7

#21230000
0!
02

#21235000
1!
b1100 &
12
b1100 6
b10 7

#21240000
0!
02

#21245000
1!
b1001 &
12
b1001 6
b11 7

#21250000
0!
02

#21255000
1!
b11 &
12
b11 6
b0 7

#21260000
0!
02

#21265000
1!
b110 &
12
b110 6
b1 7

#21270000
0!
02

#21275000
1!
b1100 &
12
b1100 6
b10 7

#21280000
0!
02

#21285000
1!
b1001 &
12
b1001 6
b11 7

#21290000
0!
02

#21295000
1!
b11 &
12
b11 6
b0 7

#21300000
0!
02

#21305000
1!
b110 &
12
b110 6
b1 7

#21310000
0!
02

#21315000
1!
b1100 &
12
b1100 6
b10 7

#21320000
0!
02

#21325000
1!
b1001 &
12
b1001 6
b11 7

#21330000
0!
02

#21335000
1!
b11 &
12
b11 6
b0 7

#21340000
0!
02

#21345000
1!
b110 &
12
b110 6
b1 7

#21350000
0!
02

#21355000
1!
b1100 &
12
b1100 6
b10 7

#21360000
0!
02

#21365000
1!
b1001 &
12
b1001 6
b11 7

#21370000
0!
02

#21375000
1!
b11 &
12
b11 6
b0 7

#21380000
0!
02

#21385000
1!
b110 &
12
b110 6
b1 7

#21390000
0!
02

#21395000
1!
b1100 &
12
b1100 6
b10 7

#21400000
0!
02

#21405000
1!
b1001 &
12
b1001 6
b11 7

#21410000
0!
02

#21415000
1!
b11 &
12
b11 6
b0 7

#21420000
0!
02

#21425000
1!
b110 &
12
b110 6
b1 7

#21430000
0!
02

#21435000
1!
b1100 &
12
b1100 6
b10 7

#21440000
0!
02

#21445000
1!
b1001 &
12
b1001 6
b11 7

#21450000
0!
02

#21455000
1!
b11 &
12
b11 6
b0 7

#21460000
0!
02

#21465000
1!
b110 &
12
b110 6
b1 7

#21470000
0!
02

#21475000
1!
b1100 &
12
b1100 6
b10 7

#21480000
0!
02

#21485000
1!
b1001 &
12
b1001 6
b11 7

#21490000
0!
02

#21495000
1!
b11 &
12
b11 6
b0 7

#21500000
0!
02

#21505000
1!
b110 &
12
b110 6
b1 7

#21510000
0!
02

#21515000
1!
b1100 &
12
b1100 6
b10 7

#21520000
0!
02

#21525000
1!
b1001 &
12
b1001 6
b11 7

#21530000
0!
02

#21535000
1!
b11 &
12
b11 6
b0 7

#21540000
0!
02

#21545000
1!
b110 &
12
b110 6
b1 7

#21550000
0!
02

#21555000
1!
b1100 &
12
b1100 6
b10 7

#21560000
0!
02

#21565000
1!
b1001 &
12
b1001 6
b11 7

#21570000
0!
02

#21575000
1!
b11 &
12
b11 6
b0 7

#21580000
0!
02

#21585000
1!
b110 &
12
b110 6
b1 7

#21590000
0!
02

#21595000
1!
b1100 &
12
b1100 6
b10 7

#21600000
0!
02

#21605000
1!
b1001 &
12
b1001 6
b11 7

#21610000
0!
02

#21615000
1!
b11 &
12
b11 6
b0 7

#21620000
0!
02

#21625000
1!
b110 &
12
b110 6
b1 7

#21630000
0!
02

#21635000
1!
b1100 &
12
b1100 6
b10 7

#21640000
0!
02

#21645000
1!
b1001 &
12
b1001 6
b11 7

#21650000
0!
02

#21655000
1!
b11 &
12
b11 6
b0 7

#21660000
0!
02

#21665000
1!
b110 &
12
b110 6
b1 7

#21670000
0!
02

#21675000
1!
b1100 &
12
b1100 6
b10 7

#21680000
0!
02

#21685000
1!
b1001 &
12
b1001 6
b11 7

#21690000
0!
02

#21695000
1!
b11 &
12
b11 6
b0 7

#21700000
0!
02

#21705000
1!
b110 &
12
b110 6
b1 7

#21710000
0!
02

#21715000
1!
b1100 &
12
b1100 6
b10 7

#21720000
0!
02

#21725000
1!
b1001 &
12
b1001 6
b11 7

#21730000
0!
02

#21735000
1!
b11 &
12
b11 6
b0 7

#21740000
0!
02

#21745000
1!
b110 &
12
b110 6
b1 7

#21750000
0!
02

#21755000
1!
b1100 &
12
b1100 6
b10 7

#21760000
0!
02

#21765000
1!
b1001 &
12
b1001 6
b11 7

#21770000
0!
02

#21775000
1!
b11 &
12
b11 6
b0 7

#21780000
0!
02

#21785000
1!
b110 &
12
b110 6
b1 7

#21790000
0!
02

#21795000
1!
b1100 &
12
b1100 6
b10 7

#21800000
0!
02

#21805000
1!
b1001 &
12
b1001 6
b11 7

#21810000
0!
02

#21815000
1!
b11 &
12
b11 6
b0 7

#21820000
0!
02

#21825000
1!
b110 &
12
b110 6
b1 7

#21830000
0!
02

#21835000
1!
b1100 &
12
b1100 6
b10 7

#21840000
0!
02

#21845000
1!
b1001 &
12
b1001 6
b11 7

#21850000
0!
02

#21855000
1!
b11 &
12
b11 6
b0 7

#21860000
0!
02

#21865000
1!
b110 &
12
b110 6
b1 7

#21870000
0!
02

#21875000
1!
b1100 &
12
b1100 6
b10 7

#21880000
0!
02

#21885000
1!
b1001 &
12
b1001 6
b11 7

#21890000
0!
02

#21895000
1!
b11 &
12
b11 6
b0 7

#21900000
0!
02

#21905000
1!
b110 &
12
b110 6
b1 7

#21910000
0!
02

#21915000
1!
b1100 &
12
b1100 6
b10 7

#21920000
0!
02

#21925000
1!
b1001 &
12
b1001 6
b11 7

#21930000
0!
02

#21935000
1!
b11 &
12
b11 6
b0 7

#21940000
0!
02

#21945000
1!
b110 &
12
b110 6
b1 7

#21950000
0!
02

#21955000
1!
b1100 &
12
b1100 6
b10 7

#21960000
0!
02

#21965000
1!
b1001 &
12
b1001 6
b11 7

#21970000
0!
02

#21975000
1!
b11 &
12
b11 6
b0 7

#21980000
0!
02

#21985000
1!
b110 &
12
b110 6
b1 7

#21990000
0!
02

#21995000
1!
b1100 &
12
b1100 6
b10 7

#22000000
0!
02

#22005000
1!
b1001 &
12
b1001 6
b11 7

#22010000
0!
02

#22015000
1!
b11 &
12
b11 6
b0 7

#22020000
0!
02

#22025000
1!
b110 &
12
b110 6
b1 7

#22030000
0!
02

#22035000
1!
b1100 &
12
b1100 6
b10 7

#22040000
0!
02

#22045000
1!
b1001 &
12
b1001 6
b11 7

#22050000
0!
02

#22055000
1!
b11 &
12
b11 6
b0 7

#22060000
0!
02

#22065000
1!
b110 &
12
b110 6
b1 7

#22070000
0!
02

#22075000
1!
b1100 &
12
b1100 6
b10 7

#22080000
0!
02

#22085000
1!
b1001 &
12
b1001 6
b11 7

#22090000
0!
02

#22095000
1!
b11 &
12
b11 6
b0 7

#22100000
0!
02

#22105000
1!
b110 &
12
b110 6
b1 7

#22110000
0!
02

#22115000
1!
b1100 &
12
b1100 6
b10 7

#22120000
0!
02

#22125000
1!
b1001 &
12
b1001 6
b11 7

#22130000
0!
02

#22135000
1!
b11 &
12
b11 6
b0 7

#22140000
0!
02

#22145000
1!
b110 &
12
b110 6
b1 7

#22150000
0!
02

#22155000
1!
b1100 &
12
b1100 6
b10 7

#22160000
0!
02

#22165000
1!
b1001 &
12
b1001 6
b11 7

#22170000
0!
02

#22175000
1!
b11 &
12
b11 6
b0 7

#22180000
0!
02

#22185000
1!
b110 &
12
b110 6
b1 7

#22190000
0!
02

#22195000
1!
b1100 &
12
b1100 6
b10 7

#22200000
0!
02

#22205000
1!
b1001 &
12
b1001 6
b11 7

#22210000
0!
02

#22215000
1!
b11 &
12
b11 6
b0 7

#22220000
0!
02

#22225000
1!
b110 &
12
b110 6
b1 7

#22230000
0!
02

#22235000
1!
b1100 &
12
b1100 6
b10 7

#22240000
0!
02

#22245000
1!
b1001 &
12
b1001 6
b11 7

#22250000
0!
02

#22255000
1!
b11 &
12
b11 6
b0 7

#22260000
0!
02

#22265000
1!
b110 &
12
b110 6
b1 7

#22270000
0!
02

#22275000
1!
b1100 &
12
b1100 6
b10 7

#22280000
0!
02

#22285000
1!
b1001 &
12
b1001 6
b11 7

#22290000
0!
02

#22295000
1!
b11 &
12
b11 6
b0 7

#22300000
0!
02

#22305000
1!
b110 &
12
b110 6
b1 7

#22310000
0!
02

#22315000
1!
b1100 &
12
b1100 6
b10 7

#22320000
0!
02

#22325000
1!
b1001 &
12
b1001 6
b11 7

#22330000
0!
02

#22335000
1!
b11 &
12
b11 6
b0 7

#22340000
0!
02

#22345000
1!
b110 &
12
b110 6
b1 7

#22350000
0!
02

#22355000
1!
b1100 &
12
b1100 6
b10 7

#22360000
0!
02

#22365000
1!
b1001 &
12
b1001 6
b11 7

#22370000
0!
02

#22375000
1!
b11 &
12
b11 6
b0 7

#22380000
0!
02

#22385000
1!
b110 &
12
b110 6
b1 7

#22390000
0!
02

#22395000
1!
b1100 &
12
b1100 6
b10 7

#22400000
0!
02

#22405000
1!
b1001 &
12
b1001 6
b11 7

#22410000
0!
02

#22415000
1!
b11 &
12
b11 6
b0 7

#22420000
0!
02

#22425000
1!
b110 &
12
b110 6
b1 7

#22430000
0!
02

#22435000
1!
b1100 &
12
b1100 6
b10 7

#22440000
0!
02

#22445000
1!
b1001 &
12
b1001 6
b11 7

#22450000
0!
02

#22455000
1!
b11 &
12
b11 6
b0 7

#22460000
0!
02

#22465000
1!
b110 &
12
b110 6
b1 7

#22470000
0!
02

#22475000
1!
b1100 &
12
b1100 6
b10 7

#22480000
0!
02

#22485000
1!
b1001 &
12
b1001 6
b11 7

#22490000
0!
02

#22495000
1!
b11 &
12
b11 6
b0 7

#22500000
0!
02

#22505000
1!
b110 &
12
b110 6
b1 7

#22510000
0!
02

#22515000
1!
b1100 &
12
b1100 6
b10 7

#22520000
0!
02

#22525000
1!
b1001 &
12
b1001 6
b11 7

#22530000
0!
02

#22535000
1!
b11 &
12
b11 6
b0 7

#22540000
0!
02

#22545000
1!
b110 &
12
b110 6
b1 7

#22550000
0!
02

#22555000
1!
b1100 &
12
b1100 6
b10 7

#22560000
0!
02

#22565000
1!
b1001 &
12
b1001 6
b11 7

#22570000
0!
02

#22575000
1!
b11 &
12
b11 6
b0 7

#22580000
0!
02

#22585000
1!
b110 &
12
b110 6
b1 7

#22590000
0!
02

#22595000
1!
b1100 &
12
b1100 6
b10 7

#22600000
0!
02

#22605000
1!
b1001 &
12
b1001 6
b11 7

#22610000
0!
02

#22615000
1!
b11 &
12
b11 6
b0 7

#22620000
0!
02

#22625000
1!
b110 &
12
b110 6
b1 7

#22630000
0!
02

#22635000
1!
b1100 &
12
b1100 6
b10 7

#22640000
0!
02

#22645000
1!
b1001 &
12
b1001 6
b11 7

#22650000
0!
02

#22655000
1!
b11 &
12
b11 6
b0 7

#22660000
0!
02

#22665000
1!
b110 &
12
b110 6
b1 7

#22670000
0!
02

#22675000
1!
b1100 &
12
b1100 6
b10 7

#22680000
0!
02

#22685000
1!
b1001 &
12
b1001 6
b11 7

#22690000
0!
02

#22695000
1!
b11 &
12
b11 6
b0 7

#22700000
0!
02

#22705000
1!
b110 &
12
b110 6
b1 7

#22710000
0!
02

#22715000
1!
b1100 &
12
b1100 6
b10 7

#22720000
0!
02

#22725000
1!
b1001 &
12
b1001 6
b11 7

#22730000
0!
02

#22735000
1!
b11 &
12
b11 6
b0 7

#22740000
0!
02

#22745000
1!
b110 &
12
b110 6
b1 7

#22750000
0!
02

#22755000
1!
b1100 &
12
b1100 6
b10 7

#22760000
0!
02

#22765000
1!
b1001 &
12
b1001 6
b11 7

#22770000
0!
02

#22775000
1!
b11 &
12
b11 6
b0 7

#22780000
0!
02

#22785000
1!
b110 &
12
b110 6
b1 7

#22790000
0!
02

#22795000
1!
b1100 &
12
b1100 6
b10 7

#22800000
0!
02

#22805000
1!
b1001 &
12
b1001 6
b11 7

#22810000
0!
02

#22815000
1!
b11 &
12
b11 6
b0 7

#22820000
0!
02

#22825000
1!
b110 &
12
b110 6
b1 7

#22830000
0!
02

#22835000
1!
b1100 &
12
b1100 6
b10 7

#22840000
0!
02

#22845000
1!
b1001 &
12
b1001 6
b11 7

#22850000
0!
02

#22855000
1!
b11 &
12
b11 6
b0 7

#22860000
0!
02

#22865000
1!
b110 &
12
b110 6
b1 7

#22870000
0!
02

#22875000
1!
b1100 &
12
b1100 6
b10 7

#22880000
0!
02

#22885000
1!
b1001 &
12
b1001 6
b11 7

#22890000
0!
02

#22895000
1!
b11 &
12
b11 6
b0 7

#22900000
0!
02

#22905000
1!
b110 &
12
b110 6
b1 7

#22910000
0!
02

#22915000
1!
b1100 &
12
b1100 6
b10 7

#22920000
0!
02

#22925000
1!
b1001 &
12
b1001 6
b11 7

#22930000
0!
02

#22935000
1!
b11 &
12
b11 6
b0 7

#22940000
0!
02

#22945000
1!
b110 &
12
b110 6
b1 7

#22950000
0!
02

#22955000
1!
b1100 &
12
b1100 6
b10 7

#22960000
0!
02

#22965000
1!
b1001 &
12
b1001 6
b11 7

#22970000
0!
02

#22975000
1!
b11 &
12
b11 6
b0 7

#22980000
0!
02

#22985000
1!
b110 &
12
b110 6
b1 7

#22990000
0!
02

#22995000
1!
b1100 &
12
b1100 6
b10 7

#23000000
0!
02

#23005000
1!
b1001 &
12
b1001 6
b11 7

#23010000
0!
02

#23015000
1!
b11 &
12
b11 6
b0 7

#23020000
0!
02

#23025000
1!
b110 &
12
b110 6
b1 7

#23030000
0!
02

#23035000
1!
b1100 &
12
b1100 6
b10 7

#23040000
0!
02

#23045000
1!
b1001 &
12
b1001 6
b11 7

#23050000
0!
02

#23055000
1!
b11 &
12
b11 6
b0 7

#23060000
0!
02

#23065000
1!
b110 &
12
b110 6
b1 7

#23070000
0!
02

#23075000
1!
b1100 &
12
b1100 6
b10 7

#23080000
0!
02

#23085000
1!
b1001 &
12
b1001 6
b11 7

#23090000
0!
02

#23095000
1!
b11 &
12
b11 6
b0 7

#23100000
0!
02

#23105000
1!
b110 &
12
b110 6
b1 7

#23110000
0!
02

#23115000
1!
b1100 &
12
b1100 6
b10 7

#23120000
0!
02

#23125000
1!
b1001 &
12
b1001 6
b11 7

#23130000
0!
02

#23135000
1!
b11 &
12
b11 6
b0 7

#23140000
0!
02

#23145000
1!
b110 &
12
b110 6
b1 7

#23150000
0!
02

#23155000
1!
b1100 &
12
b1100 6
b10 7

#23160000
0!
02

#23165000
1!
b1001 &
12
b1001 6
b11 7

#23170000
0!
02

#23175000
1!
b11 &
12
b11 6
b0 7

#23180000
0!
02

#23185000
1!
b110 &
12
b110 6
b1 7

#23190000
0!
02

#23195000
1!
b1100 &
12
b1100 6
b10 7

#23200000
0!
02

#23205000
1!
b1001 &
12
b1001 6
b11 7

#23210000
0!
02

#23215000
1!
b11 &
12
b11 6
b0 7

#23220000
0!
02

#23225000
1!
b110 &
12
b110 6
b1 7

#23230000
0!
02

#23235000
1!
b1100 &
12
b1100 6
b10 7

#23240000
0!
02

#23245000
1!
b1001 &
12
b1001 6
b11 7

#23250000
0!
02

#23255000
1!
b11 &
12
b11 6
b0 7

#23260000
0!
02

#23265000
1!
b110 &
12
b110 6
b1 7

#23270000
0!
02

#23275000
1!
b1100 &
12
b1100 6
b10 7

#23280000
0!
02

#23285000
1!
b1001 &
12
b1001 6
b11 7

#23290000
0!
02

#23295000
1!
b11 &
12
b11 6
b0 7

#23300000
0!
02

#23305000
1!
b110 &
12
b110 6
b1 7

#23310000
0!
02

#23315000
1!
b1100 &
12
b1100 6
b10 7

#23320000
0!
02

#23325000
1!
b1001 &
12
b1001 6
b11 7

#23330000
0!
02

#23335000
1!
b11 &
12
b11 6
b0 7

#23340000
0!
02

#23345000
1!
b110 &
12
b110 6
b1 7

#23350000
0!
02

#23355000
1!
b1100 &
12
b1100 6
b10 7

#23360000
0!
02

#23365000
1!
b1001 &
12
b1001 6
b11 7

#23370000
0!
02

#23375000
1!
b11 &
12
b11 6
b0 7

#23380000
0!
02

#23385000
1!
b110 &
12
b110 6
b1 7

#23390000
0!
02

#23395000
1!
b1100 &
12
b1100 6
b10 7

#23400000
0!
02

#23405000
1!
b1001 &
12
b1001 6
b11 7

#23410000
0!
02

#23415000
1!
b11 &
12
b11 6
b0 7

#23420000
0!
02

#23425000
1!
b110 &
12
b110 6
b1 7

#23430000
0!
02

#23435000
1!
b1100 &
12
b1100 6
b10 7

#23440000
0!
02

#23445000
1!
b1001 &
12
b1001 6
b11 7

#23450000
0!
02

#23455000
1!
b11 &
12
b11 6
b0 7

#23460000
0!
02

#23465000
1!
b110 &
12
b110 6
b1 7

#23470000
0!
02

#23475000
1!
b1100 &
12
b1100 6
b10 7

#23480000
0!
02

#23485000
1!
b1001 &
12
b1001 6
b11 7

#23490000
0!
02

#23495000
1!
b11 &
12
b11 6
b0 7

#23500000
0!
02

#23505000
1!
b110 &
12
b110 6
b1 7

#23510000
0!
02

#23515000
1!
b1100 &
12
b1100 6
b10 7

#23520000
0!
02

#23525000
1!
b1001 &
12
b1001 6
b11 7

#23530000
0!
02

#23535000
1!
b11 &
12
b11 6
b0 7

#23540000
0!
02

#23545000
1!
b110 &
12
b110 6
b1 7

#23550000
0!
02

#23555000
1!
b1100 &
12
b1100 6
b10 7

#23560000
0!
02

#23565000
1!
b1001 &
12
b1001 6
b11 7

#23570000
0!
02

#23575000
1!
b11 &
12
b11 6
b0 7

#23580000
0!
02

#23585000
1!
b110 &
12
b110 6
b1 7

#23590000
0!
02

#23595000
1!
b1100 &
12
b1100 6
b10 7

#23600000
0!
02

#23605000
1!
b1001 &
12
b1001 6
b11 7

#23610000
0!
02

#23615000
1!
b11 &
12
b11 6
b0 7

#23620000
0!
02

#23625000
1!
b110 &
12
b110 6
b1 7

#23630000
0!
02

#23635000
1!
b1100 &
12
b1100 6
b10 7

#23640000
0!
02

#23645000
1!
b1001 &
12
b1001 6
b11 7

#23650000
0!
02

#23655000
1!
b11 &
12
b11 6
b0 7

#23660000
0!
02

#23665000
1!
b110 &
12
b110 6
b1 7

#23670000
0!
02

#23675000
1!
b1100 &
12
b1100 6
b10 7

#23680000
0!
02

#23685000
1!
b1001 &
12
b1001 6
b11 7

#23690000
0!
02

#23695000
1!
b11 &
12
b11 6
b0 7

#23700000
0!
02

#23705000
1!
b110 &
12
b110 6
b1 7

#23710000
0!
02

#23715000
1!
b1100 &
12
b1100 6
b10 7

#23720000
0!
02

#23725000
1!
b1001 &
12
b1001 6
b11 7

#23730000
0!
02

#23735000
1!
b11 &
12
b11 6
b0 7

#23740000
0!
02

#23745000
1!
b110 &
12
b110 6
b1 7

#23750000
0!
02

#23755000
1!
b1100 &
12
b1100 6
b10 7

#23760000
0!
02

#23765000
1!
b1001 &
12
b1001 6
b11 7

#23770000
0!
02

#23775000
1!
b11 &
12
b11 6
b0 7

#23780000
0!
02

#23785000
1!
b110 &
12
b110 6
b1 7

#23790000
0!
02

#23795000
1!
b1100 &
12
b1100 6
b10 7

#23800000
0!
02

#23805000
1!
b1001 &
12
b1001 6
b11 7

#23810000
0!
02

#23815000
1!
b11 &
12
b11 6
b0 7

#23820000
0!
02

#23825000
1!
b110 &
12
b110 6
b1 7

#23830000
0!
02

#23835000
1!
b1100 &
12
b1100 6
b10 7

#23840000
0!
02

#23845000
1!
b1001 &
12
b1001 6
b11 7

#23850000
0!
02

#23855000
1!
b11 &
12
b11 6
b0 7

#23860000
0!
02

#23865000
1!
b110 &
12
b110 6
b1 7

#23870000
0!
02

#23875000
1!
b1100 &
12
b1100 6
b10 7

#23880000
0!
02

#23885000
1!
b1001 &
12
b1001 6
b11 7

#23890000
0!
02

#23895000
1!
b11 &
12
b11 6
b0 7

#23900000
0!
02

#23905000
1!
b110 &
12
b110 6
b1 7

#23910000
0!
02

#23915000
1!
b1100 &
12
b1100 6
b10 7

#23920000
0!
02

#23925000
1!
b1001 &
12
b1001 6
b11 7

#23930000
0!
02

#23935000
1!
b11 &
12
b11 6
b0 7

#23940000
0!
02

#23945000
1!
b110 &
12
b110 6
b1 7

#23950000
0!
02

#23955000
1!
b1100 &
12
b1100 6
b10 7

#23960000
0!
02

#23965000
1!
b1001 &
12
b1001 6
b11 7

#23970000
0!
02

#23975000
1!
b11 &
12
b11 6
b0 7

#23980000
0!
02

#23985000
1!
b110 &
12
b110 6
b1 7

#23990000
0!
02

#23995000
1!
b1100 &
12
b1100 6
b10 7

#24000000
0!
02

#24005000
1!
b1001 &
12
b1001 6
b11 7

#24010000
0!
02

#24015000
1!
b11 &
12
b11 6
b0 7

#24020000
0!
02

#24025000
1!
b110 &
12
b110 6
b1 7

#24030000
0!
02

#24035000
1!
b1100 &
12
b1100 6
b10 7

#24040000
0!
02

#24045000
1!
b1001 &
12
b1001 6
b11 7

#24050000
0!
02

#24055000
1!
b11 &
12
b11 6
b0 7

#24060000
0!
02

#24065000
1!
b110 &
12
b110 6
b1 7

#24070000
0!
02

#24075000
1!
b1100 &
12
b1100 6
b10 7

#24080000
0!
02

#24085000
1!
b1001 &
12
b1001 6
b11 7

#24090000
0!
02

#24095000
1!
b11 &
12
b11 6
b0 7

#24100000
0!
02

#24105000
1!
b110 &
12
b110 6
b1 7

#24110000
0!
02

#24115000
1!
b1100 &
12
b1100 6
b10 7

#24120000
0!
02

#24125000
1!
b1001 &
12
b1001 6
b11 7

#24130000
0!
02

#24135000
1!
b11 &
12
b11 6
b0 7

#24140000
0!
02

#24145000
1!
b110 &
12
b110 6
b1 7

#24150000
0!
02

#24155000
1!
b1100 &
12
b1100 6
b10 7

#24160000
0!
02

#24165000
1!
b1001 &
12
b1001 6
b11 7

#24170000
0!
02

#24175000
1!
b11 &
12
b11 6
b0 7

#24180000
0!
02

#24185000
1!
b110 &
12
b110 6
b1 7

#24190000
0!
02

#24195000
1!
b1100 &
12
b1100 6
b10 7

#24200000
0!
02

#24205000
1!
b1001 &
12
b1001 6
b11 7

#24210000
0!
02

#24215000
1!
b11 &
12
b11 6
b0 7

#24220000
0!
02

#24225000
1!
b110 &
12
b110 6
b1 7

#24230000
0!
02

#24235000
1!
b1100 &
12
b1100 6
b10 7

#24240000
0!
02

#24245000
1!
b1001 &
12
b1001 6
b11 7

#24250000
0!
02

#24255000
1!
b11 &
12
b11 6
b0 7

#24260000
0!
02

#24265000
1!
b110 &
12
b110 6
b1 7

#24270000
0!
02

#24275000
1!
b1100 &
12
b1100 6
b10 7

#24280000
0!
02

#24285000
1!
b1001 &
12
b1001 6
b11 7

#24290000
0!
02

#24295000
1!
b11 &
12
b11 6
b0 7

#24300000
0!
02

#24305000
1!
b110 &
12
b110 6
b1 7

#24310000
0!
02

#24315000
1!
b1100 &
12
b1100 6
b10 7

#24320000
0!
02

#24325000
1!
b1001 &
12
b1001 6
b11 7

#24330000
0!
02

#24335000
1!
b11 &
12
b11 6
b0 7

#24340000
0!
02

#24345000
1!
b110 &
12
b110 6
b1 7

#24350000
0!
02

#24355000
1!
b1100 &
12
b1100 6
b10 7

#24360000
0!
02

#24365000
1!
b1001 &
12
b1001 6
b11 7

#24370000
0!
02

#24375000
1!
b11 &
12
b11 6
b0 7

#24380000
0!
02

#24385000
1!
b110 &
12
b110 6
b1 7

#24390000
0!
02

#24395000
1!
b1100 &
12
b1100 6
b10 7

#24400000
0!
02

#24405000
1!
b1001 &
12
b1001 6
b11 7

#24410000
0!
02

#24415000
1!
b11 &
12
b11 6
b0 7

#24420000
0!
02

#24425000
1!
b110 &
12
b110 6
b1 7

#24430000
0!
02

#24435000
1!
b1100 &
12
b1100 6
b10 7

#24440000
0!
02

#24445000
1!
b1001 &
12
b1001 6
b11 7

#24450000
0!
02

#24455000
1!
b11 &
12
b11 6
b0 7

#24460000
0!
02

#24465000
1!
b110 &
12
b110 6
b1 7

#24470000
0!
02

#24475000
1!
b1100 &
12
b1100 6
b10 7

#24480000
0!
02

#24485000
1!
b1001 &
12
b1001 6
b11 7

#24490000
0!
02

#24495000
1!
b11 &
12
b11 6
b0 7

#24500000
0!
02

#24505000
1!
b110 &
12
b110 6
b1 7

#24510000
0!
02

#24515000
1!
b1100 &
12
b1100 6
b10 7

#24520000
0!
02

#24525000
1!
b1001 &
12
b1001 6
b11 7

#24530000
0!
02

#24535000
1!
b11 &
12
b11 6
b0 7

#24540000
0!
02

#24545000
1!
b110 &
12
b110 6
b1 7

#24550000
0!
02

#24555000
1!
b1100 &
12
b1100 6
b10 7

#24560000
0!
02

#24565000
1!
b1001 &
12
b1001 6
b11 7

#24570000
0!
02

#24575000
1!
b11 &
12
b11 6
b0 7

#24580000
0!
02

#24585000
1!
b110 &
12
b110 6
b1 7

#24590000
0!
02

#24595000
1!
b1100 &
12
b1100 6
b10 7

#24600000
0!
02

#24605000
1!
b1001 &
12
b1001 6
b11 7

#24610000
0!
02

#24615000
1!
b11 &
12
b11 6
b0 7

#24620000
0!
02

#24625000
1!
b110 &
12
b110 6
b1 7

#24630000
0!
02

#24635000
1!
b1100 &
12
b1100 6
b10 7

#24640000
0!
02

#24645000
1!
b1001 &
12
b1001 6
b11 7

#24650000
0!
02

#24655000
1!
b11 &
12
b11 6
b0 7

#24660000
0!
02

#24665000
1!
b110 &
12
b110 6
b1 7

#24670000
0!
02

#24675000
1!
b1100 &
12
b1100 6
b10 7

#24680000
0!
02

#24685000
1!
b1001 &
12
b1001 6
b11 7

#24690000
0!
02

#24695000
1!
b11 &
12
b11 6
b0 7

#24700000
0!
02

#24705000
1!
b110 &
12
b110 6
b1 7

#24710000
0!
02

#24715000
1!
b1100 &
12
b1100 6
b10 7

#24720000
0!
02

#24725000
1!
b1001 &
12
b1001 6
b11 7

#24730000
0!
02

#24735000
1!
b11 &
12
b11 6
b0 7

#24740000
0!
02

#24745000
1!
b110 &
12
b110 6
b1 7

#24750000
0!
02

#24755000
1!
b1100 &
12
b1100 6
b10 7

#24760000
0!
02

#24765000
1!
b1001 &
12
b1001 6
b11 7

#24770000
0!
02

#24775000
1!
b11 &
12
b11 6
b0 7

#24780000
0!
02

#24785000
1!
b110 &
12
b110 6
b1 7

#24790000
0!
02

#24795000
1!
b1100 &
12
b1100 6
b10 7

#24800000
0!
02

#24805000
1!
b1001 &
12
b1001 6
b11 7

#24810000
0!
02

#24815000
1!
b11 &
12
b11 6
b0 7

#24820000
0!
02

#24825000
1!
b110 &
12
b110 6
b1 7

#24830000
0!
02

#24835000
1!
b1100 &
12
b1100 6
b10 7

#24840000
0!
02

#24845000
1!
b1001 &
12
b1001 6
b11 7

#24850000
0!
02

#24855000
1!
b11 &
12
b11 6
b0 7

#24860000
0!
02

#24865000
1!
b110 &
12
b110 6
b1 7

#24870000
0!
02

#24875000
1!
b1100 &
12
b1100 6
b10 7

#24880000
0!
02

#24885000
1!
b1001 &
12
b1001 6
b11 7

#24890000
0!
02

#24895000
1!
b11 &
12
b11 6
b0 7

#24900000
0!
02

#24905000
1!
b110 &
12
b110 6
b1 7

#24910000
0!
02

#24915000
1!
b1100 &
12
b1100 6
b10 7

#24920000
0!
02

#24925000
1!
b1001 &
12
b1001 6
b11 7

#24930000
0!
02

#24935000
1!
b11 &
12
b11 6
b0 7

#24940000
0!
02

#24945000
1!
b110 &
12
b110 6
b1 7

#24950000
0!
02

#24955000
1!
b1100 &
12
b1100 6
b10 7

#24960000
0!
02

#24965000
1!
b1001 &
12
b1001 6
b11 7

#24970000
0!
02

#24975000
1!
b11 &
12
b11 6
b0 7

#24980000
0!
02

#24985000
1!
b110 &
12
b110 6
b1 7

#24990000
0!
02

#24995000
1!
b1100 &
12
b1100 6
b10 7

#25000000
0!
02

#25005000
1!
b1001 &
12
b1001 6
b11 7

#25010000
0!
02

#25015000
1!
b11 &
12
b11 6
b0 7

#25020000
0!
02

#25025000
1!
b110 &
12
b110 6
b1 7

#25030000
0!
02

#25035000
1!
b1100 &
12
b1100 6
b10 7

#25040000
0!
02

#25045000
1!
b1001 &
12
b1001 6
b11 7

#25050000
0!
02

#25055000
1!
b11 &
12
b11 6
b0 7

#25060000
0!
02

#25065000
1!
b110 &
12
b110 6
b1 7

#25070000
0!
02

#25075000
1!
b1100 &
12
b1100 6
b10 7

#25080000
0!
02

#25085000
1!
b1001 &
12
b1001 6
b11 7

#25090000
0!
02

#25095000
1!
b11 &
12
b11 6
b0 7

#25100000
0!
02

#25105000
1!
b110 &
12
b110 6
b1 7

#25110000
0!
02

#25115000
1!
b1100 &
12
b1100 6
b10 7

#25120000
0!
02

#25125000
1!
b1001 &
12
b1001 6
b11 7

#25130000
0!
02

#25135000
1!
b11 &
12
b11 6
b0 7

#25140000
0!
02

#25145000
1!
b110 &
12
b110 6
b1 7

#25150000
0!
02

#25155000
1!
b1100 &
12
b1100 6
b10 7

#25160000
0!
02

#25165000
1!
b1001 &
12
b1001 6
b11 7

#25170000
0!
02

#25175000
1!
b11 &
12
b11 6
b0 7

#25180000
0!
02

#25185000
1!
b110 &
12
b110 6
b1 7

#25190000
0!
02

#25195000
1!
b1100 &
12
b1100 6
b10 7

#25200000
0!
02

#25205000
1!
b1001 &
12
b1001 6
b11 7

#25210000
0!
02

#25215000
1!
b11 &
12
b11 6
b0 7

#25220000
0!
02

#25225000
1!
b110 &
12
b110 6
b1 7

#25230000
0!
02

#25235000
1!
b1100 &
12
b1100 6
b10 7

#25240000
0!
02

#25245000
1!
b1001 &
12
b1001 6
b11 7

#25250000
0!
02

#25255000
1!
b11 &
12
b11 6
b0 7

#25260000
0!
02

#25265000
1!
b110 &
12
b110 6
b1 7

#25270000
0!
02

#25275000
1!
b1100 &
12
b1100 6
b10 7

#25280000
0!
02

#25285000
1!
b1001 &
12
b1001 6
b11 7

#25290000
0!
02

#25295000
1!
b11 &
12
b11 6
b0 7

#25300000
0!
02

#25305000
1!
b110 &
12
b110 6
b1 7

#25310000
0!
02

#25315000
1!
b1100 &
12
b1100 6
b10 7

#25320000
0!
02

#25325000
1!
b1001 &
12
b1001 6
b11 7

#25330000
0!
02

#25335000
1!
b11 &
12
b11 6
b0 7

#25340000
0!
02

#25345000
1!
b110 &
12
b110 6
b1 7

#25350000
0!
02

#25355000
1!
b1100 &
12
b1100 6
b10 7

#25360000
0!
02

#25365000
1!
b1001 &
12
b1001 6
b11 7

#25370000
0!
02

#25375000
1!
b11 &
12
b11 6
b0 7

#25380000
0!
02

#25385000
1!
b110 &
12
b110 6
b1 7

#25390000
0!
02

#25395000
1!
b1100 &
12
b1100 6
b10 7

#25400000
0!
02

#25405000
1!
b1001 &
12
b1001 6
b11 7

#25410000
0!
02

#25415000
1!
b11 &
12
b11 6
b0 7

#25420000
0!
02

#25425000
1!
b110 &
12
b110 6
b1 7

#25430000
0!
02

#25435000
1!
b1100 &
12
b1100 6
b10 7

#25440000
0!
02

#25445000
1!
b1001 &
12
b1001 6
b11 7

#25450000
0!
02

#25455000
1!
b11 &
12
b11 6
b0 7

#25460000
0!
02

#25465000
1!
b110 &
12
b110 6
b1 7

#25470000
0!
02

#25475000
1!
b1100 &
12
b1100 6
b10 7

#25480000
0!
02

#25485000
1!
b1001 &
12
b1001 6
b11 7

#25490000
0!
02

#25495000
1!
b11 &
12
b11 6
b0 7

#25500000
0!
02

#25505000
1!
b110 &
12
b110 6
b1 7

#25510000
0!
02

#25515000
1!
b1100 &
12
b1100 6
b10 7

#25520000
0!
02

#25525000
1!
b1001 &
12
b1001 6
b11 7

#25530000
0!
02

#25535000
1!
b11 &
12
b11 6
b0 7

#25540000
0!
02

#25545000
1!
b110 &
12
b110 6
b1 7

#25550000
0!
02

#25555000
1!
b1100 &
12
b1100 6
b10 7

#25560000
0!
02

#25565000
1!
b1001 &
12
b1001 6
b11 7

#25570000
0!
02

#25575000
1!
b11 &
12
b11 6
b0 7

#25580000
0!
02

#25585000
1!
b110 &
12
b110 6
b1 7

#25590000
0!
02

#25595000
1!
b1100 &
12
b1100 6
b10 7

#25600000
0!
02

#25605000
1!
b1001 &
12
b1001 6
b11 7

#25610000
0!
02

#25615000
1!
b11 &
12
b11 6
b0 7

#25620000
0!
02

#25625000
1!
b110 &
12
b110 6
b1 7

#25630000
0!
02

#25635000
1!
b1100 &
12
b1100 6
b10 7

#25640000
0!
02

#25645000
1!
b1001 &
12
b1001 6
b11 7

#25650000
0!
02

#25655000
1!
b11 &
12
b11 6
b0 7

#25660000
0!
02

#25665000
1!
b110 &
12
b110 6
b1 7

#25670000
0!
02

#25675000
1!
b1100 &
12
b1100 6
b10 7

#25680000
0!
02

#25685000
1!
b1001 &
12
b1001 6
b11 7

#25690000
0!
02

#25695000
1!
b11 &
12
b11 6
b0 7

#25700000
0!
02

#25705000
1!
b110 &
12
b110 6
b1 7

#25710000
0!
02

#25715000
1!
b1100 &
12
b1100 6
b10 7

#25720000
0!
02

#25725000
1!
b1001 &
12
b1001 6
b11 7

#25730000
0!
02

#25735000
1!
b11 &
12
b11 6
b0 7

#25740000
0!
02

#25745000
1!
b110 &
12
b110 6
b1 7

#25750000
0!
02

#25755000
1!
b1100 &
12
b1100 6
b10 7

#25760000
0!
02

#25765000
1!
b1001 &
12
b1001 6
b11 7

#25770000
0!
02

#25775000
1!
b11 &
12
b11 6
b0 7

#25780000
0!
02

#25785000
1!
b110 &
12
b110 6
b1 7

#25790000
0!
02

#25795000
1!
b1100 &
12
b1100 6
b10 7

#25800000
0!
02

#25805000
1!
b1001 &
12
b1001 6
b11 7

#25810000
0!
02

#25815000
1!
b11 &
12
b11 6
b0 7

#25820000
0!
02

#25825000
1!
b110 &
12
b110 6
b1 7

#25830000
0!
02

#25835000
1!
b1100 &
12
b1100 6
b10 7

#25840000
0!
02

#25845000
1!
b1001 &
12
b1001 6
b11 7

#25850000
0!
02

#25855000
1!
b11 &
12
b11 6
b0 7

#25860000
0!
02

#25865000
1!
b110 &
12
b110 6
b1 7

#25870000
0!
02

#25875000
1!
b1100 &
12
b1100 6
b10 7

#25880000
0!
02

#25885000
1!
b1001 &
12
b1001 6
b11 7

#25890000
0!
02

#25895000
1!
b11 &
12
b11 6
b0 7

#25900000
0!
02

#25905000
1!
b110 &
12
b110 6
b1 7

#25910000
0!
02

#25915000
1!
b1100 &
12
b1100 6
b10 7

#25920000
0!
02

#25925000
1!
b1001 &
12
b1001 6
b11 7

#25930000
0!
02

#25935000
1!
b11 &
12
b11 6
b0 7

#25940000
0!
02

#25945000
1!
b110 &
12
b110 6
b1 7

#25950000
0!
02

#25955000
1!
b1100 &
12
b1100 6
b10 7

#25960000
0!
02

#25965000
1!
b1001 &
12
b1001 6
b11 7

#25970000
0!
02

#25975000
1!
b11 &
12
b11 6
b0 7

#25980000
0!
02

#25985000
1!
b110 &
12
b110 6
b1 7

#25990000
0!
02

#25995000
1!
b1100 &
12
b1100 6
b10 7

#26000000
0!
02

#26005000
1!
b1001 &
12
b1001 6
b11 7

#26010000
0!
02

#26015000
1!
b11 &
12
b11 6
b0 7

#26020000
0!
02

#26025000
1!
b110 &
12
b110 6
b1 7

#26030000
0!
02

#26035000
1!
b1100 &
12
b1100 6
b10 7

#26040000
0!
02

#26045000
1!
b1001 &
12
b1001 6
b11 7

#26050000
0!
02

#26055000
1!
b11 &
12
b11 6
b0 7

#26060000
0!
02

#26065000
1!
b110 &
12
b110 6
b1 7

#26070000
0!
02

#26075000
1!
b1100 &
12
b1100 6
b10 7

#26080000
0!
02

#26085000
1!
b1001 &
12
b1001 6
b11 7

#26090000
0!
02

#26095000
1!
b11 &
12
b11 6
b0 7

#26100000
0!
02

#26105000
1!
b110 &
12
b110 6
b1 7

#26110000
0!
02

#26115000
1!
b1100 &
12
b1100 6
b10 7

#26120000
0!
02

#26125000
1!
b1001 &
12
b1001 6
b11 7

#26130000
0!
02

#26135000
1!
b11 &
12
b11 6
b0 7

#26140000
0!
02

#26145000
1!
b110 &
12
b110 6
b1 7

#26150000
0!
02

#26155000
1!
b1100 &
12
b1100 6
b10 7

#26160000
0!
02

#26165000
1!
b1001 &
12
b1001 6
b11 7

#26170000
0!
02

#26175000
1!
b11 &
12
b11 6
b0 7

#26180000
0!
02

#26185000
1!
b110 &
12
b110 6
b1 7

#26190000
0!
02

#26195000
1!
b1100 &
12
b1100 6
b10 7

#26200000
0!
02

#26205000
1!
b1001 &
12
b1001 6
b11 7

#26210000
0!
02

#26215000
1!
b11 &
12
b11 6
b0 7

#26220000
0!
02

#26225000
1!
b110 &
12
b110 6
b1 7

#26230000
0!
02

#26235000
1!
b1100 &
12
b1100 6
b10 7

#26240000
0!
02

#26245000
1!
b1001 &
12
b1001 6
b11 7

#26250000
0!
02

#26255000
1!
b11 &
12
b11 6
b0 7

#26260000
0!
02

#26265000
1!
b110 &
12
b110 6
b1 7

#26270000
0!
02

#26275000
1!
b1100 &
12
b1100 6
b10 7

#26280000
0!
02

#26285000
1!
b1001 &
12
b1001 6
b11 7

#26290000
0!
02

#26295000
1!
b11 &
12
b11 6
b0 7

#26300000
0!
02

#26305000
1!
b110 &
12
b110 6
b1 7

#26310000
0!
02

#26315000
1!
b1100 &
12
b1100 6
b10 7

#26320000
0!
02

#26325000
1!
b1001 &
12
b1001 6
b11 7

#26330000
0!
02

#26335000
1!
b11 &
12
b11 6
b0 7

#26340000
0!
02

#26345000
1!
b110 &
12
b110 6
b1 7

#26350000
0!
02

#26355000
1!
b1100 &
12
b1100 6
b10 7

#26360000
0!
02

#26365000
1!
b1001 &
12
b1001 6
b11 7

#26370000
0!
02

#26375000
1!
b11 &
12
b11 6
b0 7

#26380000
0!
02

#26385000
1!
b110 &
12
b110 6
b1 7

#26390000
0!
02

#26395000
1!
b1100 &
12
b1100 6
b10 7

#26400000
0!
02

#26405000
1!
b1001 &
12
b1001 6
b11 7

#26410000
0!
02

#26415000
1!
b11 &
12
b11 6
b0 7

#26420000
0!
02

#26425000
1!
b110 &
12
b110 6
b1 7

#26430000
0!
02

#26435000
1!
b1100 &
12
b1100 6
b10 7

#26440000
0!
02

#26445000
1!
b1001 &
12
b1001 6
b11 7

#26450000
0!
02

#26455000
1!
b11 &
12
b11 6
b0 7

#26460000
0!
02

#26465000
1!
b110 &
12
b110 6
b1 7

#26470000
0!
02

#26475000
1!
b1100 &
12
b1100 6
b10 7

#26480000
0!
02

#26485000
1!
b1001 &
12
b1001 6
b11 7

#26490000
0!
02

#26495000
1!
b11 &
12
b11 6
b0 7

#26500000
0!
02

#26505000
1!
b110 &
12
b110 6
b1 7

#26510000
0!
02

#26515000
1!
b1100 &
12
b1100 6
b10 7

#26520000
0!
02

#26525000
1!
b1001 &
12
b1001 6
b11 7

#26530000
0!
02

#26535000
1!
b11 &
12
b11 6
b0 7

#26540000
0!
02

#26545000
1!
b110 &
12
b110 6
b1 7

#26550000
0!
02

#26555000
1!
b1100 &
12
b1100 6
b10 7

#26560000
0!
02

#26565000
1!
b1001 &
12
b1001 6
b11 7

#26570000
0!
02

#26575000
1!
b11 &
12
b11 6
b0 7

#26580000
0!
02

#26585000
1!
b110 &
12
b110 6
b1 7

#26590000
0!
02

#26595000
1!
b1100 &
12
b1100 6
b10 7

#26600000
0!
02

#26605000
1!
b1001 &
12
b1001 6
b11 7

#26610000
0!
02

#26615000
1!
b11 &
12
b11 6
b0 7

#26620000
0!
02

#26625000
1!
b110 &
12
b110 6
b1 7

#26630000
0!
02

#26635000
1!
b1100 &
12
b1100 6
b10 7

#26640000
0!
02

#26645000
1!
b1001 &
12
b1001 6
b11 7

#26650000
0!
02

#26655000
1!
b11 &
12
b11 6
b0 7

#26660000
0!
02

#26665000
1!
b110 &
12
b110 6
b1 7

#26670000
0!
02

#26675000
1!
b1100 &
12
b1100 6
b10 7

#26680000
0!
02

#26685000
1!
b1001 &
12
b1001 6
b11 7

#26690000
0!
02

#26695000
1!
b11 &
12
b11 6
b0 7

#26700000
0!
02

#26705000
1!
b110 &
12
b110 6
b1 7

#26710000
0!
02

#26715000
1!
b1100 &
12
b1100 6
b10 7

#26720000
0!
02

#26725000
1!
b1001 &
12
b1001 6
b11 7

#26730000
0!
02

#26735000
1!
b11 &
12
b11 6
b0 7

#26740000
0!
02

#26745000
1!
b110 &
12
b110 6
b1 7

#26750000
0!
02

#26755000
1!
b1100 &
12
b1100 6
b10 7

#26760000
0!
02

#26765000
1!
b1001 &
12
b1001 6
b11 7

#26770000
0!
02

#26775000
1!
b11 &
12
b11 6
b0 7

#26780000
0!
02

#26785000
1!
b110 &
12
b110 6
b1 7

#26790000
0!
02

#26795000
1!
b1100 &
12
b1100 6
b10 7

#26800000
0!
02

#26805000
1!
b1001 &
12
b1001 6
b11 7

#26810000
0!
02

#26815000
1!
b11 &
12
b11 6
b0 7

#26820000
0!
02

#26825000
1!
b110 &
12
b110 6
b1 7

#26830000
0!
02

#26835000
1!
b1100 &
12
b1100 6
b10 7

#26840000
0!
02

#26845000
1!
b1001 &
12
b1001 6
b11 7

#26850000
0!
02

#26855000
1!
b11 &
12
b11 6
b0 7

#26860000
0!
02

#26865000
1!
b110 &
12
b110 6
b1 7

#26870000
0!
02

#26875000
1!
b1100 &
12
b1100 6
b10 7

#26880000
0!
02

#26885000
1!
b1001 &
12
b1001 6
b11 7

#26890000
0!
02

#26895000
1!
b11 &
12
b11 6
b0 7

#26900000
0!
02

#26905000
1!
b110 &
12
b110 6
b1 7

#26910000
0!
02

#26915000
1!
b1100 &
12
b1100 6
b10 7

#26920000
0!
02

#26925000
1!
b1001 &
12
b1001 6
b11 7

#26930000
0!
02

#26935000
1!
b11 &
12
b11 6
b0 7

#26940000
0!
02

#26945000
1!
b110 &
12
b110 6
b1 7

#26950000
0!
02

#26955000
1!
b1100 &
12
b1100 6
b10 7

#26960000
0!
02

#26965000
1!
b1001 &
12
b1001 6
b11 7

#26970000
0!
02

#26975000
1!
b11 &
12
b11 6
b0 7

#26980000
0!
02

#26985000
1!
b110 &
12
b110 6
b1 7

#26990000
0!
02

#26995000
1!
b1100 &
12
b1100 6
b10 7

#27000000
0!
02

#27005000
1!
b1001 &
12
b1001 6
b11 7

#27010000
0!
02

#27015000
1!
b11 &
12
b11 6
b0 7

#27020000
0!
02

#27025000
1!
b110 &
12
b110 6
b1 7

#27030000
0!
02

#27035000
1!
b1100 &
12
b1100 6
b10 7

#27040000
0!
02

#27045000
1!
b1001 &
12
b1001 6
b11 7

#27050000
0!
02

#27055000
1!
b11 &
12
b11 6
b0 7

#27060000
0!
02

#27065000
1!
b110 &
12
b110 6
b1 7

#27070000
0!
02

#27075000
1!
b1100 &
12
b1100 6
b10 7

#27080000
0!
02

#27085000
1!
b1001 &
12
b1001 6
b11 7

#27090000
0!
02

#27095000
1!
b11 &
12
b11 6
b0 7

#27100000
0!
02

#27105000
1!
b110 &
12
b110 6
b1 7

#27110000
0!
02

#27115000
1!
b1100 &
12
b1100 6
b10 7

#27120000
0!
02

#27125000
1!
b1001 &
12
b1001 6
b11 7

#27130000
0!
02

#27135000
1!
b11 &
12
b11 6
b0 7

#27140000
0!
02

#27145000
1!
b110 &
12
b110 6
b1 7

#27150000
0!
02

#27155000
1!
b1100 &
12
b1100 6
b10 7

#27160000
0!
02

#27165000
1!
b1001 &
12
b1001 6
b11 7

#27170000
0!
02

#27175000
1!
b11 &
12
b11 6
b0 7

#27180000
0!
02

#27185000
1!
b110 &
12
b110 6
b1 7

#27190000
0!
02

#27195000
1!
b1100 &
12
b1100 6
b10 7

#27200000
0!
02

#27205000
1!
b1001 &
12
b1001 6
b11 7

#27210000
0!
02

#27215000
1!
b11 &
12
b11 6
b0 7

#27220000
0!
02

#27225000
1!
b110 &
12
b110 6
b1 7

#27230000
0!
02

#27235000
1!
b1100 &
12
b1100 6
b10 7

#27240000
0!
02

#27245000
1!
b1001 &
12
b1001 6
b11 7

#27250000
0!
02

#27255000
1!
b11 &
12
b11 6
b0 7

#27260000
0!
02

#27265000
1!
b110 &
12
b110 6
b1 7

#27270000
0!
02

#27275000
1!
b1100 &
12
b1100 6
b10 7

#27280000
0!
02

#27285000
1!
b1001 &
12
b1001 6
b11 7

#27290000
0!
02

#27295000
1!
b11 &
12
b11 6
b0 7

#27300000
0!
02

#27305000
1!
b110 &
12
b110 6
b1 7

#27310000
0!
02

#27315000
1!
b1100 &
12
b1100 6
b10 7

#27320000
0!
02

#27325000
1!
b1001 &
12
b1001 6
b11 7

#27330000
0!
02

#27335000
1!
b11 &
12
b11 6
b0 7

#27340000
0!
02

#27345000
1!
b110 &
12
b110 6
b1 7

#27350000
0!
02

#27355000
1!
b1100 &
12
b1100 6
b10 7

#27360000
0!
02

#27365000
1!
b1001 &
12
b1001 6
b11 7

#27370000
0!
02

#27375000
1!
b11 &
12
b11 6
b0 7

#27380000
0!
02

#27385000
1!
b110 &
12
b110 6
b1 7

#27390000
0!
02

#27395000
1!
b1100 &
12
b1100 6
b10 7

#27400000
0!
02

#27405000
1!
b1001 &
12
b1001 6
b11 7

#27410000
0!
02

#27415000
1!
b11 &
12
b11 6
b0 7

#27420000
0!
02

#27425000
1!
b110 &
12
b110 6
b1 7

#27430000
0!
02

#27435000
1!
b1100 &
12
b1100 6
b10 7

#27440000
0!
02

#27445000
1!
b1001 &
12
b1001 6
b11 7

#27450000
0!
02

#27455000
1!
b11 &
12
b11 6
b0 7

#27460000
0!
02

#27465000
1!
b110 &
12
b110 6
b1 7

#27470000
0!
02

#27475000
1!
b1100 &
12
b1100 6
b10 7

#27480000
0!
02

#27485000
1!
b1001 &
12
b1001 6
b11 7

#27490000
0!
02

#27495000
1!
b11 &
12
b11 6
b0 7

#27500000
0!
02

#27505000
1!
b110 &
12
b110 6
b1 7

#27510000
0!
02

#27515000
1!
b1100 &
12
b1100 6
b10 7

#27520000
0!
02

#27525000
1!
b1001 &
12
b1001 6
b11 7

#27530000
0!
02

#27535000
1!
b11 &
12
b11 6
b0 7

#27540000
0!
02

#27545000
1!
b110 &
12
b110 6
b1 7

#27550000
0!
02

#27555000
1!
b1100 &
12
b1100 6
b10 7

#27560000
0!
02

#27565000
1!
b1001 &
12
b1001 6
b11 7

#27570000
0!
02

#27575000
1!
b11 &
12
b11 6
b0 7

#27580000
0!
02

#27585000
1!
b110 &
12
b110 6
b1 7

#27590000
0!
02

#27595000
1!
b1100 &
12
b1100 6
b10 7

#27600000
0!
02

#27605000
1!
b1001 &
12
b1001 6
b11 7

#27610000
0!
02

#27615000
1!
b11 &
12
b11 6
b0 7

#27620000
0!
02

#27625000
1!
b110 &
12
b110 6
b1 7

#27630000
0!
02

#27635000
1!
b1100 &
12
b1100 6
b10 7

#27640000
0!
02

#27645000
1!
b1001 &
12
b1001 6
b11 7

#27650000
0!
02

#27655000
1!
b11 &
12
b11 6
b0 7

#27660000
0!
02

#27665000
1!
b110 &
12
b110 6
b1 7

#27670000
0!
02

#27675000
1!
b1100 &
12
b1100 6
b10 7

#27680000
0!
02

#27685000
1!
b1001 &
12
b1001 6
b11 7

#27690000
0!
02

#27695000
1!
b11 &
12
b11 6
b0 7

#27700000
0!
02

#27705000
1!
b110 &
12
b110 6
b1 7

#27710000
0!
02

#27715000
1!
b1100 &
12
b1100 6
b10 7

#27720000
0!
02

#27725000
1!
b1001 &
12
b1001 6
b11 7

#27730000
0!
02

#27735000
1!
b11 &
12
b11 6
b0 7

#27740000
0!
02

#27745000
1!
b110 &
12
b110 6
b1 7

#27750000
0!
02

#27755000
1!
b1100 &
12
b1100 6
b10 7

#27760000
0!
02

#27765000
1!
b1001 &
12
b1001 6
b11 7

#27770000
0!
02

#27775000
1!
b11 &
12
b11 6
b0 7

#27780000
0!
02

#27785000
1!
b110 &
12
b110 6
b1 7

#27790000
0!
02

#27795000
1!
b1100 &
12
b1100 6
b10 7

#27800000
0!
02

#27805000
1!
b1001 &
12
b1001 6
b11 7

#27810000
0!
02

#27815000
1!
b11 &
12
b11 6
b0 7

#27820000
0!
02

#27825000
1!
b110 &
12
b110 6
b1 7

#27830000
0!
02

#27835000
1!
b1100 &
12
b1100 6
b10 7

#27840000
0!
02

#27845000
1!
b1001 &
12
b1001 6
b11 7

#27850000
0!
02

#27855000
1!
b11 &
12
b11 6
b0 7

#27860000
0!
02

#27865000
1!
b110 &
12
b110 6
b1 7

#27870000
0!
02

#27875000
1!
b1100 &
12
b1100 6
b10 7

#27880000
0!
02

#27885000
1!
b1001 &
12
b1001 6
b11 7

#27890000
0!
02

#27895000
1!
b11 &
12
b11 6
b0 7

#27900000
0!
02

#27905000
1!
b110 &
12
b110 6
b1 7

#27910000
0!
02

#27915000
1!
b1100 &
12
b1100 6
b10 7

#27920000
0!
02

#27925000
1!
b1001 &
12
b1001 6
b11 7

#27930000
0!
02

#27935000
1!
b11 &
12
b11 6
b0 7

#27940000
0!
02

#27945000
1!
b110 &
12
b110 6
b1 7

#27950000
0!
02

#27955000
1!
b1100 &
12
b1100 6
b10 7

#27960000
0!
02

#27965000
1!
b1001 &
12
b1001 6
b11 7

#27970000
0!
02

#27975000
1!
b11 &
12
b11 6
b0 7

#27980000
0!
02

#27985000
1!
b110 &
12
b110 6
b1 7

#27990000
0!
02

#27995000
1!
b1100 &
12
b1100 6
b10 7

#28000000
0!
02

#28005000
1!
b1001 &
12
b1001 6
b11 7

#28010000
0!
02

#28015000
1!
b11 &
12
b11 6
b0 7

#28020000
0!
02

#28025000
1!
b110 &
12
b110 6
b1 7

#28030000
0!
02

#28035000
1!
b1100 &
12
b1100 6
b10 7

#28040000
0!
02

#28045000
1!
b1001 &
12
b1001 6
b11 7

#28050000
0!
02

#28055000
1!
b11 &
12
b11 6
b0 7

#28060000
0!
02

#28065000
1!
b110 &
12
b110 6
b1 7

#28070000
0!
02

#28075000
1!
b1100 &
12
b1100 6
b10 7

#28080000
0!
02

#28085000
1!
b1001 &
12
b1001 6
b11 7

#28090000
0!
02

#28095000
1!
b11 &
12
b11 6
b0 7

#28100000
0!
02

#28105000
1!
b110 &
12
b110 6
b1 7

#28110000
0!
02

#28115000
1!
b1100 &
12
b1100 6
b10 7

#28120000
0!
02

#28125000
1!
b1001 &
12
b1001 6
b11 7

#28130000
0!
02

#28135000
1!
b11 &
12
b11 6
b0 7

#28140000
0!
02

#28145000
1!
b110 &
12
b110 6
b1 7

#28150000
0!
02

#28155000
1!
b1100 &
12
b1100 6
b10 7

#28160000
0!
02

#28165000
1!
b1001 &
12
b1001 6
b11 7

#28170000
0!
02

#28175000
1!
b11 &
12
b11 6
b0 7

#28180000
0!
02

#28185000
1!
b110 &
12
b110 6
b1 7

#28190000
0!
02

#28195000
1!
b1100 &
12
b1100 6
b10 7

#28200000
0!
02

#28205000
1!
b1001 &
12
b1001 6
b11 7

#28210000
0!
02

#28215000
1!
b11 &
12
b11 6
b0 7

#28220000
0!
02

#28225000
1!
b110 &
12
b110 6
b1 7

#28230000
0!
02

#28235000
1!
b1100 &
12
b1100 6
b10 7

#28240000
0!
02

#28245000
1!
b1001 &
12
b1001 6
b11 7

#28250000
0!
02

#28255000
1!
b11 &
12
b11 6
b0 7

#28260000
0!
02

#28265000
1!
b110 &
12
b110 6
b1 7

#28270000
0!
02

#28275000
1!
b1100 &
12
b1100 6
b10 7

#28280000
0!
02

#28285000
1!
b1001 &
12
b1001 6
b11 7

#28290000
0!
02

#28295000
1!
b11 &
12
b11 6
b0 7

#28300000
0!
02

#28305000
1!
b110 &
12
b110 6
b1 7

#28310000
0!
02

#28315000
1!
b1100 &
12
b1100 6
b10 7

#28320000
0!
02

#28325000
1!
b1001 &
12
b1001 6
b11 7

#28330000
0!
02

#28335000
1!
b11 &
12
b11 6
b0 7

#28340000
0!
02

#28345000
1!
b110 &
12
b110 6
b1 7

#28350000
0!
02

#28355000
1!
b1100 &
12
b1100 6
b10 7

#28360000
0!
02

#28365000
1!
b1001 &
12
b1001 6
b11 7

#28370000
0!
02

#28375000
1!
b11 &
12
b11 6
b0 7

#28380000
0!
02

#28385000
1!
b110 &
12
b110 6
b1 7

#28390000
0!
02

#28395000
1!
b1100 &
12
b1100 6
b10 7

#28400000
0!
02

#28405000
1!
b1001 &
12
b1001 6
b11 7

#28410000
0!
02

#28415000
1!
b11 &
12
b11 6
b0 7

#28420000
0!
02

#28425000
1!
b110 &
12
b110 6
b1 7

#28430000
0!
02

#28435000
1!
b1100 &
12
b1100 6
b10 7

#28440000
0!
02

#28445000
1!
b1001 &
12
b1001 6
b11 7

#28450000
0!
02

#28455000
1!
b11 &
12
b11 6
b0 7

#28460000
0!
02

#28465000
1!
b110 &
12
b110 6
b1 7

#28470000
0!
02

#28475000
1!
b1100 &
12
b1100 6
b10 7

#28480000
0!
02

#28485000
1!
b1001 &
12
b1001 6
b11 7

#28490000
0!
02

#28495000
1!
b11 &
12
b11 6
b0 7

#28500000
0!
02

#28505000
1!
b110 &
12
b110 6
b1 7

#28510000
0!
02

#28515000
1!
b1100 &
12
b1100 6
b10 7

#28520000
0!
02

#28525000
1!
b1001 &
12
b1001 6
b11 7

#28530000
0!
02

#28535000
1!
b11 &
12
b11 6
b0 7

#28540000
0!
02

#28545000
1!
b110 &
12
b110 6
b1 7

#28550000
0!
02

#28555000
1!
b1100 &
12
b1100 6
b10 7

#28560000
0!
02

#28565000
1!
b1001 &
12
b1001 6
b11 7

#28570000
0!
02

#28575000
1!
b11 &
12
b11 6
b0 7

#28580000
0!
02

#28585000
1!
b110 &
12
b110 6
b1 7

#28590000
0!
02

#28595000
1!
b1100 &
12
b1100 6
b10 7

#28600000
0!
02

#28605000
1!
b1001 &
12
b1001 6
b11 7

#28610000
0!
02

#28615000
1!
b11 &
12
b11 6
b0 7

#28620000
0!
02

#28625000
1!
b110 &
12
b110 6
b1 7

#28630000
0!
02

#28635000
1!
b1100 &
12
b1100 6
b10 7

#28640000
0!
02

#28645000
1!
b1001 &
12
b1001 6
b11 7

#28650000
0!
02

#28655000
1!
b11 &
12
b11 6
b0 7

#28660000
0!
02

#28665000
1!
b110 &
12
b110 6
b1 7

#28670000
0!
02

#28675000
1!
b1100 &
12
b1100 6
b10 7

#28680000
0!
02

#28685000
1!
b1001 &
12
b1001 6
b11 7

#28690000
0!
02

#28695000
1!
b11 &
12
b11 6
b0 7

#28700000
0!
02

#28705000
1!
b110 &
12
b110 6
b1 7

#28710000
0!
02

#28715000
1!
b1100 &
12
b1100 6
b10 7

#28720000
0!
02

#28725000
1!
b1001 &
12
b1001 6
b11 7

#28730000
0!
02

#28735000
1!
b11 &
12
b11 6
b0 7

#28740000
0!
02

#28745000
1!
b110 &
12
b110 6
b1 7

#28750000
0!
02

#28755000
1!
b1100 &
12
b1100 6
b10 7

#28760000
0!
02

#28765000
1!
b1001 &
12
b1001 6
b11 7

#28770000
0!
02

#28775000
1!
b11 &
12
b11 6
b0 7

#28780000
0!
02

#28785000
1!
b110 &
12
b110 6
b1 7

#28790000
0!
02

#28795000
1!
b1100 &
12
b1100 6
b10 7

#28800000
0!
02

#28805000
1!
b1001 &
12
b1001 6
b11 7

#28810000
0!
02

#28815000
1!
b11 &
12
b11 6
b0 7

#28820000
0!
02

#28825000
1!
b110 &
12
b110 6
b1 7

#28830000
0!
02

#28835000
1!
b1100 &
12
b1100 6
b10 7

#28840000
0!
02

#28845000
1!
b1001 &
12
b1001 6
b11 7

#28850000
0!
02

#28855000
1!
b11 &
12
b11 6
b0 7

#28860000
0!
02

#28865000
1!
b110 &
12
b110 6
b1 7

#28870000
0!
02

#28875000
1!
b1100 &
12
b1100 6
b10 7

#28880000
0!
02

#28885000
1!
b1001 &
12
b1001 6
b11 7

#28890000
0!
02

#28895000
1!
b11 &
12
b11 6
b0 7

#28900000
0!
02

#28905000
1!
b110 &
12
b110 6
b1 7

#28910000
0!
02

#28915000
1!
b1100 &
12
b1100 6
b10 7

#28920000
0!
02

#28925000
1!
b1001 &
12
b1001 6
b11 7

#28930000
0!
02

#28935000
1!
b11 &
12
b11 6
b0 7

#28940000
0!
02

#28945000
1!
b110 &
12
b110 6
b1 7

#28950000
0!
02

#28955000
1!
b1100 &
12
b1100 6
b10 7

#28960000
0!
02

#28965000
1!
b1001 &
12
b1001 6
b11 7

#28970000
0!
02

#28975000
1!
b11 &
12
b11 6
b0 7

#28980000
0!
02

#28985000
1!
b110 &
12
b110 6
b1 7

#28990000
0!
02

#28995000
1!
b1100 &
12
b1100 6
b10 7

#29000000
0!
02

#29005000
1!
b1001 &
12
b1001 6
b11 7

#29010000
0!
02

#29015000
1!
b11 &
12
b11 6
b0 7

#29020000
0!
02

#29025000
1!
b110 &
12
b110 6
b1 7

#29030000
0!
02

#29035000
1!
b1100 &
12
b1100 6
b10 7

#29040000
0!
02

#29045000
1!
b1001 &
12
b1001 6
b11 7

#29050000
0!
02

#29055000
1!
b11 &
12
b11 6
b0 7

#29060000
0!
02

#29065000
1!
b110 &
12
b110 6
b1 7

#29070000
0!
02

#29075000
1!
b1100 &
12
b1100 6
b10 7

#29080000
0!
02

#29085000
1!
b1001 &
12
b1001 6
b11 7

#29090000
0!
02

#29095000
1!
b11 &
12
b11 6
b0 7

#29100000
0!
02

#29105000
1!
b110 &
12
b110 6
b1 7

#29110000
0!
02

#29115000
1!
b1100 &
12
b1100 6
b10 7

#29120000
0!
02

#29125000
1!
b1001 &
12
b1001 6
b11 7

#29130000
0!
02

#29135000
1!
b11 &
12
b11 6
b0 7

#29140000
0!
02

#29145000
1!
b110 &
12
b110 6
b1 7

#29150000
0!
02

#29155000
1!
b1100 &
12
b1100 6
b10 7

#29160000
0!
02

#29165000
1!
b1001 &
12
b1001 6
b11 7

#29170000
0!
02

#29175000
1!
b11 &
12
b11 6
b0 7

#29180000
0!
02

#29185000
1!
b110 &
12
b110 6
b1 7

#29190000
0!
02

#29195000
1!
b1100 &
12
b1100 6
b10 7

#29200000
0!
02

#29205000
1!
b1001 &
12
b1001 6
b11 7

#29210000
0!
02

#29215000
1!
b11 &
12
b11 6
b0 7

#29220000
0!
02

#29225000
1!
b110 &
12
b110 6
b1 7

#29230000
0!
02

#29235000
1!
b1100 &
12
b1100 6
b10 7

#29240000
0!
02

#29245000
1!
b1001 &
12
b1001 6
b11 7

#29250000
0!
02

#29255000
1!
b11 &
12
b11 6
b0 7

#29260000
0!
02

#29265000
1!
b110 &
12
b110 6
b1 7

#29270000
0!
02

#29275000
1!
b1100 &
12
b1100 6
b10 7

#29280000
0!
02

#29285000
1!
b1001 &
12
b1001 6
b11 7

#29290000
0!
02

#29295000
1!
b11 &
12
b11 6
b0 7

#29300000
0!
02

#29305000
1!
b110 &
12
b110 6
b1 7

#29310000
0!
02

#29315000
1!
b1100 &
12
b1100 6
b10 7

#29320000
0!
02

#29325000
1!
b1001 &
12
b1001 6
b11 7

#29330000
0!
02

#29335000
1!
b11 &
12
b11 6
b0 7

#29340000
0!
02

#29345000
1!
b110 &
12
b110 6
b1 7

#29350000
0!
02

#29355000
1!
b1100 &
12
b1100 6
b10 7

#29360000
0!
02

#29365000
1!
b1001 &
12
b1001 6
b11 7

#29370000
0!
02

#29375000
1!
b11 &
12
b11 6
b0 7

#29380000
0!
02

#29385000
1!
b110 &
12
b110 6
b1 7

#29390000
0!
02

#29395000
1!
b1100 &
12
b1100 6
b10 7

#29400000
0!
02

#29405000
1!
b1001 &
12
b1001 6
b11 7

#29410000
0!
02

#29415000
1!
b11 &
12
b11 6
b0 7

#29420000
0!
02

#29425000
1!
b110 &
12
b110 6
b1 7

#29430000
0!
02

#29435000
1!
b1100 &
12
b1100 6
b10 7

#29440000
0!
02

#29445000
1!
b1001 &
12
b1001 6
b11 7

#29450000
0!
02

#29455000
1!
b11 &
12
b11 6
b0 7

#29460000
0!
02

#29465000
1!
b110 &
12
b110 6
b1 7

#29470000
0!
02

#29475000
1!
b1100 &
12
b1100 6
b10 7

#29480000
0!
02

#29485000
1!
b1001 &
12
b1001 6
b11 7

#29490000
0!
02

#29495000
1!
b11 &
12
b11 6
b0 7

#29500000
0!
02

#29505000
1!
b110 &
12
b110 6
b1 7

#29510000
0!
02

#29515000
1!
b1100 &
12
b1100 6
b10 7

#29520000
0!
02

#29525000
1!
b1001 &
12
b1001 6
b11 7

#29530000
0!
02

#29535000
1!
b11 &
12
b11 6
b0 7

#29540000
0!
02

#29545000
1!
b110 &
12
b110 6
b1 7

#29550000
0!
02

#29555000
1!
b1100 &
12
b1100 6
b10 7

#29560000
0!
02

#29565000
1!
b1001 &
12
b1001 6
b11 7

#29570000
0!
02

#29575000
1!
b11 &
12
b11 6
b0 7

#29580000
0!
02

#29585000
1!
b110 &
12
b110 6
b1 7

#29590000
0!
02

#29595000
1!
b1100 &
12
b1100 6
b10 7

#29600000
0!
02

#29605000
1!
b1001 &
12
b1001 6
b11 7

#29610000
0!
02

#29615000
1!
b11 &
12
b11 6
b0 7

#29620000
0!
02

#29625000
1!
b110 &
12
b110 6
b1 7

#29630000
0!
02

#29635000
1!
b1100 &
12
b1100 6
b10 7

#29640000
0!
02

#29645000
1!
b1001 &
12
b1001 6
b11 7

#29650000
0!
02

#29655000
1!
b11 &
12
b11 6
b0 7

#29660000
0!
02

#29665000
1!
b110 &
12
b110 6
b1 7

#29670000
0!
02

#29675000
1!
b1100 &
12
b1100 6
b10 7

#29680000
0!
02

#29685000
1!
b1001 &
12
b1001 6
b11 7

#29690000
0!
02

#29695000
1!
b11 &
12
b11 6
b0 7

#29700000
0!
02

#29705000
1!
b110 &
12
b110 6
b1 7

#29710000
0!
02

#29715000
1!
b1100 &
12
b1100 6
b10 7

#29720000
0!
02

#29725000
1!
b1001 &
12
b1001 6
b11 7

#29730000
0!
02

#29735000
1!
b11 &
12
b11 6
b0 7

#29740000
0!
02

#29745000
1!
b110 &
12
b110 6
b1 7

#29750000
0!
02

#29755000
1!
b1100 &
12
b1100 6
b10 7

#29760000
0!
02

#29765000
1!
b1001 &
12
b1001 6
b11 7

#29770000
0!
02

#29775000
1!
b11 &
12
b11 6
b0 7

#29780000
0!
02

#29785000
1!
b110 &
12
b110 6
b1 7

#29790000
0!
02

#29795000
1!
b1100 &
12
b1100 6
b10 7

#29800000
0!
02

#29805000
1!
b1001 &
12
b1001 6
b11 7

#29810000
0!
02

#29815000
1!
b11 &
12
b11 6
b0 7

#29820000
0!
02

#29825000
1!
b110 &
12
b110 6
b1 7

#29830000
0!
02

#29835000
1!
b1100 &
12
b1100 6
b10 7

#29840000
0!
02

#29845000
1!
b1001 &
12
b1001 6
b11 7

#29850000
0!
02

#29855000
1!
b11 &
12
b11 6
b0 7

#29860000
0!
02

#29865000
1!
b110 &
12
b110 6
b1 7

#29870000
0!
02

#29875000
1!
b1100 &
12
b1100 6
b10 7

#29880000
0!
02

#29885000
1!
b1001 &
12
b1001 6
b11 7

#29890000
0!
02

#29895000
1!
b11 &
12
b11 6
b0 7

#29900000
0!
02

#29905000
1!
b110 &
12
b110 6
b1 7

#29910000
0!
02

#29915000
1!
b1100 &
12
b1100 6
b10 7

#29920000
0!
02

#29925000
1!
b1001 &
12
b1001 6
b11 7

#29930000
0!
02

#29935000
1!
b11 &
12
b11 6
b0 7

#29940000
0!
02

#29945000
1!
b110 &
12
b110 6
b1 7

#29950000
0!
02

#29955000
1!
b1100 &
12
b1100 6
b10 7

#29960000
0!
02

#29965000
1!
b1001 &
12
b1001 6
b11 7

#29970000
0!
02

#29975000
1!
b11 &
12
b11 6
b0 7

#29980000
0!
02

#29985000
1!
b110 &
12
b110 6
b1 7

#29990000
0!
02

#29995000
1!
b1100 &
12
b1100 6
b10 7

#30000000
0!
02

#30005000
1!
b1001 &
12
b1001 6
b11 7

#30010000
0!
02

#30015000
1!
b11 &
12
b11 6
b0 7

#30020000
0!
02

#30025000
1!
b110 &
12
b110 6
b1 7

#30030000
0!
02

#30035000
1!
b1100 &
12
b1100 6
b10 7

#30040000
0!
02

#30045000
1!
b1001 &
12
b1001 6
b11 7

#30050000
0!
02

#30055000
1!
b11 &
12
b11 6
b0 7

#30060000
0!
02

#30065000
1!
b110 &
12
b110 6
b1 7

#30070000
0!
02

#30075000
1!
b1100 &
12
b1100 6
b10 7

#30080000
0!
02

#30085000
1!
b1001 &
12
b1001 6
b11 7

#30090000
0!
02

#30095000
1!
b11 &
12
b11 6
b0 7

#30100000
0!
02

#30105000
1!
b110 &
12
b110 6
b1 7

#30110000
0!
02

#30115000
1!
b1100 &
12
b1100 6
b10 7

#30120000
0!
02

#30125000
1!
b1001 &
12
b1001 6
b11 7

#30130000
0!
02

#30135000
1!
b11 &
12
b11 6
b0 7

#30140000
0!
02

#30145000
1!
b110 &
12
b110 6
b1 7

#30150000
0!
02

#30155000
1!
b1100 &
12
b1100 6
b10 7

#30160000
0!
02

#30165000
1!
b1001 &
12
b1001 6
b11 7

#30170000
0!
02

#30175000
1!
b11 &
12
b11 6
b0 7

#30180000
0!
02

#30185000
1!
b110 &
12
b110 6
b1 7

#30190000
0!
02

#30195000
1!
b1100 &
12
b1100 6
b10 7

#30200000
0!
02

#30205000
1!
b1001 &
12
b1001 6
b11 7

#30210000
0!
02

#30215000
1!
b11 &
12
b11 6
b0 7

#30220000
0!
02

#30225000
1!
b110 &
12
b110 6
b1 7

#30230000
0!
02

#30235000
1!
b1100 &
12
b1100 6
b10 7

#30240000
0!
02

#30245000
1!
b1001 &
12
b1001 6
b11 7

#30250000
0!
02

#30255000
1!
b11 &
12
b11 6
b0 7

#30260000
0!
02

#30265000
1!
b110 &
12
b110 6
b1 7

#30270000
0!
02

#30275000
1!
b1100 &
12
b1100 6
b10 7

#30280000
0!
02

#30285000
1!
b1001 &
12
b1001 6
b11 7

#30290000
0!
02

#30295000
1!
b11 &
12
b11 6
b0 7

#30300000
0!
02

#30305000
1!
b110 &
12
b110 6
b1 7

#30310000
0!
02

#30315000
1!
b1100 &
12
b1100 6
b10 7

#30320000
0!
02

#30325000
1!
b1001 &
12
b1001 6
b11 7

#30330000
0!
02

#30335000
1!
b11 &
12
b11 6
b0 7

#30340000
0!
02

#30345000
1!
b110 &
12
b110 6
b1 7

#30350000
0!
02

#30355000
1!
b1100 &
12
b1100 6
b10 7

#30360000
0!
02

#30365000
1!
b1001 &
12
b1001 6
b11 7

#30370000
0!
02

#30375000
1!
b11 &
12
b11 6
b0 7

#30380000
0!
02

#30385000
1!
b110 &
12
b110 6
b1 7

#30390000
0!
02

#30395000
1!
b1100 &
12
b1100 6
b10 7

#30400000
0!
02

#30405000
1!
b1001 &
12
b1001 6
b11 7

#30410000
0!
02

#30415000
1!
b11 &
12
b11 6
b0 7

#30420000
0!
02

#30425000
1!
b110 &
12
b110 6
b1 7

#30430000
0!
02

#30435000
1!
b1100 &
12
b1100 6
b10 7

#30440000
0!
02

#30445000
1!
b1001 &
12
b1001 6
b11 7

#30450000
0!
02

#30455000
1!
b11 &
12
b11 6
b0 7

#30460000
0!
02

#30465000
1!
b110 &
12
b110 6
b1 7

#30470000
0!
02

#30475000
1!
b1100 &
12
b1100 6
b10 7

#30480000
0!
02

#30485000
1!
b1001 &
12
b1001 6
b11 7

#30490000
0!
02

#30495000
1!
b11 &
12
b11 6
b0 7

#30500000
0!
02

#30505000
1!
b110 &
12
b110 6
b1 7

#30510000
0!
02

#30515000
1!
b1100 &
12
b1100 6
b10 7

#30520000
0!
02

#30525000
1!
b1001 &
12
b1001 6
b11 7

#30530000
0!
02

#30535000
1!
b11 &
12
b11 6
b0 7

#30540000
0!
02

#30545000
1!
b110 &
12
b110 6
b1 7

#30550000
0!
02

#30555000
1!
b1100 &
12
b1100 6
b10 7

#30560000
0!
02

#30565000
1!
b1001 &
12
b1001 6
b11 7

#30570000
0!
02

#30575000
1!
b11 &
12
b11 6
b0 7

#30580000
0!
02

#30585000
1!
b110 &
12
b110 6
b1 7

#30590000
0!
02

#30595000
1!
b1100 &
12
b1100 6
b10 7

#30600000
0!
02

#30605000
1!
b1001 &
12
b1001 6
b11 7

#30610000
0!
02

#30615000
1!
b11 &
12
b11 6
b0 7

#30620000
0!
02

#30625000
1!
b110 &
12
b110 6
b1 7

#30630000
0!
02

#30635000
1!
b1100 &
12
b1100 6
b10 7

#30640000
0!
02

#30645000
1!
b1001 &
12
b1001 6
b11 7

#30650000
0!
02

#30655000
1!
b11 &
12
b11 6
b0 7

#30660000
0!
02

#30665000
1!
b110 &
12
b110 6
b1 7

#30670000
0!
02

#30675000
1!
b1100 &
12
b1100 6
b10 7

#30680000
0!
02

#30685000
1!
b1001 &
12
b1001 6
b11 7

#30690000
0!
02

#30695000
1!
b11 &
12
b11 6
b0 7

#30700000
0!
02

#30705000
1!
b110 &
12
b110 6
b1 7

#30710000
0!
02

#30715000
1!
b1100 &
12
b1100 6
b10 7

#30720000
0!
02

#30725000
1!
b1001 &
12
b1001 6
b11 7

#30730000
0!
02

#30735000
1!
b11 &
12
b11 6
b0 7

#30740000
0!
02

#30745000
1!
b110 &
12
b110 6
b1 7

#30750000
0!
02

#30755000
1!
b1100 &
12
b1100 6
b10 7

#30760000
0!
02

#30765000
1!
b1001 &
12
b1001 6
b11 7

#30770000
0!
02

#30775000
1!
b11 &
12
b11 6
b0 7

#30780000
0!
02

#30785000
1!
b110 &
12
b110 6
b1 7

#30790000
0!
02

#30795000
1!
b1100 &
12
b1100 6
b10 7

#30800000
0!
02

#30805000
1!
b1001 &
12
b1001 6
b11 7

#30810000
0!
02

#30815000
1!
b11 &
12
b11 6
b0 7

#30820000
0!
02

#30825000
1!
b110 &
12
b110 6
b1 7

#30830000
0!
02

#30835000
1!
b1100 &
12
b1100 6
b10 7

#30840000
0!
02

#30845000
1!
b1001 &
12
b1001 6
b11 7

#30850000
0!
02

#30855000
1!
b11 &
12
b11 6
b0 7

#30860000
0!
02

#30865000
1!
b110 &
12
b110 6
b1 7

#30870000
0!
02

#30875000
1!
b1100 &
12
b1100 6
b10 7

#30880000
0!
02

#30885000
1!
b1001 &
12
b1001 6
b11 7

#30890000
0!
02

#30895000
1!
b11 &
12
b11 6
b0 7

#30900000
0!
02

#30905000
1!
b110 &
12
b110 6
b1 7

#30910000
0!
02

#30915000
1!
b1100 &
12
b1100 6
b10 7

#30920000
0!
02

#30925000
1!
b1001 &
12
b1001 6
b11 7

#30930000
0!
02

#30935000
1!
b11 &
12
b11 6
b0 7

#30940000
0!
02

#30945000
1!
b110 &
12
b110 6
b1 7

#30950000
0!
02

#30955000
1!
b1100 &
12
b1100 6
b10 7

#30960000
0!
02

#30965000
1!
b1001 &
12
b1001 6
b11 7

#30970000
0!
02

#30975000
1!
b11 &
12
b11 6
b0 7

#30980000
0!
02

#30985000
1!
b110 &
12
b110 6
b1 7

#30990000
0!
02

#30995000
1!
b1100 &
12
b1100 6
b10 7

#31000000
0!
02

#31005000
1!
b1001 &
12
b1001 6
b11 7

#31010000
0!
02

#31015000
1!
b11 &
12
b11 6
b0 7

#31020000
0!
02

#31025000
1!
b110 &
12
b110 6
b1 7

#31030000
0!
02

#31035000
1!
b1100 &
12
b1100 6
b10 7

#31040000
0!
02

#31045000
1!
b1001 &
12
b1001 6
b11 7

#31050000
0!
02

#31055000
1!
b11 &
12
b11 6
b0 7

#31060000
0!
02

#31065000
1!
b110 &
12
b110 6
b1 7

#31070000
0!
02

#31075000
1!
b1100 &
12
b1100 6
b10 7

#31080000
0!
02

#31085000
1!
b1001 &
12
b1001 6
b11 7

#31090000
0!
02

#31095000
1!
b11 &
12
b11 6
b0 7

#31100000
0!
02

#31105000
1!
b110 &
12
b110 6
b1 7

#31110000
0!
02

#31115000
1!
b1100 &
12
b1100 6
b10 7

#31120000
0!
02

#31125000
1!
b1001 &
12
b1001 6
b11 7

#31130000
0!
02

#31135000
1!
b11 &
12
b11 6
b0 7

#31140000
0!
02

#31145000
1!
b110 &
12
b110 6
b1 7

#31150000
0!
02

#31155000
1!
b1100 &
12
b1100 6
b10 7

#31160000
0!
02

#31165000
1!
b1001 &
12
b1001 6
b11 7

#31170000
0!
02

#31175000
1!
b11 &
12
b11 6
b0 7

#31180000
0!
02

#31185000
1!
b110 &
12
b110 6
b1 7

#31190000
0!
02

#31195000
1!
b1100 &
12
b1100 6
b10 7

#31200000
0!
02

#31205000
1!
b1001 &
12
b1001 6
b11 7

#31210000
0!
02

#31215000
1!
b11 &
12
b11 6
b0 7

#31220000
0!
02

#31225000
1!
b110 &
12
b110 6
b1 7

#31230000
0!
02

#31235000
1!
b1100 &
12
b1100 6
b10 7

#31240000
0!
02

#31245000
1!
b1001 &
12
b1001 6
b11 7

#31250000
0!
02

#31255000
1!
b11 &
12
b11 6
b0 7

#31260000
0!
02

#31265000
1!
b110 &
12
b110 6
b1 7

#31270000
0!
02

#31275000
1!
b1100 &
12
b1100 6
b10 7

#31280000
0!
02

#31285000
1!
b1001 &
12
b1001 6
b11 7

#31290000
0!
02

#31295000
1!
b11 &
12
b11 6
b0 7

#31300000
0!
02

#31305000
1!
b110 &
12
b110 6
b1 7

#31310000
0!
02

#31315000
1!
b1100 &
12
b1100 6
b10 7

#31320000
0!
02

#31325000
1!
b1001 &
12
b1001 6
b11 7

#31330000
0!
02

#31335000
1!
b11 &
12
b11 6
b0 7

#31340000
0!
02

#31345000
1!
b110 &
12
b110 6
b1 7

#31350000
0!
02

#31355000
1!
b1100 &
12
b1100 6
b10 7

#31360000
0!
02

#31365000
1!
b1001 &
12
b1001 6
b11 7

#31370000
0!
02

#31375000
1!
b11 &
12
b11 6
b0 7

#31380000
0!
02

#31385000
1!
b110 &
12
b110 6
b1 7

#31390000
0!
02

#31395000
1!
b1100 &
12
b1100 6
b10 7

#31400000
0!
02

#31405000
1!
b1001 &
12
b1001 6
b11 7

#31410000
0!
02

#31415000
1!
b11 &
12
b11 6
b0 7

#31420000
0!
02

#31425000
1!
b110 &
12
b110 6
b1 7

#31430000
0!
02

#31435000
1!
b1100 &
12
b1100 6
b10 7

#31440000
0!
02

#31445000
1!
b1001 &
12
b1001 6
b11 7

#31450000
0!
02

#31455000
1!
b11 &
12
b11 6
b0 7

#31460000
0!
02

#31465000
1!
b110 &
12
b110 6
b1 7

#31470000
0!
02

#31475000
1!
b1100 &
12
b1100 6
b10 7

#31480000
0!
02

#31485000
1!
b1001 &
12
b1001 6
b11 7

#31490000
0!
02

#31495000
1!
b11 &
12
b11 6
b0 7

#31500000
0!
02

#31505000
1!
b110 &
12
b110 6
b1 7

#31510000
0!
02

#31515000
1!
b1100 &
12
b1100 6
b10 7

#31520000
0!
02

#31525000
1!
b1001 &
12
b1001 6
b11 7

#31530000
0!
02

#31535000
1!
b11 &
12
b11 6
b0 7

#31540000
0!
02

#31545000
1!
b110 &
12
b110 6
b1 7

#31550000
0!
02

#31555000
1!
b1100 &
12
b1100 6
b10 7

#31560000
0!
02

#31565000
1!
b1001 &
12
b1001 6
b11 7

#31570000
0!
02

#31575000
1!
b11 &
12
b11 6
b0 7

#31580000
0!
02

#31585000
1!
b110 &
12
b110 6
b1 7

#31590000
0!
02

#31595000
1!
b1100 &
12
b1100 6
b10 7

#31600000
0!
02

#31605000
1!
b1001 &
12
b1001 6
b11 7

#31610000
0!
02

#31615000
1!
b11 &
12
b11 6
b0 7

#31620000
0!
02

#31625000
1!
b110 &
12
b110 6
b1 7

#31630000
0!
02

#31635000
1!
b1100 &
12
b1100 6
b10 7

#31640000
0!
02

#31645000
1!
b1001 &
12
b1001 6
b11 7

#31650000
0!
02

#31655000
1!
b11 &
12
b11 6
b0 7

#31660000
0!
02

#31665000
1!
b110 &
12
b110 6
b1 7

#31670000
0!
02

#31675000
1!
b1100 &
12
b1100 6
b10 7

#31680000
0!
02

#31685000
1!
b1001 &
12
b1001 6
b11 7

#31690000
0!
02

#31695000
1!
b11 &
12
b11 6
b0 7

#31700000
0!
02

#31705000
1!
b110 &
12
b110 6
b1 7

#31710000
0!
02

#31715000
1!
b1100 &
12
b1100 6
b10 7

#31720000
0!
02

#31725000
1!
b1001 &
12
b1001 6
b11 7

#31730000
0!
02

#31735000
1!
b11 &
12
b11 6
b0 7

#31740000
0!
02

#31745000
1!
b110 &
12
b110 6
b1 7

#31750000
0!
02

#31755000
1!
b1100 &
12
b1100 6
b10 7

#31760000
0!
02

#31765000
1!
b1001 &
12
b1001 6
b11 7

#31770000
0!
02

#31775000
1!
b11 &
12
b11 6
b0 7

#31780000
0!
02

#31785000
1!
b110 &
12
b110 6
b1 7

#31790000
0!
02

#31795000
1!
b1100 &
12
b1100 6
b10 7

#31800000
0!
02

#31805000
1!
b1001 &
12
b1001 6
b11 7

#31810000
0!
02

#31815000
1!
b11 &
12
b11 6
b0 7

#31820000
0!
02

#31825000
1!
b110 &
12
b110 6
b1 7

#31830000
0!
02

#31835000
1!
b1100 &
12
b1100 6
b10 7

#31840000
0!
02

#31845000
1!
b1001 &
12
b1001 6
b11 7

#31850000
0!
02

#31855000
1!
b11 &
12
b11 6
b0 7

#31860000
0!
02

#31865000
1!
b110 &
12
b110 6
b1 7

#31870000
0!
02

#31875000
1!
b1100 &
12
b1100 6
b10 7

#31880000
0!
02

#31885000
1!
b1001 &
12
b1001 6
b11 7

#31890000
0!
02

#31895000
1!
b11 &
12
b11 6
b0 7

#31900000
0!
02

#31905000
1!
b110 &
12
b110 6
b1 7

#31910000
0!
02

#31915000
1!
b1100 &
12
b1100 6
b10 7

#31920000
0!
02

#31925000
1!
b1001 &
12
b1001 6
b11 7

#31930000
0!
02

#31935000
1!
b11 &
12
b11 6
b0 7

#31940000
0!
02

#31945000
1!
b110 &
12
b110 6
b1 7

#31950000
0!
02

#31955000
1!
b1100 &
12
b1100 6
b10 7

#31960000
0!
02

#31965000
1!
b1001 &
12
b1001 6
b11 7

#31970000
0!
02

#31975000
1!
b11 &
12
b11 6
b0 7

#31980000
0!
02

#31985000
1!
b110 &
12
b110 6
b1 7

#31990000
0!
02

#31995000
1!
b1100 &
12
b1100 6
b10 7

#32000000
0!
02

#32005000
1!
b1001 &
12
b1001 6
b11 7

#32010000
0!
02

#32015000
1!
b11 &
12
b11 6
b0 7

#32020000
0!
02

#32025000
1!
b110 &
12
b110 6
b1 7

#32030000
0!
02

#32035000
1!
b1100 &
12
b1100 6
b10 7

#32040000
0!
02

#32045000
1!
b1001 &
12
b1001 6
b11 7

#32050000
0!
02

#32055000
1!
b11 &
12
b11 6
b0 7

#32060000
0!
02

#32065000
1!
b110 &
12
b110 6
b1 7

#32070000
0!
02

#32075000
1!
b1100 &
12
b1100 6
b10 7

#32080000
0!
02

#32085000
1!
b1001 &
12
b1001 6
b11 7

#32090000
0!
02

#32095000
1!
b11 &
12
b11 6
b0 7

#32100000
0!
02

#32105000
1!
b110 &
12
b110 6
b1 7

#32110000
0!
02

#32115000
1!
b1100 &
12
b1100 6
b10 7

#32120000
0!
02

#32125000
1!
b1001 &
12
b1001 6
b11 7

#32130000
0!
02

#32135000
1!
b11 &
12
b11 6
b0 7

#32140000
0!
02

#32145000
1!
b110 &
12
b110 6
b1 7

#32150000
0!
02

#32155000
1!
b1100 &
12
b1100 6
b10 7

#32160000
0!
02

#32165000
1!
b1001 &
12
b1001 6
b11 7

#32170000
0!
02

#32175000
1!
b11 &
12
b11 6
b0 7

#32180000
0!
02

#32185000
1!
b110 &
12
b110 6
b1 7

#32190000
0!
02

#32195000
1!
b1100 &
12
b1100 6
b10 7

#32200000
0!
02

#32205000
1!
b1001 &
12
b1001 6
b11 7

#32210000
0!
02

#32215000
1!
b11 &
12
b11 6
b0 7

#32220000
0!
02

#32225000
1!
b110 &
12
b110 6
b1 7

#32230000
0!
02

#32235000
1!
b1100 &
12
b1100 6
b10 7

#32240000
0!
02

#32245000
1!
b1001 &
12
b1001 6
b11 7

#32250000
0!
02

#32255000
1!
b11 &
12
b11 6
b0 7

#32260000
0!
02

#32265000
1!
b110 &
12
b110 6
b1 7

#32270000
0!
02

#32275000
1!
b1100 &
12
b1100 6
b10 7

#32280000
0!
02

#32285000
1!
b1001 &
12
b1001 6
b11 7

#32290000
0!
02

#32295000
1!
b11 &
12
b11 6
b0 7

#32300000
0!
02

#32305000
1!
b110 &
12
b110 6
b1 7

#32310000
0!
02

#32315000
1!
b1100 &
12
b1100 6
b10 7

#32320000
0!
02

#32325000
1!
b1001 &
12
b1001 6
b11 7

#32330000
0!
02

#32335000
1!
b11 &
12
b11 6
b0 7

#32340000
0!
02

#32345000
1!
b110 &
12
b110 6
b1 7

#32350000
0!
02

#32355000
1!
b1100 &
12
b1100 6
b10 7

#32360000
0!
02

#32365000
1!
b1001 &
12
b1001 6
b11 7

#32370000
0!
02

#32375000
1!
b11 &
12
b11 6
b0 7

#32380000
0!
02

#32385000
1!
b110 &
12
b110 6
b1 7

#32390000
0!
02

#32395000
1!
b1100 &
12
b1100 6
b10 7

#32400000
0!
02

#32405000
1!
b1001 &
12
b1001 6
b11 7

#32410000
0!
02

#32415000
1!
b11 &
12
b11 6
b0 7

#32420000
0!
02

#32425000
1!
b110 &
12
b110 6
b1 7

#32430000
0!
02

#32435000
1!
b1100 &
12
b1100 6
b10 7

#32440000
0!
02

#32445000
1!
b1001 &
12
b1001 6
b11 7

#32450000
0!
02

#32455000
1!
b11 &
12
b11 6
b0 7

#32460000
0!
02

#32465000
1!
b110 &
12
b110 6
b1 7

#32470000
0!
02

#32475000
1!
b1100 &
12
b1100 6
b10 7

#32480000
0!
02

#32485000
1!
b1001 &
12
b1001 6
b11 7

#32490000
0!
02

#32495000
1!
b11 &
12
b11 6
b0 7

#32500000
0!
02

#32505000
1!
b110 &
12
b110 6
b1 7

#32510000
0!
02

#32515000
1!
b1100 &
12
b1100 6
b10 7

#32520000
0!
02

#32525000
1!
b1001 &
12
b1001 6
b11 7

#32530000
0!
02

#32535000
1!
b11 &
12
b11 6
b0 7

#32540000
0!
02

#32545000
1!
b110 &
12
b110 6
b1 7

#32550000
0!
02

#32555000
1!
b1100 &
12
b1100 6
b10 7

#32560000
0!
02

#32565000
1!
b1001 &
12
b1001 6
b11 7

#32570000
0!
02

#32575000
1!
b11 &
12
b11 6
b0 7

#32580000
0!
02

#32585000
1!
b110 &
12
b110 6
b1 7

#32590000
0!
02

#32595000
1!
b1100 &
12
b1100 6
b10 7

#32600000
0!
02

#32605000
1!
b1001 &
12
b1001 6
b11 7

#32610000
0!
02

#32615000
1!
b11 &
12
b11 6
b0 7

#32620000
0!
02

#32625000
1!
b110 &
12
b110 6
b1 7

#32630000
0!
02

#32635000
1!
b1100 &
12
b1100 6
b10 7

#32640000
0!
02

#32645000
1!
b1001 &
12
b1001 6
b11 7

#32650000
0!
02

#32655000
1!
b11 &
12
b11 6
b0 7

#32660000
0!
02

#32665000
1!
b110 &
12
b110 6
b1 7

#32670000
0!
02

#32675000
1!
b1100 &
12
b1100 6
b10 7

#32680000
0!
02

#32685000
1!
b1001 &
12
b1001 6
b11 7

#32690000
0!
02

#32695000
1!
b11 &
12
b11 6
b0 7

#32700000
0!
02

#32705000
1!
b110 &
12
b110 6
b1 7

#32710000
0!
02

#32715000
1!
b1100 &
12
b1100 6
b10 7

#32720000
0!
02

#32725000
1!
b1001 &
12
b1001 6
b11 7

#32730000
0!
02

#32735000
1!
b11 &
12
b11 6
b0 7

#32740000
0!
02

#32745000
1!
b110 &
12
b110 6
b1 7

#32750000
0!
02

#32755000
1!
b1100 &
12
b1100 6
b10 7

#32760000
0!
02

#32765000
1!
b1001 &
12
b1001 6
b11 7

#32770000
0!
02

#32775000
1!
b11 &
12
b11 6
b0 7

#32780000
0!
02

#32785000
1!
b110 &
12
b110 6
b1 7

#32790000
0!
02

#32795000
1!
b1100 &
12
b1100 6
b10 7

#32800000
0!
02

#32805000
1!
b1001 &
12
b1001 6
b11 7

#32810000
0!
02

#32815000
1!
b11 &
12
b11 6
b0 7

#32820000
0!
02

#32825000
1!
b110 &
12
b110 6
b1 7

#32830000
0!
02

#32835000
1!
b1100 &
12
b1100 6
b10 7

#32840000
0!
02

#32845000
1!
b1001 &
12
b1001 6
b11 7

#32850000
0!
02

#32855000
1!
b11 &
12
b11 6
b0 7

#32860000
0!
02

#32865000
1!
b110 &
12
b110 6
b1 7

#32870000
0!
02

#32875000
1!
b1100 &
12
b1100 6
b10 7

#32880000
0!
02

#32885000
1!
b1001 &
12
b1001 6
b11 7

#32890000
0!
02

#32895000
1!
b11 &
12
b11 6
b0 7

#32900000
0!
02

#32905000
1!
b110 &
12
b110 6
b1 7

#32910000
0!
02

#32915000
1!
b1100 &
12
b1100 6
b10 7

#32920000
0!
02

#32925000
1!
b1001 &
12
b1001 6
b11 7

#32930000
0!
02

#32935000
1!
b11 &
12
b11 6
b0 7

#32940000
0!
02

#32945000
1!
b110 &
12
b110 6
b1 7

#32950000
0!
02

#32955000
1!
b1100 &
12
b1100 6
b10 7

#32960000
0!
02

#32965000
1!
b1001 &
12
b1001 6
b11 7

#32970000
0!
02

#32975000
1!
b11 &
12
b11 6
b0 7

#32980000
0!
02

#32985000
1!
b110 &
12
b110 6
b1 7

#32990000
0!
02

#32995000
1!
b1100 &
12
b1100 6
b10 7

#33000000
0!
02

#33005000
1!
b1001 &
12
b1001 6
b11 7

#33010000
0!
02

#33015000
1!
b11 &
12
b11 6
b0 7

#33020000
0!
02

#33025000
1!
b110 &
12
b110 6
b1 7

#33030000
0!
02

#33035000
1!
b1100 &
12
b1100 6
b10 7

#33040000
0!
02

#33045000
1!
b1001 &
12
b1001 6
b11 7

#33050000
0!
02

#33055000
1!
b11 &
12
b11 6
b0 7

#33060000
0!
02

#33065000
1!
b110 &
12
b110 6
b1 7

#33070000
0!
02

#33075000
1!
b1100 &
12
b1100 6
b10 7

#33080000
0!
02

#33085000
1!
b1001 &
12
b1001 6
b11 7

#33090000
0!
02

#33095000
1!
b11 &
12
b11 6
b0 7

#33100000
0!
02

#33105000
1!
b110 &
12
b110 6
b1 7

#33110000
0!
02

#33115000
1!
b1100 &
12
b1100 6
b10 7

#33120000
0!
02

#33125000
1!
b1001 &
12
b1001 6
b11 7

#33130000
0!
02

#33135000
1!
b11 &
12
b11 6
b0 7

#33140000
0!
02

#33145000
1!
b110 &
12
b110 6
b1 7

#33150000
0!
02

#33155000
1!
b1100 &
12
b1100 6
b10 7

#33160000
0!
02

#33165000
1!
b1001 &
12
b1001 6
b11 7

#33170000
0!
02

#33175000
1!
b11 &
12
b11 6
b0 7

#33180000
0!
02

#33185000
1!
b110 &
12
b110 6
b1 7

#33190000
0!
02

#33195000
1!
b1100 &
12
b1100 6
b10 7

#33200000
0!
02

#33205000
1!
b1001 &
12
b1001 6
b11 7

#33210000
0!
02

#33215000
1!
b11 &
12
b11 6
b0 7

#33220000
0!
02

#33225000
1!
b110 &
12
b110 6
b1 7

#33230000
0!
02

#33235000
1!
b1100 &
12
b1100 6
b10 7

#33240000
0!
02

#33245000
1!
b1001 &
12
b1001 6
b11 7

#33250000
0!
02

#33255000
1!
b11 &
12
b11 6
b0 7

#33260000
0!
02

#33265000
1!
b110 &
12
b110 6
b1 7

#33270000
0!
02

#33275000
1!
b1100 &
12
b1100 6
b10 7

#33280000
0!
02

#33285000
1!
b1001 &
12
b1001 6
b11 7

#33290000
0!
02

#33295000
1!
b11 &
12
b11 6
b0 7

#33300000
0!
02

#33305000
1!
b110 &
12
b110 6
b1 7

#33310000
0!
02

#33315000
1!
b1100 &
12
b1100 6
b10 7

#33320000
0!
02

#33325000
1!
b1001 &
12
b1001 6
b11 7

#33330000
0!
02

#33335000
1!
b11 &
12
b11 6
b0 7

#33340000
0!
02

#33345000
1!
b110 &
12
b110 6
b1 7

#33350000
0!
02

#33355000
1!
b1100 &
12
b1100 6
b10 7

#33360000
0!
02

#33365000
1!
b1001 &
12
b1001 6
b11 7

#33370000
0!
02

#33375000
1!
b11 &
12
b11 6
b0 7

#33380000
0!
02

#33385000
1!
b110 &
12
b110 6
b1 7

#33390000
0!
02

#33395000
1!
b1100 &
12
b1100 6
b10 7

#33400000
0!
02

#33405000
1!
b1001 &
12
b1001 6
b11 7

#33410000
0!
02

#33415000
1!
b11 &
12
b11 6
b0 7

#33420000
0!
02

#33425000
1!
b110 &
12
b110 6
b1 7

#33430000
0!
02

#33435000
1!
b1100 &
12
b1100 6
b10 7

#33440000
0!
02

#33445000
1!
b1001 &
12
b1001 6
b11 7

#33450000
0!
02

#33455000
1!
b11 &
12
b11 6
b0 7

#33460000
0!
02

#33465000
1!
b110 &
12
b110 6
b1 7

#33470000
0!
02

#33475000
1!
b1100 &
12
b1100 6
b10 7

#33480000
0!
02

#33485000
1!
b1001 &
12
b1001 6
b11 7

#33490000
0!
02

#33495000
1!
b11 &
12
b11 6
b0 7

#33500000
0!
02

#33505000
1!
b110 &
12
b110 6
b1 7

#33510000
0!
02

#33515000
1!
b1100 &
12
b1100 6
b10 7

#33520000
0!
02

#33525000
1!
b1001 &
12
b1001 6
b11 7

#33530000
0!
02

#33535000
1!
b11 &
12
b11 6
b0 7

#33540000
0!
02

#33545000
1!
b110 &
12
b110 6
b1 7

#33550000
0!
02

#33555000
1!
b1100 &
12
b1100 6
b10 7

#33560000
0!
02

#33565000
1!
b1001 &
12
b1001 6
b11 7

#33570000
0!
02

#33575000
1!
b11 &
12
b11 6
b0 7

#33580000
0!
02

#33585000
1!
b110 &
12
b110 6
b1 7

#33590000
0!
02

#33595000
1!
b1100 &
12
b1100 6
b10 7

#33600000
0!
02

#33605000
1!
b1001 &
12
b1001 6
b11 7

#33610000
0!
02

#33615000
1!
b11 &
12
b11 6
b0 7

#33620000
0!
02

#33625000
1!
b110 &
12
b110 6
b1 7

#33630000
0!
02

#33635000
1!
b1100 &
12
b1100 6
b10 7

#33640000
0!
02

#33645000
1!
b1001 &
12
b1001 6
b11 7

#33650000
0!
02

#33655000
1!
b11 &
12
b11 6
b0 7

#33660000
0!
02

#33665000
1!
b110 &
12
b110 6
b1 7

#33670000
0!
02

#33675000
1!
b1100 &
12
b1100 6
b10 7

#33680000
0!
02

#33685000
1!
b1001 &
12
b1001 6
b11 7

#33690000
0!
02

#33695000
1!
b11 &
12
b11 6
b0 7

#33700000
0!
02

#33705000
1!
b110 &
12
b110 6
b1 7

#33710000
0!
02

#33715000
1!
b1100 &
12
b1100 6
b10 7

#33720000
0!
02

#33725000
1!
b1001 &
12
b1001 6
b11 7

#33730000
0!
02

#33735000
1!
b11 &
12
b11 6
b0 7

#33740000
0!
02

#33745000
1!
b110 &
12
b110 6
b1 7

#33750000
0!
02

#33755000
1!
b1100 &
12
b1100 6
b10 7

#33760000
0!
02

#33765000
1!
b1001 &
12
b1001 6
b11 7

#33770000
0!
02

#33775000
1!
b11 &
12
b11 6
b0 7

#33780000
0!
02

#33785000
1!
b110 &
12
b110 6
b1 7

#33790000
0!
02

#33795000
1!
b1100 &
12
b1100 6
b10 7

#33800000
0!
02

#33805000
1!
b1001 &
12
b1001 6
b11 7

#33810000
0!
02

#33815000
1!
b11 &
12
b11 6
b0 7

#33820000
0!
02

#33825000
1!
b110 &
12
b110 6
b1 7

#33830000
0!
02

#33835000
1!
b1100 &
12
b1100 6
b10 7

#33840000
0!
02

#33845000
1!
b1001 &
12
b1001 6
b11 7

#33850000
0!
02

#33855000
1!
b11 &
12
b11 6
b0 7

#33860000
0!
02

#33865000
1!
b110 &
12
b110 6
b1 7

#33870000
0!
02

#33875000
1!
b1100 &
12
b1100 6
b10 7

#33880000
0!
02

#33885000
1!
b1001 &
12
b1001 6
b11 7

#33890000
0!
02

#33895000
1!
b11 &
12
b11 6
b0 7

#33900000
0!
02

#33905000
1!
b110 &
12
b110 6
b1 7

#33910000
0!
02

#33915000
1!
b1100 &
12
b1100 6
b10 7

#33920000
0!
02

#33925000
1!
b1001 &
12
b1001 6
b11 7

#33930000
0!
02

#33935000
1!
b11 &
12
b11 6
b0 7

#33940000
0!
02

#33945000
1!
b110 &
12
b110 6
b1 7

#33950000
0!
02

#33955000
1!
b1100 &
12
b1100 6
b10 7

#33960000
0!
02

#33965000
1!
b1001 &
12
b1001 6
b11 7

#33970000
0!
02

#33975000
1!
b11 &
12
b11 6
b0 7

#33980000
0!
02

#33985000
1!
b110 &
12
b110 6
b1 7

#33990000
0!
02

#33995000
1!
b1100 &
12
b1100 6
b10 7

#34000000
0!
02

#34005000
1!
b1001 &
12
b1001 6
b11 7

#34010000
0!
02

#34015000
1!
b11 &
12
b11 6
b0 7

#34020000
0!
02

#34025000
1!
b110 &
12
b110 6
b1 7

#34030000
0!
02

#34035000
1!
b1100 &
12
b1100 6
b10 7

#34040000
0!
02

#34045000
1!
b1001 &
12
b1001 6
b11 7

#34050000
0!
02

#34055000
1!
b11 &
12
b11 6
b0 7

#34060000
0!
02

#34065000
1!
b110 &
12
b110 6
b1 7

#34070000
0!
02

#34075000
1!
b1100 &
12
b1100 6
b10 7

#34080000
0!
02

#34085000
1!
b1001 &
12
b1001 6
b11 7

#34090000
0!
02

#34095000
1!
b11 &
12
b11 6
b0 7

#34100000
0!
02

#34105000
1!
b110 &
12
b110 6
b1 7

#34110000
0!
02

#34115000
1!
b1100 &
12
b1100 6
b10 7

#34120000
0!
02

#34125000
1!
b1001 &
12
b1001 6
b11 7

#34130000
0!
02

#34135000
1!
b11 &
12
b11 6
b0 7

#34140000
0!
02

#34145000
1!
b110 &
12
b110 6
b1 7

#34150000
0!
02

#34155000
1!
b1100 &
12
b1100 6
b10 7

#34160000
0!
02

#34165000
1!
b1001 &
12
b1001 6
b11 7

#34170000
0!
02

#34175000
1!
b11 &
12
b11 6
b0 7

#34180000
0!
02

#34185000
1!
b110 &
12
b110 6
b1 7

#34190000
0!
02

#34195000
1!
b1100 &
12
b1100 6
b10 7

#34200000
0!
02

#34205000
1!
b1001 &
12
b1001 6
b11 7

#34210000
0!
02

#34215000
1!
b11 &
12
b11 6
b0 7

#34220000
0!
02

#34225000
1!
b110 &
12
b110 6
b1 7

#34230000
0!
02

#34235000
1!
b1100 &
12
b1100 6
b10 7

#34240000
0!
02

#34245000
1!
b1001 &
12
b1001 6
b11 7

#34250000
0!
02

#34255000
1!
b11 &
12
b11 6
b0 7

#34260000
0!
02

#34265000
1!
b110 &
12
b110 6
b1 7

#34270000
0!
02

#34275000
1!
b1100 &
12
b1100 6
b10 7

#34280000
0!
02

#34285000
1!
b1001 &
12
b1001 6
b11 7

#34290000
0!
02

#34295000
1!
b11 &
12
b11 6
b0 7

#34300000
0!
02

#34305000
1!
b110 &
12
b110 6
b1 7

#34310000
0!
02

#34315000
1!
b1100 &
12
b1100 6
b10 7

#34320000
0!
02

#34325000
1!
b1001 &
12
b1001 6
b11 7

#34330000
0!
02

#34335000
1!
b11 &
12
b11 6
b0 7

#34340000
0!
02

#34345000
1!
b110 &
12
b110 6
b1 7

#34350000
0!
02

#34355000
1!
b1100 &
12
b1100 6
b10 7

#34360000
0!
02

#34365000
1!
b1001 &
12
b1001 6
b11 7

#34370000
0!
02

#34375000
1!
b11 &
12
b11 6
b0 7

#34380000
0!
02

#34385000
1!
b110 &
12
b110 6
b1 7

#34390000
0!
02

#34395000
1!
b1100 &
12
b1100 6
b10 7

#34400000
0!
02

#34405000
1!
b1001 &
12
b1001 6
b11 7

#34410000
0!
02

#34415000
1!
b11 &
12
b11 6
b0 7

#34420000
0!
02

#34425000
1!
b110 &
12
b110 6
b1 7

#34430000
0!
02

#34435000
1!
b1100 &
12
b1100 6
b10 7

#34440000
0!
02

#34445000
1!
b1001 &
12
b1001 6
b11 7

#34450000
0!
02

#34455000
1!
b11 &
12
b11 6
b0 7

#34460000
0!
02

#34465000
1!
b110 &
12
b110 6
b1 7

#34470000
0!
02

#34475000
1!
b1100 &
12
b1100 6
b10 7

#34480000
0!
02

#34485000
1!
b1001 &
12
b1001 6
b11 7

#34490000
0!
02

#34495000
1!
b11 &
12
b11 6
b0 7

#34500000
0!
02

#34505000
1!
b110 &
12
b110 6
b1 7

#34510000
0!
02

#34515000
1!
b1100 &
12
b1100 6
b10 7

#34520000
0!
02

#34525000
1!
b1001 &
12
b1001 6
b11 7

#34530000
0!
02

#34535000
1!
b11 &
12
b11 6
b0 7

#34540000
0!
02

#34545000
1!
b110 &
12
b110 6
b1 7

#34550000
0!
02

#34555000
1!
b1100 &
12
b1100 6
b10 7

#34560000
0!
02

#34565000
1!
b1001 &
12
b1001 6
b11 7

#34570000
0!
02

#34575000
1!
b11 &
12
b11 6
b0 7

#34580000
0!
02

#34585000
1!
b110 &
12
b110 6
b1 7

#34590000
0!
02

#34595000
1!
b1100 &
12
b1100 6
b10 7

#34600000
0!
02

#34605000
1!
b1001 &
12
b1001 6
b11 7

#34610000
0!
02

#34615000
1!
b11 &
12
b11 6
b0 7

#34620000
0!
02

#34625000
1!
b110 &
12
b110 6
b1 7

#34630000
0!
02

#34635000
1!
b1100 &
12
b1100 6
b10 7

#34640000
0!
02

#34645000
1!
b1001 &
12
b1001 6
b11 7

#34650000
0!
02

#34655000
1!
b11 &
12
b11 6
b0 7

#34660000
0!
02

#34665000
1!
b110 &
12
b110 6
b1 7

#34670000
0!
02

#34675000
1!
b1100 &
12
b1100 6
b10 7

#34680000
0!
02

#34685000
1!
b1001 &
12
b1001 6
b11 7

#34690000
0!
02

#34695000
1!
b11 &
12
b11 6
b0 7

#34700000
0!
02

#34705000
1!
b110 &
12
b110 6
b1 7

#34710000
0!
02

#34715000
1!
b1100 &
12
b1100 6
b10 7

#34720000
0!
02

#34725000
1!
b1001 &
12
b1001 6
b11 7

#34730000
0!
02

#34735000
1!
b11 &
12
b11 6
b0 7

#34740000
0!
02

#34745000
1!
b110 &
12
b110 6
b1 7

#34750000
0!
02

#34755000
1!
b1100 &
12
b1100 6
b10 7

#34760000
0!
02

#34765000
1!
b1001 &
12
b1001 6
b11 7

#34770000
0!
02

#34775000
1!
b11 &
12
b11 6
b0 7

#34780000
0!
02

#34785000
1!
b110 &
12
b110 6
b1 7

#34790000
0!
02

#34795000
1!
b1100 &
12
b1100 6
b10 7

#34800000
0!
02

#34805000
1!
b1001 &
12
b1001 6
b11 7

#34810000
0!
02

#34815000
1!
b11 &
12
b11 6
b0 7

#34820000
0!
02

#34825000
1!
b110 &
12
b110 6
b1 7

#34830000
0!
02

#34835000
1!
b1100 &
12
b1100 6
b10 7

#34840000
0!
02

#34845000
1!
b1001 &
12
b1001 6
b11 7

#34850000
0!
02

#34855000
1!
b11 &
12
b11 6
b0 7

#34860000
0!
02

#34865000
1!
b110 &
12
b110 6
b1 7

#34870000
0!
02

#34875000
1!
b1100 &
12
b1100 6
b10 7

#34880000
0!
02

#34885000
1!
b1001 &
12
b1001 6
b11 7

#34890000
0!
02

#34895000
1!
b11 &
12
b11 6
b0 7

#34900000
0!
02

#34905000
1!
b110 &
12
b110 6
b1 7

#34910000
0!
02

#34915000
1!
b1100 &
12
b1100 6
b10 7

#34920000
0!
02

#34925000
1!
b1001 &
12
b1001 6
b11 7

#34930000
0!
02

#34935000
1!
b11 &
12
b11 6
b0 7

#34940000
0!
02

#34945000
1!
b110 &
12
b110 6
b1 7

#34950000
0!
02

#34955000
1!
b1100 &
12
b1100 6
b10 7

#34960000
0!
02

#34965000
1!
b1001 &
12
b1001 6
b11 7

#34970000
0!
02

#34975000
1!
b11 &
12
b11 6
b0 7

#34980000
0!
02

#34985000
1!
b110 &
12
b110 6
b1 7

#34990000
0!
02

#34995000
1!
b1100 &
12
b1100 6
b10 7

#35000000
0!
02

#35005000
1!
b1001 &
12
b1001 6
b11 7

#35010000
0!
02

#35015000
1!
b11 &
12
b11 6
b0 7

#35020000
0!
02

#35025000
1!
b110 &
12
b110 6
b1 7

#35030000
0!
02

#35035000
1!
b1100 &
12
b1100 6
b10 7

#35040000
0!
02

#35045000
1!
b1001 &
12
b1001 6
b11 7

#35050000
0!
02

#35055000
1!
b11 &
12
b11 6
b0 7

#35060000
0!
02

#35065000
1!
b110 &
12
b110 6
b1 7

#35070000
0!
02

#35075000
1!
b1100 &
12
b1100 6
b10 7

#35080000
0!
02

#35085000
1!
b1001 &
12
b1001 6
b11 7

#35090000
0!
02

#35095000
1!
b11 &
12
b11 6
b0 7

#35100000
0!
02

#35105000
1!
b110 &
12
b110 6
b1 7

#35110000
0!
02

#35115000
1!
b1100 &
12
b1100 6
b10 7

#35120000
0!
02

#35125000
1!
b1001 &
12
b1001 6
b11 7

#35130000
0!
02

#35135000
1!
b11 &
12
b11 6
b0 7

#35140000
0!
02

#35145000
1!
b110 &
12
b110 6
b1 7

#35150000
0!
02

#35155000
1!
b1100 &
12
b1100 6
b10 7

#35160000
0!
02

#35165000
1!
b1001 &
12
b1001 6
b11 7

#35170000
0!
02

#35175000
1!
b11 &
12
b11 6
b0 7

#35180000
0!
02

#35185000
1!
b110 &
12
b110 6
b1 7

#35190000
0!
02

#35195000
1!
b1100 &
12
b1100 6
b10 7

#35200000
0!
02

#35205000
1!
b1001 &
12
b1001 6
b11 7

#35210000
0!
02

#35215000
1!
b11 &
12
b11 6
b0 7

#35220000
0!
02

#35225000
1!
b110 &
12
b110 6
b1 7

#35230000
0!
02

#35235000
1!
b1100 &
12
b1100 6
b10 7

#35240000
0!
02

#35245000
1!
b1001 &
12
b1001 6
b11 7

#35250000
0!
02

#35255000
1!
b11 &
12
b11 6
b0 7

#35260000
0!
02

#35265000
1!
b110 &
12
b110 6
b1 7

#35270000
0!
02

#35275000
1!
b1100 &
12
b1100 6
b10 7

#35280000
0!
02

#35285000
1!
b1001 &
12
b1001 6
b11 7

#35290000
0!
02

#35295000
1!
b11 &
12
b11 6
b0 7

#35300000
0!
02

#35305000
1!
b110 &
12
b110 6
b1 7

#35310000
0!
02

#35315000
1!
b1100 &
12
b1100 6
b10 7

#35320000
0!
02

#35325000
1!
b1001 &
12
b1001 6
b11 7

#35330000
0!
02

#35335000
1!
b11 &
12
b11 6
b0 7

#35340000
0!
02

#35345000
1!
b110 &
12
b110 6
b1 7

#35350000
0!
02

#35355000
1!
b1100 &
12
b1100 6
b10 7

#35360000
0!
02

#35365000
1!
b1001 &
12
b1001 6
b11 7

#35370000
0!
02

#35375000
1!
b11 &
12
b11 6
b0 7

#35380000
0!
02

#35385000
1!
b110 &
12
b110 6
b1 7

#35390000
0!
02

#35395000
1!
b1100 &
12
b1100 6
b10 7

#35400000
0!
02

#35405000
1!
b1001 &
12
b1001 6
b11 7

#35410000
0!
02

#35415000
1!
b11 &
12
b11 6
b0 7

#35420000
0!
02

#35425000
1!
b110 &
12
b110 6
b1 7

#35430000
0!
02

#35435000
1!
b1100 &
12
b1100 6
b10 7

#35440000
0!
02

#35445000
1!
b1001 &
12
b1001 6
b11 7

#35450000
0!
02

#35455000
1!
b11 &
12
b11 6
b0 7

#35460000
0!
02

#35465000
1!
b110 &
12
b110 6
b1 7

#35470000
0!
02

#35475000
1!
b1100 &
12
b1100 6
b10 7

#35480000
0!
02

#35485000
1!
b1001 &
12
b1001 6
b11 7

#35490000
0!
02

#35495000
1!
b11 &
12
b11 6
b0 7

#35500000
0!
02

#35505000
1!
b110 &
12
b110 6
b1 7

#35510000
0!
02

#35515000
1!
b1100 &
12
b1100 6
b10 7

#35520000
0!
02

#35525000
1!
b1001 &
12
b1001 6
b11 7

#35530000
0!
02

#35535000
1!
b11 &
12
b11 6
b0 7

#35540000
0!
02

#35545000
1!
b110 &
12
b110 6
b1 7

#35550000
0!
02

#35555000
1!
b1100 &
12
b1100 6
b10 7

#35560000
0!
02

#35565000
1!
b1001 &
12
b1001 6
b11 7

#35570000
0!
02

#35575000
1!
b11 &
12
b11 6
b0 7

#35580000
0!
02

#35585000
1!
b110 &
12
b110 6
b1 7

#35590000
0!
02

#35595000
1!
b1100 &
12
b1100 6
b10 7

#35600000
0!
02

#35605000
1!
b1001 &
12
b1001 6
b11 7

#35610000
0!
02

#35615000
1!
b11 &
12
b11 6
b0 7

#35620000
0!
02

#35625000
1!
b110 &
12
b110 6
b1 7

#35630000
0!
02

#35635000
1!
b1100 &
12
b1100 6
b10 7

#35640000
0!
02

#35645000
1!
b1001 &
12
b1001 6
b11 7

#35650000
0!
02

#35655000
1!
b11 &
12
b11 6
b0 7

#35660000
0!
02

#35665000
1!
b110 &
12
b110 6
b1 7

#35670000
0!
02

#35675000
1!
b1100 &
12
b1100 6
b10 7

#35680000
0!
02

#35685000
1!
b1001 &
12
b1001 6
b11 7

#35690000
0!
02

#35695000
1!
b11 &
12
b11 6
b0 7

#35700000
0!
02

#35705000
1!
b110 &
12
b110 6
b1 7

#35710000
0!
02

#35715000
1!
b1100 &
12
b1100 6
b10 7

#35720000
0!
02

#35725000
1!
b1001 &
12
b1001 6
b11 7

#35730000
0!
02

#35735000
1!
b11 &
12
b11 6
b0 7

#35740000
0!
02

#35745000
1!
b110 &
12
b110 6
b1 7

#35750000
0!
02

#35755000
1!
b1100 &
12
b1100 6
b10 7

#35760000
0!
02

#35765000
1!
b1001 &
12
b1001 6
b11 7

#35770000
0!
02

#35775000
1!
b11 &
12
b11 6
b0 7

#35780000
0!
02

#35785000
1!
b110 &
12
b110 6
b1 7

#35790000
0!
02

#35795000
1!
b1100 &
12
b1100 6
b10 7

#35800000
0!
02

#35805000
1!
b1001 &
12
b1001 6
b11 7

#35810000
0!
02

#35815000
1!
b11 &
12
b11 6
b0 7

#35820000
0!
02

#35825000
1!
b110 &
12
b110 6
b1 7

#35830000
0!
02

#35835000
1!
b1100 &
12
b1100 6
b10 7

#35840000
0!
02

#35845000
1!
b1001 &
12
b1001 6
b11 7

#35850000
0!
02

#35855000
1!
b11 &
12
b11 6
b0 7

#35860000
0!
02

#35865000
1!
b110 &
12
b110 6
b1 7

#35870000
0!
02

#35875000
1!
b1100 &
12
b1100 6
b10 7

#35880000
0!
02

#35885000
1!
b1001 &
12
b1001 6
b11 7

#35890000
0!
02

#35895000
1!
b11 &
12
b11 6
b0 7

#35900000
0!
02

#35905000
1!
b110 &
12
b110 6
b1 7

#35910000
0!
02

#35915000
1!
b1100 &
12
b1100 6
b10 7

#35920000
0!
02

#35925000
1!
b1001 &
12
b1001 6
b11 7

#35930000
0!
02

#35935000
1!
b11 &
12
b11 6
b0 7

#35940000
0!
02

#35945000
1!
b110 &
12
b110 6
b1 7

#35950000
0!
02

#35955000
1!
b1100 &
12
b1100 6
b10 7

#35960000
0!
02

#35965000
1!
b1001 &
12
b1001 6
b11 7

#35970000
0!
02

#35975000
1!
b11 &
12
b11 6
b0 7

#35980000
0!
02

#35985000
1!
b110 &
12
b110 6
b1 7

#35990000
0!
02

#35995000
1!
b1100 &
12
b1100 6
b10 7

#36000000
0!
02

#36005000
1!
b1001 &
12
b1001 6
b11 7

#36010000
0!
02

#36015000
1!
b11 &
12
b11 6
b0 7

#36020000
0!
02

#36025000
1!
b110 &
12
b110 6
b1 7

#36030000
0!
02

#36035000
1!
b1100 &
12
b1100 6
b10 7

#36040000
0!
02

#36045000
1!
b1001 &
12
b1001 6
b11 7

#36050000
0!
02

#36055000
1!
b11 &
12
b11 6
b0 7

#36060000
0!
02

#36065000
1!
b110 &
12
b110 6
b1 7

#36070000
0!
02

#36075000
1!
b1100 &
12
b1100 6
b10 7

#36080000
0!
02

#36085000
1!
b1001 &
12
b1001 6
b11 7

#36090000
0!
02

#36095000
1!
b11 &
12
b11 6
b0 7

#36100000
0!
02

#36105000
1!
b110 &
12
b110 6
b1 7

#36110000
0!
02

#36115000
1!
b1100 &
12
b1100 6
b10 7

#36120000
0!
02

#36125000
1!
b1001 &
12
b1001 6
b11 7

#36130000
0!
02

#36135000
1!
b11 &
12
b11 6
b0 7

#36140000
0!
02

#36145000
1!
b110 &
12
b110 6
b1 7

#36150000
0!
02

#36155000
1!
b1100 &
12
b1100 6
b10 7

#36160000
0!
02

#36165000
1!
b1001 &
12
b1001 6
b11 7

#36170000
0!
02

#36175000
1!
b11 &
12
b11 6
b0 7

#36180000
0!
02

#36185000
1!
b110 &
12
b110 6
b1 7

#36190000
0!
02

#36195000
1!
b1100 &
12
b1100 6
b10 7

#36200000
0!
02

#36205000
1!
b1001 &
12
b1001 6
b11 7

#36210000
0!
02

#36215000
1!
b11 &
12
b11 6
b0 7

#36220000
0!
02

#36225000
1!
b110 &
12
b110 6
b1 7

#36230000
0!
02

#36235000
1!
b1100 &
12
b1100 6
b10 7

#36240000
0!
02

#36245000
1!
b1001 &
12
b1001 6
b11 7

#36250000
0!
02

#36255000
1!
b11 &
12
b11 6
b0 7

#36260000
0!
02

#36265000
1!
b110 &
12
b110 6
b1 7

#36270000
0!
02

#36275000
1!
b1100 &
12
b1100 6
b10 7

#36280000
0!
02

#36285000
1!
b1001 &
12
b1001 6
b11 7

#36290000
0!
02

#36295000
1!
b11 &
12
b11 6
b0 7

#36300000
0!
02

#36305000
1!
b110 &
12
b110 6
b1 7

#36310000
0!
02

#36315000
1!
b1100 &
12
b1100 6
b10 7

#36320000
0!
02

#36325000
1!
b1001 &
12
b1001 6
b11 7

#36330000
0!
02

#36335000
1!
b11 &
12
b11 6
b0 7

#36340000
0!
02

#36345000
1!
b110 &
12
b110 6
b1 7

#36350000
0!
02

#36355000
1!
b1100 &
12
b1100 6
b10 7

#36360000
0!
02

#36365000
1!
b1001 &
12
b1001 6
b11 7

#36370000
0!
02

#36375000
1!
b11 &
12
b11 6
b0 7

#36380000
0!
02

#36385000
1!
b110 &
12
b110 6
b1 7

#36390000
0!
02

#36395000
1!
b1100 &
12
b1100 6
b10 7

#36400000
0!
02

#36405000
1!
b1001 &
12
b1001 6
b11 7

#36410000
0!
02

#36415000
1!
b11 &
12
b11 6
b0 7

#36420000
0!
02

#36425000
1!
b110 &
12
b110 6
b1 7

#36430000
0!
02

#36435000
1!
b1100 &
12
b1100 6
b10 7

#36440000
0!
02

#36445000
1!
b1001 &
12
b1001 6
b11 7

#36450000
0!
02

#36455000
1!
b11 &
12
b11 6
b0 7

#36460000
0!
02

#36465000
1!
b110 &
12
b110 6
b1 7

#36470000
0!
02

#36475000
1!
b1100 &
12
b1100 6
b10 7

#36480000
0!
02

#36485000
1!
b1001 &
12
b1001 6
b11 7

#36490000
0!
02

#36495000
1!
b11 &
12
b11 6
b0 7

#36500000
0!
02

#36505000
1!
b110 &
12
b110 6
b1 7

#36510000
0!
02

#36515000
1!
b1100 &
12
b1100 6
b10 7

#36520000
0!
02

#36525000
1!
b1001 &
12
b1001 6
b11 7

#36530000
0!
02

#36535000
1!
b11 &
12
b11 6
b0 7

#36540000
0!
02

#36545000
1!
b110 &
12
b110 6
b1 7

#36550000
0!
02

#36555000
1!
b1100 &
12
b1100 6
b10 7

#36560000
0!
02

#36565000
1!
b1001 &
12
b1001 6
b11 7

#36570000
0!
02

#36575000
1!
b11 &
12
b11 6
b0 7

#36580000
0!
02

#36585000
1!
b110 &
12
b110 6
b1 7

#36590000
0!
02

#36595000
1!
b1100 &
12
b1100 6
b10 7

#36600000
0!
02

#36605000
1!
b1001 &
12
b1001 6
b11 7

#36610000
0!
02

#36615000
1!
b11 &
12
b11 6
b0 7

#36620000
0!
02

#36625000
1!
b110 &
12
b110 6
b1 7

#36630000
0!
02

#36635000
1!
b1100 &
12
b1100 6
b10 7

#36640000
0!
02

#36645000
1!
b1001 &
12
b1001 6
b11 7

#36650000
0!
02

#36655000
1!
b11 &
12
b11 6
b0 7

#36660000
0!
02

#36665000
1!
b110 &
12
b110 6
b1 7

#36670000
0!
02

#36675000
1!
b1100 &
12
b1100 6
b10 7

#36680000
0!
02

#36685000
1!
b1001 &
12
b1001 6
b11 7

#36690000
0!
02

#36695000
1!
b11 &
12
b11 6
b0 7

#36700000
0!
02

#36705000
1!
b110 &
12
b110 6
b1 7

#36710000
0!
02

#36715000
1!
b1100 &
12
b1100 6
b10 7

#36720000
0!
02

#36725000
1!
b1001 &
12
b1001 6
b11 7

#36730000
0!
02

#36735000
1!
b11 &
12
b11 6
b0 7

#36740000
0!
02

#36745000
1!
b110 &
12
b110 6
b1 7

#36750000
0!
02

#36755000
1!
b1100 &
12
b1100 6
b10 7

#36760000
0!
02

#36765000
1!
b1001 &
12
b1001 6
b11 7

#36770000
0!
02

#36775000
1!
b11 &
12
b11 6
b0 7

#36780000
0!
02

#36785000
1!
b110 &
12
b110 6
b1 7

#36790000
0!
02

#36795000
1!
b1100 &
12
b1100 6
b10 7

#36800000
0!
02

#36805000
1!
b1001 &
12
b1001 6
b11 7

#36810000
0!
02

#36815000
1!
b11 &
12
b11 6
b0 7

#36820000
0!
02

#36825000
1!
b110 &
12
b110 6
b1 7

#36830000
0!
02

#36835000
1!
b1100 &
12
b1100 6
b10 7

#36840000
0!
02

#36845000
1!
b1001 &
12
b1001 6
b11 7

#36850000
0!
02

#36855000
1!
b11 &
12
b11 6
b0 7

#36860000
0!
02

#36865000
1!
b110 &
12
b110 6
b1 7

#36870000
0!
02

#36875000
1!
b1100 &
12
b1100 6
b10 7

#36880000
0!
02

#36885000
1!
b1001 &
12
b1001 6
b11 7

#36890000
0!
02

#36895000
1!
b11 &
12
b11 6
b0 7

#36900000
0!
02

#36905000
1!
b110 &
12
b110 6
b1 7

#36910000
0!
02

#36915000
1!
b1100 &
12
b1100 6
b10 7

#36920000
0!
02

#36925000
1!
b1001 &
12
b1001 6
b11 7

#36930000
0!
02

#36935000
1!
b11 &
12
b11 6
b0 7

#36940000
0!
02

#36945000
1!
b110 &
12
b110 6
b1 7

#36950000
0!
02

#36955000
1!
b1100 &
12
b1100 6
b10 7

#36960000
0!
02

#36965000
1!
b1001 &
12
b1001 6
b11 7

#36970000
0!
02

#36975000
1!
b11 &
12
b11 6
b0 7

#36980000
0!
02

#36985000
1!
b110 &
12
b110 6
b1 7

#36990000
0!
02

#36995000
1!
b1100 &
12
b1100 6
b10 7

#37000000
0!
02

#37005000
1!
b1001 &
12
b1001 6
b11 7

#37010000
0!
02

#37015000
1!
b11 &
12
b11 6
b0 7

#37020000
0!
02

#37025000
1!
b110 &
12
b110 6
b1 7

#37030000
0!
02

#37035000
1!
b1100 &
12
b1100 6
b10 7

#37040000
0!
02

#37045000
1!
b1001 &
12
b1001 6
b11 7

#37050000
0!
02

#37055000
1!
b11 &
12
b11 6
b0 7

#37060000
0!
02

#37065000
1!
b110 &
12
b110 6
b1 7

#37070000
0!
02

#37075000
1!
b1100 &
12
b1100 6
b10 7

#37080000
0!
02

#37085000
1!
b1001 &
12
b1001 6
b11 7

#37090000
0!
02

#37095000
1!
b11 &
12
b11 6
b0 7

#37100000
0!
02

#37105000
1!
b110 &
12
b110 6
b1 7

#37110000
0!
02

#37115000
1!
b1100 &
12
b1100 6
b10 7

#37120000
0!
02

#37125000
1!
b1001 &
12
b1001 6
b11 7

#37130000
0!
02

#37135000
1!
b11 &
12
b11 6
b0 7

#37140000
0!
02

#37145000
1!
b110 &
12
b110 6
b1 7

#37150000
0!
02

#37155000
1!
b1100 &
12
b1100 6
b10 7

#37160000
0!
02

#37165000
1!
b1001 &
12
b1001 6
b11 7

#37170000
0!
02

#37175000
1!
b11 &
12
b11 6
b0 7

#37180000
0!
02

#37185000
1!
b110 &
12
b110 6
b1 7

#37190000
0!
02

#37195000
1!
b1100 &
12
b1100 6
b10 7

#37200000
0!
02

#37205000
1!
b1001 &
12
b1001 6
b11 7

#37210000
0!
02

#37215000
1!
b11 &
12
b11 6
b0 7

#37220000
0!
02

#37225000
1!
b110 &
12
b110 6
b1 7

#37230000
0!
02

#37235000
1!
b1100 &
12
b1100 6
b10 7

#37240000
0!
02

#37245000
1!
b1001 &
12
b1001 6
b11 7

#37250000
0!
02

#37255000
1!
b11 &
12
b11 6
b0 7

#37260000
0!
02

#37265000
1!
b110 &
12
b110 6
b1 7

#37270000
0!
02

#37275000
1!
b1100 &
12
b1100 6
b10 7

#37280000
0!
02

#37285000
1!
b1001 &
12
b1001 6
b11 7

#37290000
0!
02

#37295000
1!
b11 &
12
b11 6
b0 7

#37300000
0!
02

#37305000
1!
b110 &
12
b110 6
b1 7

#37310000
0!
02

#37315000
1!
b1100 &
12
b1100 6
b10 7

#37320000
0!
02

#37325000
1!
b1001 &
12
b1001 6
b11 7

#37330000
0!
02

#37335000
1!
b11 &
12
b11 6
b0 7

#37340000
0!
02

#37345000
1!
b110 &
12
b110 6
b1 7

#37350000
0!
02

#37355000
1!
b1100 &
12
b1100 6
b10 7

#37360000
0!
02

#37365000
1!
b1001 &
12
b1001 6
b11 7

#37370000
0!
02

#37375000
1!
b11 &
12
b11 6
b0 7

#37380000
0!
02

#37385000
1!
b110 &
12
b110 6
b1 7

#37390000
0!
02

#37395000
1!
b1100 &
12
b1100 6
b10 7

#37400000
0!
02

#37405000
1!
b1001 &
12
b1001 6
b11 7

#37410000
0!
02

#37415000
1!
b11 &
12
b11 6
b0 7

#37420000
0!
02

#37425000
1!
b110 &
12
b110 6
b1 7

#37430000
0!
02

#37435000
1!
b1100 &
12
b1100 6
b10 7

#37440000
0!
02

#37445000
1!
b1001 &
12
b1001 6
b11 7

#37450000
0!
02

#37455000
1!
b11 &
12
b11 6
b0 7

#37460000
0!
02

#37465000
1!
b110 &
12
b110 6
b1 7

#37470000
0!
02

#37475000
1!
b1100 &
12
b1100 6
b10 7

#37480000
0!
02

#37485000
1!
b1001 &
12
b1001 6
b11 7

#37490000
0!
02

#37495000
1!
b11 &
12
b11 6
b0 7

#37500000
0!
02

#37505000
1!
b110 &
12
b110 6
b1 7

#37510000
0!
02

#37515000
1!
b1100 &
12
b1100 6
b10 7

#37520000
0!
02

#37525000
1!
b1001 &
12
b1001 6
b11 7

#37530000
0!
02

#37535000
1!
b11 &
12
b11 6
b0 7

#37540000
0!
02

#37545000
1!
b110 &
12
b110 6
b1 7

#37550000
0!
02

#37555000
1!
b1100 &
12
b1100 6
b10 7

#37560000
0!
02

#37565000
1!
b1001 &
12
b1001 6
b11 7

#37570000
0!
02

#37575000
1!
b11 &
12
b11 6
b0 7

#37580000
0!
02

#37585000
1!
b110 &
12
b110 6
b1 7

#37590000
0!
02

#37595000
1!
b1100 &
12
b1100 6
b10 7

#37600000
0!
02

#37605000
1!
b1001 &
12
b1001 6
b11 7

#37610000
0!
02

#37615000
1!
b11 &
12
b11 6
b0 7

#37620000
0!
02

#37625000
1!
b110 &
12
b110 6
b1 7

#37630000
0!
02

#37635000
1!
b1100 &
12
b1100 6
b10 7

#37640000
0!
02

#37645000
1!
b1001 &
12
b1001 6
b11 7

#37650000
0!
02

#37655000
1!
b11 &
12
b11 6
b0 7

#37660000
0!
02

#37665000
1!
b110 &
12
b110 6
b1 7

#37670000
0!
02

#37675000
1!
b1100 &
12
b1100 6
b10 7

#37680000
0!
02

#37685000
1!
b1001 &
12
b1001 6
b11 7

#37690000
0!
02

#37695000
1!
b11 &
12
b11 6
b0 7

#37700000
0!
02

#37705000
1!
b110 &
12
b110 6
b1 7

#37710000
0!
02

#37715000
1!
b1100 &
12
b1100 6
b10 7

#37720000
0!
02

#37725000
1!
b1001 &
12
b1001 6
b11 7

#37730000
0!
02

#37735000
1!
b11 &
12
b11 6
b0 7

#37740000
0!
02

#37745000
1!
b110 &
12
b110 6
b1 7

#37750000
0!
02

#37755000
1!
b1100 &
12
b1100 6
b10 7

#37760000
0!
02

#37765000
1!
b1001 &
12
b1001 6
b11 7

#37770000
0!
02

#37775000
1!
b11 &
12
b11 6
b0 7

#37780000
0!
02

#37785000
1!
b110 &
12
b110 6
b1 7

#37790000
0!
02

#37795000
1!
b1100 &
12
b1100 6
b10 7

#37800000
0!
02

#37805000
1!
b1001 &
12
b1001 6
b11 7

#37810000
0!
02

#37815000
1!
b11 &
12
b11 6
b0 7

#37820000
0!
02

#37825000
1!
b110 &
12
b110 6
b1 7

#37830000
0!
02

#37835000
1!
b1100 &
12
b1100 6
b10 7

#37840000
0!
02

#37845000
1!
b1001 &
12
b1001 6
b11 7

#37850000
0!
02

#37855000
1!
b11 &
12
b11 6
b0 7

#37860000
0!
02

#37865000
1!
b110 &
12
b110 6
b1 7

#37870000
0!
02

#37875000
1!
b1100 &
12
b1100 6
b10 7

#37880000
0!
02

#37885000
1!
b1001 &
12
b1001 6
b11 7

#37890000
0!
02

#37895000
1!
b11 &
12
b11 6
b0 7

#37900000
0!
02

#37905000
1!
b110 &
12
b110 6
b1 7

#37910000
0!
02

#37915000
1!
b1100 &
12
b1100 6
b10 7

#37920000
0!
02

#37925000
1!
b1001 &
12
b1001 6
b11 7

#37930000
0!
02

#37935000
1!
b11 &
12
b11 6
b0 7

#37940000
0!
02

#37945000
1!
b110 &
12
b110 6
b1 7

#37950000
0!
02

#37955000
1!
b1100 &
12
b1100 6
b10 7

#37960000
0!
02

#37965000
1!
b1001 &
12
b1001 6
b11 7

#37970000
0!
02

#37975000
1!
b11 &
12
b11 6
b0 7

#37980000
0!
02

#37985000
1!
b110 &
12
b110 6
b1 7

#37990000
0!
02

#37995000
1!
b1100 &
12
b1100 6
b10 7

#38000000
0!
02

#38005000
1!
b1001 &
12
b1001 6
b11 7

#38010000
0!
02

#38015000
1!
b11 &
12
b11 6
b0 7

#38020000
0!
02

#38025000
1!
b110 &
12
b110 6
b1 7

#38030000
0!
02

#38035000
1!
b1100 &
12
b1100 6
b10 7

#38040000
0!
02

#38045000
1!
b1001 &
12
b1001 6
b11 7

#38050000
0!
02

#38055000
1!
b11 &
12
b11 6
b0 7

#38060000
0!
02

#38065000
1!
b110 &
12
b110 6
b1 7

#38070000
0!
02

#38075000
1!
b1100 &
12
b1100 6
b10 7

#38080000
0!
02

#38085000
1!
b1001 &
12
b1001 6
b11 7

#38090000
0!
02

#38095000
1!
b11 &
12
b11 6
b0 7

#38100000
0!
02

#38105000
1!
b110 &
12
b110 6
b1 7

#38110000
0!
02

#38115000
1!
b1100 &
12
b1100 6
b10 7

#38120000
0!
02

#38125000
1!
b1001 &
12
b1001 6
b11 7

#38130000
0!
02

#38135000
1!
b11 &
12
b11 6
b0 7

#38140000
0!
02

#38145000
1!
b110 &
12
b110 6
b1 7

#38150000
0!
02

#38155000
1!
b1100 &
12
b1100 6
b10 7

#38160000
0!
02

#38165000
1!
b1001 &
12
b1001 6
b11 7

#38170000
0!
02

#38175000
1!
b11 &
12
b11 6
b0 7

#38180000
0!
02

#38185000
1!
b110 &
12
b110 6
b1 7

#38190000
0!
02

#38195000
1!
b1100 &
12
b1100 6
b10 7

#38200000
0!
02

#38205000
1!
b1001 &
12
b1001 6
b11 7

#38210000
0!
02

#38215000
1!
b11 &
12
b11 6
b0 7

#38220000
0!
02

#38225000
1!
b110 &
12
b110 6
b1 7

#38230000
0!
02

#38235000
1!
b1100 &
12
b1100 6
b10 7

#38240000
0!
02

#38245000
1!
b1001 &
12
b1001 6
b11 7

#38250000
0!
02

#38255000
1!
b11 &
12
b11 6
b0 7

#38260000
0!
02

#38265000
1!
b110 &
12
b110 6
b1 7

#38270000
0!
02

#38275000
1!
b1100 &
12
b1100 6
b10 7

#38280000
0!
02

#38285000
1!
b1001 &
12
b1001 6
b11 7

#38290000
0!
02

#38295000
1!
b11 &
12
b11 6
b0 7

#38300000
0!
02

#38305000
1!
b110 &
12
b110 6
b1 7

#38310000
0!
02

#38315000
1!
b1100 &
12
b1100 6
b10 7

#38320000
0!
02

#38325000
1!
b1001 &
12
b1001 6
b11 7

#38330000
0!
02

#38335000
1!
b11 &
12
b11 6
b0 7

#38340000
0!
02

#38345000
1!
b110 &
12
b110 6
b1 7

#38350000
0!
02

#38355000
1!
b1100 &
12
b1100 6
b10 7

#38360000
0!
02

#38365000
1!
b1001 &
12
b1001 6
b11 7

#38370000
0!
02

#38375000
1!
b11 &
12
b11 6
b0 7

#38380000
0!
02

#38385000
1!
b110 &
12
b110 6
b1 7

#38390000
0!
02

#38395000
1!
b1100 &
12
b1100 6
b10 7

#38400000
0!
02

#38405000
1!
b1001 &
12
b1001 6
b11 7

#38410000
0!
02

#38415000
1!
b11 &
12
b11 6
b0 7

#38420000
0!
02

#38425000
1!
b110 &
12
b110 6
b1 7

#38430000
0!
02

#38435000
1!
b1100 &
12
b1100 6
b10 7

#38440000
0!
02

#38445000
1!
b1001 &
12
b1001 6
b11 7

#38450000
0!
02

#38455000
1!
b11 &
12
b11 6
b0 7

#38460000
0!
02

#38465000
1!
b110 &
12
b110 6
b1 7

#38470000
0!
02

#38475000
1!
b1100 &
12
b1100 6
b10 7

#38480000
0!
02

#38485000
1!
b1001 &
12
b1001 6
b11 7

#38490000
0!
02

#38495000
1!
b11 &
12
b11 6
b0 7

#38500000
0!
02

#38505000
1!
b110 &
12
b110 6
b1 7

#38510000
0!
02

#38515000
1!
b1100 &
12
b1100 6
b10 7

#38520000
0!
02

#38525000
1!
b1001 &
12
b1001 6
b11 7

#38530000
0!
02

#38535000
1!
b11 &
12
b11 6
b0 7

#38540000
0!
02

#38545000
1!
b110 &
12
b110 6
b1 7

#38550000
0!
02

#38555000
1!
b1100 &
12
b1100 6
b10 7

#38560000
0!
02

#38565000
1!
b1001 &
12
b1001 6
b11 7

#38570000
0!
02

#38575000
1!
b11 &
12
b11 6
b0 7

#38580000
0!
02

#38585000
1!
b110 &
12
b110 6
b1 7

#38590000
0!
02

#38595000
1!
b1100 &
12
b1100 6
b10 7

#38600000
0!
02

#38605000
1!
b1001 &
12
b1001 6
b11 7

#38610000
0!
02

#38615000
1!
b11 &
12
b11 6
b0 7

#38620000
0!
02

#38625000
1!
b110 &
12
b110 6
b1 7

#38630000
0!
02

#38635000
1!
b1100 &
12
b1100 6
b10 7

#38640000
0!
02

#38645000
1!
b1001 &
12
b1001 6
b11 7

#38650000
0!
02

#38655000
1!
b11 &
12
b11 6
b0 7

#38660000
0!
02

#38665000
1!
b110 &
12
b110 6
b1 7

#38670000
0!
02

#38675000
1!
b1100 &
12
b1100 6
b10 7

#38680000
0!
02

#38685000
1!
b1001 &
12
b1001 6
b11 7

#38690000
0!
02

#38695000
1!
b11 &
12
b11 6
b0 7

#38700000
0!
02

#38705000
1!
b110 &
12
b110 6
b1 7

#38710000
0!
02

#38715000
1!
b1100 &
12
b1100 6
b10 7

#38720000
0!
02

#38725000
1!
b1001 &
12
b1001 6
b11 7

#38730000
0!
02

#38735000
1!
b11 &
12
b11 6
b0 7

#38740000
0!
02

#38745000
1!
b110 &
12
b110 6
b1 7

#38750000
0!
02

#38755000
1!
b1100 &
12
b1100 6
b10 7

#38760000
0!
02

#38765000
1!
b1001 &
12
b1001 6
b11 7

#38770000
0!
02

#38775000
1!
b11 &
12
b11 6
b0 7

#38780000
0!
02

#38785000
1!
b110 &
12
b110 6
b1 7

#38790000
0!
02

#38795000
1!
b1100 &
12
b1100 6
b10 7

#38800000
0!
02

#38805000
1!
b1001 &
12
b1001 6
b11 7

#38810000
0!
02

#38815000
1!
b11 &
12
b11 6
b0 7

#38820000
0!
02

#38825000
1!
b110 &
12
b110 6
b1 7

#38830000
0!
02

#38835000
1!
b1100 &
12
b1100 6
b10 7

#38840000
0!
02

#38845000
1!
b1001 &
12
b1001 6
b11 7

#38850000
0!
02

#38855000
1!
b11 &
12
b11 6
b0 7

#38860000
0!
02

#38865000
1!
b110 &
12
b110 6
b1 7

#38870000
0!
02

#38875000
1!
b1100 &
12
b1100 6
b10 7

#38880000
0!
02

#38885000
1!
b1001 &
12
b1001 6
b11 7

#38890000
0!
02

#38895000
1!
b11 &
12
b11 6
b0 7

#38900000
0!
02

#38905000
1!
b110 &
12
b110 6
b1 7

#38910000
0!
02

#38915000
1!
b1100 &
12
b1100 6
b10 7

#38920000
0!
02

#38925000
1!
b1001 &
12
b1001 6
b11 7

#38930000
0!
02

#38935000
1!
b11 &
12
b11 6
b0 7

#38940000
0!
02

#38945000
1!
b110 &
12
b110 6
b1 7

#38950000
0!
02

#38955000
1!
b1100 &
12
b1100 6
b10 7

#38960000
0!
02

#38965000
1!
b1001 &
12
b1001 6
b11 7

#38970000
0!
02

#38975000
1!
b11 &
12
b11 6
b0 7

#38980000
0!
02

#38985000
1!
b110 &
12
b110 6
b1 7

#38990000
0!
02

#38995000
1!
b1100 &
12
b1100 6
b10 7

#39000000
0!
02

#39005000
1!
b1001 &
12
b1001 6
b11 7

#39010000
0!
02

#39015000
1!
b11 &
12
b11 6
b0 7

#39020000
0!
02

#39025000
1!
b110 &
12
b110 6
b1 7

#39030000
0!
02

#39035000
1!
b1100 &
12
b1100 6
b10 7

#39040000
0!
02

#39045000
1!
b1001 &
12
b1001 6
b11 7

#39050000
0!
02

#39055000
1!
b11 &
12
b11 6
b0 7

#39060000
0!
02

#39065000
1!
b110 &
12
b110 6
b1 7

#39070000
0!
02

#39075000
1!
b1100 &
12
b1100 6
b10 7

#39080000
0!
02

#39085000
1!
b1001 &
12
b1001 6
b11 7

#39090000
0!
02

#39095000
1!
b11 &
12
b11 6
b0 7

#39100000
0!
02

#39105000
1!
b110 &
12
b110 6
b1 7

#39110000
0!
02

#39115000
1!
b1100 &
12
b1100 6
b10 7

#39120000
0!
02

#39125000
1!
b1001 &
12
b1001 6
b11 7

#39130000
0!
02

#39135000
1!
b11 &
12
b11 6
b0 7

#39140000
0!
02

#39145000
1!
b110 &
12
b110 6
b1 7

#39150000
0!
02

#39155000
1!
b1100 &
12
b1100 6
b10 7

#39160000
0!
02

#39165000
1!
b1001 &
12
b1001 6
b11 7

#39170000
0!
02

#39175000
1!
b11 &
12
b11 6
b0 7

#39180000
0!
02

#39185000
1!
b110 &
12
b110 6
b1 7

#39190000
0!
02

#39195000
1!
b1100 &
12
b1100 6
b10 7

#39200000
0!
02

#39205000
1!
b1001 &
12
b1001 6
b11 7

#39210000
0!
02

#39215000
1!
b11 &
12
b11 6
b0 7

#39220000
0!
02

#39225000
1!
b110 &
12
b110 6
b1 7

#39230000
0!
02

#39235000
1!
b1100 &
12
b1100 6
b10 7

#39240000
0!
02

#39245000
1!
b1001 &
12
b1001 6
b11 7

#39250000
0!
02

#39255000
1!
b11 &
12
b11 6
b0 7

#39260000
0!
02

#39265000
1!
b110 &
12
b110 6
b1 7

#39270000
0!
02

#39275000
1!
b1100 &
12
b1100 6
b10 7

#39280000
0!
02

#39285000
1!
b1001 &
12
b1001 6
b11 7

#39290000
0!
02

#39295000
1!
b11 &
12
b11 6
b0 7

#39300000
0!
02

#39305000
1!
b110 &
12
b110 6
b1 7

#39310000
0!
02

#39315000
1!
b1100 &
12
b1100 6
b10 7

#39320000
0!
02

#39325000
1!
b1001 &
12
b1001 6
b11 7

#39330000
0!
02

#39335000
1!
b11 &
12
b11 6
b0 7

#39340000
0!
02

#39345000
1!
b110 &
12
b110 6
b1 7

#39350000
0!
02

#39355000
1!
b1100 &
12
b1100 6
b10 7

#39360000
0!
02

#39365000
1!
b1001 &
12
b1001 6
b11 7

#39370000
0!
02

#39375000
1!
b11 &
12
b11 6
b0 7

#39380000
0!
02

#39385000
1!
b110 &
12
b110 6
b1 7

#39390000
0!
02

#39395000
1!
b1100 &
12
b1100 6
b10 7

#39400000
0!
02

#39405000
1!
b1001 &
12
b1001 6
b11 7

#39410000
0!
02

#39415000
1!
b11 &
12
b11 6
b0 7

#39420000
0!
02

#39425000
1!
b110 &
12
b110 6
b1 7

#39430000
0!
02

#39435000
1!
b1100 &
12
b1100 6
b10 7

#39440000
0!
02

#39445000
1!
b1001 &
12
b1001 6
b11 7

#39450000
0!
02

#39455000
1!
b11 &
12
b11 6
b0 7

#39460000
0!
02

#39465000
1!
b110 &
12
b110 6
b1 7

#39470000
0!
02

#39475000
1!
b1100 &
12
b1100 6
b10 7

#39480000
0!
02

#39485000
1!
b1001 &
12
b1001 6
b11 7

#39490000
0!
02

#39495000
1!
b11 &
12
b11 6
b0 7

#39500000
0!
02

#39505000
1!
b110 &
12
b110 6
b1 7

#39510000
0!
02

#39515000
1!
b1100 &
12
b1100 6
b10 7

#39520000
0!
02

#39525000
1!
b1001 &
12
b1001 6
b11 7

#39530000
0!
02

#39535000
1!
b11 &
12
b11 6
b0 7

#39540000
0!
02

#39545000
1!
b110 &
12
b110 6
b1 7

#39550000
0!
02

#39555000
1!
b1100 &
12
b1100 6
b10 7

#39560000
0!
02

#39565000
1!
b1001 &
12
b1001 6
b11 7

#39570000
0!
02

#39575000
1!
b11 &
12
b11 6
b0 7

#39580000
0!
02

#39585000
1!
b110 &
12
b110 6
b1 7

#39590000
0!
02

#39595000
1!
b1100 &
12
b1100 6
b10 7

#39600000
0!
02

#39605000
1!
b1001 &
12
b1001 6
b11 7

#39610000
0!
02

#39615000
1!
b11 &
12
b11 6
b0 7

#39620000
0!
02

#39625000
1!
b110 &
12
b110 6
b1 7

#39630000
0!
02

#39635000
1!
b1100 &
12
b1100 6
b10 7

#39640000
0!
02

#39645000
1!
b1001 &
12
b1001 6
b11 7

#39650000
0!
02

#39655000
1!
b11 &
12
b11 6
b0 7

#39660000
0!
02

#39665000
1!
b110 &
12
b110 6
b1 7

#39670000
0!
02

#39675000
1!
b1100 &
12
b1100 6
b10 7

#39680000
0!
02

#39685000
1!
b1001 &
12
b1001 6
b11 7

#39690000
0!
02

#39695000
1!
b11 &
12
b11 6
b0 7

#39700000
0!
02

#39705000
1!
b110 &
12
b110 6
b1 7

#39710000
0!
02

#39715000
1!
b1100 &
12
b1100 6
b10 7

#39720000
0!
02

#39725000
1!
b1001 &
12
b1001 6
b11 7

#39730000
0!
02

#39735000
1!
b11 &
12
b11 6
b0 7

#39740000
0!
02

#39745000
1!
b110 &
12
b110 6
b1 7

#39750000
0!
02

#39755000
1!
b1100 &
12
b1100 6
b10 7

#39760000
0!
02

#39765000
1!
b1001 &
12
b1001 6
b11 7

#39770000
0!
02

#39775000
1!
b11 &
12
b11 6
b0 7

#39780000
0!
02

#39785000
1!
b110 &
12
b110 6
b1 7

#39790000
0!
02

#39795000
1!
b1100 &
12
b1100 6
b10 7

#39800000
0!
02

#39805000
1!
b1001 &
12
b1001 6
b11 7

#39810000
0!
02

#39815000
1!
b11 &
12
b11 6
b0 7

#39820000
0!
02

#39825000
1!
b110 &
12
b110 6
b1 7

#39830000
0!
02

#39835000
1!
b1100 &
12
b1100 6
b10 7

#39840000
0!
02

#39845000
1!
b1001 &
12
b1001 6
b11 7

#39850000
0!
02

#39855000
1!
b11 &
12
b11 6
b0 7

#39860000
0!
02

#39865000
1!
b110 &
12
b110 6
b1 7

#39870000
0!
02

#39875000
1!
b1100 &
12
b1100 6
b10 7

#39880000
0!
02

#39885000
1!
b1001 &
12
b1001 6
b11 7

#39890000
0!
02

#39895000
1!
b11 &
12
b11 6
b0 7

#39900000
0!
02

#39905000
1!
b110 &
12
b110 6
b1 7

#39910000
0!
02

#39915000
1!
b1100 &
12
b1100 6
b10 7

#39920000
0!
02

#39925000
1!
b1001 &
12
b1001 6
b11 7

#39930000
0!
02

#39935000
1!
b11 &
12
b11 6
b0 7

#39940000
0!
02

#39945000
1!
b110 &
12
b110 6
b1 7

#39950000
0!
02

#39955000
1!
b1100 &
12
b1100 6
b10 7

#39960000
0!
02

#39965000
1!
b1001 &
12
b1001 6
b11 7

#39970000
0!
02

#39975000
1!
b11 &
12
b11 6
b0 7

#39980000
0!
02

#39985000
1!
b110 &
12
b110 6
b1 7

#39990000
0!
02

#39995000
1!
b1100 &
12
b1100 6
b10 7

#40000000
0!
02

#40005000
1!
b1001 &
12
b1001 6
b11 7

#40010000
0!
02

#40015000
1!
b11 &
12
b11 6
b0 7

#40020000
0!
02

#40025000
1!
b110 &
12
b110 6
b1 7

#40030000
0!
02

#40035000
1!
b1100 &
12
b1100 6
b10 7

#40040000
0!
02

#40045000
1!
b1001 &
12
b1001 6
b11 7

#40050000
0!
02

#40055000
1!
b11 &
12
b11 6
b0 7

#40060000
0!
02

#40065000
1!
b110 &
12
b110 6
b1 7

#40070000
0!
02

#40075000
1!
b1100 &
12
b1100 6
b10 7

#40080000
0!
02

#40085000
1!
b1001 &
12
b1001 6
b11 7

#40090000
0!
02

#40095000
1!
b11 &
12
b11 6
b0 7

#40100000
0!
02

#40105000
1!
b110 &
12
b110 6
b1 7

#40110000
0!
02

#40115000
1!
b1100 &
12
b1100 6
b10 7

#40120000
0!
02

#40125000
1!
b1001 &
12
b1001 6
b11 7

#40130000
0!
02

#40135000
1!
b11 &
12
b11 6
b0 7

#40140000
0!
02

#40145000
1!
b110 &
12
b110 6
b1 7

#40150000
0!
02

#40155000
1!
b1100 &
12
b1100 6
b10 7

#40160000
0!
02

#40165000
1!
b1001 &
12
b1001 6
b11 7

#40170000
0!
02

#40175000
1!
b11 &
12
b11 6
b0 7

#40180000
0!
02

#40185000
1!
b110 &
12
b110 6
b1 7

#40190000
0!
02

#40195000
1!
b1100 &
12
b1100 6
b10 7

#40200000
0!
02

#40205000
1!
b1001 &
12
b1001 6
b11 7

#40210000
0!
02

#40215000
1!
b11 &
12
b11 6
b0 7

#40220000
0!
02

#40225000
1!
b110 &
12
b110 6
b1 7

#40230000
0!
02

#40235000
1!
b1100 &
12
b1100 6
b10 7

#40240000
0!
02

#40245000
1!
b1001 &
12
b1001 6
b11 7

#40250000
0!
02

#40255000
1!
b11 &
12
b11 6
b0 7

#40260000
0!
02

#40265000
1!
b110 &
12
b110 6
b1 7

#40270000
0!
02

#40275000
1!
b1100 &
12
b1100 6
b10 7

#40280000
0!
02

#40285000
1!
b1001 &
12
b1001 6
b11 7

#40290000
0!
02

#40295000
1!
b11 &
12
b11 6
b0 7

#40300000
0!
02

#40305000
1!
b110 &
12
b110 6
b1 7

#40310000
0!
02

#40315000
1!
b1100 &
12
b1100 6
b10 7

#40320000
0!
02

#40325000
1!
b1001 &
12
b1001 6
b11 7

#40330000
0!
02

#40335000
1!
b11 &
12
b11 6
b0 7

#40340000
0!
02

#40345000
1!
b110 &
12
b110 6
b1 7

#40350000
0!
02

#40355000
1!
b1100 &
12
b1100 6
b10 7

#40360000
0!
02

#40365000
1!
b1001 &
12
b1001 6
b11 7

#40370000
0!
02

#40375000
1!
b11 &
12
b11 6
b0 7

#40380000
0!
02

#40385000
1!
b110 &
12
b110 6
b1 7

#40390000
0!
02

#40395000
1!
b1100 &
12
b1100 6
b10 7

#40400000
0!
02

#40405000
1!
b1001 &
12
b1001 6
b11 7

#40410000
0!
02

#40415000
1!
b11 &
12
b11 6
b0 7

#40420000
0!
02

#40425000
1!
b110 &
12
b110 6
b1 7

#40430000
0!
02

#40435000
1!
b1100 &
12
b1100 6
b10 7

#40440000
0!
02

#40445000
1!
b1001 &
12
b1001 6
b11 7

#40450000
0!
02

#40455000
1!
b11 &
12
b11 6
b0 7

#40460000
0!
02

#40465000
1!
b110 &
12
b110 6
b1 7

#40470000
0!
02

#40475000
1!
b1100 &
12
b1100 6
b10 7

#40480000
0!
02

#40485000
1!
b1001 &
12
b1001 6
b11 7

#40490000
0!
02

#40495000
1!
b11 &
12
b11 6
b0 7

#40500000
0!
02

#40505000
1!
b110 &
12
b110 6
b1 7

#40510000
0!
02

#40515000
1!
b1100 &
12
b1100 6
b10 7

#40520000
0!
02

#40525000
1!
b1001 &
12
b1001 6
b11 7

#40530000
0!
02

#40535000
1!
b11 &
12
b11 6
b0 7

#40540000
0!
02

#40545000
1!
b110 &
12
b110 6
b1 7

#40550000
0!
02

#40555000
1!
b1100 &
12
b1100 6
b10 7

#40560000
0!
02

#40565000
1!
b1001 &
12
b1001 6
b11 7

#40570000
0!
02

#40575000
1!
b11 &
12
b11 6
b0 7

#40580000
0!
02

#40585000
1!
b110 &
12
b110 6
b1 7

#40590000
0!
02

#40595000
1!
b1100 &
12
b1100 6
b10 7

#40600000
0!
02

#40605000
1!
b1001 &
12
b1001 6
b11 7

#40610000
0!
02

#40615000
1!
b11 &
12
b11 6
b0 7

#40620000
0!
02

#40625000
1!
b110 &
12
b110 6
b1 7

#40630000
0!
02

#40635000
1!
b1100 &
12
b1100 6
b10 7

#40640000
0!
02

#40645000
1!
b1001 &
12
b1001 6
b11 7

#40650000
0!
02

#40655000
1!
b11 &
12
b11 6
b0 7

#40660000
0!
02

#40665000
1!
b110 &
12
b110 6
b1 7

#40670000
0!
02

#40675000
1!
b1100 &
12
b1100 6
b10 7

#40680000
0!
02

#40685000
1!
b1001 &
12
b1001 6
b11 7

#40690000
0!
02

#40695000
1!
b11 &
12
b11 6
b0 7

#40700000
0!
02

#40705000
1!
b110 &
12
b110 6
b1 7

#40710000
0!
02

#40715000
1!
b1100 &
12
b1100 6
b10 7

#40720000
0!
02

#40725000
1!
b1001 &
12
b1001 6
b11 7

#40730000
0!
02

#40735000
1!
b11 &
12
b11 6
b0 7

#40740000
0!
02

#40745000
1!
b110 &
12
b110 6
b1 7

#40750000
0!
02

#40755000
1!
b1100 &
12
b1100 6
b10 7

#40760000
0!
02

#40765000
1!
b1001 &
12
b1001 6
b11 7

#40770000
0!
02

#40775000
1!
b11 &
12
b11 6
b0 7

#40780000
0!
02

#40785000
1!
b110 &
12
b110 6
b1 7

#40790000
0!
02

#40795000
1!
b1100 &
12
b1100 6
b10 7

#40800000
0!
02

#40805000
1!
b1001 &
12
b1001 6
b11 7

#40810000
0!
02

#40815000
1!
b11 &
12
b11 6
b0 7

#40820000
0!
02

#40825000
1!
b110 &
12
b110 6
b1 7

#40830000
0!
02

#40835000
1!
b1100 &
12
b1100 6
b10 7

#40840000
0!
02

#40845000
1!
b1001 &
12
b1001 6
b11 7

#40850000
0!
02

#40855000
1!
b11 &
12
b11 6
b0 7

#40860000
0!
02

#40865000
1!
b110 &
12
b110 6
b1 7

#40870000
0!
02

#40875000
1!
b1100 &
12
b1100 6
b10 7

#40880000
0!
02

#40885000
1!
b1001 &
12
b1001 6
b11 7

#40890000
0!
02

#40895000
1!
b11 &
12
b11 6
b0 7

#40900000
0!
02

#40905000
1!
b110 &
12
b110 6
b1 7

#40910000
0!
02

#40915000
1!
b1100 &
12
b1100 6
b10 7

#40920000
0!
02

#40925000
1!
b1001 &
12
b1001 6
b11 7

#40930000
0!
02

#40935000
1!
b11 &
12
b11 6
b0 7

#40940000
0!
02

#40945000
1!
b110 &
12
b110 6
b1 7

#40950000
0!
02

#40955000
1!
b1100 &
12
b1100 6
b10 7

#40960000
0!
02

#40965000
1!
b1001 &
12
b1001 6
b11 7

#40970000
0!
02

#40975000
1!
b11 &
12
b11 6
b0 7

#40980000
0!
02

#40985000
1!
b110 &
12
b110 6
b1 7

#40990000
0!
02

#40995000
1!
b1100 &
12
b1100 6
b10 7

#41000000
0!
02

#41005000
1!
b1001 &
12
b1001 6
b11 7

#41010000
0!
02

#41015000
1!
b11 &
12
b11 6
b0 7

#41020000
0!
02

#41025000
1!
b110 &
12
b110 6
b1 7

#41030000
0!
02

#41035000
1!
b1100 &
12
b1100 6
b10 7

#41040000
0!
02

#41045000
1!
b1001 &
12
b1001 6
b11 7

#41050000
0!
02

#41055000
1!
b11 &
12
b11 6
b0 7

#41060000
0!
02

#41065000
1!
b110 &
12
b110 6
b1 7

#41070000
0!
02

#41075000
1!
b1100 &
12
b1100 6
b10 7

#41080000
0!
02

#41085000
1!
b1001 &
12
b1001 6
b11 7

#41090000
0!
02

#41095000
1!
b11 &
12
b11 6
b0 7

#41100000
0!
02

#41105000
1!
b110 &
12
b110 6
b1 7

#41110000
0!
02

#41115000
1!
b1100 &
12
b1100 6
b10 7

#41120000
0!
02

#41125000
1!
b1001 &
12
b1001 6
b11 7

#41130000
0!
02

#41135000
1!
b11 &
12
b11 6
b0 7

#41140000
0!
02

#41145000
1!
b110 &
12
b110 6
b1 7

#41150000
0!
02

#41155000
1!
b1100 &
12
b1100 6
b10 7

#41160000
0!
02

#41165000
1!
b1001 &
12
b1001 6
b11 7

#41170000
0!
02

#41175000
1!
b11 &
12
b11 6
b0 7

#41180000
0!
02

#41185000
1!
b110 &
12
b110 6
b1 7

#41190000
0!
02

#41195000
1!
b1100 &
12
b1100 6
b10 7

#41200000
0!
02

#41205000
1!
b1001 &
12
b1001 6
b11 7

#41210000
0!
02

#41215000
1!
b11 &
12
b11 6
b0 7

#41220000
0!
02

#41225000
1!
b110 &
12
b110 6
b1 7

#41230000
0!
02

#41235000
1!
b1100 &
12
b1100 6
b10 7

#41240000
0!
02

#41245000
1!
b1001 &
12
b1001 6
b11 7

#41250000
0!
02

#41255000
1!
b11 &
12
b11 6
b0 7

#41260000
0!
02

#41265000
1!
b110 &
12
b110 6
b1 7

#41270000
0!
02

#41275000
1!
b1100 &
12
b1100 6
b10 7

#41280000
0!
02

#41285000
1!
b1001 &
12
b1001 6
b11 7

#41290000
0!
02

#41295000
1!
b11 &
12
b11 6
b0 7

#41300000
0!
02

#41305000
1!
b110 &
12
b110 6
b1 7

#41310000
0!
02

#41315000
1!
b1100 &
12
b1100 6
b10 7

#41320000
0!
02

#41325000
1!
b1001 &
12
b1001 6
b11 7

#41330000
0!
02

#41335000
1!
b11 &
12
b11 6
b0 7

#41340000
0!
02

#41345000
1!
b110 &
12
b110 6
b1 7

#41350000
0!
02

#41355000
1!
b1100 &
12
b1100 6
b10 7

#41360000
0!
02

#41365000
1!
b1001 &
12
b1001 6
b11 7

#41370000
0!
02

#41375000
1!
b11 &
12
b11 6
b0 7

#41380000
0!
02

#41385000
1!
b110 &
12
b110 6
b1 7

#41390000
0!
02

#41395000
1!
b1100 &
12
b1100 6
b10 7

#41400000
0!
02

#41405000
1!
b1001 &
12
b1001 6
b11 7

#41410000
0!
02

#41415000
1!
b11 &
12
b11 6
b0 7

#41420000
0!
02

#41425000
1!
b110 &
12
b110 6
b1 7

#41430000
0!
02

#41435000
1!
b1100 &
12
b1100 6
b10 7

#41440000
0!
02

#41445000
1!
b1001 &
12
b1001 6
b11 7

#41450000
0!
02

#41455000
1!
b11 &
12
b11 6
b0 7

#41460000
0!
02

#41465000
1!
b110 &
12
b110 6
b1 7

#41470000
0!
02

#41475000
1!
b1100 &
12
b1100 6
b10 7

#41480000
0!
02

#41485000
1!
b1001 &
12
b1001 6
b11 7

#41490000
0!
02

#41495000
1!
b11 &
12
b11 6
b0 7

#41500000
0!
02

#41505000
1!
b110 &
12
b110 6
b1 7

#41510000
0!
02

#41515000
1!
b1100 &
12
b1100 6
b10 7

#41520000
0!
02

#41525000
1!
b1001 &
12
b1001 6
b11 7

#41530000
0!
02

#41535000
1!
b11 &
12
b11 6
b0 7

#41540000
0!
02

#41545000
1!
b110 &
12
b110 6
b1 7

#41550000
0!
02

#41555000
1!
b1100 &
12
b1100 6
b10 7

#41560000
0!
02

#41565000
1!
b1001 &
12
b1001 6
b11 7

#41570000
0!
02

#41575000
1!
b11 &
12
b11 6
b0 7

#41580000
0!
02

#41585000
1!
b110 &
12
b110 6
b1 7

#41590000
0!
02

#41595000
1!
b1100 &
12
b1100 6
b10 7

#41600000
0!
02

#41605000
1!
b1001 &
12
b1001 6
b11 7

#41610000
0!
02

#41615000
1!
b11 &
12
b11 6
b0 7

#41620000
0!
02

#41625000
1!
b110 &
12
b110 6
b1 7

#41630000
0!
02

#41635000
1!
b1100 &
12
b1100 6
b10 7

#41640000
0!
02

#41645000
1!
b1001 &
12
b1001 6
b11 7

#41650000
0!
02

#41655000
1!
b11 &
12
b11 6
b0 7

#41660000
0!
02

#41665000
1!
b110 &
12
b110 6
b1 7

#41670000
0!
02

#41675000
1!
b1100 &
12
b1100 6
b10 7

#41680000
0!
02

#41685000
1!
b1001 &
12
b1001 6
b11 7

#41690000
0!
02

#41695000
1!
b11 &
12
b11 6
b0 7

#41700000
0!
02

#41705000
1!
b110 &
12
b110 6
b1 7

#41710000
0!
02

#41715000
1!
b1100 &
12
b1100 6
b10 7

#41720000
0!
02

#41725000
1!
b1001 &
12
b1001 6
b11 7

#41730000
0!
02

#41735000
1!
b11 &
12
b11 6
b0 7

#41740000
0!
02

#41745000
1!
b110 &
12
b110 6
b1 7

#41750000
0!
02

#41755000
1!
b1100 &
12
b1100 6
b10 7

#41760000
0!
02

#41765000
1!
b1001 &
12
b1001 6
b11 7

#41770000
0!
02

#41775000
1!
b11 &
12
b11 6
b0 7

#41780000
0!
02

#41785000
1!
b110 &
12
b110 6
b1 7

#41790000
0!
02

#41795000
1!
b1100 &
12
b1100 6
b10 7

#41800000
0!
02

#41805000
1!
b1001 &
12
b1001 6
b11 7

#41810000
0!
02

#41815000
1!
b11 &
12
b11 6
b0 7

#41820000
0!
02

#41825000
1!
b110 &
12
b110 6
b1 7

#41830000
0!
02

#41835000
1!
b1100 &
12
b1100 6
b10 7

#41840000
0!
02

#41845000
1!
b1001 &
12
b1001 6
b11 7

#41850000
0!
02

#41855000
1!
b11 &
12
b11 6
b0 7

#41860000
0!
02

#41865000
1!
b110 &
12
b110 6
b1 7

#41870000
0!
02

#41875000
1!
b1100 &
12
b1100 6
b10 7

#41880000
0!
02

#41885000
1!
b1001 &
12
b1001 6
b11 7

#41890000
0!
02

#41895000
1!
b11 &
12
b11 6
b0 7

#41900000
0!
02

#41905000
1!
b110 &
12
b110 6
b1 7

#41910000
0!
02

#41915000
1!
b1100 &
12
b1100 6
b10 7

#41920000
0!
02

#41925000
1!
b1001 &
12
b1001 6
b11 7

#41930000
0!
02

#41935000
1!
b11 &
12
b11 6
b0 7

#41940000
0!
02

#41945000
1!
b110 &
12
b110 6
b1 7

#41950000
0!
02

#41955000
1!
b1100 &
12
b1100 6
b10 7

#41960000
0!
02

#41965000
1!
b1001 &
12
b1001 6
b11 7

#41970000
0!
02

#41975000
1!
b11 &
12
b11 6
b0 7

#41980000
0!
02

#41985000
1!
b110 &
12
b110 6
b1 7

#41990000
0!
02

#41995000
1!
b1100 &
12
b1100 6
b10 7

#42000000
0!
02

#42005000
1!
b1001 &
12
b1001 6
b11 7

#42010000
0!
02

#42015000
1!
b11 &
12
b11 6
b0 7

#42020000
0!
02

#42025000
1!
b110 &
12
b110 6
b1 7

#42030000
0!
02

#42035000
1!
b1100 &
12
b1100 6
b10 7

#42040000
0!
02

#42045000
1!
b1001 &
12
b1001 6
b11 7

#42050000
0!
02

#42055000
1!
b11 &
12
b11 6
b0 7

#42060000
0!
02

#42065000
1!
b110 &
12
b110 6
b1 7

#42070000
0!
02

#42075000
1!
b1100 &
12
b1100 6
b10 7

#42080000
0!
02

#42085000
1!
b1001 &
12
b1001 6
b11 7

#42090000
0!
02

#42095000
1!
b11 &
12
b11 6
b0 7

#42100000
0!
02

#42105000
1!
b110 &
12
b110 6
b1 7

#42110000
0!
02

#42115000
1!
b1100 &
12
b1100 6
b10 7

#42120000
0!
02

#42125000
1!
b1001 &
12
b1001 6
b11 7

#42130000
0!
02

#42135000
1!
b11 &
12
b11 6
b0 7

#42140000
0!
02

#42145000
1!
b110 &
12
b110 6
b1 7

#42150000
0!
02

#42155000
1!
b1100 &
12
b1100 6
b10 7

#42160000
0!
02

#42165000
1!
b1001 &
12
b1001 6
b11 7

#42170000
0!
02

#42175000
1!
b11 &
12
b11 6
b0 7

#42180000
0!
02

#42185000
1!
b110 &
12
b110 6
b1 7

#42190000
0!
02

#42195000
1!
b1100 &
12
b1100 6
b10 7

#42200000
0!
02

#42205000
1!
b1001 &
12
b1001 6
b11 7

#42210000
0!
02

#42215000
1!
b11 &
12
b11 6
b0 7

#42220000
0!
02

#42225000
1!
b110 &
12
b110 6
b1 7

#42230000
0!
02

#42235000
1!
b1100 &
12
b1100 6
b10 7

#42240000
0!
02

#42245000
1!
b1001 &
12
b1001 6
b11 7

#42250000
0!
02

#42255000
1!
b11 &
12
b11 6
b0 7

#42260000
0!
02

#42265000
1!
b110 &
12
b110 6
b1 7

#42270000
0!
02

#42275000
1!
b1100 &
12
b1100 6
b10 7

#42280000
0!
02

#42285000
1!
b1001 &
12
b1001 6
b11 7

#42290000
0!
02

#42295000
1!
b11 &
12
b11 6
b0 7

#42300000
0!
02

#42305000
1!
b110 &
12
b110 6
b1 7

#42310000
0!
02

#42315000
1!
b1100 &
12
b1100 6
b10 7

#42320000
0!
02

#42325000
1!
b1001 &
12
b1001 6
b11 7

#42330000
0!
02

#42335000
1!
b11 &
12
b11 6
b0 7

#42340000
0!
02

#42345000
1!
b110 &
12
b110 6
b1 7

#42350000
0!
02

#42355000
1!
b1100 &
12
b1100 6
b10 7

#42360000
0!
02

#42365000
1!
b1001 &
12
b1001 6
b11 7

#42370000
0!
02

#42375000
1!
b11 &
12
b11 6
b0 7

#42380000
0!
02

#42385000
1!
b110 &
12
b110 6
b1 7

#42390000
0!
02

#42395000
1!
b1100 &
12
b1100 6
b10 7

#42400000
0!
02

#42405000
1!
b1001 &
12
b1001 6
b11 7

#42410000
0!
02

#42415000
1!
b11 &
12
b11 6
b0 7

#42420000
0!
02

#42425000
1!
b110 &
12
b110 6
b1 7

#42430000
0!
02

#42435000
1!
b1100 &
12
b1100 6
b10 7

#42440000
0!
02

#42445000
1!
b1001 &
12
b1001 6
b11 7

#42450000
0!
02

#42455000
1!
b11 &
12
b11 6
b0 7

#42460000
0!
02

#42465000
1!
b110 &
12
b110 6
b1 7

#42470000
0!
02

#42475000
1!
b1100 &
12
b1100 6
b10 7

#42480000
0!
02

#42485000
1!
b1001 &
12
b1001 6
b11 7

#42490000
0!
02

#42495000
1!
b11 &
12
b11 6
b0 7

#42500000
0!
02

#42505000
1!
b110 &
12
b110 6
b1 7

#42510000
0!
02

#42515000
1!
b1100 &
12
b1100 6
b10 7

#42520000
0!
02

#42525000
1!
b1001 &
12
b1001 6
b11 7

#42530000
0!
02

#42535000
1!
b11 &
12
b11 6
b0 7

#42540000
0!
02

#42545000
1!
b110 &
12
b110 6
b1 7

#42550000
0!
02

#42555000
1!
b1100 &
12
b1100 6
b10 7

#42560000
0!
02

#42565000
1!
b1001 &
12
b1001 6
b11 7

#42570000
0!
02

#42575000
1!
b11 &
12
b11 6
b0 7

#42580000
0!
02

#42585000
1!
b110 &
12
b110 6
b1 7

#42590000
0!
02

#42595000
1!
b1100 &
12
b1100 6
b10 7

#42600000
0!
02

#42605000
1!
b1001 &
12
b1001 6
b11 7

#42610000
0!
02

#42615000
1!
b11 &
12
b11 6
b0 7

#42620000
0!
02

#42625000
1!
b110 &
12
b110 6
b1 7

#42630000
0!
02

#42635000
1!
b1100 &
12
b1100 6
b10 7

#42640000
0!
02

#42645000
1!
b1001 &
12
b1001 6
b11 7

#42650000
0!
02

#42655000
1!
b11 &
12
b11 6
b0 7

#42660000
0!
02

#42665000
1!
b110 &
12
b110 6
b1 7

#42670000
0!
02

#42675000
1!
b1100 &
12
b1100 6
b10 7

#42680000
0!
02

#42685000
1!
b1001 &
12
b1001 6
b11 7

#42690000
0!
02

#42695000
1!
b11 &
12
b11 6
b0 7

#42700000
0!
02

#42705000
1!
b110 &
12
b110 6
b1 7

#42710000
0!
02

#42715000
1!
b1100 &
12
b1100 6
b10 7

#42720000
0!
02

#42725000
1!
b1001 &
12
b1001 6
b11 7

#42730000
0!
02

#42735000
1!
b11 &
12
b11 6
b0 7

#42740000
0!
02

#42745000
1!
b110 &
12
b110 6
b1 7

#42750000
0!
02

#42755000
1!
b1100 &
12
b1100 6
b10 7

#42760000
0!
02

#42765000
1!
b1001 &
12
b1001 6
b11 7

#42770000
0!
02

#42775000
1!
b11 &
12
b11 6
b0 7

#42780000
0!
02

#42785000
1!
b110 &
12
b110 6
b1 7

#42790000
0!
02

#42795000
1!
b1100 &
12
b1100 6
b10 7

#42800000
0!
02

#42805000
1!
b1001 &
12
b1001 6
b11 7

#42810000
0!
02

#42815000
1!
b11 &
12
b11 6
b0 7

#42820000
0!
02

#42825000
1!
b110 &
12
b110 6
b1 7

#42830000
0!
02

#42835000
1!
b1100 &
12
b1100 6
b10 7

#42840000
0!
02

#42845000
1!
b1001 &
12
b1001 6
b11 7

#42850000
0!
02

#42855000
1!
b11 &
12
b11 6
b0 7

#42860000
0!
02

#42865000
1!
b110 &
12
b110 6
b1 7

#42870000
0!
02

#42875000
1!
b1100 &
12
b1100 6
b10 7

#42880000
0!
02

#42885000
1!
b1001 &
12
b1001 6
b11 7

#42890000
0!
02

#42895000
1!
b11 &
12
b11 6
b0 7

#42900000
0!
02

#42905000
1!
b110 &
12
b110 6
b1 7

#42910000
0!
02

#42915000
1!
b1100 &
12
b1100 6
b10 7

#42920000
0!
02

#42925000
1!
b1001 &
12
b1001 6
b11 7

#42930000
0!
02

#42935000
1!
b11 &
12
b11 6
b0 7

#42940000
0!
02

#42945000
1!
b110 &
12
b110 6
b1 7

#42950000
0!
02

#42955000
1!
b1100 &
12
b1100 6
b10 7

#42960000
0!
02

#42965000
1!
b1001 &
12
b1001 6
b11 7

#42970000
0!
02

#42975000
1!
b11 &
12
b11 6
b0 7

#42980000
0!
02

#42985000
1!
b110 &
12
b110 6
b1 7

#42990000
0!
02

#42995000
1!
b1100 &
12
b1100 6
b10 7

#43000000
0!
02

#43005000
1!
b1001 &
12
b1001 6
b11 7

#43010000
0!
02

#43015000
1!
b11 &
12
b11 6
b0 7

#43020000
0!
02

#43025000
1!
b110 &
12
b110 6
b1 7

#43030000
0!
02

#43035000
1!
b1100 &
12
b1100 6
b10 7

#43040000
0!
02

#43045000
1!
b1001 &
12
b1001 6
b11 7

#43050000
0!
02

#43055000
1!
b11 &
12
b11 6
b0 7

#43060000
0!
02

#43065000
1!
b110 &
12
b110 6
b1 7

#43070000
0!
02

#43075000
1!
b1100 &
12
b1100 6
b10 7

#43080000
0!
02

#43085000
1!
b1001 &
12
b1001 6
b11 7

#43090000
0!
02

#43095000
1!
b11 &
12
b11 6
b0 7

#43100000
0!
02

#43105000
1!
b110 &
12
b110 6
b1 7

#43110000
0!
02

#43115000
1!
b1100 &
12
b1100 6
b10 7

#43120000
0!
02

#43125000
1!
b1001 &
12
b1001 6
b11 7

#43130000
0!
02

#43135000
1!
b11 &
12
b11 6
b0 7

#43140000
0!
02

#43145000
1!
b110 &
12
b110 6
b1 7

#43150000
0!
02

#43155000
1!
b1100 &
12
b1100 6
b10 7

#43160000
0!
02

#43165000
1!
b1001 &
12
b1001 6
b11 7

#43170000
0!
02

#43175000
1!
b11 &
12
b11 6
b0 7

#43180000
0!
02

#43185000
1!
b110 &
12
b110 6
b1 7

#43190000
0!
02

#43195000
1!
b1100 &
12
b1100 6
b10 7

#43200000
0!
02

#43205000
1!
b1001 &
12
b1001 6
b11 7

#43210000
0!
02

#43215000
1!
b11 &
12
b11 6
b0 7

#43220000
0!
02

#43225000
1!
b110 &
12
b110 6
b1 7

#43230000
0!
02

#43235000
1!
b1100 &
12
b1100 6
b10 7

#43240000
0!
02

#43245000
1!
b1001 &
12
b1001 6
b11 7

#43250000
0!
02

#43255000
1!
b11 &
12
b11 6
b0 7

#43260000
0!
02

#43265000
1!
b110 &
12
b110 6
b1 7

#43270000
0!
02

#43275000
1!
b1100 &
12
b1100 6
b10 7

#43280000
0!
02

#43285000
1!
b1001 &
12
b1001 6
b11 7

#43290000
0!
02

#43295000
1!
b11 &
12
b11 6
b0 7

#43300000
0!
02

#43305000
1!
b110 &
12
b110 6
b1 7

#43310000
0!
02

#43315000
1!
b1100 &
12
b1100 6
b10 7

#43320000
0!
02

#43325000
1!
b1001 &
12
b1001 6
b11 7

#43330000
0!
02

#43335000
1!
b11 &
12
b11 6
b0 7

#43340000
0!
02

#43345000
1!
b110 &
12
b110 6
b1 7

#43350000
0!
02

#43355000
1!
b1100 &
12
b1100 6
b10 7

#43360000
0!
02

#43365000
1!
b1001 &
12
b1001 6
b11 7

#43370000
0!
02

#43375000
1!
b11 &
12
b11 6
b0 7

#43380000
0!
02

#43385000
1!
b110 &
12
b110 6
b1 7

#43390000
0!
02

#43395000
1!
b1100 &
12
b1100 6
b10 7

#43400000
0!
02

#43405000
1!
b1001 &
12
b1001 6
b11 7

#43410000
0!
02

#43415000
1!
b11 &
12
b11 6
b0 7

#43420000
0!
02

#43425000
1!
b110 &
12
b110 6
b1 7

#43430000
0!
02

#43435000
1!
b1100 &
12
b1100 6
b10 7

#43440000
0!
02

#43445000
1!
b1001 &
12
b1001 6
b11 7

#43450000
0!
02

#43455000
1!
b11 &
12
b11 6
b0 7

#43460000
0!
02

#43465000
1!
b110 &
12
b110 6
b1 7

#43470000
0!
02

#43475000
1!
b1100 &
12
b1100 6
b10 7

#43480000
0!
02

#43485000
1!
b1001 &
12
b1001 6
b11 7

#43490000
0!
02

#43495000
1!
b11 &
12
b11 6
b0 7

#43500000
0!
02

#43505000
1!
b110 &
12
b110 6
b1 7

#43510000
0!
02

#43515000
1!
b1100 &
12
b1100 6
b10 7

#43520000
0!
02

#43525000
1!
b1001 &
12
b1001 6
b11 7

#43530000
0!
02

#43535000
1!
b11 &
12
b11 6
b0 7

#43540000
0!
02

#43545000
1!
b110 &
12
b110 6
b1 7

#43550000
0!
02

#43555000
1!
b1100 &
12
b1100 6
b10 7

#43560000
0!
02

#43565000
1!
b1001 &
12
b1001 6
b11 7

#43570000
0!
02

#43575000
1!
b11 &
12
b11 6
b0 7

#43580000
0!
02

#43585000
1!
b110 &
12
b110 6
b1 7

#43590000
0!
02

#43595000
1!
b1100 &
12
b1100 6
b10 7

#43600000
0!
02

#43605000
1!
b1001 &
12
b1001 6
b11 7

#43610000
0!
02

#43615000
1!
b11 &
12
b11 6
b0 7

#43620000
0!
02

#43625000
1!
b110 &
12
b110 6
b1 7

#43630000
0!
02

#43635000
1!
b1100 &
12
b1100 6
b10 7

#43640000
0!
02

#43645000
1!
b1001 &
12
b1001 6
b11 7

#43650000
0!
02

#43655000
1!
b11 &
12
b11 6
b0 7

#43660000
0!
02

#43665000
1!
b110 &
12
b110 6
b1 7

#43670000
0!
02

#43675000
1!
b1100 &
12
b1100 6
b10 7

#43680000
0!
02

#43685000
1!
b1001 &
12
b1001 6
b11 7

#43690000
0!
02

#43695000
1!
b11 &
12
b11 6
b0 7

#43700000
0!
02

#43705000
1!
b110 &
12
b110 6
b1 7

#43710000
0!
02

#43715000
1!
b1100 &
12
b1100 6
b10 7

#43720000
0!
02

#43725000
1!
b1001 &
12
b1001 6
b11 7

#43730000
0!
02

#43735000
1!
b11 &
12
b11 6
b0 7

#43740000
0!
02

#43745000
1!
b110 &
12
b110 6
b1 7

#43750000
0!
02

#43755000
1!
b1100 &
12
b1100 6
b10 7

#43760000
0!
02

#43765000
1!
b1001 &
12
b1001 6
b11 7

#43770000
0!
02

#43775000
1!
b11 &
12
b11 6
b0 7

#43780000
0!
02

#43785000
1!
b110 &
12
b110 6
b1 7

#43790000
0!
02

#43795000
1!
b1100 &
12
b1100 6
b10 7

#43800000
0!
02

#43805000
1!
b1001 &
12
b1001 6
b11 7

#43810000
0!
02

#43815000
1!
b11 &
12
b11 6
b0 7

#43820000
0!
02

#43825000
1!
b110 &
12
b110 6
b1 7

#43830000
0!
02

#43835000
1!
b1100 &
12
b1100 6
b10 7

#43840000
0!
02

#43845000
1!
b1001 &
12
b1001 6
b11 7

#43850000
0!
02

#43855000
1!
b11 &
12
b11 6
b0 7

#43860000
0!
02

#43865000
1!
b110 &
12
b110 6
b1 7

#43870000
0!
02

#43875000
1!
b1100 &
12
b1100 6
b10 7

#43880000
0!
02

#43885000
1!
b1001 &
12
b1001 6
b11 7

#43890000
0!
02

#43895000
1!
b11 &
12
b11 6
b0 7

#43900000
0!
02

#43905000
1!
b110 &
12
b110 6
b1 7

#43910000
0!
02

#43915000
1!
b1100 &
12
b1100 6
b10 7

#43920000
0!
02

#43925000
1!
b1001 &
12
b1001 6
b11 7

#43930000
0!
02

#43935000
1!
b11 &
12
b11 6
b0 7

#43940000
0!
02

#43945000
1!
b110 &
12
b110 6
b1 7

#43950000
0!
02

#43955000
1!
b1100 &
12
b1100 6
b10 7

#43960000
0!
02

#43965000
1!
b1001 &
12
b1001 6
b11 7

#43970000
0!
02

#43975000
1!
b11 &
12
b11 6
b0 7

#43980000
0!
02

#43985000
1!
b110 &
12
b110 6
b1 7

#43990000
0!
02

#43995000
1!
b1100 &
12
b1100 6
b10 7

#44000000
0!
02

#44005000
1!
b1001 &
12
b1001 6
b11 7

#44010000
0!
02

#44015000
1!
b11 &
12
b11 6
b0 7

#44020000
0!
02

#44025000
1!
b110 &
12
b110 6
b1 7

#44030000
0!
02

#44035000
1!
b1100 &
12
b1100 6
b10 7

#44040000
0!
02

#44045000
1!
b1001 &
12
b1001 6
b11 7

#44050000
0!
02

#44055000
1!
b11 &
12
b11 6
b0 7

#44060000
0!
02

#44065000
1!
b110 &
12
b110 6
b1 7

#44070000
0!
02

#44075000
1!
b1100 &
12
b1100 6
b10 7

#44080000
0!
02

#44085000
1!
b1001 &
12
b1001 6
b11 7

#44090000
0!
02

#44095000
1!
b11 &
12
b11 6
b0 7

#44100000
0!
02

#44105000
1!
b110 &
12
b110 6
b1 7

#44110000
0!
02

#44115000
1!
b1100 &
12
b1100 6
b10 7

#44120000
0!
02

#44125000
1!
b1001 &
12
b1001 6
b11 7

#44130000
0!
02

#44135000
1!
b11 &
12
b11 6
b0 7

#44140000
0!
02

#44145000
1!
b110 &
12
b110 6
b1 7

#44150000
0!
02

#44155000
1!
b1100 &
12
b1100 6
b10 7

#44160000
0!
02

#44165000
1!
b1001 &
12
b1001 6
b11 7

#44170000
0!
02

#44175000
1!
b11 &
12
b11 6
b0 7

#44180000
0!
02

#44185000
1!
b110 &
12
b110 6
b1 7

#44190000
0!
02

#44195000
1!
b1100 &
12
b1100 6
b10 7

#44200000
0!
02

#44205000
1!
b1001 &
12
b1001 6
b11 7

#44210000
0!
02

#44215000
1!
b11 &
12
b11 6
b0 7

#44220000
0!
02

#44225000
1!
b110 &
12
b110 6
b1 7

#44230000
0!
02

#44235000
1!
b1100 &
12
b1100 6
b10 7

#44240000
0!
02

#44245000
1!
b1001 &
12
b1001 6
b11 7

#44250000
0!
02

#44255000
1!
b11 &
12
b11 6
b0 7

#44260000
0!
02

#44265000
1!
b110 &
12
b110 6
b1 7

#44270000
0!
02

#44275000
1!
b1100 &
12
b1100 6
b10 7

#44280000
0!
02

#44285000
1!
b1001 &
12
b1001 6
b11 7

#44290000
0!
02

#44295000
1!
b11 &
12
b11 6
b0 7

#44300000
0!
02

#44305000
1!
b110 &
12
b110 6
b1 7

#44310000
0!
02

#44315000
1!
b1100 &
12
b1100 6
b10 7

#44320000
0!
02

#44325000
1!
b1001 &
12
b1001 6
b11 7

#44330000
0!
02

#44335000
1!
b11 &
12
b11 6
b0 7

#44340000
0!
02

#44345000
1!
b110 &
12
b110 6
b1 7

#44350000
0!
02

#44355000
1!
b1100 &
12
b1100 6
b10 7

#44360000
0!
02

#44365000
1!
b1001 &
12
b1001 6
b11 7

#44370000
0!
02

#44375000
1!
b11 &
12
b11 6
b0 7

#44380000
0!
02

#44385000
1!
b110 &
12
b110 6
b1 7

#44390000
0!
02

#44395000
1!
b1100 &
12
b1100 6
b10 7

#44400000
0!
02

#44405000
1!
b1001 &
12
b1001 6
b11 7

#44410000
0!
02

#44415000
1!
b11 &
12
b11 6
b0 7

#44420000
0!
02

#44425000
1!
b110 &
12
b110 6
b1 7

#44430000
0!
02

#44435000
1!
b1100 &
12
b1100 6
b10 7

#44440000
0!
02

#44445000
1!
b1001 &
12
b1001 6
b11 7

#44450000
0!
02

#44455000
1!
b11 &
12
b11 6
b0 7

#44460000
0!
02

#44465000
1!
b110 &
12
b110 6
b1 7

#44470000
0!
02

#44475000
1!
b1100 &
12
b1100 6
b10 7

#44480000
0!
02

#44485000
1!
b1001 &
12
b1001 6
b11 7

#44490000
0!
02

#44495000
1!
b11 &
12
b11 6
b0 7

#44500000
0!
02

#44505000
1!
b110 &
12
b110 6
b1 7

#44510000
0!
02

#44515000
1!
b1100 &
12
b1100 6
b10 7

#44520000
0!
02

#44525000
1!
b1001 &
12
b1001 6
b11 7

#44530000
0!
02

#44535000
1!
b11 &
12
b11 6
b0 7

#44540000
0!
02

#44545000
1!
b110 &
12
b110 6
b1 7

#44550000
0!
02

#44555000
1!
b1100 &
12
b1100 6
b10 7

#44560000
0!
02

#44565000
1!
b1001 &
12
b1001 6
b11 7

#44570000
0!
02

#44575000
1!
b11 &
12
b11 6
b0 7

#44580000
0!
02

#44585000
1!
b110 &
12
b110 6
b1 7

#44590000
0!
02

#44595000
1!
b1100 &
12
b1100 6
b10 7

#44600000
0!
02

#44605000
1!
b1001 &
12
b1001 6
b11 7

#44610000
0!
02

#44615000
1!
b11 &
12
b11 6
b0 7

#44620000
0!
02

#44625000
1!
b110 &
12
b110 6
b1 7

#44630000
0!
02

#44635000
1!
b1100 &
12
b1100 6
b10 7

#44640000
0!
02

#44645000
1!
b1001 &
12
b1001 6
b11 7

#44650000
0!
02

#44655000
1!
b11 &
12
b11 6
b0 7

#44660000
0!
02

#44665000
1!
b110 &
12
b110 6
b1 7

#44670000
0!
02

#44675000
1!
b1100 &
12
b1100 6
b10 7

#44680000
0!
02

#44685000
1!
b1001 &
12
b1001 6
b11 7

#44690000
0!
02

#44695000
1!
b11 &
12
b11 6
b0 7

#44700000
0!
02

#44705000
1!
b110 &
12
b110 6
b1 7

#44710000
0!
02

#44715000
1!
b1100 &
12
b1100 6
b10 7

#44720000
0!
02

#44725000
1!
b1001 &
12
b1001 6
b11 7

#44730000
0!
02

#44735000
1!
b11 &
12
b11 6
b0 7

#44740000
0!
02

#44745000
1!
b110 &
12
b110 6
b1 7

#44750000
0!
02

#44755000
1!
b1100 &
12
b1100 6
b10 7

#44760000
0!
02

#44765000
1!
b1001 &
12
b1001 6
b11 7

#44770000
0!
02

#44775000
1!
b11 &
12
b11 6
b0 7

#44780000
0!
02

#44785000
1!
b110 &
12
b110 6
b1 7

#44790000
0!
02

#44795000
1!
b1100 &
12
b1100 6
b10 7

#44800000
0!
02

#44805000
1!
b1001 &
12
b1001 6
b11 7

#44810000
0!
02

#44815000
1!
b11 &
12
b11 6
b0 7

#44820000
0!
02

#44825000
1!
b110 &
12
b110 6
b1 7

#44830000
0!
02

#44835000
1!
b1100 &
12
b1100 6
b10 7

#44840000
0!
02

#44845000
1!
b1001 &
12
b1001 6
b11 7

#44850000
0!
02

#44855000
1!
b11 &
12
b11 6
b0 7

#44860000
0!
02

#44865000
1!
b110 &
12
b110 6
b1 7

#44870000
0!
02

#44875000
1!
b1100 &
12
b1100 6
b10 7

#44880000
0!
02

#44885000
1!
b1001 &
12
b1001 6
b11 7

#44890000
0!
02

#44895000
1!
b11 &
12
b11 6
b0 7

#44900000
0!
02

#44905000
1!
b110 &
12
b110 6
b1 7

#44910000
0!
02

#44915000
1!
b1100 &
12
b1100 6
b10 7

#44920000
0!
02

#44925000
1!
b1001 &
12
b1001 6
b11 7

#44930000
0!
02

#44935000
1!
b11 &
12
b11 6
b0 7

#44940000
0!
02

#44945000
1!
b110 &
12
b110 6
b1 7

#44950000
0!
02

#44955000
1!
b1100 &
12
b1100 6
b10 7

#44960000
0!
02

#44965000
1!
b1001 &
12
b1001 6
b11 7

#44970000
0!
02

#44975000
1!
b11 &
12
b11 6
b0 7

#44980000
0!
02

#44985000
1!
b110 &
12
b110 6
b1 7

#44990000
0!
02

#44995000
1!
b1100 &
12
b1100 6
b10 7

#45000000
0!
02

#45005000
1!
b1001 &
12
b1001 6
b11 7

#45010000
0!
02

#45015000
1!
b11 &
12
b11 6
b0 7

#45020000
0!
02

#45025000
1!
b110 &
12
b110 6
b1 7

#45030000
0!
02

#45035000
1!
b1100 &
12
b1100 6
b10 7

#45040000
0!
02

#45045000
1!
b1001 &
12
b1001 6
b11 7

#45050000
0!
02

#45055000
1!
b11 &
12
b11 6
b0 7

#45060000
0!
02

#45065000
1!
b110 &
12
b110 6
b1 7

#45070000
0!
02

#45075000
1!
b1100 &
12
b1100 6
b10 7

#45080000
0!
02

#45085000
1!
b1001 &
12
b1001 6
b11 7

#45090000
0!
02

#45095000
1!
b11 &
12
b11 6
b0 7

#45100000
0!
02

#45105000
1!
b110 &
12
b110 6
b1 7

#45110000
0!
02

#45115000
1!
b1100 &
12
b1100 6
b10 7

#45120000
0!
02

#45125000
1!
b1001 &
12
b1001 6
b11 7

#45130000
0!
02

#45135000
1!
b11 &
12
b11 6
b0 7

#45140000
0!
02

#45145000
1!
b110 &
12
b110 6
b1 7

#45150000
0!
02

#45155000
1!
b1100 &
12
b1100 6
b10 7

#45160000
0!
02

#45165000
1!
b1001 &
12
b1001 6
b11 7

#45170000
0!
02

#45175000
1!
b11 &
12
b11 6
b0 7

#45180000
0!
02

#45185000
1!
b110 &
12
b110 6
b1 7

#45190000
0!
02

#45195000
1!
b1100 &
12
b1100 6
b10 7

#45200000
0!
02

#45205000
1!
b1001 &
12
b1001 6
b11 7

#45210000
0!
02

#45215000
1!
b11 &
12
b11 6
b0 7

#45220000
0!
02

#45225000
1!
b110 &
12
b110 6
b1 7

#45230000
0!
02

#45235000
1!
b1100 &
12
b1100 6
b10 7

#45240000
0!
02

#45245000
1!
b1001 &
12
b1001 6
b11 7

#45250000
0!
02

#45255000
1!
b11 &
12
b11 6
b0 7

#45260000
0!
02

#45265000
1!
b110 &
12
b110 6
b1 7

#45270000
0!
02

#45275000
1!
b1100 &
12
b1100 6
b10 7

#45280000
0!
02

#45285000
1!
b1001 &
12
b1001 6
b11 7

#45290000
0!
02

#45295000
1!
b11 &
12
b11 6
b0 7

#45300000
0!
02

#45305000
1!
b110 &
12
b110 6
b1 7

#45310000
0!
02

#45315000
1!
b1100 &
12
b1100 6
b10 7

#45320000
0!
02

#45325000
1!
b1001 &
12
b1001 6
b11 7

#45330000
0!
02

#45335000
1!
b11 &
12
b11 6
b0 7

#45340000
0!
02

#45345000
1!
b110 &
12
b110 6
b1 7

#45350000
0!
02

#45355000
1!
b1100 &
12
b1100 6
b10 7

#45360000
0!
02

#45365000
1!
b1001 &
12
b1001 6
b11 7

#45370000
0!
02

#45375000
1!
b11 &
12
b11 6
b0 7

#45380000
0!
02

#45385000
1!
b110 &
12
b110 6
b1 7

#45390000
0!
02

#45395000
1!
b1100 &
12
b1100 6
b10 7

#45400000
0!
02

#45405000
1!
b1001 &
12
b1001 6
b11 7

#45410000
0!
02

#45415000
1!
b11 &
12
b11 6
b0 7

#45420000
0!
02

#45425000
1!
b110 &
12
b110 6
b1 7

#45430000
0!
02

#45435000
1!
b1100 &
12
b1100 6
b10 7

#45440000
0!
02

#45445000
1!
b1001 &
12
b1001 6
b11 7

#45450000
0!
02

#45455000
1!
b11 &
12
b11 6
b0 7

#45460000
0!
02

#45465000
1!
b110 &
12
b110 6
b1 7

#45470000
0!
02

#45475000
1!
b1100 &
12
b1100 6
b10 7

#45480000
0!
02

#45485000
1!
b1001 &
12
b1001 6
b11 7

#45490000
0!
02

#45495000
1!
b11 &
12
b11 6
b0 7

#45500000
0!
02

#45505000
1!
b110 &
12
b110 6
b1 7

#45510000
0!
02

#45515000
1!
b1100 &
12
b1100 6
b10 7

#45520000
0!
02

#45525000
1!
b1001 &
12
b1001 6
b11 7

#45530000
0!
02

#45535000
1!
b11 &
12
b11 6
b0 7

#45540000
0!
02

#45545000
1!
b110 &
12
b110 6
b1 7

#45550000
0!
02

#45555000
1!
b1100 &
12
b1100 6
b10 7

#45560000
0!
02

#45565000
1!
b1001 &
12
b1001 6
b11 7

#45570000
0!
02

#45575000
1!
b11 &
12
b11 6
b0 7

#45580000
0!
02

#45585000
1!
b110 &
12
b110 6
b1 7

#45590000
0!
02

#45595000
1!
b1100 &
12
b1100 6
b10 7

#45600000
0!
02

#45605000
1!
b1001 &
12
b1001 6
b11 7

#45610000
0!
02

#45615000
1!
b11 &
12
b11 6
b0 7

#45620000
0!
02

#45625000
1!
b110 &
12
b110 6
b1 7

#45630000
0!
02

#45635000
1!
b1100 &
12
b1100 6
b10 7

#45640000
0!
02

#45645000
1!
b1001 &
12
b1001 6
b11 7

#45650000
0!
02

#45655000
1!
b11 &
12
b11 6
b0 7

#45660000
0!
02

#45665000
1!
b110 &
12
b110 6
b1 7

#45670000
0!
02

#45675000
1!
b1100 &
12
b1100 6
b10 7

#45680000
0!
02

#45685000
1!
b1001 &
12
b1001 6
b11 7

#45690000
0!
02

#45695000
1!
b11 &
12
b11 6
b0 7

#45700000
0!
02

#45705000
1!
b110 &
12
b110 6
b1 7

#45710000
0!
02

#45715000
1!
b1100 &
12
b1100 6
b10 7

#45720000
0!
02

#45725000
1!
b1001 &
12
b1001 6
b11 7

#45730000
0!
02

#45735000
1!
b11 &
12
b11 6
b0 7

#45740000
0!
02

#45745000
1!
b110 &
12
b110 6
b1 7

#45750000
0!
02

#45755000
1!
b1100 &
12
b1100 6
b10 7

#45760000
0!
02

#45765000
1!
b1001 &
12
b1001 6
b11 7

#45770000
0!
02

#45775000
1!
b11 &
12
b11 6
b0 7

#45780000
0!
02

#45785000
1!
b110 &
12
b110 6
b1 7

#45790000
0!
02

#45795000
1!
b1100 &
12
b1100 6
b10 7

#45800000
0!
02

#45805000
1!
b1001 &
12
b1001 6
b11 7

#45810000
0!
02

#45815000
1!
b11 &
12
b11 6
b0 7

#45820000
0!
02

#45825000
1!
b110 &
12
b110 6
b1 7

#45830000
0!
02

#45835000
1!
b1100 &
12
b1100 6
b10 7

#45840000
0!
02

#45845000
1!
b1001 &
12
b1001 6
b11 7

#45850000
0!
02

#45855000
1!
b11 &
12
b11 6
b0 7

#45860000
0!
02

#45865000
1!
b110 &
12
b110 6
b1 7

#45870000
0!
02

#45875000
1!
b1100 &
12
b1100 6
b10 7

#45880000
0!
02

#45885000
1!
b1001 &
12
b1001 6
b11 7

#45890000
0!
02

#45895000
1!
b11 &
12
b11 6
b0 7

#45900000
0!
02

#45905000
1!
b110 &
12
b110 6
b1 7

#45910000
0!
02

#45915000
1!
b1100 &
12
b1100 6
b10 7

#45920000
0!
02

#45925000
1!
b1001 &
12
b1001 6
b11 7

#45930000
0!
02

#45935000
1!
b11 &
12
b11 6
b0 7

#45940000
0!
02

#45945000
1!
b110 &
12
b110 6
b1 7

#45950000
0!
02

#45955000
1!
b1100 &
12
b1100 6
b10 7

#45960000
0!
02

#45965000
1!
b1001 &
12
b1001 6
b11 7

#45970000
0!
02

#45975000
1!
b11 &
12
b11 6
b0 7

#45980000
0!
02

#45985000
1!
b110 &
12
b110 6
b1 7

#45990000
0!
02

#45995000
1!
b1100 &
12
b1100 6
b10 7

#46000000
0!
02

#46005000
1!
b1001 &
12
b1001 6
b11 7

#46010000
0!
02

#46015000
1!
b11 &
12
b11 6
b0 7

#46020000
0!
02

#46025000
1!
b110 &
12
b110 6
b1 7

#46030000
0!
02

#46035000
1!
b1100 &
12
b1100 6
b10 7

#46040000
0!
02

#46045000
1!
b1001 &
12
b1001 6
b11 7

#46050000
0!
02

#46055000
1!
b11 &
12
b11 6
b0 7

#46060000
0!
02

#46065000
1!
b110 &
12
b110 6
b1 7

#46070000
0!
02

#46075000
1!
b1100 &
12
b1100 6
b10 7

#46080000
0!
02

#46085000
1!
b1001 &
12
b1001 6
b11 7

#46090000
0!
02

#46095000
1!
b11 &
12
b11 6
b0 7

#46100000
0!
02

#46105000
1!
b110 &
12
b110 6
b1 7

#46110000
0!
02

#46115000
1!
b1100 &
12
b1100 6
b10 7

#46120000
0!
02

#46125000
1!
b1001 &
12
b1001 6
b11 7

#46130000
0!
02

#46135000
1!
b11 &
12
b11 6
b0 7

#46140000
0!
02

#46145000
1!
b110 &
12
b110 6
b1 7

#46150000
0!
02

#46155000
1!
b1100 &
12
b1100 6
b10 7

#46160000
0!
02

#46165000
1!
b1001 &
12
b1001 6
b11 7

#46170000
0!
02

#46175000
1!
b11 &
12
b11 6
b0 7

#46180000
0!
02

#46185000
1!
b110 &
12
b110 6
b1 7

#46190000
0!
02

#46195000
1!
b1100 &
12
b1100 6
b10 7

#46200000
0!
02

#46205000
1!
b1001 &
12
b1001 6
b11 7

#46210000
0!
02

#46215000
1!
b11 &
12
b11 6
b0 7

#46220000
0!
02

#46225000
1!
b110 &
12
b110 6
b1 7

#46230000
0!
02

#46235000
1!
b1100 &
12
b1100 6
b10 7

#46240000
0!
02

#46245000
1!
b1001 &
12
b1001 6
b11 7

#46250000
0!
02

#46255000
1!
b11 &
12
b11 6
b0 7

#46260000
0!
02

#46265000
1!
b110 &
12
b110 6
b1 7

#46270000
0!
02

#46275000
1!
b1100 &
12
b1100 6
b10 7

#46280000
0!
02

#46285000
1!
b1001 &
12
b1001 6
b11 7

#46290000
0!
02

#46295000
1!
b11 &
12
b11 6
b0 7

#46300000
0!
02

#46305000
1!
b110 &
12
b110 6
b1 7

#46310000
0!
02

#46315000
1!
b1100 &
12
b1100 6
b10 7

#46320000
0!
02

#46325000
1!
b1001 &
12
b1001 6
b11 7

#46330000
0!
02

#46335000
1!
b11 &
12
b11 6
b0 7

#46340000
0!
02

#46345000
1!
b110 &
12
b110 6
b1 7

#46350000
0!
02

#46355000
1!
b1100 &
12
b1100 6
b10 7

#46360000
0!
02

#46365000
1!
b1001 &
12
b1001 6
b11 7

#46370000
0!
02

#46375000
1!
b11 &
12
b11 6
b0 7

#46380000
0!
02

#46385000
1!
b110 &
12
b110 6
b1 7

#46390000
0!
02

#46395000
1!
b1100 &
12
b1100 6
b10 7

#46400000
0!
02

#46405000
1!
b1001 &
12
b1001 6
b11 7

#46410000
0!
02

#46415000
1!
b11 &
12
b11 6
b0 7

#46420000
0!
02

#46425000
1!
b110 &
12
b110 6
b1 7

#46430000
0!
02

#46435000
1!
b1100 &
12
b1100 6
b10 7

#46440000
0!
02

#46445000
1!
b1001 &
12
b1001 6
b11 7

#46450000
0!
02

#46455000
1!
b11 &
12
b11 6
b0 7

#46460000
0!
02

#46465000
1!
b110 &
12
b110 6
b1 7

#46470000
0!
02

#46475000
1!
b1100 &
12
b1100 6
b10 7

#46480000
0!
02

#46485000
1!
b1001 &
12
b1001 6
b11 7

#46490000
0!
02

#46495000
1!
b11 &
12
b11 6
b0 7

#46500000
0!
02

#46505000
1!
b110 &
12
b110 6
b1 7

#46510000
0!
02

#46515000
1!
b1100 &
12
b1100 6
b10 7

#46520000
0!
02

#46525000
1!
b1001 &
12
b1001 6
b11 7

#46530000
0!
02

#46535000
1!
b11 &
12
b11 6
b0 7

#46540000
0!
02

#46545000
1!
b110 &
12
b110 6
b1 7

#46550000
0!
02

#46555000
1!
b1100 &
12
b1100 6
b10 7

#46560000
0!
02

#46565000
1!
b1001 &
12
b1001 6
b11 7

#46570000
0!
02

#46575000
1!
b11 &
12
b11 6
b0 7

#46580000
0!
02

#46585000
1!
b110 &
12
b110 6
b1 7

#46590000
0!
02

#46595000
1!
b1100 &
12
b1100 6
b10 7

#46600000
0!
02

#46605000
1!
b1001 &
12
b1001 6
b11 7

#46610000
0!
02

#46615000
1!
b11 &
12
b11 6
b0 7

#46620000
0!
02

#46625000
1!
b110 &
12
b110 6
b1 7

#46630000
0!
02

#46635000
1!
b1100 &
12
b1100 6
b10 7

#46640000
0!
02

#46645000
1!
b1001 &
12
b1001 6
b11 7

#46650000
0!
02

#46655000
1!
b11 &
12
b11 6
b0 7

#46660000
0!
02

#46665000
1!
b110 &
12
b110 6
b1 7

#46670000
0!
02

#46675000
1!
b1100 &
12
b1100 6
b10 7

#46680000
0!
02

#46685000
1!
b1001 &
12
b1001 6
b11 7

#46690000
0!
02

#46695000
1!
b11 &
12
b11 6
b0 7

#46700000
0!
02

#46705000
1!
b110 &
12
b110 6
b1 7

#46710000
0!
02

#46715000
1!
b1100 &
12
b1100 6
b10 7

#46720000
0!
02

#46725000
1!
b1001 &
12
b1001 6
b11 7

#46730000
0!
02

#46735000
1!
b11 &
12
b11 6
b0 7

#46740000
0!
02

#46745000
1!
b110 &
12
b110 6
b1 7

#46750000
0!
02

#46755000
1!
b1100 &
12
b1100 6
b10 7

#46760000
0!
02

#46765000
1!
b1001 &
12
b1001 6
b11 7

#46770000
0!
02

#46775000
1!
b11 &
12
b11 6
b0 7

#46780000
0!
02

#46785000
1!
b110 &
12
b110 6
b1 7

#46790000
0!
02

#46795000
1!
b1100 &
12
b1100 6
b10 7

#46800000
0!
02

#46805000
1!
b1001 &
12
b1001 6
b11 7

#46810000
0!
02

#46815000
1!
b11 &
12
b11 6
b0 7

#46820000
0!
02

#46825000
1!
b110 &
12
b110 6
b1 7

#46830000
0!
02

#46835000
1!
b1100 &
12
b1100 6
b10 7

#46840000
0!
02

#46845000
1!
b1001 &
12
b1001 6
b11 7

#46850000
0!
02

#46855000
1!
b11 &
12
b11 6
b0 7

#46860000
0!
02

#46865000
1!
b110 &
12
b110 6
b1 7

#46870000
0!
02

#46875000
1!
b1100 &
12
b1100 6
b10 7

#46880000
0!
02

#46885000
1!
b1001 &
12
b1001 6
b11 7

#46890000
0!
02

#46895000
1!
b11 &
12
b11 6
b0 7

#46900000
0!
02

#46905000
1!
b110 &
12
b110 6
b1 7

#46910000
0!
02

#46915000
1!
b1100 &
12
b1100 6
b10 7

#46920000
0!
02

#46925000
1!
b1001 &
12
b1001 6
b11 7

#46930000
0!
02

#46935000
1!
b11 &
12
b11 6
b0 7

#46940000
0!
02

#46945000
1!
b110 &
12
b110 6
b1 7

#46950000
0!
02

#46955000
1!
b1100 &
12
b1100 6
b10 7

#46960000
0!
02

#46965000
1!
b1001 &
12
b1001 6
b11 7

#46970000
0!
02

#46975000
1!
b11 &
12
b11 6
b0 7

#46980000
0!
02

#46985000
1!
b110 &
12
b110 6
b1 7

#46990000
0!
02

#46995000
1!
b1100 &
12
b1100 6
b10 7

#47000000
0!
02

#47005000
1!
b1001 &
12
b1001 6
b11 7

#47010000
0!
02

#47015000
1!
b11 &
12
b11 6
b0 7

#47020000
0!
02

#47025000
1!
b110 &
12
b110 6
b1 7

#47030000
0!
02

#47035000
1!
b1100 &
12
b1100 6
b10 7

#47040000
0!
02

#47045000
1!
b1001 &
12
b1001 6
b11 7

#47050000
0!
02

#47055000
1!
b11 &
12
b11 6
b0 7

#47060000
0!
02

#47065000
1!
b110 &
12
b110 6
b1 7

#47070000
0!
02

#47075000
1!
b1100 &
12
b1100 6
b10 7

#47080000
0!
02

#47085000
1!
b1001 &
12
b1001 6
b11 7

#47090000
0!
02

#47095000
1!
b11 &
12
b11 6
b0 7

#47100000
0!
02

#47105000
1!
b110 &
12
b110 6
b1 7

#47110000
0!
02

#47115000
1!
b1100 &
12
b1100 6
b10 7

#47120000
0!
02

#47125000
1!
b1001 &
12
b1001 6
b11 7

#47130000
0!
02

#47135000
1!
b11 &
12
b11 6
b0 7

#47140000
0!
02

#47145000
1!
b110 &
12
b110 6
b1 7

#47150000
0!
02

#47155000
1!
b1100 &
12
b1100 6
b10 7

#47160000
0!
02

#47165000
1!
b1001 &
12
b1001 6
b11 7

#47170000
0!
02

#47175000
1!
b11 &
12
b11 6
b0 7

#47180000
0!
02

#47185000
1!
b110 &
12
b110 6
b1 7

#47190000
0!
02

#47195000
1!
b1100 &
12
b1100 6
b10 7

#47200000
0!
02

#47205000
1!
b1001 &
12
b1001 6
b11 7

#47210000
0!
02

#47215000
1!
b11 &
12
b11 6
b0 7

#47220000
0!
02

#47225000
1!
b110 &
12
b110 6
b1 7

#47230000
0!
02

#47235000
1!
b1100 &
12
b1100 6
b10 7

#47240000
0!
02

#47245000
1!
b1001 &
12
b1001 6
b11 7

#47250000
0!
02

#47255000
1!
b11 &
12
b11 6
b0 7

#47260000
0!
02

#47265000
1!
b110 &
12
b110 6
b1 7

#47270000
0!
02

#47275000
1!
b1100 &
12
b1100 6
b10 7

#47280000
0!
02

#47285000
1!
b1001 &
12
b1001 6
b11 7

#47290000
0!
02

#47295000
1!
b11 &
12
b11 6
b0 7

#47300000
0!
02

#47305000
1!
b110 &
12
b110 6
b1 7

#47310000
0!
02

#47315000
1!
b1100 &
12
b1100 6
b10 7

#47320000
0!
02

#47325000
1!
b1001 &
12
b1001 6
b11 7

#47330000
0!
02

#47335000
1!
b11 &
12
b11 6
b0 7

#47340000
0!
02

#47345000
1!
b110 &
12
b110 6
b1 7

#47350000
0!
02

#47355000
1!
b1100 &
12
b1100 6
b10 7

#47360000
0!
02

#47365000
1!
b1001 &
12
b1001 6
b11 7

#47370000
0!
02

#47375000
1!
b11 &
12
b11 6
b0 7

#47380000
0!
02

#47385000
1!
b110 &
12
b110 6
b1 7

#47390000
0!
02

#47395000
1!
b1100 &
12
b1100 6
b10 7

#47400000
0!
02

#47405000
1!
b1001 &
12
b1001 6
b11 7

#47410000
0!
02

#47415000
1!
b11 &
12
b11 6
b0 7

#47420000
0!
02

#47425000
1!
b110 &
12
b110 6
b1 7

#47430000
0!
02

#47435000
1!
b1100 &
12
b1100 6
b10 7

#47440000
0!
02

#47445000
1!
b1001 &
12
b1001 6
b11 7

#47450000
0!
02

#47455000
1!
b11 &
12
b11 6
b0 7

#47460000
0!
02

#47465000
1!
b110 &
12
b110 6
b1 7

#47470000
0!
02

#47475000
1!
b1100 &
12
b1100 6
b10 7

#47480000
0!
02

#47485000
1!
b1001 &
12
b1001 6
b11 7

#47490000
0!
02

#47495000
1!
b11 &
12
b11 6
b0 7

#47500000
0!
02

#47505000
1!
b110 &
12
b110 6
b1 7

#47510000
0!
02

#47515000
1!
b1100 &
12
b1100 6
b10 7

#47520000
0!
02

#47525000
1!
b1001 &
12
b1001 6
b11 7

#47530000
0!
02

#47535000
1!
b11 &
12
b11 6
b0 7

#47540000
0!
02

#47545000
1!
b110 &
12
b110 6
b1 7

#47550000
0!
02

#47555000
1!
b1100 &
12
b1100 6
b10 7

#47560000
0!
02

#47565000
1!
b1001 &
12
b1001 6
b11 7

#47570000
0!
02

#47575000
1!
b11 &
12
b11 6
b0 7

#47580000
0!
02

#47585000
1!
b110 &
12
b110 6
b1 7

#47590000
0!
02

#47595000
1!
b1100 &
12
b1100 6
b10 7

#47600000
0!
02

#47605000
1!
b1001 &
12
b1001 6
b11 7

#47610000
0!
02

#47615000
1!
b11 &
12
b11 6
b0 7

#47620000
0!
02

#47625000
1!
b110 &
12
b110 6
b1 7

#47630000
0!
02

#47635000
1!
b1100 &
12
b1100 6
b10 7

#47640000
0!
02

#47645000
1!
b1001 &
12
b1001 6
b11 7

#47650000
0!
02

#47655000
1!
b11 &
12
b11 6
b0 7

#47660000
0!
02

#47665000
1!
b110 &
12
b110 6
b1 7

#47670000
0!
02

#47675000
1!
b1100 &
12
b1100 6
b10 7

#47680000
0!
02

#47685000
1!
b1001 &
12
b1001 6
b11 7

#47690000
0!
02

#47695000
1!
b11 &
12
b11 6
b0 7

#47700000
0!
02

#47705000
1!
b110 &
12
b110 6
b1 7

#47710000
0!
02

#47715000
1!
b1100 &
12
b1100 6
b10 7

#47720000
0!
02

#47725000
1!
b1001 &
12
b1001 6
b11 7

#47730000
0!
02

#47735000
1!
b11 &
12
b11 6
b0 7

#47740000
0!
02

#47745000
1!
b110 &
12
b110 6
b1 7

#47750000
0!
02

#47755000
1!
b1100 &
12
b1100 6
b10 7

#47760000
0!
02

#47765000
1!
b1001 &
12
b1001 6
b11 7

#47770000
0!
02

#47775000
1!
b11 &
12
b11 6
b0 7

#47780000
0!
02

#47785000
1!
b110 &
12
b110 6
b1 7

#47790000
0!
02

#47795000
1!
b1100 &
12
b1100 6
b10 7

#47800000
0!
02

#47805000
1!
b1001 &
12
b1001 6
b11 7

#47810000
0!
02

#47815000
1!
b11 &
12
b11 6
b0 7

#47820000
0!
02

#47825000
1!
b110 &
12
b110 6
b1 7

#47830000
0!
02

#47835000
1!
b1100 &
12
b1100 6
b10 7

#47840000
0!
02

#47845000
1!
b1001 &
12
b1001 6
b11 7

#47850000
0!
02

#47855000
1!
b11 &
12
b11 6
b0 7

#47860000
0!
02

#47865000
1!
b110 &
12
b110 6
b1 7

#47870000
0!
02

#47875000
1!
b1100 &
12
b1100 6
b10 7

#47880000
0!
02

#47885000
1!
b1001 &
12
b1001 6
b11 7

#47890000
0!
02

#47895000
1!
b11 &
12
b11 6
b0 7

#47900000
0!
02

#47905000
1!
b110 &
12
b110 6
b1 7

#47910000
0!
02

#47915000
1!
b1100 &
12
b1100 6
b10 7

#47920000
0!
02

#47925000
1!
b1001 &
12
b1001 6
b11 7

#47930000
0!
02

#47935000
1!
b11 &
12
b11 6
b0 7

#47940000
0!
02

#47945000
1!
b110 &
12
b110 6
b1 7

#47950000
0!
02

#47955000
1!
b1100 &
12
b1100 6
b10 7

#47960000
0!
02

#47965000
1!
b1001 &
12
b1001 6
b11 7

#47970000
0!
02

#47975000
1!
b11 &
12
b11 6
b0 7

#47980000
0!
02

#47985000
1!
b110 &
12
b110 6
b1 7

#47990000
0!
02

#47995000
1!
b1100 &
12
b1100 6
b10 7

#48000000
0!
02

#48005000
1!
b1001 &
12
b1001 6
b11 7

#48010000
0!
02

#48015000
1!
b11 &
12
b11 6
b0 7

#48020000
0!
02

#48025000
1!
b110 &
12
b110 6
b1 7

#48030000
0!
02

#48035000
1!
b1100 &
12
b1100 6
b10 7

#48040000
0!
02

#48045000
1!
b1001 &
12
b1001 6
b11 7

#48050000
0!
02

#48055000
1!
b11 &
12
b11 6
b0 7

#48060000
0!
02

#48065000
1!
b110 &
12
b110 6
b1 7

#48070000
0!
02

#48075000
1!
b1100 &
12
b1100 6
b10 7

#48080000
0!
02

#48085000
1!
b1001 &
12
b1001 6
b11 7

#48090000
0!
02

#48095000
1!
b11 &
12
b11 6
b0 7

#48100000
0!
02

#48105000
1!
b110 &
12
b110 6
b1 7

#48110000
0!
02

#48115000
1!
b1100 &
12
b1100 6
b10 7

#48120000
0!
02

#48125000
1!
b1001 &
12
b1001 6
b11 7

#48130000
0!
02

#48135000
1!
b11 &
12
b11 6
b0 7

#48140000
0!
02

#48145000
1!
b110 &
12
b110 6
b1 7

#48150000
0!
02

#48155000
1!
b1100 &
12
b1100 6
b10 7

#48160000
0!
02

#48165000
1!
b1001 &
12
b1001 6
b11 7

#48170000
0!
02

#48175000
1!
b11 &
12
b11 6
b0 7

#48180000
0!
02

#48185000
1!
b110 &
12
b110 6
b1 7

#48190000
0!
02

#48195000
1!
b1100 &
12
b1100 6
b10 7

#48200000
0!
02

#48205000
1!
b1001 &
12
b1001 6
b11 7

#48210000
0!
02

#48215000
1!
b11 &
12
b11 6
b0 7

#48220000
0!
02

#48225000
1!
b110 &
12
b110 6
b1 7

#48230000
0!
02

#48235000
1!
b1100 &
12
b1100 6
b10 7

#48240000
0!
02

#48245000
1!
b1001 &
12
b1001 6
b11 7

#48250000
0!
02

#48255000
1!
b11 &
12
b11 6
b0 7

#48260000
0!
02

#48265000
1!
b110 &
12
b110 6
b1 7

#48270000
0!
02

#48275000
1!
b1100 &
12
b1100 6
b10 7

#48280000
0!
02

#48285000
1!
b1001 &
12
b1001 6
b11 7

#48290000
0!
02

#48295000
1!
b11 &
12
b11 6
b0 7

#48300000
0!
02

#48305000
1!
b110 &
12
b110 6
b1 7

#48310000
0!
02

#48315000
1!
b1100 &
12
b1100 6
b10 7

#48320000
0!
02

#48325000
1!
b1001 &
12
b1001 6
b11 7

#48330000
0!
02

#48335000
1!
b11 &
12
b11 6
b0 7

#48340000
0!
02

#48345000
1!
b110 &
12
b110 6
b1 7

#48350000
0!
02

#48355000
1!
b1100 &
12
b1100 6
b10 7

#48360000
0!
02

#48365000
1!
b1001 &
12
b1001 6
b11 7

#48370000
0!
02

#48375000
1!
b11 &
12
b11 6
b0 7

#48380000
0!
02

#48385000
1!
b110 &
12
b110 6
b1 7

#48390000
0!
02

#48395000
1!
b1100 &
12
b1100 6
b10 7

#48400000
0!
02

#48405000
1!
b1001 &
12
b1001 6
b11 7

#48410000
0!
02

#48415000
1!
b11 &
12
b11 6
b0 7

#48420000
0!
02

#48425000
1!
b110 &
12
b110 6
b1 7

#48430000
0!
02

#48435000
1!
b1100 &
12
b1100 6
b10 7

#48440000
0!
02

#48445000
1!
b1001 &
12
b1001 6
b11 7

#48450000
0!
02

#48455000
1!
b11 &
12
b11 6
b0 7

#48460000
0!
02

#48465000
1!
b110 &
12
b110 6
b1 7

#48470000
0!
02

#48475000
1!
b1100 &
12
b1100 6
b10 7

#48480000
0!
02

#48485000
1!
b1001 &
12
b1001 6
b11 7

#48490000
0!
02

#48495000
1!
b11 &
12
b11 6
b0 7

#48500000
0!
02

#48505000
1!
b110 &
12
b110 6
b1 7

#48510000
0!
02

#48515000
1!
b1100 &
12
b1100 6
b10 7

#48520000
0!
02

#48525000
1!
b1001 &
12
b1001 6
b11 7

#48530000
0!
02

#48535000
1!
b11 &
12
b11 6
b0 7

#48540000
0!
02

#48545000
1!
b110 &
12
b110 6
b1 7

#48550000
0!
02

#48555000
1!
b1100 &
12
b1100 6
b10 7

#48560000
0!
02

#48565000
1!
b1001 &
12
b1001 6
b11 7

#48570000
0!
02

#48575000
1!
b11 &
12
b11 6
b0 7

#48580000
0!
02

#48585000
1!
b110 &
12
b110 6
b1 7

#48590000
0!
02

#48595000
1!
b1100 &
12
b1100 6
b10 7

#48600000
0!
02

#48605000
1!
b1001 &
12
b1001 6
b11 7

#48610000
0!
02

#48615000
1!
b11 &
12
b11 6
b0 7

#48620000
0!
02

#48625000
1!
b110 &
12
b110 6
b1 7

#48630000
0!
02

#48635000
1!
b1100 &
12
b1100 6
b10 7

#48640000
0!
02

#48645000
1!
b1001 &
12
b1001 6
b11 7

#48650000
0!
02

#48655000
1!
b11 &
12
b11 6
b0 7

#48660000
0!
02

#48665000
1!
b110 &
12
b110 6
b1 7

#48670000
0!
02

#48675000
1!
b1100 &
12
b1100 6
b10 7

#48680000
0!
02

#48685000
1!
b1001 &
12
b1001 6
b11 7

#48690000
0!
02

#48695000
1!
b11 &
12
b11 6
b0 7

#48700000
0!
02

#48705000
1!
b110 &
12
b110 6
b1 7

#48710000
0!
02

#48715000
1!
b1100 &
12
b1100 6
b10 7

#48720000
0!
02

#48725000
1!
b1001 &
12
b1001 6
b11 7

#48730000
0!
02

#48735000
1!
b11 &
12
b11 6
b0 7

#48740000
0!
02

#48745000
1!
b110 &
12
b110 6
b1 7

#48750000
0!
02

#48755000
1!
b1100 &
12
b1100 6
b10 7

#48760000
0!
02

#48765000
1!
b1001 &
12
b1001 6
b11 7

#48770000
0!
02

#48775000
1!
b11 &
12
b11 6
b0 7

#48780000
0!
02

#48785000
1!
b110 &
12
b110 6
b1 7

#48790000
0!
02

#48795000
1!
b1100 &
12
b1100 6
b10 7

#48800000
0!
02

#48805000
1!
b1001 &
12
b1001 6
b11 7

#48810000
0!
02

#48815000
1!
b11 &
12
b11 6
b0 7

#48820000
0!
02

#48825000
1!
b110 &
12
b110 6
b1 7

#48830000
0!
02

#48835000
1!
b1100 &
12
b1100 6
b10 7

#48840000
0!
02

#48845000
1!
b1001 &
12
b1001 6
b11 7

#48850000
0!
02

#48855000
1!
b11 &
12
b11 6
b0 7

#48860000
0!
02

#48865000
1!
b110 &
12
b110 6
b1 7

#48870000
0!
02

#48875000
1!
b1100 &
12
b1100 6
b10 7

#48880000
0!
02

#48885000
1!
b1001 &
12
b1001 6
b11 7

#48890000
0!
02

#48895000
1!
b11 &
12
b11 6
b0 7

#48900000
0!
02

#48905000
1!
b110 &
12
b110 6
b1 7

#48910000
0!
02

#48915000
1!
b1100 &
12
b1100 6
b10 7

#48920000
0!
02

#48925000
1!
b1001 &
12
b1001 6
b11 7

#48930000
0!
02

#48935000
1!
b11 &
12
b11 6
b0 7

#48940000
0!
02

#48945000
1!
b110 &
12
b110 6
b1 7

#48950000
0!
02

#48955000
1!
b1100 &
12
b1100 6
b10 7

#48960000
0!
02

#48965000
1!
b1001 &
12
b1001 6
b11 7

#48970000
0!
02

#48975000
1!
b11 &
12
b11 6
b0 7

#48980000
0!
02

#48985000
1!
b110 &
12
b110 6
b1 7

#48990000
0!
02

#48995000
1!
b1100 &
12
b1100 6
b10 7

#49000000
0!
02

#49005000
1!
b1001 &
12
b1001 6
b11 7

#49010000
0!
02

#49015000
1!
b11 &
12
b11 6
b0 7

#49020000
0!
02

#49025000
1!
b110 &
12
b110 6
b1 7

#49030000
0!
02

#49035000
1!
b1100 &
12
b1100 6
b10 7

#49040000
0!
02

#49045000
1!
b1001 &
12
b1001 6
b11 7

#49050000
0!
02

#49055000
1!
b11 &
12
b11 6
b0 7

#49060000
0!
02

#49065000
1!
b110 &
12
b110 6
b1 7

#49070000
0!
02

#49075000
1!
b1100 &
12
b1100 6
b10 7

#49080000
0!
02

#49085000
1!
b1001 &
12
b1001 6
b11 7

#49090000
0!
02

#49095000
1!
b11 &
12
b11 6
b0 7

#49100000
0!
02

#49105000
1!
b110 &
12
b110 6
b1 7

#49110000
0!
02

#49115000
1!
b1100 &
12
b1100 6
b10 7

#49120000
0!
02

#49125000
1!
b1001 &
12
b1001 6
b11 7

#49130000
0!
02

#49135000
1!
b11 &
12
b11 6
b0 7

#49140000
0!
02

#49145000
1!
b110 &
12
b110 6
b1 7

#49150000
0!
02

#49155000
1!
b1100 &
12
b1100 6
b10 7

#49160000
0!
02

#49165000
1!
b1001 &
12
b1001 6
b11 7

#49170000
0!
02

#49175000
1!
b11 &
12
b11 6
b0 7

#49180000
0!
02

#49185000
1!
b110 &
12
b110 6
b1 7

#49190000
0!
02

#49195000
1!
b1100 &
12
b1100 6
b10 7

#49200000
0!
02

#49205000
1!
b1001 &
12
b1001 6
b11 7

#49210000
0!
02

#49215000
1!
b11 &
12
b11 6
b0 7

#49220000
0!
02

#49225000
1!
b110 &
12
b110 6
b1 7

#49230000
0!
02

#49235000
1!
b1100 &
12
b1100 6
b10 7

#49240000
0!
02

#49245000
1!
b1001 &
12
b1001 6
b11 7

#49250000
0!
02

#49255000
1!
b11 &
12
b11 6
b0 7

#49260000
0!
02

#49265000
1!
b110 &
12
b110 6
b1 7

#49270000
0!
02

#49275000
1!
b1100 &
12
b1100 6
b10 7

#49280000
0!
02

#49285000
1!
b1001 &
12
b1001 6
b11 7

#49290000
0!
02

#49295000
1!
b11 &
12
b11 6
b0 7

#49300000
0!
02

#49305000
1!
b110 &
12
b110 6
b1 7

#49310000
0!
02

#49315000
1!
b1100 &
12
b1100 6
b10 7

#49320000
0!
02

#49325000
1!
b1001 &
12
b1001 6
b11 7

#49330000
0!
02

#49335000
1!
b11 &
12
b11 6
b0 7

#49340000
0!
02

#49345000
1!
b110 &
12
b110 6
b1 7

#49350000
0!
02

#49355000
1!
b1100 &
12
b1100 6
b10 7

#49360000
0!
02

#49365000
1!
b1001 &
12
b1001 6
b11 7

#49370000
0!
02

#49375000
1!
b11 &
12
b11 6
b0 7

#49380000
0!
02

#49385000
1!
b110 &
12
b110 6
b1 7

#49390000
0!
02

#49395000
1!
b1100 &
12
b1100 6
b10 7

#49400000
0!
02

#49405000
1!
b1001 &
12
b1001 6
b11 7

#49410000
0!
02

#49415000
1!
b11 &
12
b11 6
b0 7

#49420000
0!
02

#49425000
1!
b110 &
12
b110 6
b1 7

#49430000
0!
02

#49435000
1!
b1100 &
12
b1100 6
b10 7

#49440000
0!
02

#49445000
1!
b1001 &
12
b1001 6
b11 7

#49450000
0!
02

#49455000
1!
b11 &
12
b11 6
b0 7

#49460000
0!
02

#49465000
1!
b110 &
12
b110 6
b1 7

#49470000
0!
02

#49475000
1!
b1100 &
12
b1100 6
b10 7

#49480000
0!
02

#49485000
1!
b1001 &
12
b1001 6
b11 7

#49490000
0!
02

#49495000
1!
b11 &
12
b11 6
b0 7

#49500000
0!
02

#49505000
1!
b110 &
12
b110 6
b1 7

#49510000
0!
02

#49515000
1!
b1100 &
12
b1100 6
b10 7

#49520000
0!
02

#49525000
1!
b1001 &
12
b1001 6
b11 7

#49530000
0!
02

#49535000
1!
b11 &
12
b11 6
b0 7

#49540000
0!
02

#49545000
1!
b110 &
12
b110 6
b1 7

#49550000
0!
02

#49555000
1!
b1100 &
12
b1100 6
b10 7

#49560000
0!
02

#49565000
1!
b1001 &
12
b1001 6
b11 7

#49570000
0!
02

#49575000
1!
b11 &
12
b11 6
b0 7

#49580000
0!
02

#49585000
1!
b110 &
12
b110 6
b1 7

#49590000
0!
02

#49595000
1!
b1100 &
12
b1100 6
b10 7

#49600000
0!
02

#49605000
1!
b1001 &
12
b1001 6
b11 7

#49610000
0!
02

#49615000
1!
b11 &
12
b11 6
b0 7

#49620000
0!
02

#49625000
1!
b110 &
12
b110 6
b1 7

#49630000
0!
02

#49635000
1!
b1100 &
12
b1100 6
b10 7

#49640000
0!
02

#49645000
1!
b1001 &
12
b1001 6
b11 7

#49650000
0!
02

#49655000
1!
b11 &
12
b11 6
b0 7

#49660000
0!
02

#49665000
1!
b110 &
12
b110 6
b1 7

#49670000
0!
02

#49675000
1!
b1100 &
12
b1100 6
b10 7

#49680000
0!
02

#49685000
1!
b1001 &
12
b1001 6
b11 7

#49690000
0!
02

#49695000
1!
b11 &
12
b11 6
b0 7

#49700000
0!
02

#49705000
1!
b110 &
12
b110 6
b1 7

#49710000
0!
02

#49715000
1!
b1100 &
12
b1100 6
b10 7

#49720000
0!
02

#49725000
1!
b1001 &
12
b1001 6
b11 7

#49730000
0!
02

#49735000
1!
b11 &
12
b11 6
b0 7

#49740000
0!
02

#49745000
1!
b110 &
12
b110 6
b1 7

#49750000
0!
02

#49755000
1!
b1100 &
12
b1100 6
b10 7

#49760000
0!
02

#49765000
1!
b1001 &
12
b1001 6
b11 7

#49770000
0!
02

#49775000
1!
b11 &
12
b11 6
b0 7

#49780000
0!
02

#49785000
1!
b110 &
12
b110 6
b1 7

#49790000
0!
02

#49795000
1!
b1100 &
12
b1100 6
b10 7

#49800000
0!
02

#49805000
1!
b1001 &
12
b1001 6
b11 7

#49810000
0!
02

#49815000
1!
b11 &
12
b11 6
b0 7

#49820000
0!
02

#49825000
1!
b110 &
12
b110 6
b1 7

#49830000
0!
02

#49835000
1!
b1100 &
12
b1100 6
b10 7

#49840000
0!
02

#49845000
1!
b1001 &
12
b1001 6
b11 7

#49850000
0!
02

#49855000
1!
b11 &
12
b11 6
b0 7

#49860000
0!
02

#49865000
1!
b110 &
12
b110 6
b1 7

#49870000
0!
02

#49875000
1!
b1100 &
12
b1100 6
b10 7

#49880000
0!
02

#49885000
1!
b1001 &
12
b1001 6
b11 7

#49890000
0!
02

#49895000
1!
b11 &
12
b11 6
b0 7

#49900000
0!
02

#49905000
1!
b110 &
12
b110 6
b1 7

#49910000
0!
02

#49915000
1!
b1100 &
12
b1100 6
b10 7

#49920000
0!
02

#49925000
1!
b1001 &
12
b1001 6
b11 7

#49930000
0!
02

#49935000
1!
b11 &
12
b11 6
b0 7

#49940000
0!
02

#49945000
1!
b110 &
12
b110 6
b1 7

#49950000
0!
02

#49955000
1!
b1100 &
12
b1100 6
b10 7

#49960000
0!
02

#49965000
1!
b1001 &
12
b1001 6
b11 7

#49970000
0!
02

#49975000
1!
b11 &
12
b11 6
b0 7

#49980000
0!
02

#49985000
1!
b110 &
12
b110 6
b1 7

#49990000
0!
02

#49995000
1!
b1100 &
12
b1100 6
b10 7

#50000000
0!
02

#50005000
1!
b1001 &
12
b1001 6
b11 7

#50010000
0!
02

#50015000
1!
b11 &
12
b11 6
b0 7

#50020000
0!
0#
b1000000 $
02
04
b1000000 5

#50025000
1!
b110 &
12
b110 6
b1 7

#50030000
0!
02

#50035000
1!
b1100 &
12
b1100 6
b10 7

#50040000
0!
02

#50045000
1!
b1001 &
12
b1001 6
b11 7

#50050000
0!
02

#50055000
1!
b11 &
12
b11 6
b0 7

#50060000
0!
02

#50065000
1!
b110 &
12
b110 6
b1 7

#50070000
0!
02

#50075000
1!
b1100 &
12
b1100 6
b10 7

#50080000
0!
02

#50085000
1!
b1001 &
12
b1001 6
b11 7

#50090000
0!
02

#50095000
1!
b11 &
12
b11 6
b0 7

#50100000
0!
02

#50105000
1!
b110 &
12
b110 6
b1 7

#50110000
0!
02

#50115000
1!
b1100 &
12
b1100 6
b10 7

#50120000
0!
02

#50125000
1!
b1001 &
12
b1001 6
b11 7

#50130000
0!
02

#50135000
1!
b11 &
12
b11 6
b0 7

#50140000
0!
02

#50145000
1!
b110 &
12
b110 6
b1 7

#50150000
0!
02

#50155000
1!
b1100 &
12
b1100 6
b10 7

#50160000
0!
02

#50165000
1!
b1001 &
12
b1001 6
b11 7

#50170000
0!
02

#50175000
1!
b11 &
12
b11 6
b0 7

#50180000
0!
02

#50185000
1!
b110 &
12
b110 6
b1 7

#50190000
0!
02

#50195000
1!
b1100 &
12
b1100 6
b10 7

#50200000
0!
02

#50205000
1!
b1001 &
12
b1001 6
b11 7

#50210000
0!
02

#50215000
1!
b11 &
12
b11 6
b0 7

#50220000
0!
02

#50225000
1!
b110 &
12
b110 6
b1 7

#50230000
0!
02

#50235000
1!
b1100 &
12
b1100 6
b10 7

#50240000
0!
02

#50245000
1!
b1001 &
12
b1001 6
b11 7

#50250000
0!
02

#50255000
1!
b11 &
12
b11 6
b0 7

#50260000
0!
02

#50265000
1!
b110 &
12
b110 6
b1 7

#50270000
0!
02

#50275000
1!
b1100 &
12
b1100 6
b10 7

#50280000
0!
02

#50285000
1!
b1001 &
12
b1001 6
b11 7

#50290000
0!
02

#50295000
1!
b11 &
12
b11 6
b0 7

#50300000
0!
02

#50305000
1!
b110 &
12
b110 6
b1 7

#50310000
0!
02

#50315000
1!
b1100 &
12
b1100 6
b10 7

#50320000
0!
02

#50325000
1!
b1001 &
12
b1001 6
b11 7

#50330000
0!
02

#50335000
1!
b11 &
12
b11 6
b0 7

#50340000
0!
02

#50345000
1!
b110 &
12
b110 6
b1 7

#50350000
0!
02

#50355000
1!
b1100 &
12
b1100 6
b10 7

#50360000
0!
02

#50365000
1!
b1001 &
12
b1001 6
b11 7

#50370000
0!
02

#50375000
1!
b11 &
12
b11 6
b0 7

#50380000
0!
02

#50385000
1!
b110 &
12
b110 6
b1 7

#50390000
0!
02

#50395000
1!
b1100 &
12
b1100 6
b10 7

#50400000
0!
02

#50405000
1!
b1001 &
12
b1001 6
b11 7

#50410000
0!
02

#50415000
1!
b11 &
12
b11 6
b0 7

#50420000
0!
02

#50425000
1!
b110 &
12
b110 6
b1 7

#50430000
0!
02

#50435000
1!
b1100 &
12
b1100 6
b10 7

#50440000
0!
02

#50445000
1!
b1001 &
12
b1001 6
b11 7

#50450000
0!
02

#50455000
1!
b11 &
12
b11 6
b0 7

#50460000
0!
02

#50465000
1!
b110 &
12
b110 6
b1 7

#50470000
0!
02

#50475000
1!
b1100 &
12
b1100 6
b10 7

#50480000
0!
02

#50485000
1!
b1001 &
12
b1001 6
b11 7

#50490000
0!
02

#50495000
1!
b11 &
12
b11 6
b0 7

#50500000
0!
02

#50505000
1!
b110 &
12
b110 6
b1 7

#50510000
0!
02

#50515000
1!
b1100 &
12
b1100 6
b10 7

#50520000
0!
02

#50525000
1!
b1001 &
12
b1001 6
b11 7

#50530000
0!
02

#50535000
1!
b11 &
12
b11 6
b0 7

#50540000
0!
02

#50545000
1!
b110 &
12
b110 6
b1 7

#50550000
0!
02

#50555000
1!
b1100 &
12
b1100 6
b10 7

#50560000
0!
02

#50565000
1!
b1001 &
12
b1001 6
b11 7

#50570000
0!
02

#50575000
1!
b11 &
12
b11 6
b0 7

#50580000
0!
02

#50585000
1!
b110 &
12
b110 6
b1 7

#50590000
0!
02

#50595000
1!
b1100 &
12
b1100 6
b10 7

#50600000
0!
02

#50605000
1!
b1001 &
12
b1001 6
b11 7

#50610000
0!
02

#50615000
1!
b11 &
12
b11 6
b0 7

#50620000
0!
02

#50625000
1!
b110 &
12
b110 6
b1 7

#50630000
0!
02

#50635000
1!
b1100 &
12
b1100 6
b10 7

#50640000
0!
02

#50645000
1!
b1001 &
12
b1001 6
b11 7

#50650000
0!
02

#50655000
1!
b11 &
12
b11 6
b0 7

#50660000
0!
02

#50665000
1!
b110 &
12
b110 6
b1 7

#50670000
0!
02

#50675000
1!
b1100 &
12
b1100 6
b10 7

#50680000
0!
02

#50685000
1!
b1001 &
12
b1001 6
b11 7

#50690000
0!
02

#50695000
1!
b11 &
12
b11 6
b0 7

#50700000
0!
02

#50705000
1!
b110 &
12
b110 6
b1 7

#50710000
0!
02

#50715000
1!
b1100 &
12
b1100 6
b10 7

#50720000
0!
02

#50725000
1!
b1001 &
12
b1001 6
b11 7

#50730000
0!
02

#50735000
1!
b11 &
12
b11 6
b0 7

#50740000
0!
02

#50745000
1!
b110 &
12
b110 6
b1 7

#50750000
0!
02

#50755000
1!
b1100 &
12
b1100 6
b10 7

#50760000
0!
02

#50765000
1!
b1001 &
12
b1001 6
b11 7

#50770000
0!
02

#50775000
1!
b11 &
12
b11 6
b0 7

#50780000
0!
02

#50785000
1!
b110 &
12
b110 6
b1 7

#50790000
0!
02

#50795000
1!
b1100 &
12
b1100 6
b10 7

#50800000
0!
02

#50805000
1!
b1001 &
12
b1001 6
b11 7

#50810000
0!
02

#50815000
1!
b11 &
12
b11 6
b0 7

#50820000
0!
02

#50825000
1!
b110 &
12
b110 6
b1 7

#50830000
0!
02

#50835000
1!
b1100 &
12
b1100 6
b10 7

#50840000
0!
02

#50845000
1!
b1001 &
12
b1001 6
b11 7

#50850000
0!
02

#50855000
1!
b11 &
12
b11 6
b0 7

#50860000
0!
02

#50865000
1!
b110 &
12
b110 6
b1 7

#50870000
0!
02

#50875000
1!
b1100 &
12
b1100 6
b10 7

#50880000
0!
02

#50885000
1!
b1001 &
12
b1001 6
b11 7

#50890000
0!
02

#50895000
1!
b11 &
12
b11 6
b0 7

#50900000
0!
02

#50905000
1!
b110 &
12
b110 6
b1 7

#50910000
0!
02

#50915000
1!
b1100 &
12
b1100 6
b10 7

#50920000
0!
02

#50925000
1!
b1001 &
12
b1001 6
b11 7

#50930000
0!
02

#50935000
1!
b11 &
12
b11 6
b0 7

#50940000
0!
02

#50945000
1!
b110 &
12
b110 6
b1 7

#50950000
0!
02

#50955000
1!
b1100 &
12
b1100 6
b10 7

#50960000
0!
02

#50965000
1!
b1001 &
12
b1001 6
b11 7

#50970000
0!
02

#50975000
1!
b11 &
12
b11 6
b0 7

#50980000
0!
02

#50985000
1!
b110 &
12
b110 6
b1 7

#50990000
0!
02

#50995000
1!
b1100 &
12
b1100 6
b10 7

#51000000
0!
02

#51005000
1!
b1001 &
12
b1001 6
b11 7

#51010000
0!
02

#51015000
1!
b11 &
12
b11 6
b0 7

#51020000
0!
02

#51025000
1!
b110 &
12
b110 6
b1 7

#51030000
0!
02

#51035000
1!
b1100 &
12
b1100 6
b10 7

#51040000
0!
02

#51045000
1!
b1001 &
12
b1001 6
b11 7

#51050000
0!
02

#51055000
1!
b11 &
12
b11 6
b0 7

#51060000
0!
02

#51065000
1!
b110 &
12
b110 6
b1 7

#51070000
0!
02

#51075000
1!
b1100 &
12
b1100 6
b10 7

#51080000
0!
02

#51085000
1!
b1001 &
12
b1001 6
b11 7

#51090000
0!
02

#51095000
1!
b11 &
12
b11 6
b0 7

#51100000
0!
02

#51105000
1!
b110 &
12
b110 6
b1 7

#51110000
0!
02

#51115000
1!
b1100 &
12
b1100 6
b10 7

#51120000
0!
02

#51125000
1!
b1001 &
12
b1001 6
b11 7

#51130000
0!
02

#51135000
1!
b11 &
12
b11 6
b0 7

#51140000
0!
02

#51145000
1!
b110 &
12
b110 6
b1 7

#51150000
0!
02

#51155000
1!
b1100 &
12
b1100 6
b10 7

#51160000
0!
02

#51165000
1!
b1001 &
12
b1001 6
b11 7

#51170000
0!
02

#51175000
1!
b11 &
12
b11 6
b0 7

#51180000
0!
02

#51185000
1!
b110 &
12
b110 6
b1 7

#51190000
0!
02

#51195000
1!
b1100 &
12
b1100 6
b10 7

#51200000
0!
02

#51205000
1!
b1001 &
12
b1001 6
b11 7

#51210000
0!
02

#51215000
1!
b11 &
12
b11 6
b0 7

#51220000
0!
02

#51225000
1!
b110 &
12
b110 6
b1 7

#51230000
0!
02

#51235000
1!
b1100 &
12
b1100 6
b10 7

#51240000
0!
02

#51245000
1!
b1001 &
12
b1001 6
b11 7

#51250000
0!
02

#51255000
1!
b11 &
12
b11 6
b0 7

#51260000
0!
02

#51265000
1!
b110 &
12
b110 6
b1 7

#51270000
0!
02

#51275000
1!
b1100 &
12
b1100 6
b10 7

#51280000
0!
02

#51285000
1!
b1001 &
12
b1001 6
b11 7

#51290000
0!
02

#51295000
1!
b11 &
12
b11 6
b0 7

#51300000
0!
02

#51305000
1!
b110 &
12
b110 6
b1 7

#51310000
0!
02

#51315000
1!
b1100 &
12
b1100 6
b10 7

#51320000
0!
02

#51325000
1!
b1001 &
12
b1001 6
b11 7

#51330000
0!
02

#51335000
1!
b11 &
12
b11 6
b0 7

#51340000
0!
02

#51345000
1!
b110 &
12
b110 6
b1 7

#51350000
0!
02

#51355000
1!
b1100 &
12
b1100 6
b10 7

#51360000
0!
02

#51365000
1!
b1001 &
12
b1001 6
b11 7

#51370000
0!
02

#51375000
1!
b11 &
12
b11 6
b0 7

#51380000
0!
02

#51385000
1!
b110 &
12
b110 6
b1 7

#51390000
0!
02

#51395000
1!
b1100 &
12
b1100 6
b10 7

#51400000
0!
02

#51405000
1!
b1001 &
12
b1001 6
b11 7

#51410000
0!
02

#51415000
1!
b11 &
12
b11 6
b0 7

#51420000
0!
02

#51425000
1!
b110 &
12
b110 6
b1 7

#51430000
0!
02

#51435000
1!
b1100 &
12
b1100 6
b10 7

#51440000
0!
02

#51445000
1!
b1001 &
12
b1001 6
b11 7

#51450000
0!
02

#51455000
1!
b11 &
12
b11 6
b0 7

#51460000
0!
02

#51465000
1!
b110 &
12
b110 6
b1 7

#51470000
0!
02

#51475000
1!
b1100 &
12
b1100 6
b10 7

#51480000
0!
02

#51485000
1!
b1001 &
12
b1001 6
b11 7

#51490000
0!
02

#51495000
1!
b11 &
12
b11 6
b0 7

#51500000
0!
02

#51505000
1!
b110 &
12
b110 6
b1 7

#51510000
0!
02

#51515000
1!
b1100 &
12
b1100 6
b10 7

#51520000
0!
02

#51525000
1!
b1001 &
12
b1001 6
b11 7

#51530000
0!
02

#51535000
1!
b11 &
12
b11 6
b0 7

#51540000
0!
02

#51545000
1!
b110 &
12
b110 6
b1 7

#51550000
0!
02

#51555000
1!
b1100 &
12
b1100 6
b10 7

#51560000
0!
02

#51565000
1!
b1001 &
12
b1001 6
b11 7

#51570000
0!
02

#51575000
1!
b11 &
12
b11 6
b0 7

#51580000
0!
02

#51585000
1!
b110 &
12
b110 6
b1 7

#51590000
0!
02

#51595000
1!
b1100 &
12
b1100 6
b10 7

#51600000
0!
02

#51605000
1!
b1001 &
12
b1001 6
b11 7

#51610000
0!
02

#51615000
1!
b11 &
12
b11 6
b0 7

#51620000
0!
02

#51625000
1!
b110 &
12
b110 6
b1 7

#51630000
0!
02

#51635000
1!
b1100 &
12
b1100 6
b10 7

#51640000
0!
02

#51645000
1!
b1001 &
12
b1001 6
b11 7

#51650000
0!
02

#51655000
1!
b11 &
12
b11 6
b0 7

#51660000
0!
02

#51665000
1!
b110 &
12
b110 6
b1 7

#51670000
0!
02

#51675000
1!
b1100 &
12
b1100 6
b10 7

#51680000
0!
02

#51685000
1!
b1001 &
12
b1001 6
b11 7

#51690000
0!
02

#51695000
1!
b11 &
12
b11 6
b0 7

#51700000
0!
02

#51705000
1!
b110 &
12
b110 6
b1 7

#51710000
0!
02

#51715000
1!
b1100 &
12
b1100 6
b10 7

#51720000
0!
02

#51725000
1!
b1001 &
12
b1001 6
b11 7

#51730000
0!
02

#51735000
1!
b11 &
12
b11 6
b0 7

#51740000
0!
02

#51745000
1!
b110 &
12
b110 6
b1 7

#51750000
0!
02

#51755000
1!
b1100 &
12
b1100 6
b10 7

#51760000
0!
02

#51765000
1!
b1001 &
12
b1001 6
b11 7

#51770000
0!
02

#51775000
1!
b11 &
12
b11 6
b0 7

#51780000
0!
02

#51785000
1!
b110 &
12
b110 6
b1 7

#51790000
0!
02

#51795000
1!
b1100 &
12
b1100 6
b10 7

#51800000
0!
02

#51805000
1!
b1001 &
12
b1001 6
b11 7

#51810000
0!
02

#51815000
1!
b11 &
12
b11 6
b0 7

#51820000
0!
02

#51825000
1!
b110 &
12
b110 6
b1 7

#51830000
0!
02

#51835000
1!
b1100 &
12
b1100 6
b10 7

#51840000
0!
02

#51845000
1!
b1001 &
12
b1001 6
b11 7

#51850000
0!
02

#51855000
1!
b11 &
12
b11 6
b0 7

#51860000
0!
02

#51865000
1!
b110 &
12
b110 6
b1 7

#51870000
0!
02

#51875000
1!
b1100 &
12
b1100 6
b10 7

#51880000
0!
02

#51885000
1!
b1001 &
12
b1001 6
b11 7

#51890000
0!
02

#51895000
1!
b11 &
12
b11 6
b0 7

#51900000
0!
02

#51905000
1!
b110 &
12
b110 6
b1 7

#51910000
0!
02

#51915000
1!
b1100 &
12
b1100 6
b10 7

#51920000
0!
02

#51925000
1!
b1001 &
12
b1001 6
b11 7

#51930000
0!
02

#51935000
1!
b11 &
12
b11 6
b0 7

#51940000
0!
02

#51945000
1!
b110 &
12
b110 6
b1 7

#51950000
0!
02

#51955000
1!
b1100 &
12
b1100 6
b10 7

#51960000
0!
02

#51965000
1!
b1001 &
12
b1001 6
b11 7

#51970000
0!
02

#51975000
1!
b11 &
12
b11 6
b0 7

#51980000
0!
02

#51985000
1!
b110 &
12
b110 6
b1 7

#51990000
0!
02

#51995000
1!
b1100 &
12
b1100 6
b10 7

#52000000
0!
02

#52005000
1!
b1001 &
12
b1001 6
b11 7

#52010000
0!
02

#52015000
1!
b11 &
12
b11 6
b0 7

#52020000
0!
02

#52025000
1!
b110 &
12
b110 6
b1 7

#52030000
0!
02

#52035000
1!
b1100 &
12
b1100 6
b10 7

#52040000
0!
02

#52045000
1!
b1001 &
12
b1001 6
b11 7

#52050000
0!
02

#52055000
1!
b11 &
12
b11 6
b0 7

#52060000
0!
02

#52065000
1!
b110 &
12
b110 6
b1 7

#52070000
0!
02

#52075000
1!
b1100 &
12
b1100 6
b10 7

#52080000
0!
02

#52085000
1!
b1001 &
12
b1001 6
b11 7

#52090000
0!
02

#52095000
1!
b11 &
12
b11 6
b0 7

#52100000
0!
02

#52105000
1!
b110 &
12
b110 6
b1 7

#52110000
0!
02

#52115000
1!
b1100 &
12
b1100 6
b10 7

#52120000
0!
02

#52125000
1!
b1001 &
12
b1001 6
b11 7

#52130000
0!
02

#52135000
1!
b11 &
12
b11 6
b0 7

#52140000
0!
02

#52145000
1!
b110 &
12
b110 6
b1 7

#52150000
0!
02

#52155000
1!
b1100 &
12
b1100 6
b10 7

#52160000
0!
02

#52165000
1!
b1001 &
12
b1001 6
b11 7

#52170000
0!
02

#52175000
1!
b11 &
12
b11 6
b0 7

#52180000
0!
02

#52185000
1!
b110 &
12
b110 6
b1 7

#52190000
0!
02

#52195000
1!
b1100 &
12
b1100 6
b10 7

#52200000
0!
02

#52205000
1!
b1001 &
12
b1001 6
b11 7

#52210000
0!
02

#52215000
1!
b11 &
12
b11 6
b0 7

#52220000
0!
02

#52225000
1!
b110 &
12
b110 6
b1 7

#52230000
0!
02

#52235000
1!
b1100 &
12
b1100 6
b10 7

#52240000
0!
02

#52245000
1!
b1001 &
12
b1001 6
b11 7

#52250000
0!
02

#52255000
1!
b11 &
12
b11 6
b0 7

#52260000
0!
02

#52265000
1!
b110 &
12
b110 6
b1 7

#52270000
0!
02

#52275000
1!
b1100 &
12
b1100 6
b10 7

#52280000
0!
02

#52285000
1!
b1001 &
12
b1001 6
b11 7

#52290000
0!
02

#52295000
1!
b11 &
12
b11 6
b0 7

#52300000
0!
02

#52305000
1!
b110 &
12
b110 6
b1 7

#52310000
0!
02

#52315000
1!
b1100 &
12
b1100 6
b10 7

#52320000
0!
02

#52325000
1!
b1001 &
12
b1001 6
b11 7

#52330000
0!
02

#52335000
1!
b11 &
12
b11 6
b0 7

#52340000
0!
02

#52345000
1!
b110 &
12
b110 6
b1 7

#52350000
0!
02

#52355000
1!
b1100 &
12
b1100 6
b10 7

#52360000
0!
02

#52365000
1!
b1001 &
12
b1001 6
b11 7

#52370000
0!
02

#52375000
1!
b11 &
12
b11 6
b0 7

#52380000
0!
02

#52385000
1!
b110 &
12
b110 6
b1 7

#52390000
0!
02

#52395000
1!
b1100 &
12
b1100 6
b10 7

#52400000
0!
02

#52405000
1!
b1001 &
12
b1001 6
b11 7

#52410000
0!
02

#52415000
1!
b11 &
12
b11 6
b0 7

#52420000
0!
02

#52425000
1!
b110 &
12
b110 6
b1 7

#52430000
0!
02

#52435000
1!
b1100 &
12
b1100 6
b10 7

#52440000
0!
02

#52445000
1!
b1001 &
12
b1001 6
b11 7

#52450000
0!
02

#52455000
1!
b11 &
12
b11 6
b0 7

#52460000
0!
02

#52465000
1!
b110 &
12
b110 6
b1 7

#52470000
0!
02

#52475000
1!
b1100 &
12
b1100 6
b10 7

#52480000
0!
02

#52485000
1!
b1001 &
12
b1001 6
b11 7

#52490000
0!
02

#52495000
1!
b11 &
12
b11 6
b0 7

#52500000
0!
02

#52505000
1!
b110 &
12
b110 6
b1 7

#52510000
0!
02

#52515000
1!
b1100 &
12
b1100 6
b10 7

#52520000
0!
02

#52525000
1!
b1001 &
12
b1001 6
b11 7

#52530000
0!
02

#52535000
1!
b11 &
12
b11 6
b0 7

#52540000
0!
02

#52545000
1!
b110 &
12
b110 6
b1 7

#52550000
0!
02

#52555000
1!
b1100 &
12
b1100 6
b10 7

#52560000
0!
02

#52565000
1!
b1001 &
12
b1001 6
b11 7

#52570000
0!
02

#52575000
1!
b11 &
12
b11 6
b0 7

#52580000
0!
02

#52585000
1!
b110 &
12
b110 6
b1 7

#52590000
0!
02

#52595000
1!
b1100 &
12
b1100 6
b10 7

#52600000
0!
02

#52605000
1!
b1001 &
12
b1001 6
b11 7

#52610000
0!
02

#52615000
1!
b11 &
12
b11 6
b0 7

#52620000
0!
02

#52625000
1!
b110 &
12
b110 6
b1 7

#52630000
0!
02

#52635000
1!
b1100 &
12
b1100 6
b10 7

#52640000
0!
02

#52645000
1!
b1001 &
12
b1001 6
b11 7

#52650000
0!
02

#52655000
1!
b11 &
12
b11 6
b0 7

#52660000
0!
02

#52665000
1!
b110 &
12
b110 6
b1 7

#52670000
0!
02

#52675000
1!
b1100 &
12
b1100 6
b10 7

#52680000
0!
02

#52685000
1!
b1001 &
12
b1001 6
b11 7

#52690000
0!
02

#52695000
1!
b11 &
12
b11 6
b0 7

#52700000
0!
02

#52705000
1!
b110 &
12
b110 6
b1 7

#52710000
0!
02

#52715000
1!
b1100 &
12
b1100 6
b10 7

#52720000
0!
02

#52725000
1!
b1001 &
12
b1001 6
b11 7

#52730000
0!
02

#52735000
1!
b11 &
12
b11 6
b0 7

#52740000
0!
02

#52745000
1!
b110 &
12
b110 6
b1 7

#52750000
0!
02

#52755000
1!
b1100 &
12
b1100 6
b10 7

#52760000
0!
02

#52765000
1!
b1001 &
12
b1001 6
b11 7

#52770000
0!
02

#52775000
1!
b11 &
12
b11 6
b0 7

#52780000
0!
02

#52785000
1!
b110 &
12
b110 6
b1 7

#52790000
0!
02

#52795000
1!
b1100 &
12
b1100 6
b10 7

#52800000
0!
02

#52805000
1!
b1001 &
12
b1001 6
b11 7

#52810000
0!
02

#52815000
1!
b11 &
12
b11 6
b0 7

#52820000
0!
02

#52825000
1!
b110 &
12
b110 6
b1 7

#52830000
0!
02

#52835000
1!
b1100 &
12
b1100 6
b10 7

#52840000
0!
02

#52845000
1!
b1001 &
12
b1001 6
b11 7

#52850000
0!
02

#52855000
1!
b11 &
12
b11 6
b0 7

#52860000
0!
02

#52865000
1!
b110 &
12
b110 6
b1 7

#52870000
0!
02

#52875000
1!
b1100 &
12
b1100 6
b10 7

#52880000
0!
02

#52885000
1!
b1001 &
12
b1001 6
b11 7

#52890000
0!
02

#52895000
1!
b11 &
12
b11 6
b0 7

#52900000
0!
02

#52905000
1!
b110 &
12
b110 6
b1 7

#52910000
0!
02

#52915000
1!
b1100 &
12
b1100 6
b10 7

#52920000
0!
02

#52925000
1!
b1001 &
12
b1001 6
b11 7

#52930000
0!
02

#52935000
1!
b11 &
12
b11 6
b0 7

#52940000
0!
02

#52945000
1!
b110 &
12
b110 6
b1 7

#52950000
0!
02

#52955000
1!
b1100 &
12
b1100 6
b10 7

#52960000
0!
02

#52965000
1!
b1001 &
12
b1001 6
b11 7

#52970000
0!
02

#52975000
1!
b11 &
12
b11 6
b0 7

#52980000
0!
02

#52985000
1!
b110 &
12
b110 6
b1 7

#52990000
0!
02

#52995000
1!
b1100 &
12
b1100 6
b10 7

#53000000
0!
02

#53005000
1!
b1001 &
12
b1001 6
b11 7

#53010000
0!
02

#53015000
1!
b11 &
12
b11 6
b0 7

#53020000
0!
02

#53025000
1!
b110 &
12
b110 6
b1 7

#53030000
0!
02

#53035000
1!
b1100 &
12
b1100 6
b10 7

#53040000
0!
02

#53045000
1!
b1001 &
12
b1001 6
b11 7

#53050000
0!
02

#53055000
1!
b11 &
12
b11 6
b0 7

#53060000
0!
02

#53065000
1!
b110 &
12
b110 6
b1 7

#53070000
0!
02

#53075000
1!
b1100 &
12
b1100 6
b10 7

#53080000
0!
02

#53085000
1!
b1001 &
12
b1001 6
b11 7

#53090000
0!
02

#53095000
1!
b11 &
12
b11 6
b0 7

#53100000
0!
02

#53105000
1!
b110 &
12
b110 6
b1 7

#53110000
0!
02

#53115000
1!
b1100 &
12
b1100 6
b10 7

#53120000
0!
02

#53125000
1!
b1001 &
12
b1001 6
b11 7

#53130000
0!
02

#53135000
1!
b11 &
12
b11 6
b0 7

#53140000
0!
02

#53145000
1!
b110 &
12
b110 6
b1 7

#53150000
0!
02

#53155000
1!
b1100 &
12
b1100 6
b10 7

#53160000
0!
02

#53165000
1!
b1001 &
12
b1001 6
b11 7

#53170000
0!
02

#53175000
1!
b11 &
12
b11 6
b0 7

#53180000
0!
02

#53185000
1!
b110 &
12
b110 6
b1 7

#53190000
0!
02

#53195000
1!
b1100 &
12
b1100 6
b10 7

#53200000
0!
02

#53205000
1!
b1001 &
12
b1001 6
b11 7

#53210000
0!
02

#53215000
1!
b11 &
12
b11 6
b0 7

#53220000
0!
02

#53225000
1!
b110 &
12
b110 6
b1 7

#53230000
0!
02

#53235000
1!
b1100 &
12
b1100 6
b10 7

#53240000
0!
02

#53245000
1!
b1001 &
12
b1001 6
b11 7

#53250000
0!
02

#53255000
1!
b11 &
12
b11 6
b0 7

#53260000
0!
02

#53265000
1!
b110 &
12
b110 6
b1 7

#53270000
0!
02

#53275000
1!
b1100 &
12
b1100 6
b10 7

#53280000
0!
02

#53285000
1!
b1001 &
12
b1001 6
b11 7

#53290000
0!
02

#53295000
1!
b11 &
12
b11 6
b0 7

#53300000
0!
02

#53305000
1!
b110 &
12
b110 6
b1 7

#53310000
0!
02

#53315000
1!
b1100 &
12
b1100 6
b10 7

#53320000
0!
02

#53325000
1!
b1001 &
12
b1001 6
b11 7

#53330000
0!
02

#53335000
1!
b11 &
12
b11 6
b0 7

#53340000
0!
02

#53345000
1!
b110 &
12
b110 6
b1 7

#53350000
0!
02

#53355000
1!
b1100 &
12
b1100 6
b10 7

#53360000
0!
02

#53365000
1!
b1001 &
12
b1001 6
b11 7

#53370000
0!
02

#53375000
1!
b11 &
12
b11 6
b0 7

#53380000
0!
02

#53385000
1!
b110 &
12
b110 6
b1 7

#53390000
0!
02

#53395000
1!
b1100 &
12
b1100 6
b10 7

#53400000
0!
02

#53405000
1!
b1001 &
12
b1001 6
b11 7

#53410000
0!
02

#53415000
1!
b11 &
12
b11 6
b0 7

#53420000
0!
02

#53425000
1!
b110 &
12
b110 6
b1 7

#53430000
0!
02

#53435000
1!
b1100 &
12
b1100 6
b10 7

#53440000
0!
02

#53445000
1!
b1001 &
12
b1001 6
b11 7

#53450000
0!
02

#53455000
1!
b11 &
12
b11 6
b0 7

#53460000
0!
02

#53465000
1!
b110 &
12
b110 6
b1 7

#53470000
0!
02

#53475000
1!
b1100 &
12
b1100 6
b10 7

#53480000
0!
02

#53485000
1!
b1001 &
12
b1001 6
b11 7

#53490000
0!
02

#53495000
1!
b11 &
12
b11 6
b0 7

#53500000
0!
02

#53505000
1!
b110 &
12
b110 6
b1 7

#53510000
0!
02

#53515000
1!
b1100 &
12
b1100 6
b10 7

#53520000
0!
02

#53525000
1!
b1001 &
12
b1001 6
b11 7

#53530000
0!
02

#53535000
1!
b11 &
12
b11 6
b0 7

#53540000
0!
02

#53545000
1!
b110 &
12
b110 6
b1 7

#53550000
0!
02

#53555000
1!
b1100 &
12
b1100 6
b10 7

#53560000
0!
02

#53565000
1!
b1001 &
12
b1001 6
b11 7

#53570000
0!
02

#53575000
1!
b11 &
12
b11 6
b0 7

#53580000
0!
02

#53585000
1!
b110 &
12
b110 6
b1 7

#53590000
0!
02

#53595000
1!
b1100 &
12
b1100 6
b10 7

#53600000
0!
02

#53605000
1!
b1001 &
12
b1001 6
b11 7

#53610000
0!
02

#53615000
1!
b11 &
12
b11 6
b0 7

#53620000
0!
02

#53625000
1!
b110 &
12
b110 6
b1 7

#53630000
0!
02

#53635000
1!
b1100 &
12
b1100 6
b10 7

#53640000
0!
02

#53645000
1!
b1001 &
12
b1001 6
b11 7

#53650000
0!
02

#53655000
1!
b11 &
12
b11 6
b0 7

#53660000
0!
02

#53665000
1!
b110 &
12
b110 6
b1 7

#53670000
0!
02

#53675000
1!
b1100 &
12
b1100 6
b10 7

#53680000
0!
02

#53685000
1!
b1001 &
12
b1001 6
b11 7

#53690000
0!
02

#53695000
1!
b11 &
12
b11 6
b0 7

#53700000
0!
02

#53705000
1!
b110 &
12
b110 6
b1 7

#53710000
0!
02

#53715000
1!
b1100 &
12
b1100 6
b10 7

#53720000
0!
02

#53725000
1!
b1001 &
12
b1001 6
b11 7

#53730000
0!
02

#53735000
1!
b11 &
12
b11 6
b0 7

#53740000
0!
02

#53745000
1!
b110 &
12
b110 6
b1 7

#53750000
0!
02

#53755000
1!
b1100 &
12
b1100 6
b10 7

#53760000
0!
02

#53765000
1!
b1001 &
12
b1001 6
b11 7

#53770000
0!
02

#53775000
1!
b11 &
12
b11 6
b0 7

#53780000
0!
02

#53785000
1!
b110 &
12
b110 6
b1 7

#53790000
0!
02

#53795000
1!
b1100 &
12
b1100 6
b10 7

#53800000
0!
02

#53805000
1!
b1001 &
12
b1001 6
b11 7

#53810000
0!
02

#53815000
1!
b11 &
12
b11 6
b0 7

#53820000
0!
02

#53825000
1!
b110 &
12
b110 6
b1 7

#53830000
0!
02

#53835000
1!
b1100 &
12
b1100 6
b10 7

#53840000
0!
02

#53845000
1!
b1001 &
12
b1001 6
b11 7

#53850000
0!
02

#53855000
1!
b11 &
12
b11 6
b0 7

#53860000
0!
02

#53865000
1!
b110 &
12
b110 6
b1 7

#53870000
0!
02

#53875000
1!
b1100 &
12
b1100 6
b10 7

#53880000
0!
02

#53885000
1!
b1001 &
12
b1001 6
b11 7

#53890000
0!
02

#53895000
1!
b11 &
12
b11 6
b0 7

#53900000
0!
02

#53905000
1!
b110 &
12
b110 6
b1 7

#53910000
0!
02

#53915000
1!
b1100 &
12
b1100 6
b10 7

#53920000
0!
02

#53925000
1!
b1001 &
12
b1001 6
b11 7

#53930000
0!
02

#53935000
1!
b11 &
12
b11 6
b0 7

#53940000
0!
02

#53945000
1!
b110 &
12
b110 6
b1 7

#53950000
0!
02

#53955000
1!
b1100 &
12
b1100 6
b10 7

#53960000
0!
02

#53965000
1!
b1001 &
12
b1001 6
b11 7

#53970000
0!
02

#53975000
1!
b11 &
12
b11 6
b0 7

#53980000
0!
02

#53985000
1!
b110 &
12
b110 6
b1 7

#53990000
0!
02

#53995000
1!
b1100 &
12
b1100 6
b10 7

#54000000
0!
02

#54005000
1!
b1001 &
12
b1001 6
b11 7

#54010000
0!
02

#54015000
1!
b11 &
12
b11 6
b0 7

#54020000
0!
02

#54025000
1!
b110 &
12
b110 6
b1 7

#54030000
0!
02

#54035000
1!
b1100 &
12
b1100 6
b10 7

#54040000
0!
02

#54045000
1!
b1001 &
12
b1001 6
b11 7

#54050000
0!
02

#54055000
1!
b11 &
12
b11 6
b0 7

#54060000
0!
02

#54065000
1!
b110 &
12
b110 6
b1 7

#54070000
0!
02

#54075000
1!
b1100 &
12
b1100 6
b10 7

#54080000
0!
02

#54085000
1!
b1001 &
12
b1001 6
b11 7

#54090000
0!
02

#54095000
1!
b11 &
12
b11 6
b0 7

#54100000
0!
02

#54105000
1!
b110 &
12
b110 6
b1 7

#54110000
0!
02

#54115000
1!
b1100 &
12
b1100 6
b10 7

#54120000
0!
02

#54125000
1!
b1001 &
12
b1001 6
b11 7

#54130000
0!
02

#54135000
1!
b11 &
12
b11 6
b0 7

#54140000
0!
02

#54145000
1!
b110 &
12
b110 6
b1 7

#54150000
0!
02

#54155000
1!
b1100 &
12
b1100 6
b10 7

#54160000
0!
02

#54165000
1!
b1001 &
12
b1001 6
b11 7

#54170000
0!
02

#54175000
1!
b11 &
12
b11 6
b0 7

#54180000
0!
02

#54185000
1!
b110 &
12
b110 6
b1 7

#54190000
0!
02

#54195000
1!
b1100 &
12
b1100 6
b10 7

#54200000
0!
02

#54205000
1!
b1001 &
12
b1001 6
b11 7

#54210000
0!
02

#54215000
1!
b11 &
12
b11 6
b0 7

#54220000
0!
02

#54225000
1!
b110 &
12
b110 6
b1 7

#54230000
0!
02

#54235000
1!
b1100 &
12
b1100 6
b10 7

#54240000
0!
02

#54245000
1!
b1001 &
12
b1001 6
b11 7

#54250000
0!
02

#54255000
1!
b11 &
12
b11 6
b0 7

#54260000
0!
02

#54265000
1!
b110 &
12
b110 6
b1 7

#54270000
0!
02

#54275000
1!
b1100 &
12
b1100 6
b10 7

#54280000
0!
02

#54285000
1!
b1001 &
12
b1001 6
b11 7

#54290000
0!
02

#54295000
1!
b11 &
12
b11 6
b0 7

#54300000
0!
02

#54305000
1!
b110 &
12
b110 6
b1 7

#54310000
0!
02

#54315000
1!
b1100 &
12
b1100 6
b10 7

#54320000
0!
02

#54325000
1!
b1001 &
12
b1001 6
b11 7

#54330000
0!
02

#54335000
1!
b11 &
12
b11 6
b0 7

#54340000
0!
02

#54345000
1!
b110 &
12
b110 6
b1 7

#54350000
0!
02

#54355000
1!
b1100 &
12
b1100 6
b10 7

#54360000
0!
02

#54365000
1!
b1001 &
12
b1001 6
b11 7

#54370000
0!
02

#54375000
1!
b11 &
12
b11 6
b0 7

#54380000
0!
02

#54385000
1!
b110 &
12
b110 6
b1 7

#54390000
0!
02

#54395000
1!
b1100 &
12
b1100 6
b10 7

#54400000
0!
02

#54405000
1!
b1001 &
12
b1001 6
b11 7

#54410000
0!
02

#54415000
1!
b11 &
12
b11 6
b0 7

#54420000
0!
02

#54425000
1!
b110 &
12
b110 6
b1 7

#54430000
0!
02

#54435000
1!
b1100 &
12
b1100 6
b10 7

#54440000
0!
02

#54445000
1!
b1001 &
12
b1001 6
b11 7

#54450000
0!
02

#54455000
1!
b11 &
12
b11 6
b0 7

#54460000
0!
02

#54465000
1!
b110 &
12
b110 6
b1 7

#54470000
0!
02

#54475000
1!
b1100 &
12
b1100 6
b10 7

#54480000
0!
02

#54485000
1!
b1001 &
12
b1001 6
b11 7

#54490000
0!
02

#54495000
1!
b11 &
12
b11 6
b0 7

#54500000
0!
02

#54505000
1!
b110 &
12
b110 6
b1 7

#54510000
0!
02

#54515000
1!
b1100 &
12
b1100 6
b10 7

#54520000
0!
02

#54525000
1!
b1001 &
12
b1001 6
b11 7

#54530000
0!
02

#54535000
1!
b11 &
12
b11 6
b0 7

#54540000
0!
02

#54545000
1!
b110 &
12
b110 6
b1 7

#54550000
0!
02

#54555000
1!
b1100 &
12
b1100 6
b10 7

#54560000
0!
02

#54565000
1!
b1001 &
12
b1001 6
b11 7

#54570000
0!
02

#54575000
1!
b11 &
12
b11 6
b0 7

#54580000
0!
02

#54585000
1!
b110 &
12
b110 6
b1 7

#54590000
0!
02

#54595000
1!
b1100 &
12
b1100 6
b10 7

#54600000
0!
02

#54605000
1!
b1001 &
12
b1001 6
b11 7

#54610000
0!
02

#54615000
1!
b11 &
12
b11 6
b0 7

#54620000
0!
02

#54625000
1!
b110 &
12
b110 6
b1 7

#54630000
0!
02

#54635000
1!
b1100 &
12
b1100 6
b10 7

#54640000
0!
02

#54645000
1!
b1001 &
12
b1001 6
b11 7

#54650000
0!
02

#54655000
1!
b11 &
12
b11 6
b0 7

#54660000
0!
02

#54665000
1!
b110 &
12
b110 6
b1 7

#54670000
0!
02

#54675000
1!
b1100 &
12
b1100 6
b10 7

#54680000
0!
02

#54685000
1!
b1001 &
12
b1001 6
b11 7

#54690000
0!
02

#54695000
1!
b11 &
12
b11 6
b0 7

#54700000
0!
02

#54705000
1!
b110 &
12
b110 6
b1 7

#54710000
0!
02

#54715000
1!
b1100 &
12
b1100 6
b10 7

#54720000
0!
02

#54725000
1!
b1001 &
12
b1001 6
b11 7

#54730000
0!
02

#54735000
1!
b11 &
12
b11 6
b0 7

#54740000
0!
02

#54745000
1!
b110 &
12
b110 6
b1 7

#54750000
0!
02

#54755000
1!
b1100 &
12
b1100 6
b10 7

#54760000
0!
02

#54765000
1!
b1001 &
12
b1001 6
b11 7

#54770000
0!
02

#54775000
1!
b11 &
12
b11 6
b0 7

#54780000
0!
02

#54785000
1!
b110 &
12
b110 6
b1 7

#54790000
0!
02

#54795000
1!
b1100 &
12
b1100 6
b10 7

#54800000
0!
02

#54805000
1!
b1001 &
12
b1001 6
b11 7

#54810000
0!
02

#54815000
1!
b11 &
12
b11 6
b0 7

#54820000
0!
02

#54825000
1!
b110 &
12
b110 6
b1 7

#54830000
0!
02

#54835000
1!
b1100 &
12
b1100 6
b10 7

#54840000
0!
02

#54845000
1!
b1001 &
12
b1001 6
b11 7

#54850000
0!
02

#54855000
1!
b11 &
12
b11 6
b0 7

#54860000
0!
02

#54865000
1!
b110 &
12
b110 6
b1 7

#54870000
0!
02

#54875000
1!
b1100 &
12
b1100 6
b10 7

#54880000
0!
02

#54885000
1!
b1001 &
12
b1001 6
b11 7

#54890000
0!
02

#54895000
1!
b11 &
12
b11 6
b0 7

#54900000
0!
02

#54905000
1!
b110 &
12
b110 6
b1 7

#54910000
0!
02

#54915000
1!
b1100 &
12
b1100 6
b10 7

#54920000
0!
02

#54925000
1!
b1001 &
12
b1001 6
b11 7

#54930000
0!
02

#54935000
1!
b11 &
12
b11 6
b0 7

#54940000
0!
02

#54945000
1!
b110 &
12
b110 6
b1 7

#54950000
0!
02

#54955000
1!
b1100 &
12
b1100 6
b10 7

#54960000
0!
02

#54965000
1!
b1001 &
12
b1001 6
b11 7

#54970000
0!
02

#54975000
1!
b11 &
12
b11 6
b0 7

#54980000
0!
02

#54985000
1!
b110 &
12
b110 6
b1 7

#54990000
0!
02

#54995000
1!
b1100 &
12
b1100 6
b10 7

#55000000
0!
02

#55005000
1!
b1001 &
12
b1001 6
b11 7

#55010000
0!
02

#55015000
1!
b11 &
12
b11 6
b0 7

#55020000
0!
02

#55025000
1!
b110 &
12
b110 6
b1 7

#55030000
0!
02

#55035000
1!
b1100 &
12
b1100 6
b10 7

#55040000
0!
02

#55045000
1!
b1001 &
12
b1001 6
b11 7

#55050000
0!
02

#55055000
1!
b11 &
12
b11 6
b0 7

#55060000
0!
02

#55065000
1!
b110 &
12
b110 6
b1 7

#55070000
0!
02

#55075000
1!
b1100 &
12
b1100 6
b10 7

#55080000
0!
02

#55085000
1!
b1001 &
12
b1001 6
b11 7

#55090000
0!
02

#55095000
1!
b11 &
12
b11 6
b0 7

#55100000
0!
02

#55105000
1!
b110 &
12
b110 6
b1 7

#55110000
0!
02

#55115000
1!
b1100 &
12
b1100 6
b10 7

#55120000
0!
02

#55125000
1!
b1001 &
12
b1001 6
b11 7

#55130000
0!
02

#55135000
1!
b11 &
12
b11 6
b0 7

#55140000
0!
02

#55145000
1!
b110 &
12
b110 6
b1 7

#55150000
0!
02

#55155000
1!
b1100 &
12
b1100 6
b10 7

#55160000
0!
02

#55165000
1!
b1001 &
12
b1001 6
b11 7

#55170000
0!
02

#55175000
1!
b11 &
12
b11 6
b0 7

#55180000
0!
02

#55185000
1!
b110 &
12
b110 6
b1 7

#55190000
0!
02

#55195000
1!
b1100 &
12
b1100 6
b10 7

#55200000
0!
02

#55205000
1!
b1001 &
12
b1001 6
b11 7

#55210000
0!
02

#55215000
1!
b11 &
12
b11 6
b0 7

#55220000
0!
02

#55225000
1!
b110 &
12
b110 6
b1 7

#55230000
0!
02

#55235000
1!
b1100 &
12
b1100 6
b10 7

#55240000
0!
02

#55245000
1!
b1001 &
12
b1001 6
b11 7

#55250000
0!
02

#55255000
1!
b11 &
12
b11 6
b0 7

#55260000
0!
02

#55265000
1!
b110 &
12
b110 6
b1 7

#55270000
0!
02

#55275000
1!
b1100 &
12
b1100 6
b10 7

#55280000
0!
02

#55285000
1!
b1001 &
12
b1001 6
b11 7

#55290000
0!
02

#55295000
1!
b11 &
12
b11 6
b0 7

#55300000
0!
02

#55305000
1!
b110 &
12
b110 6
b1 7

#55310000
0!
02

#55315000
1!
b1100 &
12
b1100 6
b10 7

#55320000
0!
02

#55325000
1!
b1001 &
12
b1001 6
b11 7

#55330000
0!
02

#55335000
1!
b11 &
12
b11 6
b0 7

#55340000
0!
02

#55345000
1!
b110 &
12
b110 6
b1 7

#55350000
0!
02

#55355000
1!
b1100 &
12
b1100 6
b10 7

#55360000
0!
02

#55365000
1!
b1001 &
12
b1001 6
b11 7

#55370000
0!
02

#55375000
1!
b11 &
12
b11 6
b0 7

#55380000
0!
02

#55385000
1!
b110 &
12
b110 6
b1 7

#55390000
0!
02

#55395000
1!
b1100 &
12
b1100 6
b10 7

#55400000
0!
02

#55405000
1!
b1001 &
12
b1001 6
b11 7

#55410000
0!
02

#55415000
1!
b11 &
12
b11 6
b0 7

#55420000
0!
02

#55425000
1!
b110 &
12
b110 6
b1 7

#55430000
0!
02

#55435000
1!
b1100 &
12
b1100 6
b10 7

#55440000
0!
02

#55445000
1!
b1001 &
12
b1001 6
b11 7

#55450000
0!
02

#55455000
1!
b11 &
12
b11 6
b0 7

#55460000
0!
02

#55465000
1!
b110 &
12
b110 6
b1 7

#55470000
0!
02

#55475000
1!
b1100 &
12
b1100 6
b10 7

#55480000
0!
02

#55485000
1!
b1001 &
12
b1001 6
b11 7

#55490000
0!
02

#55495000
1!
b11 &
12
b11 6
b0 7

#55500000
0!
02

#55505000
1!
b110 &
12
b110 6
b1 7

#55510000
0!
02

#55515000
1!
b1100 &
12
b1100 6
b10 7

#55520000
0!
02

#55525000
1!
b1001 &
12
b1001 6
b11 7

#55530000
0!
02

#55535000
1!
b11 &
12
b11 6
b0 7

#55540000
0!
02

#55545000
1!
b110 &
12
b110 6
b1 7

#55550000
0!
02

#55555000
1!
b1100 &
12
b1100 6
b10 7

#55560000
0!
02

#55565000
1!
b1001 &
12
b1001 6
b11 7

#55570000
0!
02

#55575000
1!
b11 &
12
b11 6
b0 7

#55580000
0!
02

#55585000
1!
b110 &
12
b110 6
b1 7

#55590000
0!
02

#55595000
1!
b1100 &
12
b1100 6
b10 7

#55600000
0!
02

#55605000
1!
b1001 &
12
b1001 6
b11 7

#55610000
0!
02

#55615000
1!
b11 &
12
b11 6
b0 7

#55620000
0!
02

#55625000
1!
b110 &
12
b110 6
b1 7

#55630000
0!
02

#55635000
1!
b1100 &
12
b1100 6
b10 7

#55640000
0!
02

#55645000
1!
b1001 &
12
b1001 6
b11 7

#55650000
0!
02

#55655000
1!
b11 &
12
b11 6
b0 7

#55660000
0!
02

#55665000
1!
b110 &
12
b110 6
b1 7

#55670000
0!
02

#55675000
1!
b1100 &
12
b1100 6
b10 7

#55680000
0!
02

#55685000
1!
b1001 &
12
b1001 6
b11 7

#55690000
0!
02

#55695000
1!
b11 &
12
b11 6
b0 7

#55700000
0!
02

#55705000
1!
b110 &
12
b110 6
b1 7

#55710000
0!
02

#55715000
1!
b1100 &
12
b1100 6
b10 7

#55720000
0!
02

#55725000
1!
b1001 &
12
b1001 6
b11 7

#55730000
0!
02

#55735000
1!
b11 &
12
b11 6
b0 7

#55740000
0!
02

#55745000
1!
b110 &
12
b110 6
b1 7

#55750000
0!
02

#55755000
1!
b1100 &
12
b1100 6
b10 7

#55760000
0!
02

#55765000
1!
b1001 &
12
b1001 6
b11 7

#55770000
0!
02

#55775000
1!
b11 &
12
b11 6
b0 7

#55780000
0!
02

#55785000
1!
b110 &
12
b110 6
b1 7

#55790000
0!
02

#55795000
1!
b1100 &
12
b1100 6
b10 7

#55800000
0!
02

#55805000
1!
b1001 &
12
b1001 6
b11 7

#55810000
0!
02

#55815000
1!
b11 &
12
b11 6
b0 7

#55820000
0!
02

#55825000
1!
b110 &
12
b110 6
b1 7

#55830000
0!
02

#55835000
1!
b1100 &
12
b1100 6
b10 7

#55840000
0!
02

#55845000
1!
b1001 &
12
b1001 6
b11 7

#55850000
0!
02

#55855000
1!
b11 &
12
b11 6
b0 7

#55860000
0!
02

#55865000
1!
b110 &
12
b110 6
b1 7

#55870000
0!
02

#55875000
1!
b1100 &
12
b1100 6
b10 7

#55880000
0!
02

#55885000
1!
b1001 &
12
b1001 6
b11 7

#55890000
0!
02

#55895000
1!
b11 &
12
b11 6
b0 7

#55900000
0!
02

#55905000
1!
b110 &
12
b110 6
b1 7

#55910000
0!
02

#55915000
1!
b1100 &
12
b1100 6
b10 7

#55920000
0!
02

#55925000
1!
b1001 &
12
b1001 6
b11 7

#55930000
0!
02

#55935000
1!
b11 &
12
b11 6
b0 7

#55940000
0!
02

#55945000
1!
b110 &
12
b110 6
b1 7

#55950000
0!
02

#55955000
1!
b1100 &
12
b1100 6
b10 7

#55960000
0!
02

#55965000
1!
b1001 &
12
b1001 6
b11 7

#55970000
0!
02

#55975000
1!
b11 &
12
b11 6
b0 7

#55980000
0!
02

#55985000
1!
b110 &
12
b110 6
b1 7

#55990000
0!
02

#55995000
1!
b1100 &
12
b1100 6
b10 7

#56000000
0!
02

#56005000
1!
b1001 &
12
b1001 6
b11 7

#56010000
0!
02

#56015000
1!
b11 &
12
b11 6
b0 7

#56020000
0!
02

#56025000
1!
b110 &
12
b110 6
b1 7

#56030000
0!
02

#56035000
1!
b1100 &
12
b1100 6
b10 7

#56040000
0!
02

#56045000
1!
b1001 &
12
b1001 6
b11 7

#56050000
0!
02

#56055000
1!
b11 &
12
b11 6
b0 7

#56060000
0!
02

#56065000
1!
b110 &
12
b110 6
b1 7

#56070000
0!
02

#56075000
1!
b1100 &
12
b1100 6
b10 7

#56080000
0!
02

#56085000
1!
b1001 &
12
b1001 6
b11 7

#56090000
0!
02

#56095000
1!
b11 &
12
b11 6
b0 7

#56100000
0!
02

#56105000
1!
b110 &
12
b110 6
b1 7

#56110000
0!
02

#56115000
1!
b1100 &
12
b1100 6
b10 7

#56120000
0!
02

#56125000
1!
b1001 &
12
b1001 6
b11 7

#56130000
0!
02

#56135000
1!
b11 &
12
b11 6
b0 7

#56140000
0!
02

#56145000
1!
b110 &
12
b110 6
b1 7

#56150000
0!
02

#56155000
1!
b1100 &
12
b1100 6
b10 7

#56160000
0!
02

#56165000
1!
b1001 &
12
b1001 6
b11 7

#56170000
0!
02

#56175000
1!
b11 &
12
b11 6
b0 7

#56180000
0!
02

#56185000
1!
b110 &
12
b110 6
b1 7

#56190000
0!
02

#56195000
1!
b1100 &
12
b1100 6
b10 7

#56200000
0!
02

#56205000
1!
b1001 &
12
b1001 6
b11 7

#56210000
0!
02

#56215000
1!
b11 &
12
b11 6
b0 7

#56220000
0!
02

#56225000
1!
b110 &
12
b110 6
b1 7

#56230000
0!
02

#56235000
1!
b1100 &
12
b1100 6
b10 7

#56240000
0!
02

#56245000
1!
b1001 &
12
b1001 6
b11 7

#56250000
0!
02

#56255000
1!
b11 &
12
b11 6
b0 7

#56260000
0!
02

#56265000
1!
b110 &
12
b110 6
b1 7

#56270000
0!
02

#56275000
1!
b1100 &
12
b1100 6
b10 7

#56280000
0!
02

#56285000
1!
b1001 &
12
b1001 6
b11 7

#56290000
0!
02

#56295000
1!
b11 &
12
b11 6
b0 7

#56300000
0!
02

#56305000
1!
b110 &
12
b110 6
b1 7

#56310000
0!
02

#56315000
1!
b1100 &
12
b1100 6
b10 7

#56320000
0!
02

#56325000
1!
b1001 &
12
b1001 6
b11 7

#56330000
0!
02

#56335000
1!
b11 &
12
b11 6
b0 7

#56340000
0!
02

#56345000
1!
b110 &
12
b110 6
b1 7

#56350000
0!
02

#56355000
1!
b1100 &
12
b1100 6
b10 7

#56360000
0!
02

#56365000
1!
b1001 &
12
b1001 6
b11 7

#56370000
0!
02

#56375000
1!
b11 &
12
b11 6
b0 7

#56380000
0!
02

#56385000
1!
b110 &
12
b110 6
b1 7

#56390000
0!
02

#56395000
1!
b1100 &
12
b1100 6
b10 7

#56400000
0!
02

#56405000
1!
b1001 &
12
b1001 6
b11 7

#56410000
0!
02

#56415000
1!
b11 &
12
b11 6
b0 7

#56420000
0!
02

#56425000
1!
b110 &
12
b110 6
b1 7

#56430000
0!
02

#56435000
1!
b1100 &
12
b1100 6
b10 7

#56440000
0!
02

#56445000
1!
b1001 &
12
b1001 6
b11 7

#56450000
0!
02

#56455000
1!
b11 &
12
b11 6
b0 7

#56460000
0!
02

#56465000
1!
b110 &
12
b110 6
b1 7

#56470000
0!
02

#56475000
1!
b1100 &
12
b1100 6
b10 7

#56480000
0!
02

#56485000
1!
b1001 &
12
b1001 6
b11 7

#56490000
0!
02

#56495000
1!
b11 &
12
b11 6
b0 7

#56500000
0!
02

#56505000
1!
b110 &
12
b110 6
b1 7

#56510000
0!
02

#56515000
1!
b1100 &
12
b1100 6
b10 7

#56520000
0!
02

#56525000
1!
b1001 &
12
b1001 6
b11 7

#56530000
0!
02

#56535000
1!
b11 &
12
b11 6
b0 7

#56540000
0!
02

#56545000
1!
b110 &
12
b110 6
b1 7

#56550000
0!
02

#56555000
1!
b1100 &
12
b1100 6
b10 7

#56560000
0!
02

#56565000
1!
b1001 &
12
b1001 6
b11 7

#56570000
0!
02

#56575000
1!
b11 &
12
b11 6
b0 7

#56580000
0!
02

#56585000
1!
b110 &
12
b110 6
b1 7

#56590000
0!
02

#56595000
1!
b1100 &
12
b1100 6
b10 7

#56600000
0!
02

#56605000
1!
b1001 &
12
b1001 6
b11 7

#56610000
0!
02

#56615000
1!
b11 &
12
b11 6
b0 7

#56620000
0!
02

#56625000
1!
b110 &
12
b110 6
b1 7

#56630000
0!
02

#56635000
1!
b1100 &
12
b1100 6
b10 7

#56640000
0!
02

#56645000
1!
b1001 &
12
b1001 6
b11 7

#56650000
0!
02

#56655000
1!
b11 &
12
b11 6
b0 7

#56660000
0!
02

#56665000
1!
b110 &
12
b110 6
b1 7

#56670000
0!
02

#56675000
1!
b1100 &
12
b1100 6
b10 7

#56680000
0!
02

#56685000
1!
b1001 &
12
b1001 6
b11 7

#56690000
0!
02

#56695000
1!
b11 &
12
b11 6
b0 7

#56700000
0!
02

#56705000
1!
b110 &
12
b110 6
b1 7

#56710000
0!
02

#56715000
1!
b1100 &
12
b1100 6
b10 7

#56720000
0!
02

#56725000
1!
b1001 &
12
b1001 6
b11 7

#56730000
0!
02

#56735000
1!
b11 &
12
b11 6
b0 7

#56740000
0!
02

#56745000
1!
b110 &
12
b110 6
b1 7

#56750000
0!
02

#56755000
1!
b1100 &
12
b1100 6
b10 7

#56760000
0!
02

#56765000
1!
b1001 &
12
b1001 6
b11 7

#56770000
0!
02

#56775000
1!
b11 &
12
b11 6
b0 7

#56780000
0!
02

#56785000
1!
b110 &
12
b110 6
b1 7

#56790000
0!
02

#56795000
1!
b1100 &
12
b1100 6
b10 7

#56800000
0!
02

#56805000
1!
b1001 &
12
b1001 6
b11 7

#56810000
0!
02

#56815000
1!
b11 &
12
b11 6
b0 7

#56820000
0!
02

#56825000
1!
b110 &
12
b110 6
b1 7

#56830000
0!
02

#56835000
1!
b1100 &
12
b1100 6
b10 7

#56840000
0!
02

#56845000
1!
b1001 &
12
b1001 6
b11 7

#56850000
0!
02

#56855000
1!
b11 &
12
b11 6
b0 7

#56860000
0!
02

#56865000
1!
b110 &
12
b110 6
b1 7

#56870000
0!
02

#56875000
1!
b1100 &
12
b1100 6
b10 7

#56880000
0!
02

#56885000
1!
b1001 &
12
b1001 6
b11 7

#56890000
0!
02

#56895000
1!
b11 &
12
b11 6
b0 7

#56900000
0!
02

#56905000
1!
b110 &
12
b110 6
b1 7

#56910000
0!
02

#56915000
1!
b1100 &
12
b1100 6
b10 7

#56920000
0!
02

#56925000
1!
b1001 &
12
b1001 6
b11 7

#56930000
0!
02

#56935000
1!
b11 &
12
b11 6
b0 7

#56940000
0!
02

#56945000
1!
b110 &
12
b110 6
b1 7

#56950000
0!
02

#56955000
1!
b1100 &
12
b1100 6
b10 7

#56960000
0!
02

#56965000
1!
b1001 &
12
b1001 6
b11 7

#56970000
0!
02

#56975000
1!
b11 &
12
b11 6
b0 7

#56980000
0!
02

#56985000
1!
b110 &
12
b110 6
b1 7

#56990000
0!
02

#56995000
1!
b1100 &
12
b1100 6
b10 7

#57000000
0!
02

#57005000
1!
b1001 &
12
b1001 6
b11 7

#57010000
0!
02

#57015000
1!
b11 &
12
b11 6
b0 7

#57020000
0!
02

#57025000
1!
b110 &
12
b110 6
b1 7

#57030000
0!
02

#57035000
1!
b1100 &
12
b1100 6
b10 7

#57040000
0!
02

#57045000
1!
b1001 &
12
b1001 6
b11 7

#57050000
0!
02

#57055000
1!
b11 &
12
b11 6
b0 7

#57060000
0!
02

#57065000
1!
b110 &
12
b110 6
b1 7

#57070000
0!
02

#57075000
1!
b1100 &
12
b1100 6
b10 7

#57080000
0!
02

#57085000
1!
b1001 &
12
b1001 6
b11 7

#57090000
0!
02

#57095000
1!
b11 &
12
b11 6
b0 7

#57100000
0!
02

#57105000
1!
b110 &
12
b110 6
b1 7

#57110000
0!
02

#57115000
1!
b1100 &
12
b1100 6
b10 7

#57120000
0!
02

#57125000
1!
b1001 &
12
b1001 6
b11 7

#57130000
0!
02

#57135000
1!
b11 &
12
b11 6
b0 7

#57140000
0!
02

#57145000
1!
b110 &
12
b110 6
b1 7

#57150000
0!
02

#57155000
1!
b1100 &
12
b1100 6
b10 7

#57160000
0!
02

#57165000
1!
b1001 &
12
b1001 6
b11 7

#57170000
0!
02

#57175000
1!
b11 &
12
b11 6
b0 7

#57180000
0!
02

#57185000
1!
b110 &
12
b110 6
b1 7

#57190000
0!
02

#57195000
1!
b1100 &
12
b1100 6
b10 7

#57200000
0!
02

#57205000
1!
b1001 &
12
b1001 6
b11 7

#57210000
0!
02

#57215000
1!
b11 &
12
b11 6
b0 7

#57220000
0!
02

#57225000
1!
b110 &
12
b110 6
b1 7

#57230000
0!
02

#57235000
1!
b1100 &
12
b1100 6
b10 7

#57240000
0!
02

#57245000
1!
b1001 &
12
b1001 6
b11 7

#57250000
0!
02

#57255000
1!
b11 &
12
b11 6
b0 7

#57260000
0!
02

#57265000
1!
b110 &
12
b110 6
b1 7

#57270000
0!
02

#57275000
1!
b1100 &
12
b1100 6
b10 7

#57280000
0!
02

#57285000
1!
b1001 &
12
b1001 6
b11 7

#57290000
0!
02

#57295000
1!
b11 &
12
b11 6
b0 7

#57300000
0!
02

#57305000
1!
b110 &
12
b110 6
b1 7

#57310000
0!
02

#57315000
1!
b1100 &
12
b1100 6
b10 7

#57320000
0!
02

#57325000
1!
b1001 &
12
b1001 6
b11 7

#57330000
0!
02

#57335000
1!
b11 &
12
b11 6
b0 7

#57340000
0!
02

#57345000
1!
b110 &
12
b110 6
b1 7

#57350000
0!
02

#57355000
1!
b1100 &
12
b1100 6
b10 7

#57360000
0!
02

#57365000
1!
b1001 &
12
b1001 6
b11 7

#57370000
0!
02

#57375000
1!
b11 &
12
b11 6
b0 7

#57380000
0!
02

#57385000
1!
b110 &
12
b110 6
b1 7

#57390000
0!
02

#57395000
1!
b1100 &
12
b1100 6
b10 7

#57400000
0!
02

#57405000
1!
b1001 &
12
b1001 6
b11 7

#57410000
0!
02

#57415000
1!
b11 &
12
b11 6
b0 7

#57420000
0!
02

#57425000
1!
b110 &
12
b110 6
b1 7

#57430000
0!
02

#57435000
1!
b1100 &
12
b1100 6
b10 7

#57440000
0!
02

#57445000
1!
b1001 &
12
b1001 6
b11 7

#57450000
0!
02

#57455000
1!
b11 &
12
b11 6
b0 7

#57460000
0!
02

#57465000
1!
b110 &
12
b110 6
b1 7

#57470000
0!
02

#57475000
1!
b1100 &
12
b1100 6
b10 7

#57480000
0!
02

#57485000
1!
b1001 &
12
b1001 6
b11 7

#57490000
0!
02

#57495000
1!
b11 &
12
b11 6
b0 7

#57500000
0!
02

#57505000
1!
b110 &
12
b110 6
b1 7

#57510000
0!
02

#57515000
1!
b1100 &
12
b1100 6
b10 7

#57520000
0!
02

#57525000
1!
b1001 &
12
b1001 6
b11 7

#57530000
0!
02

#57535000
1!
b11 &
12
b11 6
b0 7

#57540000
0!
02

#57545000
1!
b110 &
12
b110 6
b1 7

#57550000
0!
02

#57555000
1!
b1100 &
12
b1100 6
b10 7

#57560000
0!
02

#57565000
1!
b1001 &
12
b1001 6
b11 7

#57570000
0!
02

#57575000
1!
b11 &
12
b11 6
b0 7

#57580000
0!
02

#57585000
1!
b110 &
12
b110 6
b1 7

#57590000
0!
02

#57595000
1!
b1100 &
12
b1100 6
b10 7

#57600000
0!
02

#57605000
1!
b1001 &
12
b1001 6
b11 7

#57610000
0!
02

#57615000
1!
b11 &
12
b11 6
b0 7

#57620000
0!
02

#57625000
1!
b110 &
12
b110 6
b1 7

#57630000
0!
02

#57635000
1!
b1100 &
12
b1100 6
b10 7

#57640000
0!
02

#57645000
1!
b1001 &
12
b1001 6
b11 7

#57650000
0!
02

#57655000
1!
b11 &
12
b11 6
b0 7

#57660000
0!
02

#57665000
1!
b110 &
12
b110 6
b1 7

#57670000
0!
02

#57675000
1!
b1100 &
12
b1100 6
b10 7

#57680000
0!
02

#57685000
1!
b1001 &
12
b1001 6
b11 7

#57690000
0!
02

#57695000
1!
b11 &
12
b11 6
b0 7

#57700000
0!
02

#57705000
1!
b110 &
12
b110 6
b1 7

#57710000
0!
02

#57715000
1!
b1100 &
12
b1100 6
b10 7

#57720000
0!
02

#57725000
1!
b1001 &
12
b1001 6
b11 7

#57730000
0!
02

#57735000
1!
b11 &
12
b11 6
b0 7

#57740000
0!
02

#57745000
1!
b110 &
12
b110 6
b1 7

#57750000
0!
02

#57755000
1!
b1100 &
12
b1100 6
b10 7

#57760000
0!
02

#57765000
1!
b1001 &
12
b1001 6
b11 7

#57770000
0!
02

#57775000
1!
b11 &
12
b11 6
b0 7

#57780000
0!
02

#57785000
1!
b110 &
12
b110 6
b1 7

#57790000
0!
02

#57795000
1!
b1100 &
12
b1100 6
b10 7

#57800000
0!
02

#57805000
1!
b1001 &
12
b1001 6
b11 7

#57810000
0!
02

#57815000
1!
b11 &
12
b11 6
b0 7

#57820000
0!
02

#57825000
1!
b110 &
12
b110 6
b1 7

#57830000
0!
02

#57835000
1!
b1100 &
12
b1100 6
b10 7

#57840000
0!
02

#57845000
1!
b1001 &
12
b1001 6
b11 7

#57850000
0!
02

#57855000
1!
b11 &
12
b11 6
b0 7

#57860000
0!
02

#57865000
1!
b110 &
12
b110 6
b1 7

#57870000
0!
02

#57875000
1!
b1100 &
12
b1100 6
b10 7

#57880000
0!
02

#57885000
1!
b1001 &
12
b1001 6
b11 7

#57890000
0!
02

#57895000
1!
b11 &
12
b11 6
b0 7

#57900000
0!
02

#57905000
1!
b110 &
12
b110 6
b1 7

#57910000
0!
02

#57915000
1!
b1100 &
12
b1100 6
b10 7

#57920000
0!
02

#57925000
1!
b1001 &
12
b1001 6
b11 7

#57930000
0!
02

#57935000
1!
b11 &
12
b11 6
b0 7

#57940000
0!
02

#57945000
1!
b110 &
12
b110 6
b1 7

#57950000
0!
02

#57955000
1!
b1100 &
12
b1100 6
b10 7

#57960000
0!
02

#57965000
1!
b1001 &
12
b1001 6
b11 7

#57970000
0!
02

#57975000
1!
b11 &
12
b11 6
b0 7

#57980000
0!
02

#57985000
1!
b110 &
12
b110 6
b1 7

#57990000
0!
02

#57995000
1!
b1100 &
12
b1100 6
b10 7

#58000000
0!
02

#58005000
1!
b1001 &
12
b1001 6
b11 7

#58010000
0!
02

#58015000
1!
b11 &
12
b11 6
b0 7

#58020000
0!
02

#58025000
1!
b110 &
12
b110 6
b1 7

#58030000
0!
02

#58035000
1!
b1100 &
12
b1100 6
b10 7

#58040000
0!
02

#58045000
1!
b1001 &
12
b1001 6
b11 7

#58050000
0!
02

#58055000
1!
b11 &
12
b11 6
b0 7

#58060000
0!
02

#58065000
1!
b110 &
12
b110 6
b1 7

#58070000
0!
02

#58075000
1!
b1100 &
12
b1100 6
b10 7

#58080000
0!
02

#58085000
1!
b1001 &
12
b1001 6
b11 7

#58090000
0!
02

#58095000
1!
b11 &
12
b11 6
b0 7

#58100000
0!
02

#58105000
1!
b110 &
12
b110 6
b1 7

#58110000
0!
02

#58115000
1!
b1100 &
12
b1100 6
b10 7

#58120000
0!
02

#58125000
1!
b1001 &
12
b1001 6
b11 7

#58130000
0!
02

#58135000
1!
b11 &
12
b11 6
b0 7

#58140000
0!
02

#58145000
1!
b110 &
12
b110 6
b1 7

#58150000
0!
02

#58155000
1!
b1100 &
12
b1100 6
b10 7

#58160000
0!
02

#58165000
1!
b1001 &
12
b1001 6
b11 7

#58170000
0!
02

#58175000
1!
b11 &
12
b11 6
b0 7

#58180000
0!
02

#58185000
1!
b110 &
12
b110 6
b1 7

#58190000
0!
02

#58195000
1!
b1100 &
12
b1100 6
b10 7

#58200000
0!
02

#58205000
1!
b1001 &
12
b1001 6
b11 7

#58210000
0!
02

#58215000
1!
b11 &
12
b11 6
b0 7

#58220000
0!
02

#58225000
1!
b110 &
12
b110 6
b1 7

#58230000
0!
02

#58235000
1!
b1100 &
12
b1100 6
b10 7

#58240000
0!
02

#58245000
1!
b1001 &
12
b1001 6
b11 7

#58250000
0!
02

#58255000
1!
b11 &
12
b11 6
b0 7

#58260000
0!
02

#58265000
1!
b110 &
12
b110 6
b1 7

#58270000
0!
02

#58275000
1!
b1100 &
12
b1100 6
b10 7

#58280000
0!
02

#58285000
1!
b1001 &
12
b1001 6
b11 7

#58290000
0!
02

#58295000
1!
b11 &
12
b11 6
b0 7

#58300000
0!
02

#58305000
1!
b110 &
12
b110 6
b1 7

#58310000
0!
02

#58315000
1!
b1100 &
12
b1100 6
b10 7

#58320000
0!
02

#58325000
1!
b1001 &
12
b1001 6
b11 7

#58330000
0!
02

#58335000
1!
b11 &
12
b11 6
b0 7

#58340000
0!
02

#58345000
1!
b110 &
12
b110 6
b1 7

#58350000
0!
02

#58355000
1!
b1100 &
12
b1100 6
b10 7

#58360000
0!
02

#58365000
1!
b1001 &
12
b1001 6
b11 7

#58370000
0!
02

#58375000
1!
b11 &
12
b11 6
b0 7

#58380000
0!
02

#58385000
1!
b110 &
12
b110 6
b1 7

#58390000
0!
02

#58395000
1!
b1100 &
12
b1100 6
b10 7

#58400000
0!
02

#58405000
1!
b1001 &
12
b1001 6
b11 7

#58410000
0!
02

#58415000
1!
b11 &
12
b11 6
b0 7

#58420000
0!
02

#58425000
1!
b110 &
12
b110 6
b1 7

#58430000
0!
02

#58435000
1!
b1100 &
12
b1100 6
b10 7

#58440000
0!
02

#58445000
1!
b1001 &
12
b1001 6
b11 7

#58450000
0!
02

#58455000
1!
b11 &
12
b11 6
b0 7

#58460000
0!
02

#58465000
1!
b110 &
12
b110 6
b1 7

#58470000
0!
02

#58475000
1!
b1100 &
12
b1100 6
b10 7

#58480000
0!
02

#58485000
1!
b1001 &
12
b1001 6
b11 7

#58490000
0!
02

#58495000
1!
b11 &
12
b11 6
b0 7

#58500000
0!
02

#58505000
1!
b110 &
12
b110 6
b1 7

#58510000
0!
02

#58515000
1!
b1100 &
12
b1100 6
b10 7

#58520000
0!
02

#58525000
1!
b1001 &
12
b1001 6
b11 7

#58530000
0!
02

#58535000
1!
b11 &
12
b11 6
b0 7

#58540000
0!
02

#58545000
1!
b110 &
12
b110 6
b1 7

#58550000
0!
02

#58555000
1!
b1100 &
12
b1100 6
b10 7

#58560000
0!
02

#58565000
1!
b1001 &
12
b1001 6
b11 7

#58570000
0!
02

#58575000
1!
b11 &
12
b11 6
b0 7

#58580000
0!
02

#58585000
1!
b110 &
12
b110 6
b1 7

#58590000
0!
02

#58595000
1!
b1100 &
12
b1100 6
b10 7

#58600000
0!
02

#58605000
1!
b1001 &
12
b1001 6
b11 7

#58610000
0!
02

#58615000
1!
b11 &
12
b11 6
b0 7

#58620000
0!
02

#58625000
1!
b110 &
12
b110 6
b1 7

#58630000
0!
02

#58635000
1!
b1100 &
12
b1100 6
b10 7

#58640000
0!
02

#58645000
1!
b1001 &
12
b1001 6
b11 7

#58650000
0!
02

#58655000
1!
b11 &
12
b11 6
b0 7

#58660000
0!
02

#58665000
1!
b110 &
12
b110 6
b1 7

#58670000
0!
02

#58675000
1!
b1100 &
12
b1100 6
b10 7

#58680000
0!
02

#58685000
1!
b1001 &
12
b1001 6
b11 7

#58690000
0!
02

#58695000
1!
b11 &
12
b11 6
b0 7

#58700000
0!
02

#58705000
1!
b110 &
12
b110 6
b1 7

#58710000
0!
02

#58715000
1!
b1100 &
12
b1100 6
b10 7

#58720000
0!
02

#58725000
1!
b1001 &
12
b1001 6
b11 7

#58730000
0!
02

#58735000
1!
b11 &
12
b11 6
b0 7

#58740000
0!
02

#58745000
1!
b110 &
12
b110 6
b1 7

#58750000
0!
02

#58755000
1!
b1100 &
12
b1100 6
b10 7

#58760000
0!
02

#58765000
1!
b1001 &
12
b1001 6
b11 7

#58770000
0!
02

#58775000
1!
b11 &
12
b11 6
b0 7

#58780000
0!
02

#58785000
1!
b110 &
12
b110 6
b1 7

#58790000
0!
02

#58795000
1!
b1100 &
12
b1100 6
b10 7

#58800000
0!
02

#58805000
1!
b1001 &
12
b1001 6
b11 7

#58810000
0!
02

#58815000
1!
b11 &
12
b11 6
b0 7

#58820000
0!
02

#58825000
1!
b110 &
12
b110 6
b1 7

#58830000
0!
02

#58835000
1!
b1100 &
12
b1100 6
b10 7

#58840000
0!
02

#58845000
1!
b1001 &
12
b1001 6
b11 7

#58850000
0!
02

#58855000
1!
b11 &
12
b11 6
b0 7

#58860000
0!
02

#58865000
1!
b110 &
12
b110 6
b1 7

#58870000
0!
02

#58875000
1!
b1100 &
12
b1100 6
b10 7

#58880000
0!
02

#58885000
1!
b1001 &
12
b1001 6
b11 7

#58890000
0!
02

#58895000
1!
b11 &
12
b11 6
b0 7

#58900000
0!
02

#58905000
1!
b110 &
12
b110 6
b1 7

#58910000
0!
02

#58915000
1!
b1100 &
12
b1100 6
b10 7

#58920000
0!
02

#58925000
1!
b1001 &
12
b1001 6
b11 7

#58930000
0!
02

#58935000
1!
b11 &
12
b11 6
b0 7

#58940000
0!
02

#58945000
1!
b110 &
12
b110 6
b1 7

#58950000
0!
02

#58955000
1!
b1100 &
12
b1100 6
b10 7

#58960000
0!
02

#58965000
1!
b1001 &
12
b1001 6
b11 7

#58970000
0!
02

#58975000
1!
b11 &
12
b11 6
b0 7

#58980000
0!
02

#58985000
1!
b110 &
12
b110 6
b1 7

#58990000
0!
02

#58995000
1!
b1100 &
12
b1100 6
b10 7

#59000000
0!
02

#59005000
1!
b1001 &
12
b1001 6
b11 7

#59010000
0!
02

#59015000
1!
b11 &
12
b11 6
b0 7

#59020000
0!
02

#59025000
1!
b110 &
12
b110 6
b1 7

#59030000
0!
02

#59035000
1!
b1100 &
12
b1100 6
b10 7

#59040000
0!
02

#59045000
1!
b1001 &
12
b1001 6
b11 7

#59050000
0!
02

#59055000
1!
b11 &
12
b11 6
b0 7

#59060000
0!
02

#59065000
1!
b110 &
12
b110 6
b1 7

#59070000
0!
02

#59075000
1!
b1100 &
12
b1100 6
b10 7

#59080000
0!
02

#59085000
1!
b1001 &
12
b1001 6
b11 7

#59090000
0!
02

#59095000
1!
b11 &
12
b11 6
b0 7

#59100000
0!
02

#59105000
1!
b110 &
12
b110 6
b1 7

#59110000
0!
02

#59115000
1!
b1100 &
12
b1100 6
b10 7

#59120000
0!
02

#59125000
1!
b1001 &
12
b1001 6
b11 7

#59130000
0!
02

#59135000
1!
b11 &
12
b11 6
b0 7

#59140000
0!
02

#59145000
1!
b110 &
12
b110 6
b1 7

#59150000
0!
02

#59155000
1!
b1100 &
12
b1100 6
b10 7

#59160000
0!
02

#59165000
1!
b1001 &
12
b1001 6
b11 7

#59170000
0!
02

#59175000
1!
b11 &
12
b11 6
b0 7

#59180000
0!
02

#59185000
1!
b110 &
12
b110 6
b1 7

#59190000
0!
02

#59195000
1!
b1100 &
12
b1100 6
b10 7

#59200000
0!
02

#59205000
1!
b1001 &
12
b1001 6
b11 7

#59210000
0!
02

#59215000
1!
b11 &
12
b11 6
b0 7

#59220000
0!
02

#59225000
1!
b110 &
12
b110 6
b1 7

#59230000
0!
02

#59235000
1!
b1100 &
12
b1100 6
b10 7

#59240000
0!
02

#59245000
1!
b1001 &
12
b1001 6
b11 7

#59250000
0!
02

#59255000
1!
b11 &
12
b11 6
b0 7

#59260000
0!
02

#59265000
1!
b110 &
12
b110 6
b1 7

#59270000
0!
02

#59275000
1!
b1100 &
12
b1100 6
b10 7

#59280000
0!
02

#59285000
1!
b1001 &
12
b1001 6
b11 7

#59290000
0!
02

#59295000
1!
b11 &
12
b11 6
b0 7

#59300000
0!
02

#59305000
1!
b110 &
12
b110 6
b1 7

#59310000
0!
02

#59315000
1!
b1100 &
12
b1100 6
b10 7

#59320000
0!
02

#59325000
1!
b1001 &
12
b1001 6
b11 7

#59330000
0!
02

#59335000
1!
b11 &
12
b11 6
b0 7

#59340000
0!
02

#59345000
1!
b110 &
12
b110 6
b1 7

#59350000
0!
02

#59355000
1!
b1100 &
12
b1100 6
b10 7

#59360000
0!
02

#59365000
1!
b1001 &
12
b1001 6
b11 7

#59370000
0!
02

#59375000
1!
b11 &
12
b11 6
b0 7

#59380000
0!
02

#59385000
1!
b110 &
12
b110 6
b1 7

#59390000
0!
02

#59395000
1!
b1100 &
12
b1100 6
b10 7

#59400000
0!
02

#59405000
1!
b1001 &
12
b1001 6
b11 7

#59410000
0!
02

#59415000
1!
b11 &
12
b11 6
b0 7

#59420000
0!
02

#59425000
1!
b110 &
12
b110 6
b1 7

#59430000
0!
02

#59435000
1!
b1100 &
12
b1100 6
b10 7

#59440000
0!
02

#59445000
1!
b1001 &
12
b1001 6
b11 7

#59450000
0!
02

#59455000
1!
b11 &
12
b11 6
b0 7

#59460000
0!
02

#59465000
1!
b110 &
12
b110 6
b1 7

#59470000
0!
02

#59475000
1!
b1100 &
12
b1100 6
b10 7

#59480000
0!
02

#59485000
1!
b1001 &
12
b1001 6
b11 7

#59490000
0!
02

#59495000
1!
b11 &
12
b11 6
b0 7

#59500000
0!
02

#59505000
1!
b110 &
12
b110 6
b1 7

#59510000
0!
02

#59515000
1!
b1100 &
12
b1100 6
b10 7

#59520000
0!
02

#59525000
1!
b1001 &
12
b1001 6
b11 7

#59530000
0!
02

#59535000
1!
b11 &
12
b11 6
b0 7

#59540000
0!
02

#59545000
1!
b110 &
12
b110 6
b1 7

#59550000
0!
02

#59555000
1!
b1100 &
12
b1100 6
b10 7

#59560000
0!
02

#59565000
1!
b1001 &
12
b1001 6
b11 7

#59570000
0!
02

#59575000
1!
b11 &
12
b11 6
b0 7

#59580000
0!
02

#59585000
1!
b110 &
12
b110 6
b1 7

#59590000
0!
02

#59595000
1!
b1100 &
12
b1100 6
b10 7

#59600000
0!
02

#59605000
1!
b1001 &
12
b1001 6
b11 7

#59610000
0!
02

#59615000
1!
b11 &
12
b11 6
b0 7

#59620000
0!
02

#59625000
1!
b110 &
12
b110 6
b1 7

#59630000
0!
02

#59635000
1!
b1100 &
12
b1100 6
b10 7

#59640000
0!
02

#59645000
1!
b1001 &
12
b1001 6
b11 7

#59650000
0!
02

#59655000
1!
b11 &
12
b11 6
b0 7

#59660000
0!
02

#59665000
1!
b110 &
12
b110 6
b1 7

#59670000
0!
02

#59675000
1!
b1100 &
12
b1100 6
b10 7

#59680000
0!
02

#59685000
1!
b1001 &
12
b1001 6
b11 7

#59690000
0!
02

#59695000
1!
b11 &
12
b11 6
b0 7

#59700000
0!
02

#59705000
1!
b110 &
12
b110 6
b1 7

#59710000
0!
02

#59715000
1!
b1100 &
12
b1100 6
b10 7

#59720000
0!
02

#59725000
1!
b1001 &
12
b1001 6
b11 7

#59730000
0!
02

#59735000
1!
b11 &
12
b11 6
b0 7

#59740000
0!
02

#59745000
1!
b110 &
12
b110 6
b1 7

#59750000
0!
02

#59755000
1!
b1100 &
12
b1100 6
b10 7

#59760000
0!
02

#59765000
1!
b1001 &
12
b1001 6
b11 7

#59770000
0!
02

#59775000
1!
b11 &
12
b11 6
b0 7

#59780000
0!
02

#59785000
1!
b110 &
12
b110 6
b1 7

#59790000
0!
02

#59795000
1!
b1100 &
12
b1100 6
b10 7

#59800000
0!
02

#59805000
1!
b1001 &
12
b1001 6
b11 7

#59810000
0!
02

#59815000
1!
b11 &
12
b11 6
b0 7

#59820000
0!
02

#59825000
1!
b110 &
12
b110 6
b1 7

#59830000
0!
02

#59835000
1!
b1100 &
12
b1100 6
b10 7

#59840000
0!
02

#59845000
1!
b1001 &
12
b1001 6
b11 7

#59850000
0!
02

#59855000
1!
b11 &
12
b11 6
b0 7

#59860000
0!
02

#59865000
1!
b110 &
12
b110 6
b1 7

#59870000
0!
02

#59875000
1!
b1100 &
12
b1100 6
b10 7

#59880000
0!
02

#59885000
1!
b1001 &
12
b1001 6
b11 7

#59890000
0!
02

#59895000
1!
b11 &
12
b11 6
b0 7

#59900000
0!
02

#59905000
1!
b110 &
12
b110 6
b1 7

#59910000
0!
02

#59915000
1!
b1100 &
12
b1100 6
b10 7

#59920000
0!
02

#59925000
1!
b1001 &
12
b1001 6
b11 7

#59930000
0!
02

#59935000
1!
b11 &
12
b11 6
b0 7

#59940000
0!
02

#59945000
1!
b110 &
12
b110 6
b1 7

#59950000
0!
02

#59955000
1!
b1100 &
12
b1100 6
b10 7

#59960000
0!
02

#59965000
1!
b1001 &
12
b1001 6
b11 7

#59970000
0!
02

#59975000
1!
b11 &
12
b11 6
b0 7

#59980000
0!
02

#59985000
1!
b110 &
12
b110 6
b1 7

#59990000
0!
02

#59995000
1!
b1100 &
12
b1100 6
b10 7

#60000000
0!
02

#60005000
1!
b1001 &
12
b1001 6
b11 7

#60010000
0!
02

#60015000
1!
b11 &
12
b11 6
b0 7

#60020000
0!
02

#60025000
1!
b110 &
12
b110 6
b1 7

#60030000
0!
02

#60035000
1!
b1100 &
12
b1100 6
b10 7

#60040000
0!
02

#60045000
1!
b1001 &
12
b1001 6
b11 7

#60050000
0!
02

#60055000
1!
b11 &
12
b11 6
b0 7

#60060000
0!
02

#60065000
1!
b110 &
12
b110 6
b1 7

#60070000
0!
02

#60075000
1!
b1100 &
12
b1100 6
b10 7

#60080000
0!
02

#60085000
1!
b1001 &
12
b1001 6
b11 7

#60090000
0!
02

#60095000
1!
b11 &
12
b11 6
b0 7

#60100000
0!
02

#60105000
1!
b110 &
12
b110 6
b1 7

#60110000
0!
02

#60115000
1!
b1100 &
12
b1100 6
b10 7

#60120000
0!
02

#60125000
1!
b1001 &
12
b1001 6
b11 7

#60130000
0!
02

#60135000
1!
b11 &
12
b11 6
b0 7

#60140000
0!
02

#60145000
1!
b110 &
12
b110 6
b1 7

#60150000
0!
02

#60155000
1!
b1100 &
12
b1100 6
b10 7

#60160000
0!
02

#60165000
1!
b1001 &
12
b1001 6
b11 7

#60170000
0!
02

#60175000
1!
b11 &
12
b11 6
b0 7

#60180000
0!
02

#60185000
1!
b110 &
12
b110 6
b1 7

#60190000
0!
02

#60195000
1!
b1100 &
12
b1100 6
b10 7

#60200000
0!
02

#60205000
1!
b1001 &
12
b1001 6
b11 7

#60210000
0!
02

#60215000
1!
b11 &
12
b11 6
b0 7

#60220000
0!
02

#60225000
1!
b110 &
12
b110 6
b1 7

#60230000
0!
02

#60235000
1!
b1100 &
12
b1100 6
b10 7

#60240000
0!
02

#60245000
1!
b1001 &
12
b1001 6
b11 7

#60250000
0!
02

#60255000
1!
b11 &
12
b11 6
b0 7

#60260000
0!
02

#60265000
1!
b110 &
12
b110 6
b1 7

#60270000
0!
02

#60275000
1!
b1100 &
12
b1100 6
b10 7

#60280000
0!
02

#60285000
1!
b1001 &
12
b1001 6
b11 7

#60290000
0!
02

#60295000
1!
b11 &
12
b11 6
b0 7

#60300000
0!
02

#60305000
1!
b110 &
12
b110 6
b1 7

#60310000
0!
02

#60315000
1!
b1100 &
12
b1100 6
b10 7

#60320000
0!
02

#60325000
1!
b1001 &
12
b1001 6
b11 7

#60330000
0!
02

#60335000
1!
b11 &
12
b11 6
b0 7

#60340000
0!
02

#60345000
1!
b110 &
12
b110 6
b1 7

#60350000
0!
02

#60355000
1!
b1100 &
12
b1100 6
b10 7

#60360000
0!
02

#60365000
1!
b1001 &
12
b1001 6
b11 7

#60370000
0!
02

#60375000
1!
b11 &
12
b11 6
b0 7

#60380000
0!
02

#60385000
1!
b110 &
12
b110 6
b1 7

#60390000
0!
02

#60395000
1!
b1100 &
12
b1100 6
b10 7

#60400000
0!
02

#60405000
1!
b1001 &
12
b1001 6
b11 7

#60410000
0!
02

#60415000
1!
b11 &
12
b11 6
b0 7

#60420000
0!
02

#60425000
1!
b110 &
12
b110 6
b1 7

#60430000
0!
02

#60435000
1!
b1100 &
12
b1100 6
b10 7

#60440000
0!
02

#60445000
1!
b1001 &
12
b1001 6
b11 7

#60450000
0!
02

#60455000
1!
b11 &
12
b11 6
b0 7

#60460000
0!
02

#60465000
1!
b110 &
12
b110 6
b1 7

#60470000
0!
02

#60475000
1!
b1100 &
12
b1100 6
b10 7

#60480000
0!
02

#60485000
1!
b1001 &
12
b1001 6
b11 7

#60490000
0!
02

#60495000
1!
b11 &
12
b11 6
b0 7

#60500000
0!
02

#60505000
1!
b110 &
12
b110 6
b1 7

#60510000
0!
02

#60515000
1!
b1100 &
12
b1100 6
b10 7

#60520000
0!
02

#60525000
1!
b1001 &
12
b1001 6
b11 7

#60530000
0!
02

#60535000
1!
b11 &
12
b11 6
b0 7

#60540000
0!
02

#60545000
1!
b110 &
12
b110 6
b1 7

#60550000
0!
02

#60555000
1!
b1100 &
12
b1100 6
b10 7

#60560000
0!
02

#60565000
1!
b1001 &
12
b1001 6
b11 7

#60570000
0!
02

#60575000
1!
b11 &
12
b11 6
b0 7

#60580000
0!
02

#60585000
1!
b110 &
12
b110 6
b1 7

#60590000
0!
02

#60595000
1!
b1100 &
12
b1100 6
b10 7

#60600000
0!
02

#60605000
1!
b1001 &
12
b1001 6
b11 7

#60610000
0!
02

#60615000
1!
b11 &
12
b11 6
b0 7

#60620000
0!
02

#60625000
1!
b110 &
12
b110 6
b1 7

#60630000
0!
02

#60635000
1!
b1100 &
12
b1100 6
b10 7

#60640000
0!
02

#60645000
1!
b1001 &
12
b1001 6
b11 7

#60650000
0!
02

#60655000
1!
b11 &
12
b11 6
b0 7

#60660000
0!
02

#60665000
1!
b110 &
12
b110 6
b1 7

#60670000
0!
02

#60675000
1!
b1100 &
12
b1100 6
b10 7

#60680000
0!
02

#60685000
1!
b1001 &
12
b1001 6
b11 7

#60690000
0!
02

#60695000
1!
b11 &
12
b11 6
b0 7

#60700000
0!
02

#60705000
1!
b110 &
12
b110 6
b1 7

#60710000
0!
02

#60715000
1!
b1100 &
12
b1100 6
b10 7

#60720000
0!
02

#60725000
1!
b1001 &
12
b1001 6
b11 7

#60730000
0!
02

#60735000
1!
b11 &
12
b11 6
b0 7

#60740000
0!
02

#60745000
1!
b110 &
12
b110 6
b1 7

#60750000
0!
02

#60755000
1!
b1100 &
12
b1100 6
b10 7

#60760000
0!
02

#60765000
1!
b1001 &
12
b1001 6
b11 7

#60770000
0!
02

#60775000
1!
b11 &
12
b11 6
b0 7

#60780000
0!
02

#60785000
1!
b110 &
12
b110 6
b1 7

#60790000
0!
02

#60795000
1!
b1100 &
12
b1100 6
b10 7

#60800000
0!
02

#60805000
1!
b1001 &
12
b1001 6
b11 7

#60810000
0!
02

#60815000
1!
b11 &
12
b11 6
b0 7

#60820000
0!
02

#60825000
1!
b110 &
12
b110 6
b1 7

#60830000
0!
02

#60835000
1!
b1100 &
12
b1100 6
b10 7

#60840000
0!
02

#60845000
1!
b1001 &
12
b1001 6
b11 7

#60850000
0!
02

#60855000
1!
b11 &
12
b11 6
b0 7

#60860000
0!
02

#60865000
1!
b110 &
12
b110 6
b1 7

#60870000
0!
02

#60875000
1!
b1100 &
12
b1100 6
b10 7

#60880000
0!
02

#60885000
1!
b1001 &
12
b1001 6
b11 7

#60890000
0!
02

#60895000
1!
b11 &
12
b11 6
b0 7

#60900000
0!
02

#60905000
1!
b110 &
12
b110 6
b1 7

#60910000
0!
02

#60915000
1!
b1100 &
12
b1100 6
b10 7

#60920000
0!
02

#60925000
1!
b1001 &
12
b1001 6
b11 7

#60930000
0!
02

#60935000
1!
b11 &
12
b11 6
b0 7

#60940000
0!
02

#60945000
1!
b110 &
12
b110 6
b1 7

#60950000
0!
02

#60955000
1!
b1100 &
12
b1100 6
b10 7

#60960000
0!
02

#60965000
1!
b1001 &
12
b1001 6
b11 7

#60970000
0!
02

#60975000
1!
b11 &
12
b11 6
b0 7

#60980000
0!
02

#60985000
1!
b110 &
12
b110 6
b1 7

#60990000
0!
02

#60995000
1!
b1100 &
12
b1100 6
b10 7

#61000000
0!
02

#61005000
1!
b1001 &
12
b1001 6
b11 7

#61010000
0!
02

#61015000
1!
b11 &
12
b11 6
b0 7

#61020000
0!
02

#61025000
1!
b110 &
12
b110 6
b1 7

#61030000
0!
02

#61035000
1!
b1100 &
12
b1100 6
b10 7

#61040000
0!
02

#61045000
1!
b1001 &
12
b1001 6
b11 7

#61050000
0!
02

#61055000
1!
b11 &
12
b11 6
b0 7

#61060000
0!
02

#61065000
1!
b110 &
12
b110 6
b1 7

#61070000
0!
02

#61075000
1!
b1100 &
12
b1100 6
b10 7

#61080000
0!
02

#61085000
1!
b1001 &
12
b1001 6
b11 7

#61090000
0!
02

#61095000
1!
b11 &
12
b11 6
b0 7

#61100000
0!
02

#61105000
1!
b110 &
12
b110 6
b1 7

#61110000
0!
02

#61115000
1!
b1100 &
12
b1100 6
b10 7

#61120000
0!
02

#61125000
1!
b1001 &
12
b1001 6
b11 7

#61130000
0!
02

#61135000
1!
b11 &
12
b11 6
b0 7

#61140000
0!
02

#61145000
1!
b110 &
12
b110 6
b1 7

#61150000
0!
02

#61155000
1!
b1100 &
12
b1100 6
b10 7

#61160000
0!
02

#61165000
1!
b1001 &
12
b1001 6
b11 7

#61170000
0!
02

#61175000
1!
b11 &
12
b11 6
b0 7

#61180000
0!
02

#61185000
1!
b110 &
12
b110 6
b1 7

#61190000
0!
02

#61195000
1!
b1100 &
12
b1100 6
b10 7

#61200000
0!
02

#61205000
1!
b1001 &
12
b1001 6
b11 7

#61210000
0!
02

#61215000
1!
b11 &
12
b11 6
b0 7

#61220000
0!
02

#61225000
1!
b110 &
12
b110 6
b1 7

#61230000
0!
02

#61235000
1!
b1100 &
12
b1100 6
b10 7

#61240000
0!
02

#61245000
1!
b1001 &
12
b1001 6
b11 7

#61250000
0!
02

#61255000
1!
b11 &
12
b11 6
b0 7

#61260000
0!
02

#61265000
1!
b110 &
12
b110 6
b1 7

#61270000
0!
02

#61275000
1!
b1100 &
12
b1100 6
b10 7

#61280000
0!
02

#61285000
1!
b1001 &
12
b1001 6
b11 7

#61290000
0!
02

#61295000
1!
b11 &
12
b11 6
b0 7

#61300000
0!
02

#61305000
1!
b110 &
12
b110 6
b1 7

#61310000
0!
02

#61315000
1!
b1100 &
12
b1100 6
b10 7

#61320000
0!
02

#61325000
1!
b1001 &
12
b1001 6
b11 7

#61330000
0!
02

#61335000
1!
b11 &
12
b11 6
b0 7

#61340000
0!
02

#61345000
1!
b110 &
12
b110 6
b1 7

#61350000
0!
02

#61355000
1!
b1100 &
12
b1100 6
b10 7

#61360000
0!
02

#61365000
1!
b1001 &
12
b1001 6
b11 7

#61370000
0!
02

#61375000
1!
b11 &
12
b11 6
b0 7

#61380000
0!
02

#61385000
1!
b110 &
12
b110 6
b1 7

#61390000
0!
02

#61395000
1!
b1100 &
12
b1100 6
b10 7

#61400000
0!
02

#61405000
1!
b1001 &
12
b1001 6
b11 7

#61410000
0!
02

#61415000
1!
b11 &
12
b11 6
b0 7

#61420000
0!
02

#61425000
1!
b110 &
12
b110 6
b1 7

#61430000
0!
02

#61435000
1!
b1100 &
12
b1100 6
b10 7

#61440000
0!
02

#61445000
1!
b1001 &
12
b1001 6
b11 7

#61450000
0!
02

#61455000
1!
b11 &
12
b11 6
b0 7

#61460000
0!
02

#61465000
1!
b110 &
12
b110 6
b1 7

#61470000
0!
02

#61475000
1!
b1100 &
12
b1100 6
b10 7

#61480000
0!
02

#61485000
1!
b1001 &
12
b1001 6
b11 7

#61490000
0!
02

#61495000
1!
b11 &
12
b11 6
b0 7

#61500000
0!
02

#61505000
1!
b110 &
12
b110 6
b1 7

#61510000
0!
02

#61515000
1!
b1100 &
12
b1100 6
b10 7

#61520000
0!
02

#61525000
1!
b1001 &
12
b1001 6
b11 7

#61530000
0!
02

#61535000
1!
b11 &
12
b11 6
b0 7

#61540000
0!
02

#61545000
1!
b110 &
12
b110 6
b1 7

#61550000
0!
02

#61555000
1!
b1100 &
12
b1100 6
b10 7

#61560000
0!
02

#61565000
1!
b1001 &
12
b1001 6
b11 7

#61570000
0!
02

#61575000
1!
b11 &
12
b11 6
b0 7

#61580000
0!
02

#61585000
1!
b110 &
12
b110 6
b1 7

#61590000
0!
02

#61595000
1!
b1100 &
12
b1100 6
b10 7

#61600000
0!
02

#61605000
1!
b1001 &
12
b1001 6
b11 7

#61610000
0!
02

#61615000
1!
b11 &
12
b11 6
b0 7

#61620000
0!
02

#61625000
1!
b110 &
12
b110 6
b1 7

#61630000
0!
02

#61635000
1!
b1100 &
12
b1100 6
b10 7

#61640000
0!
02

#61645000
1!
b1001 &
12
b1001 6
b11 7

#61650000
0!
02

#61655000
1!
b11 &
12
b11 6
b0 7

#61660000
0!
02

#61665000
1!
b110 &
12
b110 6
b1 7

#61670000
0!
02

#61675000
1!
b1100 &
12
b1100 6
b10 7

#61680000
0!
02

#61685000
1!
b1001 &
12
b1001 6
b11 7

#61690000
0!
02

#61695000
1!
b11 &
12
b11 6
b0 7

#61700000
0!
02

#61705000
1!
b110 &
12
b110 6
b1 7

#61710000
0!
02

#61715000
1!
b1100 &
12
b1100 6
b10 7

#61720000
0!
02

#61725000
1!
b1001 &
12
b1001 6
b11 7

#61730000
0!
02

#61735000
1!
b11 &
12
b11 6
b0 7

#61740000
0!
02

#61745000
1!
b110 &
12
b110 6
b1 7

#61750000
0!
02

#61755000
1!
b1100 &
12
b1100 6
b10 7

#61760000
0!
02

#61765000
1!
b1001 &
12
b1001 6
b11 7

#61770000
0!
02

#61775000
1!
b11 &
12
b11 6
b0 7

#61780000
0!
02

#61785000
1!
b110 &
12
b110 6
b1 7

#61790000
0!
02

#61795000
1!
b1100 &
12
b1100 6
b10 7

#61800000
0!
02

#61805000
1!
b1001 &
12
b1001 6
b11 7

#61810000
0!
02

#61815000
1!
b11 &
12
b11 6
b0 7

#61820000
0!
02

#61825000
1!
b110 &
12
b110 6
b1 7

#61830000
0!
02

#61835000
1!
b1100 &
12
b1100 6
b10 7

#61840000
0!
02

#61845000
1!
b1001 &
12
b1001 6
b11 7

#61850000
0!
02

#61855000
1!
b11 &
12
b11 6
b0 7

#61860000
0!
02

#61865000
1!
b110 &
12
b110 6
b1 7

#61870000
0!
02

#61875000
1!
b1100 &
12
b1100 6
b10 7

#61880000
0!
02

#61885000
1!
b1001 &
12
b1001 6
b11 7

#61890000
0!
02

#61895000
1!
b11 &
12
b11 6
b0 7

#61900000
0!
02

#61905000
1!
b110 &
12
b110 6
b1 7

#61910000
0!
02

#61915000
1!
b1100 &
12
b1100 6
b10 7

#61920000
0!
02

#61925000
1!
b1001 &
12
b1001 6
b11 7

#61930000
0!
02

#61935000
1!
b11 &
12
b11 6
b0 7

#61940000
0!
02

#61945000
1!
b110 &
12
b110 6
b1 7

#61950000
0!
02

#61955000
1!
b1100 &
12
b1100 6
b10 7

#61960000
0!
02

#61965000
1!
b1001 &
12
b1001 6
b11 7

#61970000
0!
02

#61975000
1!
b11 &
12
b11 6
b0 7

#61980000
0!
02

#61985000
1!
b110 &
12
b110 6
b1 7

#61990000
0!
02

#61995000
1!
b1100 &
12
b1100 6
b10 7

#62000000
0!
02

#62005000
1!
b1001 &
12
b1001 6
b11 7

#62010000
0!
02

#62015000
1!
b11 &
12
b11 6
b0 7

#62020000
0!
02

#62025000
1!
b110 &
12
b110 6
b1 7

#62030000
0!
02

#62035000
1!
b1100 &
12
b1100 6
b10 7

#62040000
0!
02

#62045000
1!
b1001 &
12
b1001 6
b11 7

#62050000
0!
02

#62055000
1!
b11 &
12
b11 6
b0 7

#62060000
0!
02

#62065000
1!
b110 &
12
b110 6
b1 7

#62070000
0!
02

#62075000
1!
b1100 &
12
b1100 6
b10 7

#62080000
0!
02

#62085000
1!
b1001 &
12
b1001 6
b11 7

#62090000
0!
02

#62095000
1!
b11 &
12
b11 6
b0 7

#62100000
0!
02

#62105000
1!
b110 &
12
b110 6
b1 7

#62110000
0!
02

#62115000
1!
b1100 &
12
b1100 6
b10 7

#62120000
0!
02

#62125000
1!
b1001 &
12
b1001 6
b11 7

#62130000
0!
02

#62135000
1!
b11 &
12
b11 6
b0 7

#62140000
0!
02

#62145000
1!
b110 &
12
b110 6
b1 7

#62150000
0!
02

#62155000
1!
b1100 &
12
b1100 6
b10 7

#62160000
0!
02

#62165000
1!
b1001 &
12
b1001 6
b11 7

#62170000
0!
02

#62175000
1!
b11 &
12
b11 6
b0 7

#62180000
0!
02

#62185000
1!
b110 &
12
b110 6
b1 7

#62190000
0!
02

#62195000
1!
b1100 &
12
b1100 6
b10 7

#62200000
0!
02

#62205000
1!
b1001 &
12
b1001 6
b11 7

#62210000
0!
02

#62215000
1!
b11 &
12
b11 6
b0 7

#62220000
0!
02

#62225000
1!
b110 &
12
b110 6
b1 7

#62230000
0!
02

#62235000
1!
b1100 &
12
b1100 6
b10 7

#62240000
0!
02

#62245000
1!
b1001 &
12
b1001 6
b11 7

#62250000
0!
02

#62255000
1!
b11 &
12
b11 6
b0 7

#62260000
0!
02

#62265000
1!
b110 &
12
b110 6
b1 7

#62270000
0!
02

#62275000
1!
b1100 &
12
b1100 6
b10 7

#62280000
0!
02

#62285000
1!
b1001 &
12
b1001 6
b11 7

#62290000
0!
02

#62295000
1!
b11 &
12
b11 6
b0 7

#62300000
0!
02

#62305000
1!
b110 &
12
b110 6
b1 7

#62310000
0!
02

#62315000
1!
b1100 &
12
b1100 6
b10 7

#62320000
0!
02

#62325000
1!
b1001 &
12
b1001 6
b11 7

#62330000
0!
02

#62335000
1!
b11 &
12
b11 6
b0 7

#62340000
0!
02

#62345000
1!
b110 &
12
b110 6
b1 7

#62350000
0!
02

#62355000
1!
b1100 &
12
b1100 6
b10 7

#62360000
0!
02

#62365000
1!
b1001 &
12
b1001 6
b11 7

#62370000
0!
02

#62375000
1!
b11 &
12
b11 6
b0 7

#62380000
0!
02

#62385000
1!
b110 &
12
b110 6
b1 7

#62390000
0!
02

#62395000
1!
b1100 &
12
b1100 6
b10 7

#62400000
0!
02

#62405000
1!
b1001 &
12
b1001 6
b11 7

#62410000
0!
02

#62415000
1!
b11 &
12
b11 6
b0 7

#62420000
0!
02

#62425000
1!
b110 &
12
b110 6
b1 7

#62430000
0!
02

#62435000
1!
b1100 &
12
b1100 6
b10 7

#62440000
0!
02

#62445000
1!
b1001 &
12
b1001 6
b11 7

#62450000
0!
02

#62455000
1!
b11 &
12
b11 6
b0 7

#62460000
0!
02

#62465000
1!
b110 &
12
b110 6
b1 7

#62470000
0!
02

#62475000
1!
b1100 &
12
b1100 6
b10 7

#62480000
0!
02

#62485000
1!
b1001 &
12
b1001 6
b11 7

#62490000
0!
02

#62495000
1!
b11 &
12
b11 6
b0 7

#62500000
0!
02

#62505000
1!
b110 &
12
b110 6
b1 7

#62510000
0!
02

#62515000
1!
b1100 &
12
b1100 6
b10 7

#62520000
0!
02

#62525000
1!
b1001 &
12
b1001 6
b11 7

#62530000
0!
02

#62535000
1!
b11 &
12
b11 6
b0 7

#62540000
0!
02

#62545000
1!
b110 &
12
b110 6
b1 7

#62550000
0!
02

#62555000
1!
b1100 &
12
b1100 6
b10 7

#62560000
0!
02

#62565000
1!
b1001 &
12
b1001 6
b11 7

#62570000
0!
02

#62575000
1!
b11 &
12
b11 6
b0 7

#62580000
0!
02

#62585000
1!
b110 &
12
b110 6
b1 7

#62590000
0!
02

#62595000
1!
b1100 &
12
b1100 6
b10 7

#62600000
0!
02

#62605000
1!
b1001 &
12
b1001 6
b11 7

#62610000
0!
02

#62615000
1!
b11 &
12
b11 6
b0 7

#62620000
0!
02

#62625000
1!
b110 &
12
b110 6
b1 7

#62630000
0!
02

#62635000
1!
b1100 &
12
b1100 6
b10 7

#62640000
0!
02

#62645000
1!
b1001 &
12
b1001 6
b11 7

#62650000
0!
02

#62655000
1!
b11 &
12
b11 6
b0 7

#62660000
0!
02

#62665000
1!
b110 &
12
b110 6
b1 7

#62670000
0!
02

#62675000
1!
b1100 &
12
b1100 6
b10 7

#62680000
0!
02

#62685000
1!
b1001 &
12
b1001 6
b11 7

#62690000
0!
02

#62695000
1!
b11 &
12
b11 6
b0 7

#62700000
0!
02

#62705000
1!
b110 &
12
b110 6
b1 7

#62710000
0!
02

#62715000
1!
b1100 &
12
b1100 6
b10 7

#62720000
0!
02

#62725000
1!
b1001 &
12
b1001 6
b11 7

#62730000
0!
02

#62735000
1!
b11 &
12
b11 6
b0 7

#62740000
0!
02

#62745000
1!
b110 &
12
b110 6
b1 7

#62750000
0!
02

#62755000
1!
b1100 &
12
b1100 6
b10 7

#62760000
0!
02

#62765000
1!
b1001 &
12
b1001 6
b11 7

#62770000
0!
02

#62775000
1!
b11 &
12
b11 6
b0 7

#62780000
0!
02

#62785000
1!
b110 &
12
b110 6
b1 7

#62790000
0!
02

#62795000
1!
b1100 &
12
b1100 6
b10 7

#62800000
0!
02

#62805000
1!
b1001 &
12
b1001 6
b11 7

#62810000
0!
02

#62815000
1!
b11 &
12
b11 6
b0 7

#62820000
0!
02

#62825000
1!
b110 &
12
b110 6
b1 7

#62830000
0!
02

#62835000
1!
b1100 &
12
b1100 6
b10 7

#62840000
0!
02

#62845000
1!
b1001 &
12
b1001 6
b11 7

#62850000
0!
02

#62855000
1!
b11 &
12
b11 6
b0 7

#62860000
0!
02

#62865000
1!
b110 &
12
b110 6
b1 7

#62870000
0!
02

#62875000
1!
b1100 &
12
b1100 6
b10 7

#62880000
0!
02

#62885000
1!
b1001 &
12
b1001 6
b11 7

#62890000
0!
02

#62895000
1!
b11 &
12
b11 6
b0 7

#62900000
0!
02

#62905000
1!
b110 &
12
b110 6
b1 7

#62910000
0!
02

#62915000
1!
b1100 &
12
b1100 6
b10 7

#62920000
0!
02

#62925000
1!
b1001 &
12
b1001 6
b11 7

#62930000
0!
02

#62935000
1!
b11 &
12
b11 6
b0 7

#62940000
0!
02

#62945000
1!
b110 &
12
b110 6
b1 7

#62950000
0!
02

#62955000
1!
b1100 &
12
b1100 6
b10 7

#62960000
0!
02

#62965000
1!
b1001 &
12
b1001 6
b11 7

#62970000
0!
02

#62975000
1!
b11 &
12
b11 6
b0 7

#62980000
0!
02

#62985000
1!
b110 &
12
b110 6
b1 7

#62990000
0!
02

#62995000
1!
b1100 &
12
b1100 6
b10 7

#63000000
0!
02

#63005000
1!
b1001 &
12
b1001 6
b11 7

#63010000
0!
02

#63015000
1!
b11 &
12
b11 6
b0 7

#63020000
0!
02

#63025000
1!
b110 &
12
b110 6
b1 7

#63030000
0!
02

#63035000
1!
b1100 &
12
b1100 6
b10 7

#63040000
0!
02

#63045000
1!
b1001 &
12
b1001 6
b11 7

#63050000
0!
02

#63055000
1!
b11 &
12
b11 6
b0 7

#63060000
0!
02

#63065000
1!
b110 &
12
b110 6
b1 7

#63070000
0!
02

#63075000
1!
b1100 &
12
b1100 6
b10 7

#63080000
0!
02

#63085000
1!
b1001 &
12
b1001 6
b11 7

#63090000
0!
02

#63095000
1!
b11 &
12
b11 6
b0 7

#63100000
0!
02

#63105000
1!
b110 &
12
b110 6
b1 7

#63110000
0!
02

#63115000
1!
b1100 &
12
b1100 6
b10 7

#63120000
0!
02

#63125000
1!
b1001 &
12
b1001 6
b11 7

#63130000
0!
02

#63135000
1!
b11 &
12
b11 6
b0 7

#63140000
0!
02

#63145000
1!
b110 &
12
b110 6
b1 7

#63150000
0!
02

#63155000
1!
b1100 &
12
b1100 6
b10 7

#63160000
0!
02

#63165000
1!
b1001 &
12
b1001 6
b11 7

#63170000
0!
02

#63175000
1!
b11 &
12
b11 6
b0 7

#63180000
0!
02

#63185000
1!
b110 &
12
b110 6
b1 7

#63190000
0!
02

#63195000
1!
b1100 &
12
b1100 6
b10 7

#63200000
0!
02

#63205000
1!
b1001 &
12
b1001 6
b11 7

#63210000
0!
02

#63215000
1!
b11 &
12
b11 6
b0 7

#63220000
0!
02

#63225000
1!
b110 &
12
b110 6
b1 7

#63230000
0!
02

#63235000
1!
b1100 &
12
b1100 6
b10 7

#63240000
0!
02

#63245000
1!
b1001 &
12
b1001 6
b11 7

#63250000
0!
02

#63255000
1!
b11 &
12
b11 6
b0 7

#63260000
0!
02

#63265000
1!
b110 &
12
b110 6
b1 7

#63270000
0!
02

#63275000
1!
b1100 &
12
b1100 6
b10 7

#63280000
0!
02

#63285000
1!
b1001 &
12
b1001 6
b11 7

#63290000
0!
02

#63295000
1!
b11 &
12
b11 6
b0 7

#63300000
0!
02

#63305000
1!
b110 &
12
b110 6
b1 7

#63310000
0!
02

#63315000
1!
b1100 &
12
b1100 6
b10 7

#63320000
0!
02

#63325000
1!
b1001 &
12
b1001 6
b11 7

#63330000
0!
02

#63335000
1!
b11 &
12
b11 6
b0 7

#63340000
0!
02

#63345000
1!
b110 &
12
b110 6
b1 7

#63350000
0!
02

#63355000
1!
b1100 &
12
b1100 6
b10 7

#63360000
0!
02

#63365000
1!
b1001 &
12
b1001 6
b11 7

#63370000
0!
02

#63375000
1!
b11 &
12
b11 6
b0 7

#63380000
0!
02

#63385000
1!
b110 &
12
b110 6
b1 7

#63390000
0!
02

#63395000
1!
b1100 &
12
b1100 6
b10 7

#63400000
0!
02

#63405000
1!
b1001 &
12
b1001 6
b11 7

#63410000
0!
02

#63415000
1!
b11 &
12
b11 6
b0 7

#63420000
0!
02

#63425000
1!
b110 &
12
b110 6
b1 7

#63430000
0!
02

#63435000
1!
b1100 &
12
b1100 6
b10 7

#63440000
0!
02

#63445000
1!
b1001 &
12
b1001 6
b11 7

#63450000
0!
02

#63455000
1!
b11 &
12
b11 6
b0 7

#63460000
0!
02

#63465000
1!
b110 &
12
b110 6
b1 7

#63470000
0!
02

#63475000
1!
b1100 &
12
b1100 6
b10 7

#63480000
0!
02

#63485000
1!
b1001 &
12
b1001 6
b11 7

#63490000
0!
02

#63495000
1!
b11 &
12
b11 6
b0 7

#63500000
0!
02

#63505000
1!
b110 &
12
b110 6
b1 7

#63510000
0!
02

#63515000
1!
b1100 &
12
b1100 6
b10 7

#63520000
0!
02

#63525000
1!
b1001 &
12
b1001 6
b11 7

#63530000
0!
02

#63535000
1!
b11 &
12
b11 6
b0 7

#63540000
0!
02

#63545000
1!
b110 &
12
b110 6
b1 7

#63550000
0!
02

#63555000
1!
b1100 &
12
b1100 6
b10 7

#63560000
0!
02

#63565000
1!
b1001 &
12
b1001 6
b11 7

#63570000
0!
02

#63575000
1!
b11 &
12
b11 6
b0 7

#63580000
0!
02

#63585000
1!
b110 &
12
b110 6
b1 7

#63590000
0!
02

#63595000
1!
b1100 &
12
b1100 6
b10 7

#63600000
0!
02

#63605000
1!
b1001 &
12
b1001 6
b11 7

#63610000
0!
02

#63615000
1!
b11 &
12
b11 6
b0 7

#63620000
0!
02

#63625000
1!
b110 &
12
b110 6
b1 7

#63630000
0!
02

#63635000
1!
b1100 &
12
b1100 6
b10 7

#63640000
0!
02

#63645000
1!
b1001 &
12
b1001 6
b11 7

#63650000
0!
02

#63655000
1!
b11 &
12
b11 6
b0 7

#63660000
0!
02

#63665000
1!
b110 &
12
b110 6
b1 7

#63670000
0!
02

#63675000
1!
b1100 &
12
b1100 6
b10 7

#63680000
0!
02

#63685000
1!
b1001 &
12
b1001 6
b11 7

#63690000
0!
02

#63695000
1!
b11 &
12
b11 6
b0 7

#63700000
0!
02

#63705000
1!
b110 &
12
b110 6
b1 7

#63710000
0!
02

#63715000
1!
b1100 &
12
b1100 6
b10 7

#63720000
0!
02

#63725000
1!
b1001 &
12
b1001 6
b11 7

#63730000
0!
02

#63735000
1!
b11 &
12
b11 6
b0 7

#63740000
0!
02

#63745000
1!
b110 &
12
b110 6
b1 7

#63750000
0!
02

#63755000
1!
b1100 &
12
b1100 6
b10 7

#63760000
0!
02

#63765000
1!
b1001 &
12
b1001 6
b11 7

#63770000
0!
02

#63775000
1!
b11 &
12
b11 6
b0 7

#63780000
0!
02

#63785000
1!
b110 &
12
b110 6
b1 7

#63790000
0!
02

#63795000
1!
b1100 &
12
b1100 6
b10 7

#63800000
0!
02

#63805000
1!
b1001 &
12
b1001 6
b11 7

#63810000
0!
02

#63815000
1!
b11 &
12
b11 6
b0 7

#63820000
0!
02

#63825000
1!
b110 &
12
b110 6
b1 7

#63830000
0!
02

#63835000
1!
b1100 &
12
b1100 6
b10 7

#63840000
0!
02

#63845000
1!
b1001 &
12
b1001 6
b11 7

#63850000
0!
02

#63855000
1!
b11 &
12
b11 6
b0 7

#63860000
0!
02

#63865000
1!
b110 &
12
b110 6
b1 7

#63870000
0!
02

#63875000
1!
b1100 &
12
b1100 6
b10 7

#63880000
0!
02

#63885000
1!
b1001 &
12
b1001 6
b11 7

#63890000
0!
02

#63895000
1!
b11 &
12
b11 6
b0 7

#63900000
0!
02

#63905000
1!
b110 &
12
b110 6
b1 7

#63910000
0!
02

#63915000
1!
b1100 &
12
b1100 6
b10 7

#63920000
0!
02

#63925000
1!
b1001 &
12
b1001 6
b11 7

#63930000
0!
02

#63935000
1!
b11 &
12
b11 6
b0 7

#63940000
0!
02

#63945000
1!
b110 &
12
b110 6
b1 7

#63950000
0!
02

#63955000
1!
b1100 &
12
b1100 6
b10 7

#63960000
0!
02

#63965000
1!
b1001 &
12
b1001 6
b11 7

#63970000
0!
02

#63975000
1!
b11 &
12
b11 6
b0 7

#63980000
0!
02

#63985000
1!
b110 &
12
b110 6
b1 7

#63990000
0!
02

#63995000
1!
b1100 &
12
b1100 6
b10 7

#64000000
0!
02

#64005000
1!
b1001 &
12
b1001 6
b11 7

#64010000
0!
02

#64015000
1!
b11 &
12
b11 6
b0 7

#64020000
0!
02

#64025000
1!
b110 &
12
b110 6
b1 7

#64030000
0!
02

#64035000
1!
b1100 &
12
b1100 6
b10 7

#64040000
0!
02

#64045000
1!
b1001 &
12
b1001 6
b11 7

#64050000
0!
02

#64055000
1!
b11 &
12
b11 6
b0 7

#64060000
0!
02

#64065000
1!
b110 &
12
b110 6
b1 7

#64070000
0!
02

#64075000
1!
b1100 &
12
b1100 6
b10 7

#64080000
0!
02

#64085000
1!
b1001 &
12
b1001 6
b11 7

#64090000
0!
02

#64095000
1!
b11 &
12
b11 6
b0 7

#64100000
0!
02

#64105000
1!
b110 &
12
b110 6
b1 7

#64110000
0!
02

#64115000
1!
b1100 &
12
b1100 6
b10 7

#64120000
0!
02

#64125000
1!
b1001 &
12
b1001 6
b11 7

#64130000
0!
02

#64135000
1!
b11 &
12
b11 6
b0 7

#64140000
0!
02

#64145000
1!
b110 &
12
b110 6
b1 7

#64150000
0!
02

#64155000
1!
b1100 &
12
b1100 6
b10 7

#64160000
0!
02

#64165000
1!
b1001 &
12
b1001 6
b11 7

#64170000
0!
02

#64175000
1!
b11 &
12
b11 6
b0 7

#64180000
0!
02

#64185000
1!
b110 &
12
b110 6
b1 7

#64190000
0!
02

#64195000
1!
b1100 &
12
b1100 6
b10 7

#64200000
0!
02

#64205000
1!
b1001 &
12
b1001 6
b11 7

#64210000
0!
02

#64215000
1!
b11 &
12
b11 6
b0 7

#64220000
0!
02

#64225000
1!
b110 &
12
b110 6
b1 7

#64230000
0!
02

#64235000
1!
b1100 &
12
b1100 6
b10 7

#64240000
0!
02

#64245000
1!
b1001 &
12
b1001 6
b11 7

#64250000
0!
02

#64255000
1!
b11 &
12
b11 6
b0 7

#64260000
0!
02

#64265000
1!
b110 &
12
b110 6
b1 7

#64270000
0!
02

#64275000
1!
b1100 &
12
b1100 6
b10 7

#64280000
0!
02

#64285000
1!
b1001 &
12
b1001 6
b11 7

#64290000
0!
02

#64295000
1!
b11 &
12
b11 6
b0 7

#64300000
0!
02

#64305000
1!
b110 &
12
b110 6
b1 7

#64310000
0!
02

#64315000
1!
b1100 &
12
b1100 6
b10 7

#64320000
0!
02

#64325000
1!
b1001 &
12
b1001 6
b11 7

#64330000
0!
02

#64335000
1!
b11 &
12
b11 6
b0 7

#64340000
0!
02

#64345000
1!
b110 &
12
b110 6
b1 7

#64350000
0!
02

#64355000
1!
b1100 &
12
b1100 6
b10 7

#64360000
0!
02

#64365000
1!
b1001 &
12
b1001 6
b11 7

#64370000
0!
02

#64375000
1!
b11 &
12
b11 6
b0 7

#64380000
0!
02

#64385000
1!
b110 &
12
b110 6
b1 7

#64390000
0!
02

#64395000
1!
b1100 &
12
b1100 6
b10 7

#64400000
0!
02

#64405000
1!
b1001 &
12
b1001 6
b11 7

#64410000
0!
02

#64415000
1!
b11 &
12
b11 6
b0 7

#64420000
0!
02

#64425000
1!
b110 &
12
b110 6
b1 7

#64430000
0!
02

#64435000
1!
b1100 &
12
b1100 6
b10 7

#64440000
0!
02

#64445000
1!
b1001 &
12
b1001 6
b11 7

#64450000
0!
02

#64455000
1!
b11 &
12
b11 6
b0 7

#64460000
0!
02

#64465000
1!
b110 &
12
b110 6
b1 7

#64470000
0!
02

#64475000
1!
b1100 &
12
b1100 6
b10 7

#64480000
0!
02

#64485000
1!
b1001 &
12
b1001 6
b11 7

#64490000
0!
02

#64495000
1!
b11 &
12
b11 6
b0 7

#64500000
0!
02

#64505000
1!
b110 &
12
b110 6
b1 7

#64510000
0!
02

#64515000
1!
b1100 &
12
b1100 6
b10 7

#64520000
0!
02

#64525000
1!
b1001 &
12
b1001 6
b11 7

#64530000
0!
02

#64535000
1!
b11 &
12
b11 6
b0 7

#64540000
0!
02

#64545000
1!
b110 &
12
b110 6
b1 7

#64550000
0!
02

#64555000
1!
b1100 &
12
b1100 6
b10 7

#64560000
0!
02

#64565000
1!
b1001 &
12
b1001 6
b11 7

#64570000
0!
02

#64575000
1!
b11 &
12
b11 6
b0 7

#64580000
0!
02

#64585000
1!
b110 &
12
b110 6
b1 7

#64590000
0!
02

#64595000
1!
b1100 &
12
b1100 6
b10 7

#64600000
0!
02

#64605000
1!
b1001 &
12
b1001 6
b11 7

#64610000
0!
02

#64615000
1!
b11 &
12
b11 6
b0 7

#64620000
0!
02

#64625000
1!
b110 &
12
b110 6
b1 7

#64630000
0!
02

#64635000
1!
b1100 &
12
b1100 6
b10 7

#64640000
0!
02

#64645000
1!
b1001 &
12
b1001 6
b11 7

#64650000
0!
02

#64655000
1!
b11 &
12
b11 6
b0 7

#64660000
0!
02

#64665000
1!
b110 &
12
b110 6
b1 7

#64670000
0!
02

#64675000
1!
b1100 &
12
b1100 6
b10 7

#64680000
0!
02

#64685000
1!
b1001 &
12
b1001 6
b11 7

#64690000
0!
02

#64695000
1!
b11 &
12
b11 6
b0 7

#64700000
0!
02

#64705000
1!
b110 &
12
b110 6
b1 7

#64710000
0!
02

#64715000
1!
b1100 &
12
b1100 6
b10 7

#64720000
0!
02

#64725000
1!
b1001 &
12
b1001 6
b11 7

#64730000
0!
02

#64735000
1!
b11 &
12
b11 6
b0 7

#64740000
0!
02

#64745000
1!
b110 &
12
b110 6
b1 7

#64750000
0!
02

#64755000
1!
b1100 &
12
b1100 6
b10 7

#64760000
0!
02

#64765000
1!
b1001 &
12
b1001 6
b11 7

#64770000
0!
02

#64775000
1!
b11 &
12
b11 6
b0 7

#64780000
0!
02

#64785000
1!
b110 &
12
b110 6
b1 7

#64790000
0!
02

#64795000
1!
b1100 &
12
b1100 6
b10 7

#64800000
0!
02

#64805000
1!
b1001 &
12
b1001 6
b11 7

#64810000
0!
02

#64815000
1!
b11 &
12
b11 6
b0 7

#64820000
0!
02

#64825000
1!
b110 &
12
b110 6
b1 7

#64830000
0!
02

#64835000
1!
b1100 &
12
b1100 6
b10 7

#64840000
0!
02

#64845000
1!
b1001 &
12
b1001 6
b11 7

#64850000
0!
02

#64855000
1!
b11 &
12
b11 6
b0 7

#64860000
0!
02

#64865000
1!
b110 &
12
b110 6
b1 7

#64870000
0!
02

#64875000
1!
b1100 &
12
b1100 6
b10 7

#64880000
0!
02

#64885000
1!
b1001 &
12
b1001 6
b11 7

#64890000
0!
02

#64895000
1!
b11 &
12
b11 6
b0 7

#64900000
0!
02

#64905000
1!
b110 &
12
b110 6
b1 7

#64910000
0!
02

#64915000
1!
b1100 &
12
b1100 6
b10 7

#64920000
0!
02

#64925000
1!
b1001 &
12
b1001 6
b11 7

#64930000
0!
02

#64935000
1!
b11 &
12
b11 6
b0 7

#64940000
0!
02

#64945000
1!
b110 &
12
b110 6
b1 7

#64950000
0!
02

#64955000
1!
b1100 &
12
b1100 6
b10 7

#64960000
0!
02

#64965000
1!
b1001 &
12
b1001 6
b11 7

#64970000
0!
02

#64975000
1!
b11 &
12
b11 6
b0 7

#64980000
0!
02

#64985000
1!
b110 &
12
b110 6
b1 7

#64990000
0!
02

#64995000
1!
b1100 &
12
b1100 6
b10 7

#65000000
0!
02

#65005000
1!
b1001 &
12
b1001 6
b11 7

#65010000
0!
02

#65015000
1!
b11 &
12
b11 6
b0 7

#65020000
0!
02

#65025000
1!
b110 &
12
b110 6
b1 7

#65030000
0!
02

#65035000
1!
b1100 &
12
b1100 6
b10 7

#65040000
0!
02

#65045000
1!
b1001 &
12
b1001 6
b11 7

#65050000
0!
02

#65055000
1!
b11 &
12
b11 6
b0 7

#65060000
0!
02

#65065000
1!
b110 &
12
b110 6
b1 7

#65070000
0!
02

#65075000
1!
b1100 &
12
b1100 6
b10 7

#65080000
0!
02

#65085000
1!
b1001 &
12
b1001 6
b11 7

#65090000
0!
02

#65095000
1!
b11 &
12
b11 6
b0 7

#65100000
0!
02

#65105000
1!
b110 &
12
b110 6
b1 7

#65110000
0!
02

#65115000
1!
b1100 &
12
b1100 6
b10 7

#65120000
0!
02

#65125000
1!
b1001 &
12
b1001 6
b11 7

#65130000
0!
02

#65135000
1!
b11 &
12
b11 6
b0 7

#65140000
0!
02

#65145000
1!
b110 &
12
b110 6
b1 7

#65150000
0!
02

#65155000
1!
b1100 &
12
b1100 6
b10 7

#65160000
0!
02

#65165000
1!
b1001 &
12
b1001 6
b11 7

#65170000
0!
02

#65175000
1!
b11 &
12
b11 6
b0 7

#65180000
0!
02

#65185000
1!
b110 &
12
b110 6
b1 7

#65190000
0!
02

#65195000
1!
b1100 &
12
b1100 6
b10 7

#65200000
0!
02

#65205000
1!
b1001 &
12
b1001 6
b11 7

#65210000
0!
02

#65215000
1!
b11 &
12
b11 6
b0 7

#65220000
0!
02

#65225000
1!
b110 &
12
b110 6
b1 7

#65230000
0!
02

#65235000
1!
b1100 &
12
b1100 6
b10 7

#65240000
0!
02

#65245000
1!
b1001 &
12
b1001 6
b11 7

#65250000
0!
02

#65255000
1!
b11 &
12
b11 6
b0 7

#65260000
0!
02

#65265000
1!
b110 &
12
b110 6
b1 7

#65270000
0!
02

#65275000
1!
b1100 &
12
b1100 6
b10 7

#65280000
0!
02

#65285000
1!
b1001 &
12
b1001 6
b11 7

#65290000
0!
02

#65295000
1!
b11 &
12
b11 6
b0 7

#65300000
0!
02

#65305000
1!
b110 &
12
b110 6
b1 7

#65310000
0!
02

#65315000
1!
b1100 &
12
b1100 6
b10 7

#65320000
0!
02

#65325000
1!
b1001 &
12
b1001 6
b11 7

#65330000
0!
02

#65335000
1!
b11 &
12
b11 6
b0 7

#65340000
0!
02

#65345000
1!
b110 &
12
b110 6
b1 7

#65350000
0!
02

#65355000
1!
b1100 &
12
b1100 6
b10 7

#65360000
0!
02

#65365000
1!
b1001 &
12
b1001 6
b11 7

#65370000
0!
02

#65375000
1!
b11 &
12
b11 6
b0 7

#65380000
0!
02

#65385000
1!
b110 &
12
b110 6
b1 7

#65390000
0!
02

#65395000
1!
b1100 &
12
b1100 6
b10 7

#65400000
0!
02

#65405000
1!
b1001 &
12
b1001 6
b11 7

#65410000
0!
02

#65415000
1!
b11 &
12
b11 6
b0 7

#65420000
0!
02

#65425000
1!
b110 &
12
b110 6
b1 7

#65430000
0!
02

#65435000
1!
b1100 &
12
b1100 6
b10 7

#65440000
0!
02

#65445000
1!
b1001 &
12
b1001 6
b11 7

#65450000
0!
02

#65455000
1!
b11 &
12
b11 6
b0 7

#65460000
0!
02

#65465000
1!
b110 &
12
b110 6
b1 7

#65470000
0!
02

#65475000
1!
b1100 &
12
b1100 6
b10 7

#65480000
0!
02

#65485000
1!
b1001 &
12
b1001 6
b11 7

#65490000
0!
02

#65495000
1!
b11 &
12
b11 6
b0 7

#65500000
0!
02

#65505000
1!
b110 &
12
b110 6
b1 7

#65510000
0!
02

#65515000
1!
b1100 &
12
b1100 6
b10 7

#65520000
0!
02

#65525000
1!
b1001 &
12
b1001 6
b11 7

#65530000
0!
02

#65535000
1!
b11 &
12
b11 6
b0 7

#65540000
0!
02

#65545000
1!
b110 &
12
b110 6
b1 7

#65550000
0!
02

#65555000
1!
b1100 &
12
b1100 6
b10 7

#65560000
0!
02

#65565000
1!
b1001 &
12
b1001 6
b11 7

#65570000
0!
02

#65575000
1!
b11 &
12
b11 6
b0 7

#65580000
0!
02

#65585000
1!
b110 &
12
b110 6
b1 7

#65590000
0!
02

#65595000
1!
b1100 &
12
b1100 6
b10 7

#65600000
0!
02

#65605000
1!
b1001 &
12
b1001 6
b11 7

#65610000
0!
02

#65615000
1!
b11 &
12
b11 6
b0 7

#65620000
0!
02

#65625000
1!
b110 &
12
b110 6
b1 7

#65630000
0!
02

#65635000
1!
b1100 &
12
b1100 6
b10 7

#65640000
0!
02

#65645000
1!
b1001 &
12
b1001 6
b11 7

#65650000
0!
02

#65655000
1!
b11 &
12
b11 6
b0 7

#65660000
0!
02

#65665000
1!
b110 &
12
b110 6
b1 7

#65670000
0!
02

#65675000
1!
b1100 &
12
b1100 6
b10 7

#65680000
0!
02

#65685000
1!
b1001 &
12
b1001 6
b11 7

#65690000
0!
02

#65695000
1!
b11 &
12
b11 6
b0 7

#65700000
0!
02

#65705000
1!
b110 &
12
b110 6
b1 7

#65710000
0!
02

#65715000
1!
b1100 &
12
b1100 6
b10 7

#65720000
0!
02

#65725000
1!
b1001 &
12
b1001 6
b11 7

#65730000
0!
02

#65735000
1!
b11 &
12
b11 6
b0 7

#65740000
0!
02

#65745000
1!
b110 &
12
b110 6
b1 7

#65750000
0!
02

#65755000
1!
b1100 &
12
b1100 6
b10 7

#65760000
0!
02

#65765000
1!
b1001 &
12
b1001 6
b11 7

#65770000
0!
02

#65775000
1!
b11 &
12
b11 6
b0 7

#65780000
0!
02

#65785000
1!
b110 &
12
b110 6
b1 7

#65790000
0!
02

#65795000
1!
b1100 &
12
b1100 6
b10 7

#65800000
0!
02

#65805000
1!
b1001 &
12
b1001 6
b11 7

#65810000
0!
02

#65815000
1!
b11 &
12
b11 6
b0 7

#65820000
0!
02

#65825000
1!
b110 &
12
b110 6
b1 7

#65830000
0!
02

#65835000
1!
b1100 &
12
b1100 6
b10 7

#65840000
0!
02

#65845000
1!
b1001 &
12
b1001 6
b11 7

#65850000
0!
02

#65855000
1!
b11 &
12
b11 6
b0 7

#65860000
0!
02

#65865000
1!
b110 &
12
b110 6
b1 7

#65870000
0!
02

#65875000
1!
b1100 &
12
b1100 6
b10 7

#65880000
0!
02

#65885000
1!
b1001 &
12
b1001 6
b11 7

#65890000
0!
02

#65895000
1!
b11 &
12
b11 6
b0 7

#65900000
0!
02

#65905000
1!
b110 &
12
b110 6
b1 7

#65910000
0!
02

#65915000
1!
b1100 &
12
b1100 6
b10 7

#65920000
0!
02

#65925000
1!
b1001 &
12
b1001 6
b11 7

#65930000
0!
02

#65935000
1!
b11 &
12
b11 6
b0 7

#65940000
0!
02

#65945000
1!
b110 &
12
b110 6
b1 7

#65950000
0!
02

#65955000
1!
b1100 &
12
b1100 6
b10 7

#65960000
0!
02

#65965000
1!
b1001 &
12
b1001 6
b11 7

#65970000
0!
02

#65975000
1!
b11 &
12
b11 6
b0 7

#65980000
0!
02

#65985000
1!
b110 &
12
b110 6
b1 7

#65990000
0!
02

#65995000
1!
b1100 &
12
b1100 6
b10 7

#66000000
0!
02

#66005000
1!
b1001 &
12
b1001 6
b11 7

#66010000
0!
02

#66015000
1!
b11 &
12
b11 6
b0 7

#66020000
0!
02

#66025000
1!
b110 &
12
b110 6
b1 7

#66030000
0!
02

#66035000
1!
b1100 &
12
b1100 6
b10 7

#66040000
0!
02

#66045000
1!
b1001 &
12
b1001 6
b11 7

#66050000
0!
02

#66055000
1!
b11 &
12
b11 6
b0 7

#66060000
0!
02

#66065000
1!
b110 &
12
b110 6
b1 7

#66070000
0!
02

#66075000
1!
b1100 &
12
b1100 6
b10 7

#66080000
0!
02

#66085000
1!
b1001 &
12
b1001 6
b11 7

#66090000
0!
02

#66095000
1!
b11 &
12
b11 6
b0 7

#66100000
0!
02

#66105000
1!
b110 &
12
b110 6
b1 7

#66110000
0!
02

#66115000
1!
b1100 &
12
b1100 6
b10 7

#66120000
0!
02

#66125000
1!
b1001 &
12
b1001 6
b11 7

#66130000
0!
02

#66135000
1!
b11 &
12
b11 6
b0 7

#66140000
0!
02

#66145000
1!
b110 &
12
b110 6
b1 7

#66150000
0!
02

#66155000
1!
b1100 &
12
b1100 6
b10 7

#66160000
0!
02

#66165000
1!
b1001 &
12
b1001 6
b11 7

#66170000
0!
02

#66175000
1!
b11 &
12
b11 6
b0 7

#66180000
0!
02

#66185000
1!
b110 &
12
b110 6
b1 7

#66190000
0!
02

#66195000
1!
b1100 &
12
b1100 6
b10 7

#66200000
0!
02

#66205000
1!
b1001 &
12
b1001 6
b11 7

#66210000
0!
02

#66215000
1!
b11 &
12
b11 6
b0 7

#66220000
0!
02

#66225000
1!
b110 &
12
b110 6
b1 7

#66230000
0!
02

#66235000
1!
b1100 &
12
b1100 6
b10 7

#66240000
0!
02

#66245000
1!
b1001 &
12
b1001 6
b11 7

#66250000
0!
02

#66255000
1!
b11 &
12
b11 6
b0 7

#66260000
0!
02

#66265000
1!
b110 &
12
b110 6
b1 7

#66270000
0!
02

#66275000
1!
b1100 &
12
b1100 6
b10 7

#66280000
0!
02

#66285000
1!
b1001 &
12
b1001 6
b11 7

#66290000
0!
02

#66295000
1!
b11 &
12
b11 6
b0 7

#66300000
0!
02

#66305000
1!
b110 &
12
b110 6
b1 7

#66310000
0!
02

#66315000
1!
b1100 &
12
b1100 6
b10 7

#66320000
0!
02

#66325000
1!
b1001 &
12
b1001 6
b11 7

#66330000
0!
02

#66335000
1!
b11 &
12
b11 6
b0 7

#66340000
0!
02

#66345000
1!
b110 &
12
b110 6
b1 7

#66350000
0!
02

#66355000
1!
b1100 &
12
b1100 6
b10 7

#66360000
0!
02

#66365000
1!
b1001 &
12
b1001 6
b11 7

#66370000
0!
02

#66375000
1!
b11 &
12
b11 6
b0 7

#66380000
0!
02

#66385000
1!
b110 &
12
b110 6
b1 7

#66390000
0!
02

#66395000
1!
b1100 &
12
b1100 6
b10 7

#66400000
0!
02

#66405000
1!
b1001 &
12
b1001 6
b11 7

#66410000
0!
02

#66415000
1!
b11 &
12
b11 6
b0 7

#66420000
0!
02

#66425000
1!
b110 &
12
b110 6
b1 7

#66430000
0!
02

#66435000
1!
b1100 &
12
b1100 6
b10 7

#66440000
0!
02

#66445000
1!
b1001 &
12
b1001 6
b11 7

#66450000
0!
02

#66455000
1!
b11 &
12
b11 6
b0 7

#66460000
0!
02

#66465000
1!
b110 &
12
b110 6
b1 7

#66470000
0!
02

#66475000
1!
b1100 &
12
b1100 6
b10 7

#66480000
0!
02

#66485000
1!
b1001 &
12
b1001 6
b11 7

#66490000
0!
02

#66495000
1!
b11 &
12
b11 6
b0 7

#66500000
0!
02

#66505000
1!
b110 &
12
b110 6
b1 7

#66510000
0!
02

#66515000
1!
b1100 &
12
b1100 6
b10 7

#66520000
0!
02

#66525000
1!
b1001 &
12
b1001 6
b11 7

#66530000
0!
02

#66535000
1!
b11 &
12
b11 6
b0 7

#66540000
0!
02

#66545000
1!
b110 &
12
b110 6
b1 7

#66550000
0!
02

#66555000
1!
b1100 &
12
b1100 6
b10 7

#66560000
0!
02

#66565000
1!
b1001 &
12
b1001 6
b11 7

#66570000
0!
02

#66575000
1!
b11 &
12
b11 6
b0 7

#66580000
0!
02

#66585000
1!
b110 &
12
b110 6
b1 7

#66590000
0!
02

#66595000
1!
b1100 &
12
b1100 6
b10 7

#66600000
0!
02

#66605000
1!
b1001 &
12
b1001 6
b11 7

#66610000
0!
02

#66615000
1!
b11 &
12
b11 6
b0 7

#66620000
0!
02

#66625000
1!
b110 &
12
b110 6
b1 7

#66630000
0!
02

#66635000
1!
b1100 &
12
b1100 6
b10 7

#66640000
0!
02

#66645000
1!
b1001 &
12
b1001 6
b11 7

#66650000
0!
02

#66655000
1!
b11 &
12
b11 6
b0 7

#66660000
0!
02

#66665000
1!
b110 &
12
b110 6
b1 7

#66670000
0!
02

#66675000
1!
b1100 &
12
b1100 6
b10 7

#66680000
0!
02

#66685000
1!
b1001 &
12
b1001 6
b11 7

#66690000
0!
02

#66695000
1!
b11 &
12
b11 6
b0 7

#66700000
0!
02

#66705000
1!
b110 &
12
b110 6
b1 7

#66710000
0!
02

#66715000
1!
b1100 &
12
b1100 6
b10 7

#66720000
0!
02

#66725000
1!
b1001 &
12
b1001 6
b11 7

#66730000
0!
02

#66735000
1!
b11 &
12
b11 6
b0 7

#66740000
0!
02

#66745000
1!
b110 &
12
b110 6
b1 7

#66750000
0!
02

#66755000
1!
b1100 &
12
b1100 6
b10 7

#66760000
0!
02

#66765000
1!
b1001 &
12
b1001 6
b11 7

#66770000
0!
02

#66775000
1!
b11 &
12
b11 6
b0 7

#66780000
0!
02

#66785000
1!
b110 &
12
b110 6
b1 7

#66790000
0!
02

#66795000
1!
b1100 &
12
b1100 6
b10 7

#66800000
0!
02

#66805000
1!
b1001 &
12
b1001 6
b11 7

#66810000
0!
02

#66815000
1!
b11 &
12
b11 6
b0 7

#66820000
0!
02

#66825000
1!
b110 &
12
b110 6
b1 7

#66830000
0!
02

#66835000
1!
b1100 &
12
b1100 6
b10 7

#66840000
0!
02

#66845000
1!
b1001 &
12
b1001 6
b11 7

#66850000
0!
02

#66855000
1!
b11 &
12
b11 6
b0 7

#66860000
0!
02

#66865000
1!
b110 &
12
b110 6
b1 7

#66870000
0!
02

#66875000
1!
b1100 &
12
b1100 6
b10 7

#66880000
0!
02

#66885000
1!
b1001 &
12
b1001 6
b11 7

#66890000
0!
02

#66895000
1!
b11 &
12
b11 6
b0 7

#66900000
0!
02

#66905000
1!
b110 &
12
b110 6
b1 7

#66910000
0!
02

#66915000
1!
b1100 &
12
b1100 6
b10 7

#66920000
0!
02

#66925000
1!
b1001 &
12
b1001 6
b11 7

#66930000
0!
02

#66935000
1!
b11 &
12
b11 6
b0 7

#66940000
0!
02

#66945000
1!
b110 &
12
b110 6
b1 7

#66950000
0!
02

#66955000
1!
b1100 &
12
b1100 6
b10 7

#66960000
0!
02

#66965000
1!
b1001 &
12
b1001 6
b11 7

#66970000
0!
02

#66975000
1!
b11 &
12
b11 6
b0 7

#66980000
0!
02

#66985000
1!
b110 &
12
b110 6
b1 7

#66990000
0!
02

#66995000
1!
b1100 &
12
b1100 6
b10 7

#67000000
0!
02

#67005000
1!
b1001 &
12
b1001 6
b11 7

#67010000
0!
02

#67015000
1!
b11 &
12
b11 6
b0 7

#67020000
0!
02

#67025000
1!
b110 &
12
b110 6
b1 7

#67030000
0!
02

#67035000
1!
b1100 &
12
b1100 6
b10 7

#67040000
0!
02

#67045000
1!
b1001 &
12
b1001 6
b11 7

#67050000
0!
02

#67055000
1!
b11 &
12
b11 6
b0 7

#67060000
0!
02

#67065000
1!
b110 &
12
b110 6
b1 7

#67070000
0!
02

#67075000
1!
b1100 &
12
b1100 6
b10 7

#67080000
0!
02

#67085000
1!
b1001 &
12
b1001 6
b11 7

#67090000
0!
02

#67095000
1!
b11 &
12
b11 6
b0 7

#67100000
0!
02

#67105000
1!
b110 &
12
b110 6
b1 7

#67110000
0!
02

#67115000
1!
b1100 &
12
b1100 6
b10 7

#67120000
0!
02

#67125000
1!
b1001 &
12
b1001 6
b11 7

#67130000
0!
02

#67135000
1!
b11 &
12
b11 6
b0 7

#67140000
0!
02

#67145000
1!
b110 &
12
b110 6
b1 7

#67150000
0!
02

#67155000
1!
b1100 &
12
b1100 6
b10 7

#67160000
0!
02

#67165000
1!
b1001 &
12
b1001 6
b11 7

#67170000
0!
02

#67175000
1!
b11 &
12
b11 6
b0 7

#67180000
0!
02

#67185000
1!
b110 &
12
b110 6
b1 7

#67190000
0!
02

#67195000
1!
b1100 &
12
b1100 6
b10 7

#67200000
0!
02

#67205000
1!
b1001 &
12
b1001 6
b11 7

#67210000
0!
02

#67215000
1!
b11 &
12
b11 6
b0 7

#67220000
0!
02

#67225000
1!
b110 &
12
b110 6
b1 7

#67230000
0!
02

#67235000
1!
b1100 &
12
b1100 6
b10 7

#67240000
0!
02

#67245000
1!
b1001 &
12
b1001 6
b11 7

#67250000
0!
02

#67255000
1!
b11 &
12
b11 6
b0 7

#67260000
0!
02

#67265000
1!
b110 &
12
b110 6
b1 7

#67270000
0!
02

#67275000
1!
b1100 &
12
b1100 6
b10 7

#67280000
0!
02

#67285000
1!
b1001 &
12
b1001 6
b11 7

#67290000
0!
02

#67295000
1!
b11 &
12
b11 6
b0 7

#67300000
0!
02

#67305000
1!
b110 &
12
b110 6
b1 7

#67310000
0!
02

#67315000
1!
b1100 &
12
b1100 6
b10 7

#67320000
0!
02

#67325000
1!
b1001 &
12
b1001 6
b11 7

#67330000
0!
02

#67335000
1!
b11 &
12
b11 6
b0 7

#67340000
0!
02

#67345000
1!
b110 &
12
b110 6
b1 7

#67350000
0!
02

#67355000
1!
b1100 &
12
b1100 6
b10 7

#67360000
0!
02

#67365000
1!
b1001 &
12
b1001 6
b11 7

#67370000
0!
02

#67375000
1!
b11 &
12
b11 6
b0 7

#67380000
0!
02

#67385000
1!
b110 &
12
b110 6
b1 7

#67390000
0!
02

#67395000
1!
b1100 &
12
b1100 6
b10 7

#67400000
0!
02

#67405000
1!
b1001 &
12
b1001 6
b11 7

#67410000
0!
02

#67415000
1!
b11 &
12
b11 6
b0 7

#67420000
0!
02

#67425000
1!
b110 &
12
b110 6
b1 7

#67430000
0!
02

#67435000
1!
b1100 &
12
b1100 6
b10 7

#67440000
0!
02

#67445000
1!
b1001 &
12
b1001 6
b11 7

#67450000
0!
02

#67455000
1!
b11 &
12
b11 6
b0 7

#67460000
0!
02

#67465000
1!
b110 &
12
b110 6
b1 7

#67470000
0!
02

#67475000
1!
b1100 &
12
b1100 6
b10 7

#67480000
0!
02

#67485000
1!
b1001 &
12
b1001 6
b11 7

#67490000
0!
02

#67495000
1!
b11 &
12
b11 6
b0 7

#67500000
0!
02

#67505000
1!
b110 &
12
b110 6
b1 7

#67510000
0!
02

#67515000
1!
b1100 &
12
b1100 6
b10 7

#67520000
0!
02

#67525000
1!
b1001 &
12
b1001 6
b11 7

#67530000
0!
02

#67535000
1!
b11 &
12
b11 6
b0 7

#67540000
0!
02

#67545000
1!
b110 &
12
b110 6
b1 7

#67550000
0!
02

#67555000
1!
b1100 &
12
b1100 6
b10 7

#67560000
0!
02

#67565000
1!
b1001 &
12
b1001 6
b11 7

#67570000
0!
02

#67575000
1!
b11 &
12
b11 6
b0 7

#67580000
0!
02

#67585000
1!
b110 &
12
b110 6
b1 7

#67590000
0!
02

#67595000
1!
b1100 &
12
b1100 6
b10 7

#67600000
0!
02

#67605000
1!
b1001 &
12
b1001 6
b11 7

#67610000
0!
02

#67615000
1!
b11 &
12
b11 6
b0 7

#67620000
0!
02

#67625000
1!
b110 &
12
b110 6
b1 7

#67630000
0!
02

#67635000
1!
b1100 &
12
b1100 6
b10 7

#67640000
0!
02

#67645000
1!
b1001 &
12
b1001 6
b11 7

#67650000
0!
02

#67655000
1!
b11 &
12
b11 6
b0 7

#67660000
0!
02

#67665000
1!
b110 &
12
b110 6
b1 7

#67670000
0!
02

#67675000
1!
b1100 &
12
b1100 6
b10 7

#67680000
0!
02

#67685000
1!
b1001 &
12
b1001 6
b11 7

#67690000
0!
02

#67695000
1!
b11 &
12
b11 6
b0 7

#67700000
0!
02

#67705000
1!
b110 &
12
b110 6
b1 7

#67710000
0!
02

#67715000
1!
b1100 &
12
b1100 6
b10 7

#67720000
0!
02

#67725000
1!
b1001 &
12
b1001 6
b11 7

#67730000
0!
02

#67735000
1!
b11 &
12
b11 6
b0 7

#67740000
0!
02

#67745000
1!
b110 &
12
b110 6
b1 7

#67750000
0!
02

#67755000
1!
b1100 &
12
b1100 6
b10 7

#67760000
0!
02

#67765000
1!
b1001 &
12
b1001 6
b11 7

#67770000
0!
02

#67775000
1!
b11 &
12
b11 6
b0 7

#67780000
0!
02

#67785000
1!
b110 &
12
b110 6
b1 7

#67790000
0!
02

#67795000
1!
b1100 &
12
b1100 6
b10 7

#67800000
0!
02

#67805000
1!
b1001 &
12
b1001 6
b11 7

#67810000
0!
02

#67815000
1!
b11 &
12
b11 6
b0 7

#67820000
0!
02

#67825000
1!
b110 &
12
b110 6
b1 7

#67830000
0!
02

#67835000
1!
b1100 &
12
b1100 6
b10 7

#67840000
0!
02

#67845000
1!
b1001 &
12
b1001 6
b11 7

#67850000
0!
02

#67855000
1!
b11 &
12
b11 6
b0 7

#67860000
0!
02

#67865000
1!
b110 &
12
b110 6
b1 7

#67870000
0!
02

#67875000
1!
b1100 &
12
b1100 6
b10 7

#67880000
0!
02

#67885000
1!
b1001 &
12
b1001 6
b11 7

#67890000
0!
02

#67895000
1!
b11 &
12
b11 6
b0 7

#67900000
0!
02

#67905000
1!
b110 &
12
b110 6
b1 7

#67910000
0!
02

#67915000
1!
b1100 &
12
b1100 6
b10 7

#67920000
0!
02

#67925000
1!
b1001 &
12
b1001 6
b11 7

#67930000
0!
02

#67935000
1!
b11 &
12
b11 6
b0 7

#67940000
0!
02

#67945000
1!
b110 &
12
b110 6
b1 7

#67950000
0!
02

#67955000
1!
b1100 &
12
b1100 6
b10 7

#67960000
0!
02

#67965000
1!
b1001 &
12
b1001 6
b11 7

#67970000
0!
02

#67975000
1!
b11 &
12
b11 6
b0 7

#67980000
0!
02

#67985000
1!
b110 &
12
b110 6
b1 7

#67990000
0!
02

#67995000
1!
b1100 &
12
b1100 6
b10 7

#68000000
0!
02

#68005000
1!
b1001 &
12
b1001 6
b11 7

#68010000
0!
02

#68015000
1!
b11 &
12
b11 6
b0 7

#68020000
0!
02

#68025000
1!
b110 &
12
b110 6
b1 7

#68030000
0!
02

#68035000
1!
b1100 &
12
b1100 6
b10 7

#68040000
0!
02

#68045000
1!
b1001 &
12
b1001 6
b11 7

#68050000
0!
02

#68055000
1!
b11 &
12
b11 6
b0 7

#68060000
0!
02

#68065000
1!
b110 &
12
b110 6
b1 7

#68070000
0!
02

#68075000
1!
b1100 &
12
b1100 6
b10 7

#68080000
0!
02

#68085000
1!
b1001 &
12
b1001 6
b11 7

#68090000
0!
02

#68095000
1!
b11 &
12
b11 6
b0 7

#68100000
0!
02

#68105000
1!
b110 &
12
b110 6
b1 7

#68110000
0!
02

#68115000
1!
b1100 &
12
b1100 6
b10 7

#68120000
0!
02

#68125000
1!
b1001 &
12
b1001 6
b11 7

#68130000
0!
02

#68135000
1!
b11 &
12
b11 6
b0 7

#68140000
0!
02

#68145000
1!
b110 &
12
b110 6
b1 7

#68150000
0!
02

#68155000
1!
b1100 &
12
b1100 6
b10 7

#68160000
0!
02

#68165000
1!
b1001 &
12
b1001 6
b11 7

#68170000
0!
02

#68175000
1!
b11 &
12
b11 6
b0 7

#68180000
0!
02

#68185000
1!
b110 &
12
b110 6
b1 7

#68190000
0!
02

#68195000
1!
b1100 &
12
b1100 6
b10 7

#68200000
0!
02

#68205000
1!
b1001 &
12
b1001 6
b11 7

#68210000
0!
02

#68215000
1!
b11 &
12
b11 6
b0 7

#68220000
0!
02

#68225000
1!
b110 &
12
b110 6
b1 7

#68230000
0!
02

#68235000
1!
b1100 &
12
b1100 6
b10 7

#68240000
0!
02

#68245000
1!
b1001 &
12
b1001 6
b11 7

#68250000
0!
02

#68255000
1!
b11 &
12
b11 6
b0 7

#68260000
0!
02

#68265000
1!
b110 &
12
b110 6
b1 7

#68270000
0!
02

#68275000
1!
b1100 &
12
b1100 6
b10 7

#68280000
0!
02

#68285000
1!
b1001 &
12
b1001 6
b11 7

#68290000
0!
02

#68295000
1!
b11 &
12
b11 6
b0 7

#68300000
0!
02

#68305000
1!
b110 &
12
b110 6
b1 7

#68310000
0!
02

#68315000
1!
b1100 &
12
b1100 6
b10 7

#68320000
0!
02

#68325000
1!
b1001 &
12
b1001 6
b11 7

#68330000
0!
02

#68335000
1!
b11 &
12
b11 6
b0 7

#68340000
0!
02

#68345000
1!
b110 &
12
b110 6
b1 7

#68350000
0!
02

#68355000
1!
b1100 &
12
b1100 6
b10 7

#68360000
0!
02

#68365000
1!
b1001 &
12
b1001 6
b11 7

#68370000
0!
02

#68375000
1!
b11 &
12
b11 6
b0 7

#68380000
0!
02

#68385000
1!
b110 &
12
b110 6
b1 7

#68390000
0!
02

#68395000
1!
b1100 &
12
b1100 6
b10 7

#68400000
0!
02

#68405000
1!
b1001 &
12
b1001 6
b11 7

#68410000
0!
02

#68415000
1!
b11 &
12
b11 6
b0 7

#68420000
0!
02

#68425000
1!
b110 &
12
b110 6
b1 7

#68430000
0!
02

#68435000
1!
b1100 &
12
b1100 6
b10 7

#68440000
0!
02

#68445000
1!
b1001 &
12
b1001 6
b11 7

#68450000
0!
02

#68455000
1!
b11 &
12
b11 6
b0 7

#68460000
0!
02

#68465000
1!
b110 &
12
b110 6
b1 7

#68470000
0!
02

#68475000
1!
b1100 &
12
b1100 6
b10 7

#68480000
0!
02

#68485000
1!
b1001 &
12
b1001 6
b11 7

#68490000
0!
02

#68495000
1!
b11 &
12
b11 6
b0 7

#68500000
0!
02

#68505000
1!
b110 &
12
b110 6
b1 7

#68510000
0!
02

#68515000
1!
b1100 &
12
b1100 6
b10 7

#68520000
0!
02

#68525000
1!
b1001 &
12
b1001 6
b11 7

#68530000
0!
02

#68535000
1!
b11 &
12
b11 6
b0 7

#68540000
0!
02

#68545000
1!
b110 &
12
b110 6
b1 7

#68550000
0!
02

#68555000
1!
b1100 &
12
b1100 6
b10 7

#68560000
0!
02

#68565000
1!
b1001 &
12
b1001 6
b11 7

#68570000
0!
02

#68575000
1!
b11 &
12
b11 6
b0 7

#68580000
0!
02

#68585000
1!
b110 &
12
b110 6
b1 7

#68590000
0!
02

#68595000
1!
b1100 &
12
b1100 6
b10 7

#68600000
0!
02

#68605000
1!
b1001 &
12
b1001 6
b11 7

#68610000
0!
02

#68615000
1!
b11 &
12
b11 6
b0 7

#68620000
0!
02

#68625000
1!
b110 &
12
b110 6
b1 7

#68630000
0!
02

#68635000
1!
b1100 &
12
b1100 6
b10 7

#68640000
0!
02

#68645000
1!
b1001 &
12
b1001 6
b11 7

#68650000
0!
02

#68655000
1!
b11 &
12
b11 6
b0 7

#68660000
0!
02

#68665000
1!
b110 &
12
b110 6
b1 7

#68670000
0!
02

#68675000
1!
b1100 &
12
b1100 6
b10 7

#68680000
0!
02

#68685000
1!
b1001 &
12
b1001 6
b11 7

#68690000
0!
02

#68695000
1!
b11 &
12
b11 6
b0 7

#68700000
0!
02

#68705000
1!
b110 &
12
b110 6
b1 7

#68710000
0!
02

#68715000
1!
b1100 &
12
b1100 6
b10 7

#68720000
0!
02

#68725000
1!
b1001 &
12
b1001 6
b11 7

#68730000
0!
02

#68735000
1!
b11 &
12
b11 6
b0 7

#68740000
0!
02

#68745000
1!
b110 &
12
b110 6
b1 7

#68750000
0!
02

#68755000
1!
b1100 &
12
b1100 6
b10 7

#68760000
0!
02

#68765000
1!
b1001 &
12
b1001 6
b11 7

#68770000
0!
02

#68775000
1!
b11 &
12
b11 6
b0 7

#68780000
0!
02

#68785000
1!
b110 &
12
b110 6
b1 7

#68790000
0!
02

#68795000
1!
b1100 &
12
b1100 6
b10 7

#68800000
0!
02

#68805000
1!
b1001 &
12
b1001 6
b11 7

#68810000
0!
02

#68815000
1!
b11 &
12
b11 6
b0 7

#68820000
0!
02

#68825000
1!
b110 &
12
b110 6
b1 7

#68830000
0!
02

#68835000
1!
b1100 &
12
b1100 6
b10 7

#68840000
0!
02

#68845000
1!
b1001 &
12
b1001 6
b11 7

#68850000
0!
02

#68855000
1!
b11 &
12
b11 6
b0 7

#68860000
0!
02

#68865000
1!
b110 &
12
b110 6
b1 7

#68870000
0!
02

#68875000
1!
b1100 &
12
b1100 6
b10 7

#68880000
0!
02

#68885000
1!
b1001 &
12
b1001 6
b11 7

#68890000
0!
02

#68895000
1!
b11 &
12
b11 6
b0 7

#68900000
0!
02

#68905000
1!
b110 &
12
b110 6
b1 7

#68910000
0!
02

#68915000
1!
b1100 &
12
b1100 6
b10 7

#68920000
0!
02

#68925000
1!
b1001 &
12
b1001 6
b11 7

#68930000
0!
02

#68935000
1!
b11 &
12
b11 6
b0 7

#68940000
0!
02

#68945000
1!
b110 &
12
b110 6
b1 7

#68950000
0!
02

#68955000
1!
b1100 &
12
b1100 6
b10 7

#68960000
0!
02

#68965000
1!
b1001 &
12
b1001 6
b11 7

#68970000
0!
02

#68975000
1!
b11 &
12
b11 6
b0 7

#68980000
0!
02

#68985000
1!
b110 &
12
b110 6
b1 7

#68990000
0!
02

#68995000
1!
b1100 &
12
b1100 6
b10 7

#69000000
0!
02

#69005000
1!
b1001 &
12
b1001 6
b11 7

#69010000
0!
02

#69015000
1!
b11 &
12
b11 6
b0 7

#69020000
0!
02

#69025000
1!
b110 &
12
b110 6
b1 7

#69030000
0!
02

#69035000
1!
b1100 &
12
b1100 6
b10 7

#69040000
0!
02

#69045000
1!
b1001 &
12
b1001 6
b11 7

#69050000
0!
02

#69055000
1!
b11 &
12
b11 6
b0 7

#69060000
0!
02

#69065000
1!
b110 &
12
b110 6
b1 7

#69070000
0!
02

#69075000
1!
b1100 &
12
b1100 6
b10 7

#69080000
0!
02

#69085000
1!
b1001 &
12
b1001 6
b11 7

#69090000
0!
02

#69095000
1!
b11 &
12
b11 6
b0 7

#69100000
0!
02

#69105000
1!
b110 &
12
b110 6
b1 7

#69110000
0!
02

#69115000
1!
b1100 &
12
b1100 6
b10 7

#69120000
0!
02

#69125000
1!
b1001 &
12
b1001 6
b11 7

#69130000
0!
02

#69135000
1!
b11 &
12
b11 6
b0 7

#69140000
0!
02

#69145000
1!
b110 &
12
b110 6
b1 7

#69150000
0!
02

#69155000
1!
b1100 &
12
b1100 6
b10 7

#69160000
0!
02

#69165000
1!
b1001 &
12
b1001 6
b11 7

#69170000
0!
02

#69175000
1!
b11 &
12
b11 6
b0 7

#69180000
0!
02

#69185000
1!
b110 &
12
b110 6
b1 7

#69190000
0!
02

#69195000
1!
b1100 &
12
b1100 6
b10 7

#69200000
0!
02

#69205000
1!
b1001 &
12
b1001 6
b11 7

#69210000
0!
02

#69215000
1!
b11 &
12
b11 6
b0 7

#69220000
0!
02

#69225000
1!
b110 &
12
b110 6
b1 7

#69230000
0!
02

#69235000
1!
b1100 &
12
b1100 6
b10 7

#69240000
0!
02

#69245000
1!
b1001 &
12
b1001 6
b11 7

#69250000
0!
02

#69255000
1!
b11 &
12
b11 6
b0 7

#69260000
0!
02

#69265000
1!
b110 &
12
b110 6
b1 7

#69270000
0!
02

#69275000
1!
b1100 &
12
b1100 6
b10 7

#69280000
0!
02

#69285000
1!
b1001 &
12
b1001 6
b11 7

#69290000
0!
02

#69295000
1!
b11 &
12
b11 6
b0 7

#69300000
0!
02

#69305000
1!
b110 &
12
b110 6
b1 7

#69310000
0!
02

#69315000
1!
b1100 &
12
b1100 6
b10 7

#69320000
0!
02

#69325000
1!
b1001 &
12
b1001 6
b11 7

#69330000
0!
02

#69335000
1!
b11 &
12
b11 6
b0 7

#69340000
0!
02

#69345000
1!
b110 &
12
b110 6
b1 7

#69350000
0!
02

#69355000
1!
b1100 &
12
b1100 6
b10 7

#69360000
0!
02

#69365000
1!
b1001 &
12
b1001 6
b11 7

#69370000
0!
02

#69375000
1!
b11 &
12
b11 6
b0 7

#69380000
0!
02

#69385000
1!
b110 &
12
b110 6
b1 7

#69390000
0!
02

#69395000
1!
b1100 &
12
b1100 6
b10 7

#69400000
0!
02

#69405000
1!
b1001 &
12
b1001 6
b11 7

#69410000
0!
02

#69415000
1!
b11 &
12
b11 6
b0 7

#69420000
0!
02

#69425000
1!
b110 &
12
b110 6
b1 7

#69430000
0!
02

#69435000
1!
b1100 &
12
b1100 6
b10 7

#69440000
0!
02

#69445000
1!
b1001 &
12
b1001 6
b11 7

#69450000
0!
02

#69455000
1!
b11 &
12
b11 6
b0 7

#69460000
0!
02

#69465000
1!
b110 &
12
b110 6
b1 7

#69470000
0!
02

#69475000
1!
b1100 &
12
b1100 6
b10 7

#69480000
0!
02

#69485000
1!
b1001 &
12
b1001 6
b11 7

#69490000
0!
02

#69495000
1!
b11 &
12
b11 6
b0 7

#69500000
0!
02

#69505000
1!
b110 &
12
b110 6
b1 7

#69510000
0!
02

#69515000
1!
b1100 &
12
b1100 6
b10 7

#69520000
0!
02

#69525000
1!
b1001 &
12
b1001 6
b11 7

#69530000
0!
02

#69535000
1!
b11 &
12
b11 6
b0 7

#69540000
0!
02

#69545000
1!
b110 &
12
b110 6
b1 7

#69550000
0!
02

#69555000
1!
b1100 &
12
b1100 6
b10 7

#69560000
0!
02

#69565000
1!
b1001 &
12
b1001 6
b11 7

#69570000
0!
02

#69575000
1!
b11 &
12
b11 6
b0 7

#69580000
0!
02

#69585000
1!
b110 &
12
b110 6
b1 7

#69590000
0!
02

#69595000
1!
b1100 &
12
b1100 6
b10 7

#69600000
0!
02

#69605000
1!
b1001 &
12
b1001 6
b11 7

#69610000
0!
02

#69615000
1!
b11 &
12
b11 6
b0 7

#69620000
0!
02

#69625000
1!
b110 &
12
b110 6
b1 7

#69630000
0!
02

#69635000
1!
b1100 &
12
b1100 6
b10 7

#69640000
0!
02

#69645000
1!
b1001 &
12
b1001 6
b11 7

#69650000
0!
02

#69655000
1!
b11 &
12
b11 6
b0 7

#69660000
0!
02

#69665000
1!
b110 &
12
b110 6
b1 7

#69670000
0!
02

#69675000
1!
b1100 &
12
b1100 6
b10 7

#69680000
0!
02

#69685000
1!
b1001 &
12
b1001 6
b11 7

#69690000
0!
02

#69695000
1!
b11 &
12
b11 6
b0 7

#69700000
0!
02

#69705000
1!
b110 &
12
b110 6
b1 7

#69710000
0!
02

#69715000
1!
b1100 &
12
b1100 6
b10 7

#69720000
0!
02

#69725000
1!
b1001 &
12
b1001 6
b11 7

#69730000
0!
02

#69735000
1!
b11 &
12
b11 6
b0 7

#69740000
0!
02

#69745000
1!
b110 &
12
b110 6
b1 7

#69750000
0!
02

#69755000
1!
b1100 &
12
b1100 6
b10 7

#69760000
0!
02

#69765000
1!
b1001 &
12
b1001 6
b11 7

#69770000
0!
02

#69775000
1!
b11 &
12
b11 6
b0 7

#69780000
0!
02

#69785000
1!
b110 &
12
b110 6
b1 7

#69790000
0!
02

#69795000
1!
b1100 &
12
b1100 6
b10 7

#69800000
0!
02

#69805000
1!
b1001 &
12
b1001 6
b11 7

#69810000
0!
02

#69815000
1!
b11 &
12
b11 6
b0 7

#69820000
0!
02

#69825000
1!
b110 &
12
b110 6
b1 7

#69830000
0!
02

#69835000
1!
b1100 &
12
b1100 6
b10 7

#69840000
0!
02

#69845000
1!
b1001 &
12
b1001 6
b11 7

#69850000
0!
02

#69855000
1!
b11 &
12
b11 6
b0 7

#69860000
0!
02

#69865000
1!
b110 &
12
b110 6
b1 7

#69870000
0!
02

#69875000
1!
b1100 &
12
b1100 6
b10 7

#69880000
0!
02

#69885000
1!
b1001 &
12
b1001 6
b11 7

#69890000
0!
02

#69895000
1!
b11 &
12
b11 6
b0 7

#69900000
0!
02

#69905000
1!
b110 &
12
b110 6
b1 7

#69910000
0!
02

#69915000
1!
b1100 &
12
b1100 6
b10 7

#69920000
0!
02

#69925000
1!
b1001 &
12
b1001 6
b11 7

#69930000
0!
02

#69935000
1!
b11 &
12
b11 6
b0 7

#69940000
0!
02

#69945000
1!
b110 &
12
b110 6
b1 7

#69950000
0!
02

#69955000
1!
b1100 &
12
b1100 6
b10 7

#69960000
0!
02

#69965000
1!
b1001 &
12
b1001 6
b11 7

#69970000
0!
02

#69975000
1!
b11 &
12
b11 6
b0 7

#69980000
0!
02

#69985000
1!
b110 &
12
b110 6
b1 7

#69990000
0!
02

#69995000
1!
b1100 &
12
b1100 6
b10 7

#70000000
0!
02

#70005000
1!
b1001 &
12
b1001 6
b11 7

#70010000
0!
02

#70015000
1!
b11 &
12
b11 6
b0 7

#70020000
0!
02

#70025000
1!
b110 &
12
b110 6
b1 7

#70030000
0!
02

#70035000
1!
b1100 &
12
b1100 6
b10 7

#70040000
0!
02

#70045000
1!
b1001 &
12
b1001 6
b11 7

#70050000
0!
02

#70055000
1!
b11 &
12
b11 6
b0 7

#70060000
0!
02

#70065000
1!
b110 &
12
b110 6
b1 7

#70070000
0!
02

#70075000
1!
b1100 &
12
b1100 6
b10 7

#70080000
0!
02

#70085000
1!
b1001 &
12
b1001 6
b11 7

#70090000
0!
02

#70095000
1!
b11 &
12
b11 6
b0 7

#70100000
0!
02

#70105000
1!
b110 &
12
b110 6
b1 7

#70110000
0!
02

#70115000
1!
b1100 &
12
b1100 6
b10 7

#70120000
0!
02

#70125000
1!
b1001 &
12
b1001 6
b11 7

#70130000
0!
02

#70135000
1!
b11 &
12
b11 6
b0 7

#70140000
0!
02

#70145000
1!
b110 &
12
b110 6
b1 7

#70150000
0!
02

#70155000
1!
b1100 &
12
b1100 6
b10 7

#70160000
0!
02

#70165000
1!
b1001 &
12
b1001 6
b11 7

#70170000
0!
02

#70175000
1!
b11 &
12
b11 6
b0 7

#70180000
0!
02

#70185000
1!
b110 &
12
b110 6
b1 7

#70190000
0!
02

#70195000
1!
b1100 &
12
b1100 6
b10 7

#70200000
0!
02

#70205000
1!
b1001 &
12
b1001 6
b11 7

#70210000
0!
02

#70215000
1!
b11 &
12
b11 6
b0 7

#70220000
0!
02

#70225000
1!
b110 &
12
b110 6
b1 7

#70230000
0!
02

#70235000
1!
b1100 &
12
b1100 6
b10 7

#70240000
0!
02

#70245000
1!
b1001 &
12
b1001 6
b11 7

#70250000
0!
02

#70255000
1!
b11 &
12
b11 6
b0 7

#70260000
0!
02

#70265000
1!
b110 &
12
b110 6
b1 7

#70270000
0!
02

#70275000
1!
b1100 &
12
b1100 6
b10 7

#70280000
0!
02

#70285000
1!
b1001 &
12
b1001 6
b11 7

#70290000
0!
02

#70295000
1!
b11 &
12
b11 6
b0 7

#70300000
0!
02

#70305000
1!
b110 &
12
b110 6
b1 7

#70310000
0!
02

#70315000
1!
b1100 &
12
b1100 6
b10 7

#70320000
0!
02

#70325000
1!
b1001 &
12
b1001 6
b11 7

#70330000
0!
02

#70335000
1!
b11 &
12
b11 6
b0 7

#70340000
0!
02

#70345000
1!
b110 &
12
b110 6
b1 7

#70350000
0!
02

#70355000
1!
b1100 &
12
b1100 6
b10 7

#70360000
0!
02

#70365000
1!
b1001 &
12
b1001 6
b11 7

#70370000
0!
02

#70375000
1!
b11 &
12
b11 6
b0 7

#70380000
0!
02

#70385000
1!
b110 &
12
b110 6
b1 7

#70390000
0!
02

#70395000
1!
b1100 &
12
b1100 6
b10 7

#70400000
0!
02

#70405000
1!
b1001 &
12
b1001 6
b11 7

#70410000
0!
02

#70415000
1!
b11 &
12
b11 6
b0 7

#70420000
0!
02

#70425000
1!
b110 &
12
b110 6
b1 7

#70430000
0!
02

#70435000
1!
b1100 &
12
b1100 6
b10 7

#70440000
0!
02

#70445000
1!
b1001 &
12
b1001 6
b11 7

#70450000
0!
02

#70455000
1!
b11 &
12
b11 6
b0 7

#70460000
0!
02

#70465000
1!
b110 &
12
b110 6
b1 7

#70470000
0!
02

#70475000
1!
b1100 &
12
b1100 6
b10 7

#70480000
0!
02

#70485000
1!
b1001 &
12
b1001 6
b11 7

#70490000
0!
02

#70495000
1!
b11 &
12
b11 6
b0 7

#70500000
0!
02

#70505000
1!
b110 &
12
b110 6
b1 7

#70510000
0!
02

#70515000
1!
b1100 &
12
b1100 6
b10 7

#70520000
0!
02

#70525000
1!
b1001 &
12
b1001 6
b11 7

#70530000
0!
02

#70535000
1!
b11 &
12
b11 6
b0 7

#70540000
0!
02

#70545000
1!
b110 &
12
b110 6
b1 7

#70550000
0!
02

#70555000
1!
b1100 &
12
b1100 6
b10 7

#70560000
0!
02

#70565000
1!
b1001 &
12
b1001 6
b11 7

#70570000
0!
02

#70575000
1!
b11 &
12
b11 6
b0 7

#70580000
0!
02

#70585000
1!
b110 &
12
b110 6
b1 7

#70590000
0!
02

#70595000
1!
b1100 &
12
b1100 6
b10 7

#70600000
0!
02

#70605000
1!
b1001 &
12
b1001 6
b11 7

#70610000
0!
02

#70615000
1!
b11 &
12
b11 6
b0 7

#70620000
0!
02

#70625000
1!
b110 &
12
b110 6
b1 7

#70630000
0!
02

#70635000
1!
b1100 &
12
b1100 6
b10 7

#70640000
0!
02

#70645000
1!
b1001 &
12
b1001 6
b11 7

#70650000
0!
02

#70655000
1!
b11 &
12
b11 6
b0 7

#70660000
0!
02

#70665000
1!
b110 &
12
b110 6
b1 7

#70670000
0!
02

#70675000
1!
b1100 &
12
b1100 6
b10 7

#70680000
0!
02

#70685000
1!
b1001 &
12
b1001 6
b11 7

#70690000
0!
02

#70695000
1!
b11 &
12
b11 6
b0 7

#70700000
0!
02

#70705000
1!
b110 &
12
b110 6
b1 7

#70710000
0!
02

#70715000
1!
b1100 &
12
b1100 6
b10 7

#70720000
0!
02

#70725000
1!
b1001 &
12
b1001 6
b11 7

#70730000
0!
02

#70735000
1!
b11 &
12
b11 6
b0 7

#70740000
0!
02

#70745000
1!
b110 &
12
b110 6
b1 7

#70750000
0!
02

#70755000
1!
b1100 &
12
b1100 6
b10 7

#70760000
0!
02

#70765000
1!
b1001 &
12
b1001 6
b11 7

#70770000
0!
02

#70775000
1!
b11 &
12
b11 6
b0 7

#70780000
0!
02

#70785000
1!
b110 &
12
b110 6
b1 7

#70790000
0!
02

#70795000
1!
b1100 &
12
b1100 6
b10 7

#70800000
0!
02

#70805000
1!
b1001 &
12
b1001 6
b11 7

#70810000
0!
02

#70815000
1!
b11 &
12
b11 6
b0 7

#70820000
0!
02

#70825000
1!
b110 &
12
b110 6
b1 7

#70830000
0!
02

#70835000
1!
b1100 &
12
b1100 6
b10 7

#70840000
0!
02

#70845000
1!
b1001 &
12
b1001 6
b11 7

#70850000
0!
02

#70855000
1!
b11 &
12
b11 6
b0 7

#70860000
0!
02

#70865000
1!
b110 &
12
b110 6
b1 7

#70870000
0!
02

#70875000
1!
b1100 &
12
b1100 6
b10 7

#70880000
0!
02

#70885000
1!
b1001 &
12
b1001 6
b11 7

#70890000
0!
02

#70895000
1!
b11 &
12
b11 6
b0 7

#70900000
0!
02

#70905000
1!
b110 &
12
b110 6
b1 7

#70910000
0!
02

#70915000
1!
b1100 &
12
b1100 6
b10 7

#70920000
0!
02

#70925000
1!
b1001 &
12
b1001 6
b11 7

#70930000
0!
02

#70935000
1!
b11 &
12
b11 6
b0 7

#70940000
0!
02

#70945000
1!
b110 &
12
b110 6
b1 7

#70950000
0!
02

#70955000
1!
b1100 &
12
b1100 6
b10 7

#70960000
0!
02

#70965000
1!
b1001 &
12
b1001 6
b11 7

#70970000
0!
02

#70975000
1!
b11 &
12
b11 6
b0 7

#70980000
0!
02

#70985000
1!
b110 &
12
b110 6
b1 7

#70990000
0!
02

#70995000
1!
b1100 &
12
b1100 6
b10 7

#71000000
0!
02

#71005000
1!
b1001 &
12
b1001 6
b11 7

#71010000
0!
02

#71015000
1!
b11 &
12
b11 6
b0 7

#71020000
0!
02

#71025000
1!
b110 &
12
b110 6
b1 7

#71030000
0!
02

#71035000
1!
b1100 &
12
b1100 6
b10 7

#71040000
0!
02

#71045000
1!
b1001 &
12
b1001 6
b11 7

#71050000
0!
02

#71055000
1!
b11 &
12
b11 6
b0 7

#71060000
0!
02

#71065000
1!
b110 &
12
b110 6
b1 7

#71070000
0!
02

#71075000
1!
b1100 &
12
b1100 6
b10 7

#71080000
0!
02

#71085000
1!
b1001 &
12
b1001 6
b11 7

#71090000
0!
02

#71095000
1!
b11 &
12
b11 6
b0 7

#71100000
0!
02

#71105000
1!
b110 &
12
b110 6
b1 7

#71110000
0!
02

#71115000
1!
b1100 &
12
b1100 6
b10 7

#71120000
0!
02

#71125000
1!
b1001 &
12
b1001 6
b11 7

#71130000
0!
02

#71135000
1!
b11 &
12
b11 6
b0 7

#71140000
0!
02

#71145000
1!
b110 &
12
b110 6
b1 7

#71150000
0!
02

#71155000
1!
b1100 &
12
b1100 6
b10 7

#71160000
0!
02

#71165000
1!
b1001 &
12
b1001 6
b11 7

#71170000
0!
02

#71175000
1!
b11 &
12
b11 6
b0 7

#71180000
0!
02

#71185000
1!
b110 &
12
b110 6
b1 7

#71190000
0!
02

#71195000
1!
b1100 &
12
b1100 6
b10 7

#71200000
0!
02

#71205000
1!
b1001 &
12
b1001 6
b11 7

#71210000
0!
02

#71215000
1!
b11 &
12
b11 6
b0 7

#71220000
0!
02

#71225000
1!
b110 &
12
b110 6
b1 7

#71230000
0!
02

#71235000
1!
b1100 &
12
b1100 6
b10 7

#71240000
0!
02

#71245000
1!
b1001 &
12
b1001 6
b11 7

#71250000
0!
02

#71255000
1!
b11 &
12
b11 6
b0 7

#71260000
0!
02

#71265000
1!
b110 &
12
b110 6
b1 7

#71270000
0!
02

#71275000
1!
b1100 &
12
b1100 6
b10 7

#71280000
0!
02

#71285000
1!
b1001 &
12
b1001 6
b11 7

#71290000
0!
02

#71295000
1!
b11 &
12
b11 6
b0 7

#71300000
0!
02

#71305000
1!
b110 &
12
b110 6
b1 7

#71310000
0!
02

#71315000
1!
b1100 &
12
b1100 6
b10 7

#71320000
0!
02

#71325000
1!
b1001 &
12
b1001 6
b11 7

#71330000
0!
02

#71335000
1!
b11 &
12
b11 6
b0 7

#71340000
0!
02

#71345000
1!
b110 &
12
b110 6
b1 7

#71350000
0!
02

#71355000
1!
b1100 &
12
b1100 6
b10 7

#71360000
0!
02

#71365000
1!
b1001 &
12
b1001 6
b11 7

#71370000
0!
02

#71375000
1!
b11 &
12
b11 6
b0 7

#71380000
0!
02

#71385000
1!
b110 &
12
b110 6
b1 7

#71390000
0!
02

#71395000
1!
b1100 &
12
b1100 6
b10 7

#71400000
0!
02

#71405000
1!
b1001 &
12
b1001 6
b11 7

#71410000
0!
02

#71415000
1!
b11 &
12
b11 6
b0 7

#71420000
0!
02

#71425000
1!
b110 &
12
b110 6
b1 7

#71430000
0!
02

#71435000
1!
b1100 &
12
b1100 6
b10 7

#71440000
0!
02

#71445000
1!
b1001 &
12
b1001 6
b11 7

#71450000
0!
02

#71455000
1!
b11 &
12
b11 6
b0 7

#71460000
0!
02

#71465000
1!
b110 &
12
b110 6
b1 7

#71470000
0!
02

#71475000
1!
b1100 &
12
b1100 6
b10 7

#71480000
0!
02

#71485000
1!
b1001 &
12
b1001 6
b11 7

#71490000
0!
02

#71495000
1!
b11 &
12
b11 6
b0 7

#71500000
0!
02

#71505000
1!
b110 &
12
b110 6
b1 7

#71510000
0!
02

#71515000
1!
b1100 &
12
b1100 6
b10 7

#71520000
0!
02

#71525000
1!
b1001 &
12
b1001 6
b11 7

#71530000
0!
02

#71535000
1!
b11 &
12
b11 6
b0 7

#71540000
0!
02

#71545000
1!
b110 &
12
b110 6
b1 7

#71550000
0!
02

#71555000
1!
b1100 &
12
b1100 6
b10 7

#71560000
0!
02

#71565000
1!
b1001 &
12
b1001 6
b11 7

#71570000
0!
02

#71575000
1!
b11 &
12
b11 6
b0 7

#71580000
0!
02

#71585000
1!
b110 &
12
b110 6
b1 7

#71590000
0!
02

#71595000
1!
b1100 &
12
b1100 6
b10 7

#71600000
0!
02

#71605000
1!
b1001 &
12
b1001 6
b11 7

#71610000
0!
02

#71615000
1!
b11 &
12
b11 6
b0 7

#71620000
0!
02

#71625000
1!
b110 &
12
b110 6
b1 7

#71630000
0!
02

#71635000
1!
b1100 &
12
b1100 6
b10 7

#71640000
0!
02

#71645000
1!
b1001 &
12
b1001 6
b11 7

#71650000
0!
02

#71655000
1!
b11 &
12
b11 6
b0 7

#71660000
0!
02

#71665000
1!
b110 &
12
b110 6
b1 7

#71670000
0!
02

#71675000
1!
b1100 &
12
b1100 6
b10 7

#71680000
0!
02

#71685000
1!
b1001 &
12
b1001 6
b11 7

#71690000
0!
02

#71695000
1!
b11 &
12
b11 6
b0 7

#71700000
0!
02

#71705000
1!
b110 &
12
b110 6
b1 7

#71710000
0!
02

#71715000
1!
b1100 &
12
b1100 6
b10 7

#71720000
0!
02

#71725000
1!
b1001 &
12
b1001 6
b11 7

#71730000
0!
02

#71735000
1!
b11 &
12
b11 6
b0 7

#71740000
0!
02

#71745000
1!
b110 &
12
b110 6
b1 7

#71750000
0!
02

#71755000
1!
b1100 &
12
b1100 6
b10 7

#71760000
0!
02

#71765000
1!
b1001 &
12
b1001 6
b11 7

#71770000
0!
02

#71775000
1!
b11 &
12
b11 6
b0 7

#71780000
0!
02

#71785000
1!
b110 &
12
b110 6
b1 7

#71790000
0!
02

#71795000
1!
b1100 &
12
b1100 6
b10 7

#71800000
0!
02

#71805000
1!
b1001 &
12
b1001 6
b11 7

#71810000
0!
02

#71815000
1!
b11 &
12
b11 6
b0 7

#71820000
0!
02

#71825000
1!
b110 &
12
b110 6
b1 7

#71830000
0!
02

#71835000
1!
b1100 &
12
b1100 6
b10 7

#71840000
0!
02

#71845000
1!
b1001 &
12
b1001 6
b11 7

#71850000
0!
02

#71855000
1!
b11 &
12
b11 6
b0 7

#71860000
0!
02

#71865000
1!
b110 &
12
b110 6
b1 7

#71870000
0!
02

#71875000
1!
b1100 &
12
b1100 6
b10 7

#71880000
0!
02

#71885000
1!
b1001 &
12
b1001 6
b11 7

#71890000
0!
02

#71895000
1!
b11 &
12
b11 6
b0 7

#71900000
0!
02

#71905000
1!
b110 &
12
b110 6
b1 7

#71910000
0!
02

#71915000
1!
b1100 &
12
b1100 6
b10 7

#71920000
0!
02

#71925000
1!
b1001 &
12
b1001 6
b11 7

#71930000
0!
02

#71935000
1!
b11 &
12
b11 6
b0 7

#71940000
0!
02

#71945000
1!
b110 &
12
b110 6
b1 7

#71950000
0!
02

#71955000
1!
b1100 &
12
b1100 6
b10 7

#71960000
0!
02

#71965000
1!
b1001 &
12
b1001 6
b11 7

#71970000
0!
02

#71975000
1!
b11 &
12
b11 6
b0 7

#71980000
0!
02

#71985000
1!
b110 &
12
b110 6
b1 7

#71990000
0!
02

#71995000
1!
b1100 &
12
b1100 6
b10 7

#72000000
0!
02

#72005000
1!
b1001 &
12
b1001 6
b11 7

#72010000
0!
02

#72015000
1!
b11 &
12
b11 6
b0 7

#72020000
0!
02

#72025000
1!
b110 &
12
b110 6
b1 7

#72030000
0!
02

#72035000
1!
b1100 &
12
b1100 6
b10 7

#72040000
0!
02

#72045000
1!
b1001 &
12
b1001 6
b11 7

#72050000
0!
02

#72055000
1!
b11 &
12
b11 6
b0 7

#72060000
0!
02

#72065000
1!
b110 &
12
b110 6
b1 7

#72070000
0!
02

#72075000
1!
b1100 &
12
b1100 6
b10 7

#72080000
0!
02

#72085000
1!
b1001 &
12
b1001 6
b11 7

#72090000
0!
02

#72095000
1!
b11 &
12
b11 6
b0 7

#72100000
0!
02

#72105000
1!
b110 &
12
b110 6
b1 7

#72110000
0!
02

#72115000
1!
b1100 &
12
b1100 6
b10 7

#72120000
0!
02

#72125000
1!
b1001 &
12
b1001 6
b11 7

#72130000
0!
02

#72135000
1!
b11 &
12
b11 6
b0 7

#72140000
0!
02

#72145000
1!
b110 &
12
b110 6
b1 7

#72150000
0!
02

#72155000
1!
b1100 &
12
b1100 6
b10 7

#72160000
0!
02

#72165000
1!
b1001 &
12
b1001 6
b11 7

#72170000
0!
02

#72175000
1!
b11 &
12
b11 6
b0 7

#72180000
0!
02

#72185000
1!
b110 &
12
b110 6
b1 7

#72190000
0!
02

#72195000
1!
b1100 &
12
b1100 6
b10 7

#72200000
0!
02

#72205000
1!
b1001 &
12
b1001 6
b11 7

#72210000
0!
02

#72215000
1!
b11 &
12
b11 6
b0 7

#72220000
0!
02

#72225000
1!
b110 &
12
b110 6
b1 7

#72230000
0!
02

#72235000
1!
b1100 &
12
b1100 6
b10 7

#72240000
0!
02

#72245000
1!
b1001 &
12
b1001 6
b11 7

#72250000
0!
02

#72255000
1!
b11 &
12
b11 6
b0 7

#72260000
0!
02

#72265000
1!
b110 &
12
b110 6
b1 7

#72270000
0!
02

#72275000
1!
b1100 &
12
b1100 6
b10 7

#72280000
0!
02

#72285000
1!
b1001 &
12
b1001 6
b11 7

#72290000
0!
02

#72295000
1!
b11 &
12
b11 6
b0 7

#72300000
0!
02

#72305000
1!
b110 &
12
b110 6
b1 7

#72310000
0!
02

#72315000
1!
b1100 &
12
b1100 6
b10 7

#72320000
0!
02

#72325000
1!
b1001 &
12
b1001 6
b11 7

#72330000
0!
02

#72335000
1!
b11 &
12
b11 6
b0 7

#72340000
0!
02

#72345000
1!
b110 &
12
b110 6
b1 7

#72350000
0!
02

#72355000
1!
b1100 &
12
b1100 6
b10 7

#72360000
0!
02

#72365000
1!
b1001 &
12
b1001 6
b11 7

#72370000
0!
02

#72375000
1!
b11 &
12
b11 6
b0 7

#72380000
0!
02

#72385000
1!
b110 &
12
b110 6
b1 7

#72390000
0!
02

#72395000
1!
b1100 &
12
b1100 6
b10 7

#72400000
0!
02

#72405000
1!
b1001 &
12
b1001 6
b11 7

#72410000
0!
02

#72415000
1!
b11 &
12
b11 6
b0 7

#72420000
0!
02

#72425000
1!
b110 &
12
b110 6
b1 7

#72430000
0!
02

#72435000
1!
b1100 &
12
b1100 6
b10 7

#72440000
0!
02

#72445000
1!
b1001 &
12
b1001 6
b11 7

#72450000
0!
02

#72455000
1!
b11 &
12
b11 6
b0 7

#72460000
0!
02

#72465000
1!
b110 &
12
b110 6
b1 7

#72470000
0!
02

#72475000
1!
b1100 &
12
b1100 6
b10 7

#72480000
0!
02

#72485000
1!
b1001 &
12
b1001 6
b11 7

#72490000
0!
02

#72495000
1!
b11 &
12
b11 6
b0 7

#72500000
0!
02

#72505000
1!
b110 &
12
b110 6
b1 7

#72510000
0!
02

#72515000
1!
b1100 &
12
b1100 6
b10 7

#72520000
0!
02

#72525000
1!
b1001 &
12
b1001 6
b11 7

#72530000
0!
02

#72535000
1!
b11 &
12
b11 6
b0 7

#72540000
0!
02

#72545000
1!
b110 &
12
b110 6
b1 7

#72550000
0!
02

#72555000
1!
b1100 &
12
b1100 6
b10 7

#72560000
0!
02

#72565000
1!
b1001 &
12
b1001 6
b11 7

#72570000
0!
02

#72575000
1!
b11 &
12
b11 6
b0 7

#72580000
0!
02

#72585000
1!
b110 &
12
b110 6
b1 7

#72590000
0!
02

#72595000
1!
b1100 &
12
b1100 6
b10 7

#72600000
0!
02

#72605000
1!
b1001 &
12
b1001 6
b11 7

#72610000
0!
02

#72615000
1!
b11 &
12
b11 6
b0 7

#72620000
0!
02

#72625000
1!
b110 &
12
b110 6
b1 7

#72630000
0!
02

#72635000
1!
b1100 &
12
b1100 6
b10 7

#72640000
0!
02

#72645000
1!
b1001 &
12
b1001 6
b11 7

#72650000
0!
02

#72655000
1!
b11 &
12
b11 6
b0 7

#72660000
0!
02

#72665000
1!
b110 &
12
b110 6
b1 7

#72670000
0!
02

#72675000
1!
b1100 &
12
b1100 6
b10 7

#72680000
0!
02

#72685000
1!
b1001 &
12
b1001 6
b11 7

#72690000
0!
02

#72695000
1!
b11 &
12
b11 6
b0 7

#72700000
0!
02

#72705000
1!
b110 &
12
b110 6
b1 7

#72710000
0!
02

#72715000
1!
b1100 &
12
b1100 6
b10 7

#72720000
0!
02

#72725000
1!
b1001 &
12
b1001 6
b11 7

#72730000
0!
02

#72735000
1!
b11 &
12
b11 6
b0 7

#72740000
0!
02

#72745000
1!
b110 &
12
b110 6
b1 7

#72750000
0!
02

#72755000
1!
b1100 &
12
b1100 6
b10 7

#72760000
0!
02

#72765000
1!
b1001 &
12
b1001 6
b11 7

#72770000
0!
02

#72775000
1!
b11 &
12
b11 6
b0 7

#72780000
0!
02

#72785000
1!
b110 &
12
b110 6
b1 7

#72790000
0!
02

#72795000
1!
b1100 &
12
b1100 6
b10 7

#72800000
0!
02

#72805000
1!
b1001 &
12
b1001 6
b11 7

#72810000
0!
02

#72815000
1!
b11 &
12
b11 6
b0 7

#72820000
0!
02

#72825000
1!
b110 &
12
b110 6
b1 7

#72830000
0!
02

#72835000
1!
b1100 &
12
b1100 6
b10 7

#72840000
0!
02

#72845000
1!
b1001 &
12
b1001 6
b11 7

#72850000
0!
02

#72855000
1!
b11 &
12
b11 6
b0 7

#72860000
0!
02

#72865000
1!
b110 &
12
b110 6
b1 7

#72870000
0!
02

#72875000
1!
b1100 &
12
b1100 6
b10 7

#72880000
0!
02

#72885000
1!
b1001 &
12
b1001 6
b11 7

#72890000
0!
02

#72895000
1!
b11 &
12
b11 6
b0 7

#72900000
0!
02

#72905000
1!
b110 &
12
b110 6
b1 7

#72910000
0!
02

#72915000
1!
b1100 &
12
b1100 6
b10 7

#72920000
0!
02

#72925000
1!
b1001 &
12
b1001 6
b11 7

#72930000
0!
02

#72935000
1!
b11 &
12
b11 6
b0 7

#72940000
0!
02

#72945000
1!
b110 &
12
b110 6
b1 7

#72950000
0!
02

#72955000
1!
b1100 &
12
b1100 6
b10 7

#72960000
0!
02

#72965000
1!
b1001 &
12
b1001 6
b11 7

#72970000
0!
02

#72975000
1!
b11 &
12
b11 6
b0 7

#72980000
0!
02

#72985000
1!
b110 &
12
b110 6
b1 7

#72990000
0!
02

#72995000
1!
b1100 &
12
b1100 6
b10 7

#73000000
0!
02

#73005000
1!
b1001 &
12
b1001 6
b11 7

#73010000
0!
02

#73015000
1!
b11 &
12
b11 6
b0 7

#73020000
0!
02

#73025000
1!
b110 &
12
b110 6
b1 7

#73030000
0!
02

#73035000
1!
b1100 &
12
b1100 6
b10 7

#73040000
0!
02

#73045000
1!
b1001 &
12
b1001 6
b11 7

#73050000
0!
02

#73055000
1!
b11 &
12
b11 6
b0 7

#73060000
0!
02

#73065000
1!
b110 &
12
b110 6
b1 7

#73070000
0!
02

#73075000
1!
b1100 &
12
b1100 6
b10 7

#73080000
0!
02

#73085000
1!
b1001 &
12
b1001 6
b11 7

#73090000
0!
02

#73095000
1!
b11 &
12
b11 6
b0 7

#73100000
0!
02

#73105000
1!
b110 &
12
b110 6
b1 7

#73110000
0!
02

#73115000
1!
b1100 &
12
b1100 6
b10 7

#73120000
0!
02

#73125000
1!
b1001 &
12
b1001 6
b11 7

#73130000
0!
02

#73135000
1!
b11 &
12
b11 6
b0 7

#73140000
0!
02

#73145000
1!
b110 &
12
b110 6
b1 7

#73150000
0!
02

#73155000
1!
b1100 &
12
b1100 6
b10 7

#73160000
0!
02

#73165000
1!
b1001 &
12
b1001 6
b11 7

#73170000
0!
02

#73175000
1!
b11 &
12
b11 6
b0 7

#73180000
0!
02

#73185000
1!
b110 &
12
b110 6
b1 7

#73190000
0!
02

#73195000
1!
b1100 &
12
b1100 6
b10 7

#73200000
0!
02

#73205000
1!
b1001 &
12
b1001 6
b11 7

#73210000
0!
02

#73215000
1!
b11 &
12
b11 6
b0 7

#73220000
0!
02

#73225000
1!
b110 &
12
b110 6
b1 7

#73230000
0!
02

#73235000
1!
b1100 &
12
b1100 6
b10 7

#73240000
0!
02

#73245000
1!
b1001 &
12
b1001 6
b11 7

#73250000
0!
02

#73255000
1!
b11 &
12
b11 6
b0 7

#73260000
0!
02

#73265000
1!
b110 &
12
b110 6
b1 7

#73270000
0!
02

#73275000
1!
b1100 &
12
b1100 6
b10 7

#73280000
0!
02

#73285000
1!
b1001 &
12
b1001 6
b11 7

#73290000
0!
02

#73295000
1!
b11 &
12
b11 6
b0 7

#73300000
0!
02

#73305000
1!
b110 &
12
b110 6
b1 7

#73310000
0!
02

#73315000
1!
b1100 &
12
b1100 6
b10 7

#73320000
0!
02

#73325000
1!
b1001 &
12
b1001 6
b11 7

#73330000
0!
02

#73335000
1!
b11 &
12
b11 6
b0 7

#73340000
0!
02

#73345000
1!
b110 &
12
b110 6
b1 7

#73350000
0!
02

#73355000
1!
b1100 &
12
b1100 6
b10 7

#73360000
0!
02

#73365000
1!
b1001 &
12
b1001 6
b11 7

#73370000
0!
02

#73375000
1!
b11 &
12
b11 6
b0 7

#73380000
0!
02

#73385000
1!
b110 &
12
b110 6
b1 7

#73390000
0!
02

#73395000
1!
b1100 &
12
b1100 6
b10 7

#73400000
0!
02

#73405000
1!
b1001 &
12
b1001 6
b11 7

#73410000
0!
02

#73415000
1!
b11 &
12
b11 6
b0 7

#73420000
0!
02

#73425000
1!
b110 &
12
b110 6
b1 7

#73430000
0!
02

#73435000
1!
b1100 &
12
b1100 6
b10 7

#73440000
0!
02

#73445000
1!
b1001 &
12
b1001 6
b11 7

#73450000
0!
02

#73455000
1!
b11 &
12
b11 6
b0 7

#73460000
0!
02

#73465000
1!
b110 &
12
b110 6
b1 7

#73470000
0!
02

#73475000
1!
b1100 &
12
b1100 6
b10 7

#73480000
0!
02

#73485000
1!
b1001 &
12
b1001 6
b11 7

#73490000
0!
02

#73495000
1!
b11 &
12
b11 6
b0 7

#73500000
0!
02

#73505000
1!
b110 &
12
b110 6
b1 7

#73510000
0!
02

#73515000
1!
b1100 &
12
b1100 6
b10 7

#73520000
0!
02

#73525000
1!
b1001 &
12
b1001 6
b11 7

#73530000
0!
02

#73535000
1!
b11 &
12
b11 6
b0 7

#73540000
0!
02

#73545000
1!
b110 &
12
b110 6
b1 7

#73550000
0!
02

#73555000
1!
b1100 &
12
b1100 6
b10 7

#73560000
0!
02

#73565000
1!
b1001 &
12
b1001 6
b11 7

#73570000
0!
02

#73575000
1!
b11 &
12
b11 6
b0 7

#73580000
0!
02

#73585000
1!
b110 &
12
b110 6
b1 7

#73590000
0!
02

#73595000
1!
b1100 &
12
b1100 6
b10 7

#73600000
0!
02

#73605000
1!
b1001 &
12
b1001 6
b11 7

#73610000
0!
02

#73615000
1!
b11 &
12
b11 6
b0 7

#73620000
0!
02

#73625000
1!
b110 &
12
b110 6
b1 7

#73630000
0!
02

#73635000
1!
b1100 &
12
b1100 6
b10 7

#73640000
0!
02

#73645000
1!
b1001 &
12
b1001 6
b11 7

#73650000
0!
02

#73655000
1!
b11 &
12
b11 6
b0 7

#73660000
0!
02

#73665000
1!
b110 &
12
b110 6
b1 7

#73670000
0!
02

#73675000
1!
b1100 &
12
b1100 6
b10 7

#73680000
0!
02

#73685000
1!
b1001 &
12
b1001 6
b11 7

#73690000
0!
02

#73695000
1!
b11 &
12
b11 6
b0 7

#73700000
0!
02

#73705000
1!
b110 &
12
b110 6
b1 7

#73710000
0!
02

#73715000
1!
b1100 &
12
b1100 6
b10 7

#73720000
0!
02

#73725000
1!
b1001 &
12
b1001 6
b11 7

#73730000
0!
02

#73735000
1!
b11 &
12
b11 6
b0 7

#73740000
0!
02

#73745000
1!
b110 &
12
b110 6
b1 7

#73750000
0!
02

#73755000
1!
b1100 &
12
b1100 6
b10 7

#73760000
0!
02

#73765000
1!
b1001 &
12
b1001 6
b11 7

#73770000
0!
02

#73775000
1!
b11 &
12
b11 6
b0 7

#73780000
0!
02

#73785000
1!
b110 &
12
b110 6
b1 7

#73790000
0!
02

#73795000
1!
b1100 &
12
b1100 6
b10 7

#73800000
0!
02

#73805000
1!
b1001 &
12
b1001 6
b11 7

#73810000
0!
02

#73815000
1!
b11 &
12
b11 6
b0 7

#73820000
0!
02

#73825000
1!
b110 &
12
b110 6
b1 7

#73830000
0!
02

#73835000
1!
b1100 &
12
b1100 6
b10 7

#73840000
0!
02

#73845000
1!
b1001 &
12
b1001 6
b11 7

#73850000
0!
02

#73855000
1!
b11 &
12
b11 6
b0 7

#73860000
0!
02

#73865000
1!
b110 &
12
b110 6
b1 7

#73870000
0!
02

#73875000
1!
b1100 &
12
b1100 6
b10 7

#73880000
0!
02

#73885000
1!
b1001 &
12
b1001 6
b11 7

#73890000
0!
02

#73895000
1!
b11 &
12
b11 6
b0 7

#73900000
0!
02

#73905000
1!
b110 &
12
b110 6
b1 7

#73910000
0!
02

#73915000
1!
b1100 &
12
b1100 6
b10 7

#73920000
0!
02

#73925000
1!
b1001 &
12
b1001 6
b11 7

#73930000
0!
02

#73935000
1!
b11 &
12
b11 6
b0 7

#73940000
0!
02

#73945000
1!
b110 &
12
b110 6
b1 7

#73950000
0!
02

#73955000
1!
b1100 &
12
b1100 6
b10 7

#73960000
0!
02

#73965000
1!
b1001 &
12
b1001 6
b11 7

#73970000
0!
02

#73975000
1!
b11 &
12
b11 6
b0 7

#73980000
0!
02

#73985000
1!
b110 &
12
b110 6
b1 7

#73990000
0!
02

#73995000
1!
b1100 &
12
b1100 6
b10 7

#74000000
0!
02

#74005000
1!
b1001 &
12
b1001 6
b11 7

#74010000
0!
02

#74015000
1!
b11 &
12
b11 6
b0 7

#74020000
0!
02

#74025000
1!
b110 &
12
b110 6
b1 7

#74030000
0!
02

#74035000
1!
b1100 &
12
b1100 6
b10 7

#74040000
0!
02

#74045000
1!
b1001 &
12
b1001 6
b11 7

#74050000
0!
02

#74055000
1!
b11 &
12
b11 6
b0 7

#74060000
0!
02

#74065000
1!
b110 &
12
b110 6
b1 7

#74070000
0!
02

#74075000
1!
b1100 &
12
b1100 6
b10 7

#74080000
0!
02

#74085000
1!
b1001 &
12
b1001 6
b11 7

#74090000
0!
02

#74095000
1!
b11 &
12
b11 6
b0 7

#74100000
0!
02

#74105000
1!
b110 &
12
b110 6
b1 7

#74110000
0!
02

#74115000
1!
b1100 &
12
b1100 6
b10 7

#74120000
0!
02

#74125000
1!
b1001 &
12
b1001 6
b11 7

#74130000
0!
02

#74135000
1!
b11 &
12
b11 6
b0 7

#74140000
0!
02

#74145000
1!
b110 &
12
b110 6
b1 7

#74150000
0!
02

#74155000
1!
b1100 &
12
b1100 6
b10 7

#74160000
0!
02

#74165000
1!
b1001 &
12
b1001 6
b11 7

#74170000
0!
02

#74175000
1!
b11 &
12
b11 6
b0 7

#74180000
0!
02

#74185000
1!
b110 &
12
b110 6
b1 7

#74190000
0!
02

#74195000
1!
b1100 &
12
b1100 6
b10 7

#74200000
0!
02

#74205000
1!
b1001 &
12
b1001 6
b11 7

#74210000
0!
02

#74215000
1!
b11 &
12
b11 6
b0 7

#74220000
0!
02

#74225000
1!
b110 &
12
b110 6
b1 7

#74230000
0!
02

#74235000
1!
b1100 &
12
b1100 6
b10 7

#74240000
0!
02

#74245000
1!
b1001 &
12
b1001 6
b11 7

#74250000
0!
02

#74255000
1!
b11 &
12
b11 6
b0 7

#74260000
0!
02

#74265000
1!
b110 &
12
b110 6
b1 7

#74270000
0!
02

#74275000
1!
b1100 &
12
b1100 6
b10 7

#74280000
0!
02

#74285000
1!
b1001 &
12
b1001 6
b11 7

#74290000
0!
02

#74295000
1!
b11 &
12
b11 6
b0 7

#74300000
0!
02

#74305000
1!
b110 &
12
b110 6
b1 7

#74310000
0!
02

#74315000
1!
b1100 &
12
b1100 6
b10 7

#74320000
0!
02

#74325000
1!
b1001 &
12
b1001 6
b11 7

#74330000
0!
02

#74335000
1!
b11 &
12
b11 6
b0 7

#74340000
0!
02

#74345000
1!
b110 &
12
b110 6
b1 7

#74350000
0!
02

#74355000
1!
b1100 &
12
b1100 6
b10 7

#74360000
0!
02

#74365000
1!
b1001 &
12
b1001 6
b11 7

#74370000
0!
02

#74375000
1!
b11 &
12
b11 6
b0 7

#74380000
0!
02

#74385000
1!
b110 &
12
b110 6
b1 7

#74390000
0!
02

#74395000
1!
b1100 &
12
b1100 6
b10 7

#74400000
0!
02

#74405000
1!
b1001 &
12
b1001 6
b11 7

#74410000
0!
02

#74415000
1!
b11 &
12
b11 6
b0 7

#74420000
0!
02

#74425000
1!
b110 &
12
b110 6
b1 7

#74430000
0!
02

#74435000
1!
b1100 &
12
b1100 6
b10 7

#74440000
0!
02

#74445000
1!
b1001 &
12
b1001 6
b11 7

#74450000
0!
02

#74455000
1!
b11 &
12
b11 6
b0 7

#74460000
0!
02

#74465000
1!
b110 &
12
b110 6
b1 7

#74470000
0!
02

#74475000
1!
b1100 &
12
b1100 6
b10 7

#74480000
0!
02

#74485000
1!
b1001 &
12
b1001 6
b11 7

#74490000
0!
02

#74495000
1!
b11 &
12
b11 6
b0 7

#74500000
0!
02

#74505000
1!
b110 &
12
b110 6
b1 7

#74510000
0!
02

#74515000
1!
b1100 &
12
b1100 6
b10 7

#74520000
0!
02

#74525000
1!
b1001 &
12
b1001 6
b11 7

#74530000
0!
02

#74535000
1!
b11 &
12
b11 6
b0 7

#74540000
0!
02

#74545000
1!
b110 &
12
b110 6
b1 7

#74550000
0!
02

#74555000
1!
b1100 &
12
b1100 6
b10 7

#74560000
0!
02

#74565000
1!
b1001 &
12
b1001 6
b11 7

#74570000
0!
02

#74575000
1!
b11 &
12
b11 6
b0 7

#74580000
0!
02

#74585000
1!
b110 &
12
b110 6
b1 7

#74590000
0!
02

#74595000
1!
b1100 &
12
b1100 6
b10 7

#74600000
0!
02

#74605000
1!
b1001 &
12
b1001 6
b11 7

#74610000
0!
02

#74615000
1!
b11 &
12
b11 6
b0 7

#74620000
0!
02

#74625000
1!
b110 &
12
b110 6
b1 7

#74630000
0!
02

#74635000
1!
b1100 &
12
b1100 6
b10 7

#74640000
0!
02

#74645000
1!
b1001 &
12
b1001 6
b11 7

#74650000
0!
02

#74655000
1!
b11 &
12
b11 6
b0 7

#74660000
0!
02

#74665000
1!
b110 &
12
b110 6
b1 7

#74670000
0!
02

#74675000
1!
b1100 &
12
b1100 6
b10 7

#74680000
0!
02

#74685000
1!
b1001 &
12
b1001 6
b11 7

#74690000
0!
02

#74695000
1!
b11 &
12
b11 6
b0 7

#74700000
0!
02

#74705000
1!
b110 &
12
b110 6
b1 7

#74710000
0!
02

#74715000
1!
b1100 &
12
b1100 6
b10 7

#74720000
0!
02

#74725000
1!
b1001 &
12
b1001 6
b11 7

#74730000
0!
02

#74735000
1!
b11 &
12
b11 6
b0 7

#74740000
0!
02

#74745000
1!
b110 &
12
b110 6
b1 7

#74750000
0!
02

#74755000
1!
b1100 &
12
b1100 6
b10 7

#74760000
0!
02

#74765000
1!
b1001 &
12
b1001 6
b11 7

#74770000
0!
02

#74775000
1!
b11 &
12
b11 6
b0 7

#74780000
0!
02

#74785000
1!
b110 &
12
b110 6
b1 7

#74790000
0!
02

#74795000
1!
b1100 &
12
b1100 6
b10 7

#74800000
0!
02

#74805000
1!
b1001 &
12
b1001 6
b11 7

#74810000
0!
02

#74815000
1!
b11 &
12
b11 6
b0 7

#74820000
0!
02

#74825000
1!
b110 &
12
b110 6
b1 7

#74830000
0!
02

#74835000
1!
b1100 &
12
b1100 6
b10 7

#74840000
0!
02

#74845000
1!
b1001 &
12
b1001 6
b11 7

#74850000
0!
02

#74855000
1!
b11 &
12
b11 6
b0 7

#74860000
0!
02

#74865000
1!
b110 &
12
b110 6
b1 7

#74870000
0!
02

#74875000
1!
b1100 &
12
b1100 6
b10 7

#74880000
0!
02

#74885000
1!
b1001 &
12
b1001 6
b11 7

#74890000
0!
02

#74895000
1!
b11 &
12
b11 6
b0 7

#74900000
0!
02

#74905000
1!
b110 &
12
b110 6
b1 7

#74910000
0!
02

#74915000
1!
b1100 &
12
b1100 6
b10 7

#74920000
0!
02

#74925000
1!
b1001 &
12
b1001 6
b11 7

#74930000
0!
02

#74935000
1!
b11 &
12
b11 6
b0 7

#74940000
0!
02

#74945000
1!
b110 &
12
b110 6
b1 7

#74950000
0!
02

#74955000
1!
b1100 &
12
b1100 6
b10 7

#74960000
0!
02

#74965000
1!
b1001 &
12
b1001 6
b11 7

#74970000
0!
02

#74975000
1!
b11 &
12
b11 6
b0 7

#74980000
0!
02

#74985000
1!
b110 &
12
b110 6
b1 7

#74990000
0!
02

#74995000
1!
b1100 &
12
b1100 6
b10 7

#75000000
0!
02

#75005000
1!
b1001 &
12
b1001 6
b11 7

#75010000
0!
02

#75015000
1!
b11 &
12
b11 6
b0 7

#75020000
0!
02

#75025000
1!
b110 &
12
b110 6
b1 7

#75030000
0!
02

#75035000
1!
b1100 &
12
b1100 6
b10 7

#75040000
0!
02

#75045000
1!
b1001 &
12
b1001 6
b11 7

#75050000
0!
02

#75055000
1!
b11 &
12
b11 6
b0 7

#75060000
0!
02

#75065000
1!
b110 &
12
b110 6
b1 7

#75070000
0!
02

#75075000
1!
b1100 &
12
b1100 6
b10 7

#75080000
0!
02

#75085000
1!
b1001 &
12
b1001 6
b11 7

#75090000
0!
02

#75095000
1!
b11 &
12
b11 6
b0 7

#75100000
0!
02

#75105000
1!
b110 &
12
b110 6
b1 7

#75110000
0!
02

#75115000
1!
b1100 &
12
b1100 6
b10 7

#75120000
0!
02

#75125000
1!
b1001 &
12
b1001 6
b11 7

#75130000
0!
02

#75135000
1!
b11 &
12
b11 6
b0 7

#75140000
0!
02

#75145000
1!
b110 &
12
b110 6
b1 7

#75150000
0!
02

#75155000
1!
b1100 &
12
b1100 6
b10 7

#75160000
0!
02

#75165000
1!
b1001 &
12
b1001 6
b11 7

#75170000
0!
02

#75175000
1!
b11 &
12
b11 6
b0 7

#75180000
0!
02

#75185000
1!
b110 &
12
b110 6
b1 7

#75190000
0!
02

#75195000
1!
b1100 &
12
b1100 6
b10 7

#75200000
0!
02

#75205000
1!
b1001 &
12
b1001 6
b11 7

#75210000
0!
02

#75215000
1!
b11 &
12
b11 6
b0 7

#75220000
0!
02

#75225000
1!
b110 &
12
b110 6
b1 7

#75230000
0!
02

#75235000
1!
b1100 &
12
b1100 6
b10 7

#75240000
0!
02

#75245000
1!
b1001 &
12
b1001 6
b11 7

#75250000
0!
02

#75255000
1!
b11 &
12
b11 6
b0 7

#75260000
0!
02

#75265000
1!
b110 &
12
b110 6
b1 7

#75270000
0!
02

#75275000
1!
b1100 &
12
b1100 6
b10 7

#75280000
0!
02

#75285000
1!
b1001 &
12
b1001 6
b11 7

#75290000
0!
02

#75295000
1!
b11 &
12
b11 6
b0 7

#75300000
0!
02

#75305000
1!
b110 &
12
b110 6
b1 7

#75310000
0!
02

#75315000
1!
b1100 &
12
b1100 6
b10 7

#75320000
0!
02

#75325000
1!
b1001 &
12
b1001 6
b11 7

#75330000
0!
02

#75335000
1!
b11 &
12
b11 6
b0 7

#75340000
0!
02

#75345000
1!
b110 &
12
b110 6
b1 7

#75350000
0!
02

#75355000
1!
b1100 &
12
b1100 6
b10 7

#75360000
0!
02

#75365000
1!
b1001 &
12
b1001 6
b11 7

#75370000
0!
02

#75375000
1!
b11 &
12
b11 6
b0 7

#75380000
0!
02

#75385000
1!
b110 &
12
b110 6
b1 7

#75390000
0!
02

#75395000
1!
b1100 &
12
b1100 6
b10 7

#75400000
0!
02

#75405000
1!
b1001 &
12
b1001 6
b11 7

#75410000
0!
02

#75415000
1!
b11 &
12
b11 6
b0 7

#75420000
0!
02

#75425000
1!
b110 &
12
b110 6
b1 7

#75430000
0!
02

#75435000
1!
b1100 &
12
b1100 6
b10 7

#75440000
0!
02

#75445000
1!
b1001 &
12
b1001 6
b11 7

#75450000
0!
02

#75455000
1!
b11 &
12
b11 6
b0 7

#75460000
0!
02

#75465000
1!
b110 &
12
b110 6
b1 7

#75470000
0!
02

#75475000
1!
b1100 &
12
b1100 6
b10 7

#75480000
0!
02

#75485000
1!
b1001 &
12
b1001 6
b11 7

#75490000
0!
02

#75495000
1!
b11 &
12
b11 6
b0 7

#75500000
0!
02

#75505000
1!
b110 &
12
b110 6
b1 7

#75510000
0!
02

#75515000
1!
b1100 &
12
b1100 6
b10 7

#75520000
0!
02

#75525000
1!
b1001 &
12
b1001 6
b11 7

#75530000
0!
02

#75535000
1!
b11 &
12
b11 6
b0 7

#75540000
0!
02

#75545000
1!
b110 &
12
b110 6
b1 7

#75550000
0!
02

#75555000
1!
b1100 &
12
b1100 6
b10 7

#75560000
0!
02

#75565000
1!
b1001 &
12
b1001 6
b11 7

#75570000
0!
02

#75575000
1!
b11 &
12
b11 6
b0 7

#75580000
0!
02

#75585000
1!
b110 &
12
b110 6
b1 7

#75590000
0!
02

#75595000
1!
b1100 &
12
b1100 6
b10 7

#75600000
0!
02

#75605000
1!
b1001 &
12
b1001 6
b11 7

#75610000
0!
02

#75615000
1!
b11 &
12
b11 6
b0 7

#75620000
0!
02

#75625000
1!
b110 &
12
b110 6
b1 7

#75630000
0!
02

#75635000
1!
b1100 &
12
b1100 6
b10 7

#75640000
0!
02

#75645000
1!
b1001 &
12
b1001 6
b11 7

#75650000
0!
02

#75655000
1!
b11 &
12
b11 6
b0 7

#75660000
0!
02

#75665000
1!
b110 &
12
b110 6
b1 7

#75670000
0!
02

#75675000
1!
b1100 &
12
b1100 6
b10 7

#75680000
0!
02

#75685000
1!
b1001 &
12
b1001 6
b11 7

#75690000
0!
02

#75695000
1!
b11 &
12
b11 6
b0 7

#75700000
0!
02

#75705000
1!
b110 &
12
b110 6
b1 7

#75710000
0!
02

#75715000
1!
b1100 &
12
b1100 6
b10 7

#75720000
0!
02

#75725000
1!
b1001 &
12
b1001 6
b11 7

#75730000
0!
02

#75735000
1!
b11 &
12
b11 6
b0 7

#75740000
0!
02

#75745000
1!
b110 &
12
b110 6
b1 7

#75750000
0!
02

#75755000
1!
b1100 &
12
b1100 6
b10 7

#75760000
0!
02

#75765000
1!
b1001 &
12
b1001 6
b11 7

#75770000
0!
02

#75775000
1!
b11 &
12
b11 6
b0 7

#75780000
0!
02

#75785000
1!
b110 &
12
b110 6
b1 7

#75790000
0!
02

#75795000
1!
b1100 &
12
b1100 6
b10 7

#75800000
0!
02

#75805000
1!
b1001 &
12
b1001 6
b11 7

#75810000
0!
02

#75815000
1!
b11 &
12
b11 6
b0 7

#75820000
0!
02

#75825000
1!
b110 &
12
b110 6
b1 7

#75830000
0!
02

#75835000
1!
b1100 &
12
b1100 6
b10 7

#75840000
0!
02

#75845000
1!
b1001 &
12
b1001 6
b11 7

#75850000
0!
02

#75855000
1!
b11 &
12
b11 6
b0 7

#75860000
0!
02

#75865000
1!
b110 &
12
b110 6
b1 7

#75870000
0!
02

#75875000
1!
b1100 &
12
b1100 6
b10 7

#75880000
0!
02

#75885000
1!
b1001 &
12
b1001 6
b11 7

#75890000
0!
02

#75895000
1!
b11 &
12
b11 6
b0 7

#75900000
0!
02

#75905000
1!
b110 &
12
b110 6
b1 7

#75910000
0!
02

#75915000
1!
b1100 &
12
b1100 6
b10 7

#75920000
0!
02

#75925000
1!
b1001 &
12
b1001 6
b11 7

#75930000
0!
02

#75935000
1!
b11 &
12
b11 6
b0 7

#75940000
0!
02

#75945000
1!
b110 &
12
b110 6
b1 7

#75950000
0!
02

#75955000
1!
b1100 &
12
b1100 6
b10 7

#75960000
0!
02

#75965000
1!
b1001 &
12
b1001 6
b11 7

#75970000
0!
02

#75975000
1!
b11 &
12
b11 6
b0 7

#75980000
0!
02

#75985000
1!
b110 &
12
b110 6
b1 7

#75990000
0!
02

#75995000
1!
b1100 &
12
b1100 6
b10 7

#76000000
0!
02

#76005000
1!
b1001 &
12
b1001 6
b11 7

#76010000
0!
02

#76015000
1!
b11 &
12
b11 6
b0 7

#76020000
0!
02

#76025000
1!
b110 &
12
b110 6
b1 7

#76030000
0!
02

#76035000
1!
b1100 &
12
b1100 6
b10 7

#76040000
0!
02

#76045000
1!
b1001 &
12
b1001 6
b11 7

#76050000
0!
02

#76055000
1!
b11 &
12
b11 6
b0 7

#76060000
0!
02

#76065000
1!
b110 &
12
b110 6
b1 7

#76070000
0!
02

#76075000
1!
b1100 &
12
b1100 6
b10 7

#76080000
0!
02

#76085000
1!
b1001 &
12
b1001 6
b11 7

#76090000
0!
02

#76095000
1!
b11 &
12
b11 6
b0 7

#76100000
0!
02

#76105000
1!
b110 &
12
b110 6
b1 7

#76110000
0!
02

#76115000
1!
b1100 &
12
b1100 6
b10 7

#76120000
0!
02

#76125000
1!
b1001 &
12
b1001 6
b11 7

#76130000
0!
02

#76135000
1!
b11 &
12
b11 6
b0 7

#76140000
0!
02

#76145000
1!
b110 &
12
b110 6
b1 7

#76150000
0!
02

#76155000
1!
b1100 &
12
b1100 6
b10 7

#76160000
0!
02

#76165000
1!
b1001 &
12
b1001 6
b11 7

#76170000
0!
02

#76175000
1!
b11 &
12
b11 6
b0 7

#76180000
0!
02

#76185000
1!
b110 &
12
b110 6
b1 7

#76190000
0!
02

#76195000
1!
b1100 &
12
b1100 6
b10 7

#76200000
0!
02

#76205000
1!
b1001 &
12
b1001 6
b11 7

#76210000
0!
02

#76215000
1!
b11 &
12
b11 6
b0 7

#76220000
0!
02

#76225000
1!
b110 &
12
b110 6
b1 7

#76230000
0!
02

#76235000
1!
b1100 &
12
b1100 6
b10 7

#76240000
0!
02

#76245000
1!
b1001 &
12
b1001 6
b11 7

#76250000
0!
02

#76255000
1!
b11 &
12
b11 6
b0 7

#76260000
0!
02

#76265000
1!
b110 &
12
b110 6
b1 7

#76270000
0!
02

#76275000
1!
b1100 &
12
b1100 6
b10 7

#76280000
0!
02

#76285000
1!
b1001 &
12
b1001 6
b11 7

#76290000
0!
02

#76295000
1!
b11 &
12
b11 6
b0 7

#76300000
0!
02

#76305000
1!
b110 &
12
b110 6
b1 7

#76310000
0!
02

#76315000
1!
b1100 &
12
b1100 6
b10 7

#76320000
0!
02

#76325000
1!
b1001 &
12
b1001 6
b11 7

#76330000
0!
02

#76335000
1!
b11 &
12
b11 6
b0 7

#76340000
0!
02

#76345000
1!
b110 &
12
b110 6
b1 7

#76350000
0!
02

#76355000
1!
b1100 &
12
b1100 6
b10 7

#76360000
0!
02

#76365000
1!
b1001 &
12
b1001 6
b11 7

#76370000
0!
02

#76375000
1!
b11 &
12
b11 6
b0 7

#76380000
0!
02

#76385000
1!
b110 &
12
b110 6
b1 7

#76390000
0!
02

#76395000
1!
b1100 &
12
b1100 6
b10 7

#76400000
0!
02

#76405000
1!
b1001 &
12
b1001 6
b11 7

#76410000
0!
02

#76415000
1!
b11 &
12
b11 6
b0 7

#76420000
0!
02

#76425000
1!
b110 &
12
b110 6
b1 7

#76430000
0!
02

#76435000
1!
b1100 &
12
b1100 6
b10 7

#76440000
0!
02

#76445000
1!
b1001 &
12
b1001 6
b11 7

#76450000
0!
02

#76455000
1!
b11 &
12
b11 6
b0 7

#76460000
0!
02

#76465000
1!
b110 &
12
b110 6
b1 7

#76470000
0!
02

#76475000
1!
b1100 &
12
b1100 6
b10 7

#76480000
0!
02

#76485000
1!
b1001 &
12
b1001 6
b11 7

#76490000
0!
02

#76495000
1!
b11 &
12
b11 6
b0 7

#76500000
0!
02

#76505000
1!
b110 &
12
b110 6
b1 7

#76510000
0!
02

#76515000
1!
b1100 &
12
b1100 6
b10 7

#76520000
0!
02

#76525000
1!
b1001 &
12
b1001 6
b11 7

#76530000
0!
02

#76535000
1!
b11 &
12
b11 6
b0 7

#76540000
0!
02

#76545000
1!
b110 &
12
b110 6
b1 7

#76550000
0!
02

#76555000
1!
b1100 &
12
b1100 6
b10 7

#76560000
0!
02

#76565000
1!
b1001 &
12
b1001 6
b11 7

#76570000
0!
02

#76575000
1!
b11 &
12
b11 6
b0 7

#76580000
0!
02

#76585000
1!
b110 &
12
b110 6
b1 7

#76590000
0!
02

#76595000
1!
b1100 &
12
b1100 6
b10 7

#76600000
0!
02

#76605000
1!
b1001 &
12
b1001 6
b11 7

#76610000
0!
02

#76615000
1!
b11 &
12
b11 6
b0 7

#76620000
0!
02

#76625000
1!
b110 &
12
b110 6
b1 7

#76630000
0!
02

#76635000
1!
b1100 &
12
b1100 6
b10 7

#76640000
0!
02

#76645000
1!
b1001 &
12
b1001 6
b11 7

#76650000
0!
02

#76655000
1!
b11 &
12
b11 6
b0 7

#76660000
0!
02

#76665000
1!
b110 &
12
b110 6
b1 7

#76670000
0!
02

#76675000
1!
b1100 &
12
b1100 6
b10 7

#76680000
0!
02

#76685000
1!
b1001 &
12
b1001 6
b11 7

#76690000
0!
02

#76695000
1!
b11 &
12
b11 6
b0 7

#76700000
0!
02

#76705000
1!
b110 &
12
b110 6
b1 7

#76710000
0!
02

#76715000
1!
b1100 &
12
b1100 6
b10 7

#76720000
0!
02

#76725000
1!
b1001 &
12
b1001 6
b11 7

#76730000
0!
02

#76735000
1!
b11 &
12
b11 6
b0 7

#76740000
0!
02

#76745000
1!
b110 &
12
b110 6
b1 7

#76750000
0!
02

#76755000
1!
b1100 &
12
b1100 6
b10 7

#76760000
0!
02

#76765000
1!
b1001 &
12
b1001 6
b11 7

#76770000
0!
02

#76775000
1!
b11 &
12
b11 6
b0 7

#76780000
0!
02

#76785000
1!
b110 &
12
b110 6
b1 7

#76790000
0!
02

#76795000
1!
b1100 &
12
b1100 6
b10 7

#76800000
0!
02

#76805000
1!
b1001 &
12
b1001 6
b11 7

#76810000
0!
02

#76815000
1!
b11 &
12
b11 6
b0 7

#76820000
0!
02

#76825000
1!
b110 &
12
b110 6
b1 7

#76830000
0!
02

#76835000
1!
b1100 &
12
b1100 6
b10 7

#76840000
0!
02

#76845000
1!
b1001 &
12
b1001 6
b11 7

#76850000
0!
02

#76855000
1!
b11 &
12
b11 6
b0 7

#76860000
0!
02

#76865000
1!
b110 &
12
b110 6
b1 7

#76870000
0!
02

#76875000
1!
b1100 &
12
b1100 6
b10 7

#76880000
0!
02

#76885000
1!
b1001 &
12
b1001 6
b11 7

#76890000
0!
02

#76895000
1!
b11 &
12
b11 6
b0 7

#76900000
0!
02

#76905000
1!
b110 &
12
b110 6
b1 7

#76910000
0!
02

#76915000
1!
b1100 &
12
b1100 6
b10 7

#76920000
0!
02

#76925000
1!
b1001 &
12
b1001 6
b11 7

#76930000
0!
02

#76935000
1!
b11 &
12
b11 6
b0 7

#76940000
0!
02

#76945000
1!
b110 &
12
b110 6
b1 7

#76950000
0!
02

#76955000
1!
b1100 &
12
b1100 6
b10 7

#76960000
0!
02

#76965000
1!
b1001 &
12
b1001 6
b11 7

#76970000
0!
02

#76975000
1!
b11 &
12
b11 6
b0 7

#76980000
0!
02

#76985000
1!
b110 &
12
b110 6
b1 7

#76990000
0!
02

#76995000
1!
b1100 &
12
b1100 6
b10 7

#77000000
0!
02

#77005000
1!
b1001 &
12
b1001 6
b11 7

#77010000
0!
02

#77015000
1!
b11 &
12
b11 6
b0 7

#77020000
0!
02

#77025000
1!
b110 &
12
b110 6
b1 7

#77030000
0!
02

#77035000
1!
b1100 &
12
b1100 6
b10 7

#77040000
0!
02

#77045000
1!
b1001 &
12
b1001 6
b11 7

#77050000
0!
02

#77055000
1!
b11 &
12
b11 6
b0 7

#77060000
0!
02

#77065000
1!
b110 &
12
b110 6
b1 7

#77070000
0!
02

#77075000
1!
b1100 &
12
b1100 6
b10 7

#77080000
0!
02

#77085000
1!
b1001 &
12
b1001 6
b11 7

#77090000
0!
02

#77095000
1!
b11 &
12
b11 6
b0 7

#77100000
0!
02

#77105000
1!
b110 &
12
b110 6
b1 7

#77110000
0!
02

#77115000
1!
b1100 &
12
b1100 6
b10 7

#77120000
0!
02

#77125000
1!
b1001 &
12
b1001 6
b11 7

#77130000
0!
02

#77135000
1!
b11 &
12
b11 6
b0 7

#77140000
0!
02

#77145000
1!
b110 &
12
b110 6
b1 7

#77150000
0!
02

#77155000
1!
b1100 &
12
b1100 6
b10 7

#77160000
0!
02

#77165000
1!
b1001 &
12
b1001 6
b11 7

#77170000
0!
02

#77175000
1!
b11 &
12
b11 6
b0 7

#77180000
0!
02

#77185000
1!
b110 &
12
b110 6
b1 7

#77190000
0!
02

#77195000
1!
b1100 &
12
b1100 6
b10 7

#77200000
0!
02

#77205000
1!
b1001 &
12
b1001 6
b11 7

#77210000
0!
02

#77215000
1!
b11 &
12
b11 6
b0 7

#77220000
0!
02

#77225000
1!
b110 &
12
b110 6
b1 7

#77230000
0!
02

#77235000
1!
b1100 &
12
b1100 6
b10 7

#77240000
0!
02

#77245000
1!
b1001 &
12
b1001 6
b11 7

#77250000
0!
02

#77255000
1!
b11 &
12
b11 6
b0 7

#77260000
0!
02

#77265000
1!
b110 &
12
b110 6
b1 7

#77270000
0!
02

#77275000
1!
b1100 &
12
b1100 6
b10 7

#77280000
0!
02

#77285000
1!
b1001 &
12
b1001 6
b11 7

#77290000
0!
02

#77295000
1!
b11 &
12
b11 6
b0 7

#77300000
0!
02

#77305000
1!
b110 &
12
b110 6
b1 7

#77310000
0!
02

#77315000
1!
b1100 &
12
b1100 6
b10 7

#77320000
0!
02

#77325000
1!
b1001 &
12
b1001 6
b11 7

#77330000
0!
02

#77335000
1!
b11 &
12
b11 6
b0 7

#77340000
0!
02

#77345000
1!
b110 &
12
b110 6
b1 7

#77350000
0!
02

#77355000
1!
b1100 &
12
b1100 6
b10 7

#77360000
0!
02

#77365000
1!
b1001 &
12
b1001 6
b11 7

#77370000
0!
02

#77375000
1!
b11 &
12
b11 6
b0 7

#77380000
0!
02

#77385000
1!
b110 &
12
b110 6
b1 7

#77390000
0!
02

#77395000
1!
b1100 &
12
b1100 6
b10 7

#77400000
0!
02

#77405000
1!
b1001 &
12
b1001 6
b11 7

#77410000
0!
02

#77415000
1!
b11 &
12
b11 6
b0 7

#77420000
0!
02

#77425000
1!
b110 &
12
b110 6
b1 7

#77430000
0!
02

#77435000
1!
b1100 &
12
b1100 6
b10 7

#77440000
0!
02

#77445000
1!
b1001 &
12
b1001 6
b11 7

#77450000
0!
02

#77455000
1!
b11 &
12
b11 6
b0 7

#77460000
0!
02

#77465000
1!
b110 &
12
b110 6
b1 7

#77470000
0!
02

#77475000
1!
b1100 &
12
b1100 6
b10 7

#77480000
0!
02

#77485000
1!
b1001 &
12
b1001 6
b11 7

#77490000
0!
02

#77495000
1!
b11 &
12
b11 6
b0 7

#77500000
0!
02

#77505000
1!
b110 &
12
b110 6
b1 7

#77510000
0!
02

#77515000
1!
b1100 &
12
b1100 6
b10 7

#77520000
0!
02

#77525000
1!
b1001 &
12
b1001 6
b11 7

#77530000
0!
02

#77535000
1!
b11 &
12
b11 6
b0 7

#77540000
0!
02

#77545000
1!
b110 &
12
b110 6
b1 7

#77550000
0!
02

#77555000
1!
b1100 &
12
b1100 6
b10 7

#77560000
0!
02

#77565000
1!
b1001 &
12
b1001 6
b11 7

#77570000
0!
02

#77575000
1!
b11 &
12
b11 6
b0 7

#77580000
0!
02

#77585000
1!
b110 &
12
b110 6
b1 7

#77590000
0!
02

#77595000
1!
b1100 &
12
b1100 6
b10 7

#77600000
0!
02

#77605000
1!
b1001 &
12
b1001 6
b11 7

#77610000
0!
02

#77615000
1!
b11 &
12
b11 6
b0 7

#77620000
0!
02

#77625000
1!
b110 &
12
b110 6
b1 7

#77630000
0!
02

#77635000
1!
b1100 &
12
b1100 6
b10 7

#77640000
0!
02

#77645000
1!
b1001 &
12
b1001 6
b11 7

#77650000
0!
02

#77655000
1!
b11 &
12
b11 6
b0 7

#77660000
0!
02

#77665000
1!
b110 &
12
b110 6
b1 7

#77670000
0!
02

#77675000
1!
b1100 &
12
b1100 6
b10 7

#77680000
0!
02

#77685000
1!
b1001 &
12
b1001 6
b11 7

#77690000
0!
02

#77695000
1!
b11 &
12
b11 6
b0 7

#77700000
0!
02

#77705000
1!
b110 &
12
b110 6
b1 7

#77710000
0!
02

#77715000
1!
b1100 &
12
b1100 6
b10 7

#77720000
0!
02

#77725000
1!
b1001 &
12
b1001 6
b11 7

#77730000
0!
02

#77735000
1!
b11 &
12
b11 6
b0 7

#77740000
0!
02

#77745000
1!
b110 &
12
b110 6
b1 7

#77750000
0!
02

#77755000
1!
b1100 &
12
b1100 6
b10 7

#77760000
0!
02

#77765000
1!
b1001 &
12
b1001 6
b11 7

#77770000
0!
02

#77775000
1!
b11 &
12
b11 6
b0 7

#77780000
0!
02

#77785000
1!
b110 &
12
b110 6
b1 7

#77790000
0!
02

#77795000
1!
b1100 &
12
b1100 6
b10 7

#77800000
0!
02

#77805000
1!
b1001 &
12
b1001 6
b11 7

#77810000
0!
02

#77815000
1!
b11 &
12
b11 6
b0 7

#77820000
0!
02

#77825000
1!
b110 &
12
b110 6
b1 7

#77830000
0!
02

#77835000
1!
b1100 &
12
b1100 6
b10 7

#77840000
0!
02

#77845000
1!
b1001 &
12
b1001 6
b11 7

#77850000
0!
02

#77855000
1!
b11 &
12
b11 6
b0 7

#77860000
0!
02

#77865000
1!
b110 &
12
b110 6
b1 7

#77870000
0!
02

#77875000
1!
b1100 &
12
b1100 6
b10 7

#77880000
0!
02

#77885000
1!
b1001 &
12
b1001 6
b11 7

#77890000
0!
02

#77895000
1!
b11 &
12
b11 6
b0 7

#77900000
0!
02

#77905000
1!
b110 &
12
b110 6
b1 7

#77910000
0!
02

#77915000
1!
b1100 &
12
b1100 6
b10 7

#77920000
0!
02

#77925000
1!
b1001 &
12
b1001 6
b11 7

#77930000
0!
02

#77935000
1!
b11 &
12
b11 6
b0 7

#77940000
0!
02

#77945000
1!
b110 &
12
b110 6
b1 7

#77950000
0!
02

#77955000
1!
b1100 &
12
b1100 6
b10 7

#77960000
0!
02

#77965000
1!
b1001 &
12
b1001 6
b11 7

#77970000
0!
02

#77975000
1!
b11 &
12
b11 6
b0 7

#77980000
0!
02

#77985000
1!
b110 &
12
b110 6
b1 7

#77990000
0!
02

#77995000
1!
b1100 &
12
b1100 6
b10 7

#78000000
0!
02

#78005000
1!
b1001 &
12
b1001 6
b11 7

#78010000
0!
02

#78015000
1!
b11 &
12
b11 6
b0 7

#78020000
0!
02

#78025000
1!
b110 &
12
b110 6
b1 7

#78030000
0!
02

#78035000
1!
b1100 &
12
b1100 6
b10 7

#78040000
0!
02

#78045000
1!
b1001 &
12
b1001 6
b11 7

#78050000
0!
02

#78055000
1!
b11 &
12
b11 6
b0 7

#78060000
0!
02

#78065000
1!
b110 &
12
b110 6
b1 7

#78070000
0!
02

#78075000
1!
b1100 &
12
b1100 6
b10 7

#78080000
0!
02

#78085000
1!
b1001 &
12
b1001 6
b11 7

#78090000
0!
02

#78095000
1!
b11 &
12
b11 6
b0 7

#78100000
0!
02

#78105000
1!
b110 &
12
b110 6
b1 7

#78110000
0!
02

#78115000
1!
b1100 &
12
b1100 6
b10 7

#78120000
0!
02

#78125000
1!
b1001 &
12
b1001 6
b11 7

#78130000
0!
02

#78135000
1!
b11 &
12
b11 6
b0 7

#78140000
0!
02

#78145000
1!
b110 &
12
b110 6
b1 7

#78150000
0!
02

#78155000
1!
b1100 &
12
b1100 6
b10 7

#78160000
0!
02

#78165000
1!
b1001 &
12
b1001 6
b11 7

#78170000
0!
02

#78175000
1!
b11 &
12
b11 6
b0 7

#78180000
0!
02

#78185000
1!
b110 &
12
b110 6
b1 7

#78190000
0!
02

#78195000
1!
b1100 &
12
b1100 6
b10 7

#78200000
0!
02

#78205000
1!
b1001 &
12
b1001 6
b11 7

#78210000
0!
02

#78215000
1!
b11 &
12
b11 6
b0 7

#78220000
0!
02

#78225000
1!
b110 &
12
b110 6
b1 7

#78230000
0!
02

#78235000
1!
b1100 &
12
b1100 6
b10 7

#78240000
0!
02

#78245000
1!
b1001 &
12
b1001 6
b11 7

#78250000
0!
02

#78255000
1!
b11 &
12
b11 6
b0 7

#78260000
0!
02

#78265000
1!
b110 &
12
b110 6
b1 7

#78270000
0!
02

#78275000
1!
b1100 &
12
b1100 6
b10 7

#78280000
0!
02

#78285000
1!
b1001 &
12
b1001 6
b11 7

#78290000
0!
02

#78295000
1!
b11 &
12
b11 6
b0 7

#78300000
0!
02

#78305000
1!
b110 &
12
b110 6
b1 7

#78310000
0!
02

#78315000
1!
b1100 &
12
b1100 6
b10 7

#78320000
0!
02

#78325000
1!
b1001 &
12
b1001 6
b11 7

#78330000
0!
02

#78335000
1!
b11 &
12
b11 6
b0 7

#78340000
0!
02

#78345000
1!
b110 &
12
b110 6
b1 7

#78350000
0!
02

#78355000
1!
b1100 &
12
b1100 6
b10 7

#78360000
0!
02

#78365000
1!
b1001 &
12
b1001 6
b11 7

#78370000
0!
02

#78375000
1!
b11 &
12
b11 6
b0 7

#78380000
0!
02

#78385000
1!
b110 &
12
b110 6
b1 7

#78390000
0!
02

#78395000
1!
b1100 &
12
b1100 6
b10 7

#78400000
0!
02

#78405000
1!
b1001 &
12
b1001 6
b11 7

#78410000
0!
02

#78415000
1!
b11 &
12
b11 6
b0 7

#78420000
0!
02

#78425000
1!
b110 &
12
b110 6
b1 7

#78430000
0!
02

#78435000
1!
b1100 &
12
b1100 6
b10 7

#78440000
0!
02

#78445000
1!
b1001 &
12
b1001 6
b11 7

#78450000
0!
02

#78455000
1!
b11 &
12
b11 6
b0 7

#78460000
0!
02

#78465000
1!
b110 &
12
b110 6
b1 7

#78470000
0!
02

#78475000
1!
b1100 &
12
b1100 6
b10 7

#78480000
0!
02

#78485000
1!
b1001 &
12
b1001 6
b11 7

#78490000
0!
02

#78495000
1!
b11 &
12
b11 6
b0 7

#78500000
0!
02

#78505000
1!
b110 &
12
b110 6
b1 7

#78510000
0!
02

#78515000
1!
b1100 &
12
b1100 6
b10 7

#78520000
0!
02

#78525000
1!
b1001 &
12
b1001 6
b11 7

#78530000
0!
02

#78535000
1!
b11 &
12
b11 6
b0 7

#78540000
0!
02

#78545000
1!
b110 &
12
b110 6
b1 7

#78550000
0!
02

#78555000
1!
b1100 &
12
b1100 6
b10 7

#78560000
0!
02

#78565000
1!
b1001 &
12
b1001 6
b11 7

#78570000
0!
02

#78575000
1!
b11 &
12
b11 6
b0 7

#78580000
0!
02

#78585000
1!
b110 &
12
b110 6
b1 7

#78590000
0!
02

#78595000
1!
b1100 &
12
b1100 6
b10 7

#78600000
0!
02

#78605000
1!
b1001 &
12
b1001 6
b11 7

#78610000
0!
02

#78615000
1!
b11 &
12
b11 6
b0 7

#78620000
0!
02

#78625000
1!
b110 &
12
b110 6
b1 7

#78630000
0!
02

#78635000
1!
b1100 &
12
b1100 6
b10 7

#78640000
0!
02

#78645000
1!
b1001 &
12
b1001 6
b11 7

#78650000
0!
02

#78655000
1!
b11 &
12
b11 6
b0 7

#78660000
0!
02

#78665000
1!
b110 &
12
b110 6
b1 7

#78670000
0!
02

#78675000
1!
b1100 &
12
b1100 6
b10 7

#78680000
0!
02

#78685000
1!
b1001 &
12
b1001 6
b11 7

#78690000
0!
02

#78695000
1!
b11 &
12
b11 6
b0 7

#78700000
0!
02

#78705000
1!
b110 &
12
b110 6
b1 7

#78710000
0!
02

#78715000
1!
b1100 &
12
b1100 6
b10 7

#78720000
0!
02

#78725000
1!
b1001 &
12
b1001 6
b11 7

#78730000
0!
02

#78735000
1!
b11 &
12
b11 6
b0 7

#78740000
0!
02

#78745000
1!
b110 &
12
b110 6
b1 7

#78750000
0!
02

#78755000
1!
b1100 &
12
b1100 6
b10 7

#78760000
0!
02

#78765000
1!
b1001 &
12
b1001 6
b11 7

#78770000
0!
02

#78775000
1!
b11 &
12
b11 6
b0 7

#78780000
0!
02

#78785000
1!
b110 &
12
b110 6
b1 7

#78790000
0!
02

#78795000
1!
b1100 &
12
b1100 6
b10 7

#78800000
0!
02

#78805000
1!
b1001 &
12
b1001 6
b11 7

#78810000
0!
02

#78815000
1!
b11 &
12
b11 6
b0 7

#78820000
0!
02

#78825000
1!
b110 &
12
b110 6
b1 7

#78830000
0!
02

#78835000
1!
b1100 &
12
b1100 6
b10 7

#78840000
0!
02

#78845000
1!
b1001 &
12
b1001 6
b11 7

#78850000
0!
02

#78855000
1!
b11 &
12
b11 6
b0 7

#78860000
0!
02

#78865000
1!
b110 &
12
b110 6
b1 7

#78870000
0!
02

#78875000
1!
b1100 &
12
b1100 6
b10 7

#78880000
0!
02

#78885000
1!
b1001 &
12
b1001 6
b11 7

#78890000
0!
02

#78895000
1!
b11 &
12
b11 6
b0 7

#78900000
0!
02

#78905000
1!
b110 &
12
b110 6
b1 7

#78910000
0!
02

#78915000
1!
b1100 &
12
b1100 6
b10 7

#78920000
0!
02

#78925000
1!
b1001 &
12
b1001 6
b11 7

#78930000
0!
02

#78935000
1!
b11 &
12
b11 6
b0 7

#78940000
0!
02

#78945000
1!
b110 &
12
b110 6
b1 7

#78950000
0!
02

#78955000
1!
b1100 &
12
b1100 6
b10 7

#78960000
0!
02

#78965000
1!
b1001 &
12
b1001 6
b11 7

#78970000
0!
02

#78975000
1!
b11 &
12
b11 6
b0 7

#78980000
0!
02

#78985000
1!
b110 &
12
b110 6
b1 7

#78990000
0!
02

#78995000
1!
b1100 &
12
b1100 6
b10 7

#79000000
0!
02

#79005000
1!
b1001 &
12
b1001 6
b11 7

#79010000
0!
02

#79015000
1!
b11 &
12
b11 6
b0 7

#79020000
0!
02

#79025000
1!
b110 &
12
b110 6
b1 7

#79030000
0!
02

#79035000
1!
b1100 &
12
b1100 6
b10 7

#79040000
0!
02

#79045000
1!
b1001 &
12
b1001 6
b11 7

#79050000
0!
02

#79055000
1!
b11 &
12
b11 6
b0 7

#79060000
0!
02

#79065000
1!
b110 &
12
b110 6
b1 7

#79070000
0!
02

#79075000
1!
b1100 &
12
b1100 6
b10 7

#79080000
0!
02

#79085000
1!
b1001 &
12
b1001 6
b11 7

#79090000
0!
02

#79095000
1!
b11 &
12
b11 6
b0 7

#79100000
0!
02

#79105000
1!
b110 &
12
b110 6
b1 7

#79110000
0!
02

#79115000
1!
b1100 &
12
b1100 6
b10 7

#79120000
0!
02

#79125000
1!
b1001 &
12
b1001 6
b11 7

#79130000
0!
02

#79135000
1!
b11 &
12
b11 6
b0 7

#79140000
0!
02

#79145000
1!
b110 &
12
b110 6
b1 7

#79150000
0!
02

#79155000
1!
b1100 &
12
b1100 6
b10 7

#79160000
0!
02

#79165000
1!
b1001 &
12
b1001 6
b11 7

#79170000
0!
02

#79175000
1!
b11 &
12
b11 6
b0 7

#79180000
0!
02

#79185000
1!
b110 &
12
b110 6
b1 7

#79190000
0!
02

#79195000
1!
b1100 &
12
b1100 6
b10 7

#79200000
0!
02

#79205000
1!
b1001 &
12
b1001 6
b11 7

#79210000
0!
02

#79215000
1!
b11 &
12
b11 6
b0 7

#79220000
0!
02

#79225000
1!
b110 &
12
b110 6
b1 7

#79230000
0!
02

#79235000
1!
b1100 &
12
b1100 6
b10 7

#79240000
0!
02

#79245000
1!
b1001 &
12
b1001 6
b11 7

#79250000
0!
02

#79255000
1!
b11 &
12
b11 6
b0 7

#79260000
0!
02

#79265000
1!
b110 &
12
b110 6
b1 7

#79270000
0!
02

#79275000
1!
b1100 &
12
b1100 6
b10 7

#79280000
0!
02

#79285000
1!
b1001 &
12
b1001 6
b11 7

#79290000
0!
02

#79295000
1!
b11 &
12
b11 6
b0 7

#79300000
0!
02

#79305000
1!
b110 &
12
b110 6
b1 7

#79310000
0!
02

#79315000
1!
b1100 &
12
b1100 6
b10 7

#79320000
0!
02

#79325000
1!
b1001 &
12
b1001 6
b11 7

#79330000
0!
02

#79335000
1!
b11 &
12
b11 6
b0 7

#79340000
0!
02

#79345000
1!
b110 &
12
b110 6
b1 7

#79350000
0!
02

#79355000
1!
b1100 &
12
b1100 6
b10 7

#79360000
0!
02

#79365000
1!
b1001 &
12
b1001 6
b11 7

#79370000
0!
02

#79375000
1!
b11 &
12
b11 6
b0 7

#79380000
0!
02

#79385000
1!
b110 &
12
b110 6
b1 7

#79390000
0!
02

#79395000
1!
b1100 &
12
b1100 6
b10 7

#79400000
0!
02

#79405000
1!
b1001 &
12
b1001 6
b11 7

#79410000
0!
02

#79415000
1!
b11 &
12
b11 6
b0 7

#79420000
0!
02

#79425000
1!
b110 &
12
b110 6
b1 7

#79430000
0!
02

#79435000
1!
b1100 &
12
b1100 6
b10 7

#79440000
0!
02

#79445000
1!
b1001 &
12
b1001 6
b11 7

#79450000
0!
02

#79455000
1!
b11 &
12
b11 6
b0 7

#79460000
0!
02

#79465000
1!
b110 &
12
b110 6
b1 7

#79470000
0!
02

#79475000
1!
b1100 &
12
b1100 6
b10 7

#79480000
0!
02

#79485000
1!
b1001 &
12
b1001 6
b11 7

#79490000
0!
02

#79495000
1!
b11 &
12
b11 6
b0 7

#79500000
0!
02

#79505000
1!
b110 &
12
b110 6
b1 7

#79510000
0!
02

#79515000
1!
b1100 &
12
b1100 6
b10 7

#79520000
0!
02

#79525000
1!
b1001 &
12
b1001 6
b11 7

#79530000
0!
02

#79535000
1!
b11 &
12
b11 6
b0 7

#79540000
0!
02

#79545000
1!
b110 &
12
b110 6
b1 7

#79550000
0!
02

#79555000
1!
b1100 &
12
b1100 6
b10 7

#79560000
0!
02

#79565000
1!
b1001 &
12
b1001 6
b11 7

#79570000
0!
02

#79575000
1!
b11 &
12
b11 6
b0 7

#79580000
0!
02

#79585000
1!
b110 &
12
b110 6
b1 7

#79590000
0!
02

#79595000
1!
b1100 &
12
b1100 6
b10 7

#79600000
0!
02

#79605000
1!
b1001 &
12
b1001 6
b11 7

#79610000
0!
02

#79615000
1!
b11 &
12
b11 6
b0 7

#79620000
0!
02

#79625000
1!
b110 &
12
b110 6
b1 7

#79630000
0!
02

#79635000
1!
b1100 &
12
b1100 6
b10 7

#79640000
0!
02

#79645000
1!
b1001 &
12
b1001 6
b11 7

#79650000
0!
02

#79655000
1!
b11 &
12
b11 6
b0 7

#79660000
0!
02

#79665000
1!
b110 &
12
b110 6
b1 7

#79670000
0!
02

#79675000
1!
b1100 &
12
b1100 6
b10 7

#79680000
0!
02

#79685000
1!
b1001 &
12
b1001 6
b11 7

#79690000
0!
02

#79695000
1!
b11 &
12
b11 6
b0 7

#79700000
0!
02

#79705000
1!
b110 &
12
b110 6
b1 7

#79710000
0!
02

#79715000
1!
b1100 &
12
b1100 6
b10 7

#79720000
0!
02

#79725000
1!
b1001 &
12
b1001 6
b11 7

#79730000
0!
02

#79735000
1!
b11 &
12
b11 6
b0 7

#79740000
0!
02

#79745000
1!
b110 &
12
b110 6
b1 7

#79750000
0!
02

#79755000
1!
b1100 &
12
b1100 6
b10 7

#79760000
0!
02

#79765000
1!
b1001 &
12
b1001 6
b11 7

#79770000
0!
02

#79775000
1!
b11 &
12
b11 6
b0 7

#79780000
0!
02

#79785000
1!
b110 &
12
b110 6
b1 7

#79790000
0!
02

#79795000
1!
b1100 &
12
b1100 6
b10 7

#79800000
0!
02

#79805000
1!
b1001 &
12
b1001 6
b11 7

#79810000
0!
02

#79815000
1!
b11 &
12
b11 6
b0 7

#79820000
0!
02

#79825000
1!
b110 &
12
b110 6
b1 7

#79830000
0!
02

#79835000
1!
b1100 &
12
b1100 6
b10 7

#79840000
0!
02

#79845000
1!
b1001 &
12
b1001 6
b11 7

#79850000
0!
02

#79855000
1!
b11 &
12
b11 6
b0 7

#79860000
0!
02

#79865000
1!
b110 &
12
b110 6
b1 7

#79870000
0!
02

#79875000
1!
b1100 &
12
b1100 6
b10 7

#79880000
0!
02

#79885000
1!
b1001 &
12
b1001 6
b11 7

#79890000
0!
02

#79895000
1!
b11 &
12
b11 6
b0 7

#79900000
0!
02

#79905000
1!
b110 &
12
b110 6
b1 7

#79910000
0!
02

#79915000
1!
b1100 &
12
b1100 6
b10 7

#79920000
0!
02

#79925000
1!
b1001 &
12
b1001 6
b11 7

#79930000
0!
02

#79935000
1!
b11 &
12
b11 6
b0 7

#79940000
0!
02

#79945000
1!
b110 &
12
b110 6
b1 7

#79950000
0!
02

#79955000
1!
b1100 &
12
b1100 6
b10 7

#79960000
0!
02

#79965000
1!
b1001 &
12
b1001 6
b11 7

#79970000
0!
02

#79975000
1!
b11 &
12
b11 6
b0 7

#79980000
0!
02

#79985000
1!
b110 &
12
b110 6
b1 7

#79990000
0!
02

#79995000
1!
b1100 &
12
b1100 6
b10 7

#80000000
0!
02

#80005000
1!
b1001 &
12
b1001 6
b11 7

#80010000
0!
02

#80015000
1!
b11 &
12
b11 6
b0 7

#80020000
0!
02

#80025000
1!
b110 &
12
b110 6
b1 7

#80030000
0!
02

#80035000
1!
b1100 &
12
b1100 6
b10 7

#80040000
0!
02

#80045000
1!
b1001 &
12
b1001 6
b11 7

#80050000
0!
02

#80055000
1!
b11 &
12
b11 6
b0 7

#80060000
0!
02

#80065000
1!
b110 &
12
b110 6
b1 7

#80070000
0!
02

#80075000
1!
b1100 &
12
b1100 6
b10 7

#80080000
0!
02

#80085000
1!
b1001 &
12
b1001 6
b11 7

#80090000
0!
02

#80095000
1!
b11 &
12
b11 6
b0 7

#80100000
0!
02

#80105000
1!
b110 &
12
b110 6
b1 7

#80110000
0!
02

#80115000
1!
b1100 &
12
b1100 6
b10 7

#80120000
0!
02

#80125000
1!
b1001 &
12
b1001 6
b11 7

#80130000
0!
02

#80135000
1!
b11 &
12
b11 6
b0 7

#80140000
0!
02

#80145000
1!
b110 &
12
b110 6
b1 7

#80150000
0!
02

#80155000
1!
b1100 &
12
b1100 6
b10 7

#80160000
0!
02

#80165000
1!
b1001 &
12
b1001 6
b11 7

#80170000
0!
02

#80175000
1!
b11 &
12
b11 6
b0 7

#80180000
0!
02

#80185000
1!
b110 &
12
b110 6
b1 7

#80190000
0!
02

#80195000
1!
b1100 &
12
b1100 6
b10 7

#80200000
0!
02

#80205000
1!
b1001 &
12
b1001 6
b11 7

#80210000
0!
02

#80215000
1!
b11 &
12
b11 6
b0 7

#80220000
0!
02

#80225000
1!
b110 &
12
b110 6
b1 7

#80230000
0!
02

#80235000
1!
b1100 &
12
b1100 6
b10 7

#80240000
0!
02

#80245000
1!
b1001 &
12
b1001 6
b11 7

#80250000
0!
02

#80255000
1!
b11 &
12
b11 6
b0 7

#80260000
0!
02

#80265000
1!
b110 &
12
b110 6
b1 7

#80270000
0!
02

#80275000
1!
b1100 &
12
b1100 6
b10 7

#80280000
0!
02

#80285000
1!
b1001 &
12
b1001 6
b11 7

#80290000
0!
02

#80295000
1!
b11 &
12
b11 6
b0 7

#80300000
0!
02

#80305000
1!
b110 &
12
b110 6
b1 7

#80310000
0!
02

#80315000
1!
b1100 &
12
b1100 6
b10 7

#80320000
0!
02

#80325000
1!
b1001 &
12
b1001 6
b11 7

#80330000
0!
02

#80335000
1!
b11 &
12
b11 6
b0 7

#80340000
0!
02

#80345000
1!
b110 &
12
b110 6
b1 7

#80350000
0!
02

#80355000
1!
b1100 &
12
b1100 6
b10 7

#80360000
0!
02

#80365000
1!
b1001 &
12
b1001 6
b11 7

#80370000
0!
02

#80375000
1!
b11 &
12
b11 6
b0 7

#80380000
0!
02

#80385000
1!
b110 &
12
b110 6
b1 7

#80390000
0!
02

#80395000
1!
b1100 &
12
b1100 6
b10 7

#80400000
0!
02

#80405000
1!
b1001 &
12
b1001 6
b11 7

#80410000
0!
02

#80415000
1!
b11 &
12
b11 6
b0 7

#80420000
0!
02

#80425000
1!
b110 &
12
b110 6
b1 7

#80430000
0!
02

#80435000
1!
b1100 &
12
b1100 6
b10 7

#80440000
0!
02

#80445000
1!
b1001 &
12
b1001 6
b11 7

#80450000
0!
02

#80455000
1!
b11 &
12
b11 6
b0 7

#80460000
0!
02

#80465000
1!
b110 &
12
b110 6
b1 7

#80470000
0!
02

#80475000
1!
b1100 &
12
b1100 6
b10 7

#80480000
0!
02

#80485000
1!
b1001 &
12
b1001 6
b11 7

#80490000
0!
02

#80495000
1!
b11 &
12
b11 6
b0 7

#80500000
0!
02

#80505000
1!
b110 &
12
b110 6
b1 7

#80510000
0!
02

#80515000
1!
b1100 &
12
b1100 6
b10 7

#80520000
0!
02

#80525000
1!
b1001 &
12
b1001 6
b11 7

#80530000
0!
02

#80535000
1!
b11 &
12
b11 6
b0 7

#80540000
0!
02

#80545000
1!
b110 &
12
b110 6
b1 7

#80550000
0!
02

#80555000
1!
b1100 &
12
b1100 6
b10 7

#80560000
0!
02

#80565000
1!
b1001 &
12
b1001 6
b11 7

#80570000
0!
02

#80575000
1!
b11 &
12
b11 6
b0 7

#80580000
0!
02

#80585000
1!
b110 &
12
b110 6
b1 7

#80590000
0!
02

#80595000
1!
b1100 &
12
b1100 6
b10 7

#80600000
0!
02

#80605000
1!
b1001 &
12
b1001 6
b11 7

#80610000
0!
02

#80615000
1!
b11 &
12
b11 6
b0 7

#80620000
0!
02

#80625000
1!
b110 &
12
b110 6
b1 7

#80630000
0!
02

#80635000
1!
b1100 &
12
b1100 6
b10 7

#80640000
0!
02

#80645000
1!
b1001 &
12
b1001 6
b11 7

#80650000
0!
02

#80655000
1!
b11 &
12
b11 6
b0 7

#80660000
0!
02

#80665000
1!
b110 &
12
b110 6
b1 7

#80670000
0!
02

#80675000
1!
b1100 &
12
b1100 6
b10 7

#80680000
0!
02

#80685000
1!
b1001 &
12
b1001 6
b11 7

#80690000
0!
02

#80695000
1!
b11 &
12
b11 6
b0 7

#80700000
0!
02

#80705000
1!
b110 &
12
b110 6
b1 7

#80710000
0!
02

#80715000
1!
b1100 &
12
b1100 6
b10 7

#80720000
0!
02

#80725000
1!
b1001 &
12
b1001 6
b11 7

#80730000
0!
02

#80735000
1!
b11 &
12
b11 6
b0 7

#80740000
0!
02

#80745000
1!
b110 &
12
b110 6
b1 7

#80750000
0!
02

#80755000
1!
b1100 &
12
b1100 6
b10 7

#80760000
0!
02

#80765000
1!
b1001 &
12
b1001 6
b11 7

#80770000
0!
02

#80775000
1!
b11 &
12
b11 6
b0 7

#80780000
0!
02

#80785000
1!
b110 &
12
b110 6
b1 7

#80790000
0!
02

#80795000
1!
b1100 &
12
b1100 6
b10 7

#80800000
0!
02

#80805000
1!
b1001 &
12
b1001 6
b11 7

#80810000
0!
02

#80815000
1!
b11 &
12
b11 6
b0 7

#80820000
0!
02

#80825000
1!
b110 &
12
b110 6
b1 7

#80830000
0!
02

#80835000
1!
b1100 &
12
b1100 6
b10 7

#80840000
0!
02

#80845000
1!
b1001 &
12
b1001 6
b11 7

#80850000
0!
02

#80855000
1!
b11 &
12
b11 6
b0 7

#80860000
0!
02

#80865000
1!
b110 &
12
b110 6
b1 7

#80870000
0!
02

#80875000
1!
b1100 &
12
b1100 6
b10 7

#80880000
0!
02

#80885000
1!
b1001 &
12
b1001 6
b11 7

#80890000
0!
02

#80895000
1!
b11 &
12
b11 6
b0 7

#80900000
0!
02

#80905000
1!
b110 &
12
b110 6
b1 7

#80910000
0!
02

#80915000
1!
b1100 &
12
b1100 6
b10 7

#80920000
0!
02

#80925000
1!
b1001 &
12
b1001 6
b11 7

#80930000
0!
02

#80935000
1!
b11 &
12
b11 6
b0 7

#80940000
0!
02

#80945000
1!
b110 &
12
b110 6
b1 7

#80950000
0!
02

#80955000
1!
b1100 &
12
b1100 6
b10 7

#80960000
0!
02

#80965000
1!
b1001 &
12
b1001 6
b11 7

#80970000
0!
02

#80975000
1!
b11 &
12
b11 6
b0 7

#80980000
0!
02

#80985000
1!
b110 &
12
b110 6
b1 7

#80990000
0!
02

#80995000
1!
b1100 &
12
b1100 6
b10 7

#81000000
0!
02

#81005000
1!
b1001 &
12
b1001 6
b11 7

#81010000
0!
02

#81015000
1!
b11 &
12
b11 6
b0 7

#81020000
0!
02

#81025000
1!
b110 &
12
b110 6
b1 7

#81030000
0!
02

#81035000
1!
b1100 &
12
b1100 6
b10 7

#81040000
0!
02

#81045000
1!
b1001 &
12
b1001 6
b11 7

#81050000
0!
02

#81055000
1!
b11 &
12
b11 6
b0 7

#81060000
0!
02

#81065000
1!
b110 &
12
b110 6
b1 7

#81070000
0!
02

#81075000
1!
b1100 &
12
b1100 6
b10 7

#81080000
0!
02

#81085000
1!
b1001 &
12
b1001 6
b11 7

#81090000
0!
02

#81095000
1!
b11 &
12
b11 6
b0 7

#81100000
0!
02

#81105000
1!
b110 &
12
b110 6
b1 7

#81110000
0!
02

#81115000
1!
b1100 &
12
b1100 6
b10 7

#81120000
0!
02

#81125000
1!
b1001 &
12
b1001 6
b11 7

#81130000
0!
02

#81135000
1!
b11 &
12
b11 6
b0 7

#81140000
0!
02

#81145000
1!
b110 &
12
b110 6
b1 7

#81150000
0!
02

#81155000
1!
b1100 &
12
b1100 6
b10 7

#81160000
0!
02

#81165000
1!
b1001 &
12
b1001 6
b11 7

#81170000
0!
02

#81175000
1!
b11 &
12
b11 6
b0 7

#81180000
0!
02

#81185000
1!
b110 &
12
b110 6
b1 7

#81190000
0!
02

#81195000
1!
b1100 &
12
b1100 6
b10 7

#81200000
0!
02

#81205000
1!
b1001 &
12
b1001 6
b11 7

#81210000
0!
02

#81215000
1!
b11 &
12
b11 6
b0 7

#81220000
0!
02

#81225000
1!
b110 &
12
b110 6
b1 7

#81230000
0!
02

#81235000
1!
b1100 &
12
b1100 6
b10 7

#81240000
0!
02

#81245000
1!
b1001 &
12
b1001 6
b11 7

#81250000
0!
02

#81255000
1!
b11 &
12
b11 6
b0 7

#81260000
0!
02

#81265000
1!
b110 &
12
b110 6
b1 7

#81270000
0!
02

#81275000
1!
b1100 &
12
b1100 6
b10 7

#81280000
0!
02

#81285000
1!
b1001 &
12
b1001 6
b11 7

#81290000
0!
02

#81295000
1!
b11 &
12
b11 6
b0 7

#81300000
0!
02

#81305000
1!
b110 &
12
b110 6
b1 7

#81310000
0!
02

#81315000
1!
b1100 &
12
b1100 6
b10 7

#81320000
0!
02

#81325000
1!
b1001 &
12
b1001 6
b11 7

#81330000
0!
02

#81335000
1!
b11 &
12
b11 6
b0 7

#81340000
0!
02

#81345000
1!
b110 &
12
b110 6
b1 7

#81350000
0!
02

#81355000
1!
b1100 &
12
b1100 6
b10 7

#81360000
0!
02

#81365000
1!
b1001 &
12
b1001 6
b11 7

#81370000
0!
02

#81375000
1!
b11 &
12
b11 6
b0 7

#81380000
0!
02

#81385000
1!
b110 &
12
b110 6
b1 7

#81390000
0!
02

#81395000
1!
b1100 &
12
b1100 6
b10 7

#81400000
0!
02

#81405000
1!
b1001 &
12
b1001 6
b11 7

#81410000
0!
02

#81415000
1!
b11 &
12
b11 6
b0 7

#81420000
0!
02

#81425000
1!
b110 &
12
b110 6
b1 7

#81430000
0!
02

#81435000
1!
b1100 &
12
b1100 6
b10 7

#81440000
0!
02

#81445000
1!
b1001 &
12
b1001 6
b11 7

#81450000
0!
02

#81455000
1!
b11 &
12
b11 6
b0 7

#81460000
0!
02

#81465000
1!
b110 &
12
b110 6
b1 7

#81470000
0!
02

#81475000
1!
b1100 &
12
b1100 6
b10 7

#81480000
0!
02

#81485000
1!
b1001 &
12
b1001 6
b11 7

#81490000
0!
02

#81495000
1!
b11 &
12
b11 6
b0 7

#81500000
0!
02

#81505000
1!
b110 &
12
b110 6
b1 7

#81510000
0!
02

#81515000
1!
b1100 &
12
b1100 6
b10 7

#81520000
0!
02

#81525000
1!
b1001 &
12
b1001 6
b11 7

#81530000
0!
02

#81535000
1!
b11 &
12
b11 6
b0 7

#81540000
0!
02

#81545000
1!
b110 &
12
b110 6
b1 7

#81550000
0!
02

#81555000
1!
b1100 &
12
b1100 6
b10 7

#81560000
0!
02

#81565000
1!
b1001 &
12
b1001 6
b11 7

#81570000
0!
02

#81575000
1!
b11 &
12
b11 6
b0 7

#81580000
0!
02

#81585000
1!
b110 &
12
b110 6
b1 7

#81590000
0!
02

#81595000
1!
b1100 &
12
b1100 6
b10 7

#81600000
0!
02

#81605000
1!
b1001 &
12
b1001 6
b11 7

#81610000
0!
02

#81615000
1!
b11 &
12
b11 6
b0 7

#81620000
0!
02

#81625000
1!
b110 &
12
b110 6
b1 7

#81630000
0!
02

#81635000
1!
b1100 &
12
b1100 6
b10 7

#81640000
0!
02

#81645000
1!
b1001 &
12
b1001 6
b11 7

#81650000
0!
02

#81655000
1!
b11 &
12
b11 6
b0 7

#81660000
0!
02

#81665000
1!
b110 &
12
b110 6
b1 7

#81670000
0!
02

#81675000
1!
b1100 &
12
b1100 6
b10 7

#81680000
0!
02

#81685000
1!
b1001 &
12
b1001 6
b11 7

#81690000
0!
02

#81695000
1!
b11 &
12
b11 6
b0 7

#81700000
0!
02

#81705000
1!
b110 &
12
b110 6
b1 7

#81710000
0!
02

#81715000
1!
b1100 &
12
b1100 6
b10 7

#81720000
0!
02

#81725000
1!
b1001 &
12
b1001 6
b11 7

#81730000
0!
02

#81735000
1!
b11 &
12
b11 6
b0 7

#81740000
0!
02

#81745000
1!
b110 &
12
b110 6
b1 7

#81750000
0!
02

#81755000
1!
b1100 &
12
b1100 6
b10 7

#81760000
0!
02

#81765000
1!
b1001 &
12
b1001 6
b11 7

#81770000
0!
02

#81775000
1!
b11 &
12
b11 6
b0 7

#81780000
0!
02

#81785000
1!
b110 &
12
b110 6
b1 7

#81790000
0!
02

#81795000
1!
b1100 &
12
b1100 6
b10 7

#81800000
0!
02

#81805000
1!
b1001 &
12
b1001 6
b11 7

#81810000
0!
02

#81815000
1!
b11 &
12
b11 6
b0 7

#81820000
0!
02

#81825000
1!
b110 &
12
b110 6
b1 7

#81830000
0!
02

#81835000
1!
b1100 &
12
b1100 6
b10 7

#81840000
0!
02

#81845000
1!
b1001 &
12
b1001 6
b11 7

#81850000
0!
02

#81855000
1!
b11 &
12
b11 6
b0 7

#81860000
0!
02

#81865000
1!
b110 &
12
b110 6
b1 7

#81870000
0!
02

#81875000
1!
b1100 &
12
b1100 6
b10 7

#81880000
0!
02

#81885000
1!
b1001 &
12
b1001 6
b11 7

#81890000
0!
02

#81895000
1!
b11 &
12
b11 6
b0 7

#81900000
0!
02

#81905000
1!
b110 &
12
b110 6
b1 7

#81910000
0!
02

#81915000
1!
b1100 &
12
b1100 6
b10 7

#81920000
0!
02

#81925000
1!
b1001 &
12
b1001 6
b11 7

#81930000
0!
02

#81935000
1!
b11 &
12
b11 6
b0 7

#81940000
0!
02

#81945000
1!
b110 &
12
b110 6
b1 7

#81950000
0!
02

#81955000
1!
b1100 &
12
b1100 6
b10 7

#81960000
0!
02

#81965000
1!
b1001 &
12
b1001 6
b11 7

#81970000
0!
02

#81975000
1!
b11 &
12
b11 6
b0 7

#81980000
0!
02

#81985000
1!
b110 &
12
b110 6
b1 7

#81990000
0!
02

#81995000
1!
b1100 &
12
b1100 6
b10 7

#82000000
0!
02

#82005000
1!
b1001 &
12
b1001 6
b11 7

#82010000
0!
02

#82015000
1!
b11 &
12
b11 6
b0 7

#82020000
0!
02

#82025000
1!
b110 &
12
b110 6
b1 7

#82030000
0!
02

#82035000
1!
b1100 &
12
b1100 6
b10 7

#82040000
0!
02

#82045000
1!
b1001 &
12
b1001 6
b11 7

#82050000
0!
02

#82055000
1!
b11 &
12
b11 6
b0 7

#82060000
0!
02

#82065000
1!
b110 &
12
b110 6
b1 7

#82070000
0!
02

#82075000
1!
b1100 &
12
b1100 6
b10 7

#82080000
0!
02

#82085000
1!
b1001 &
12
b1001 6
b11 7

#82090000
0!
02

#82095000
1!
b11 &
12
b11 6
b0 7

#82100000
0!
02

#82105000
1!
b110 &
12
b110 6
b1 7

#82110000
0!
02

#82115000
1!
b1100 &
12
b1100 6
b10 7

#82120000
0!
02

#82125000
1!
b1001 &
12
b1001 6
b11 7

#82130000
0!
02

#82135000
1!
b11 &
12
b11 6
b0 7

#82140000
0!
02

#82145000
1!
b110 &
12
b110 6
b1 7

#82150000
0!
02

#82155000
1!
b1100 &
12
b1100 6
b10 7

#82160000
0!
02

#82165000
1!
b1001 &
12
b1001 6
b11 7

#82170000
0!
02

#82175000
1!
b11 &
12
b11 6
b0 7

#82180000
0!
02

#82185000
1!
b110 &
12
b110 6
b1 7

#82190000
0!
02

#82195000
1!
b1100 &
12
b1100 6
b10 7

#82200000
0!
02

#82205000
1!
b1001 &
12
b1001 6
b11 7

#82210000
0!
02

#82215000
1!
b11 &
12
b11 6
b0 7

#82220000
0!
02

#82225000
1!
b110 &
12
b110 6
b1 7

#82230000
0!
02

#82235000
1!
b1100 &
12
b1100 6
b10 7

#82240000
0!
02

#82245000
1!
b1001 &
12
b1001 6
b11 7

#82250000
0!
02

#82255000
1!
b11 &
12
b11 6
b0 7

#82260000
0!
02

#82265000
1!
b110 &
12
b110 6
b1 7

#82270000
0!
02

#82275000
1!
b1100 &
12
b1100 6
b10 7

#82280000
0!
02

#82285000
1!
b1001 &
12
b1001 6
b11 7

#82290000
0!
02

#82295000
1!
b11 &
12
b11 6
b0 7

#82300000
0!
02

#82305000
1!
b110 &
12
b110 6
b1 7

#82310000
0!
02

#82315000
1!
b1100 &
12
b1100 6
b10 7

#82320000
0!
02

#82325000
1!
b1001 &
12
b1001 6
b11 7

#82330000
0!
02

#82335000
1!
b11 &
12
b11 6
b0 7

#82340000
0!
02

#82345000
1!
b110 &
12
b110 6
b1 7

#82350000
0!
02

#82355000
1!
b1100 &
12
b1100 6
b10 7

#82360000
0!
02

#82365000
1!
b1001 &
12
b1001 6
b11 7

#82370000
0!
02

#82375000
1!
b11 &
12
b11 6
b0 7

#82380000
0!
02

#82385000
1!
b110 &
12
b110 6
b1 7

#82390000
0!
02

#82395000
1!
b1100 &
12
b1100 6
b10 7

#82400000
0!
02

#82405000
1!
b1001 &
12
b1001 6
b11 7

#82410000
0!
02

#82415000
1!
b11 &
12
b11 6
b0 7

#82420000
0!
02

#82425000
1!
b110 &
12
b110 6
b1 7

#82430000
0!
02

#82435000
1!
b1100 &
12
b1100 6
b10 7

#82440000
0!
02

#82445000
1!
b1001 &
12
b1001 6
b11 7

#82450000
0!
02

#82455000
1!
b11 &
12
b11 6
b0 7

#82460000
0!
02

#82465000
1!
b110 &
12
b110 6
b1 7

#82470000
0!
02

#82475000
1!
b1100 &
12
b1100 6
b10 7

#82480000
0!
02

#82485000
1!
b1001 &
12
b1001 6
b11 7

#82490000
0!
02

#82495000
1!
b11 &
12
b11 6
b0 7

#82500000
0!
02

#82505000
1!
b110 &
12
b110 6
b1 7

#82510000
0!
02

#82515000
1!
b1100 &
12
b1100 6
b10 7

#82520000
0!
02

#82525000
1!
b1001 &
12
b1001 6
b11 7

#82530000
0!
02

#82535000
1!
b11 &
12
b11 6
b0 7

#82540000
0!
02

#82545000
1!
b110 &
12
b110 6
b1 7

#82550000
0!
02

#82555000
1!
b1100 &
12
b1100 6
b10 7

#82560000
0!
02

#82565000
1!
b1001 &
12
b1001 6
b11 7

#82570000
0!
02

#82575000
1!
b11 &
12
b11 6
b0 7

#82580000
0!
02

#82585000
1!
b110 &
12
b110 6
b1 7

#82590000
0!
02

#82595000
1!
b1100 &
12
b1100 6
b10 7

#82600000
0!
02

#82605000
1!
b1001 &
12
b1001 6
b11 7

#82610000
0!
02

#82615000
1!
b11 &
12
b11 6
b0 7

#82620000
0!
02

#82625000
1!
b110 &
12
b110 6
b1 7

#82630000
0!
02

#82635000
1!
b1100 &
12
b1100 6
b10 7

#82640000
0!
02

#82645000
1!
b1001 &
12
b1001 6
b11 7

#82650000
0!
02

#82655000
1!
b11 &
12
b11 6
b0 7

#82660000
0!
02

#82665000
1!
b110 &
12
b110 6
b1 7

#82670000
0!
02

#82675000
1!
b1100 &
12
b1100 6
b10 7

#82680000
0!
02

#82685000
1!
b1001 &
12
b1001 6
b11 7

#82690000
0!
02

#82695000
1!
b11 &
12
b11 6
b0 7

#82700000
0!
02

#82705000
1!
b110 &
12
b110 6
b1 7

#82710000
0!
02

#82715000
1!
b1100 &
12
b1100 6
b10 7

#82720000
0!
02

#82725000
1!
b1001 &
12
b1001 6
b11 7

#82730000
0!
02

#82735000
1!
b11 &
12
b11 6
b0 7

#82740000
0!
02

#82745000
1!
b110 &
12
b110 6
b1 7

#82750000
0!
02

#82755000
1!
b1100 &
12
b1100 6
b10 7

#82760000
0!
02

#82765000
1!
b1001 &
12
b1001 6
b11 7

#82770000
0!
02

#82775000
1!
b11 &
12
b11 6
b0 7

#82780000
0!
02

#82785000
1!
b110 &
12
b110 6
b1 7

#82790000
0!
02

#82795000
1!
b1100 &
12
b1100 6
b10 7

#82800000
0!
02

#82805000
1!
b1001 &
12
b1001 6
b11 7

#82810000
0!
02

#82815000
1!
b11 &
12
b11 6
b0 7

#82820000
0!
02

#82825000
1!
b110 &
12
b110 6
b1 7

#82830000
0!
02

#82835000
1!
b1100 &
12
b1100 6
b10 7

#82840000
0!
02

#82845000
1!
b1001 &
12
b1001 6
b11 7

#82850000
0!
02

#82855000
1!
b11 &
12
b11 6
b0 7

#82860000
0!
02

#82865000
1!
b110 &
12
b110 6
b1 7

#82870000
0!
02

#82875000
1!
b1100 &
12
b1100 6
b10 7

#82880000
0!
02

#82885000
1!
b1001 &
12
b1001 6
b11 7

#82890000
0!
02

#82895000
1!
b11 &
12
b11 6
b0 7

#82900000
0!
02

#82905000
1!
b110 &
12
b110 6
b1 7

#82910000
0!
02

#82915000
1!
b1100 &
12
b1100 6
b10 7

#82920000
0!
02

#82925000
1!
b1001 &
12
b1001 6
b11 7

#82930000
0!
02

#82935000
1!
b11 &
12
b11 6
b0 7

#82940000
0!
02

#82945000
1!
b110 &
12
b110 6
b1 7

#82950000
0!
02

#82955000
1!
b1100 &
12
b1100 6
b10 7

#82960000
0!
02

#82965000
1!
b1001 &
12
b1001 6
b11 7

#82970000
0!
02

#82975000
1!
b11 &
12
b11 6
b0 7

#82980000
0!
02

#82985000
1!
b110 &
12
b110 6
b1 7

#82990000
0!
02

#82995000
1!
b1100 &
12
b1100 6
b10 7

#83000000
0!
02

#83005000
1!
b1001 &
12
b1001 6
b11 7

#83010000
0!
02

#83015000
1!
b11 &
12
b11 6
b0 7

#83020000
0!
02

#83025000
1!
b110 &
12
b110 6
b1 7

#83030000
0!
02

#83035000
1!
b1100 &
12
b1100 6
b10 7

#83040000
0!
02

#83045000
1!
b1001 &
12
b1001 6
b11 7

#83050000
0!
02

#83055000
1!
b11 &
12
b11 6
b0 7

#83060000
0!
02

#83065000
1!
b110 &
12
b110 6
b1 7

#83070000
0!
02

#83075000
1!
b1100 &
12
b1100 6
b10 7

#83080000
0!
02

#83085000
1!
b1001 &
12
b1001 6
b11 7

#83090000
0!
02

#83095000
1!
b11 &
12
b11 6
b0 7

#83100000
0!
02

#83105000
1!
b110 &
12
b110 6
b1 7

#83110000
0!
02

#83115000
1!
b1100 &
12
b1100 6
b10 7

#83120000
0!
02

#83125000
1!
b1001 &
12
b1001 6
b11 7

#83130000
0!
02

#83135000
1!
b11 &
12
b11 6
b0 7

#83140000
0!
02

#83145000
1!
b110 &
12
b110 6
b1 7

#83150000
0!
02

#83155000
1!
b1100 &
12
b1100 6
b10 7

#83160000
0!
02

#83165000
1!
b1001 &
12
b1001 6
b11 7

#83170000
0!
02

#83175000
1!
b11 &
12
b11 6
b0 7

#83180000
0!
02

#83185000
1!
b110 &
12
b110 6
b1 7

#83190000
0!
02

#83195000
1!
b1100 &
12
b1100 6
b10 7

#83200000
0!
02

#83205000
1!
b1001 &
12
b1001 6
b11 7

#83210000
0!
02

#83215000
1!
b11 &
12
b11 6
b0 7

#83220000
0!
02

#83225000
1!
b110 &
12
b110 6
b1 7

#83230000
0!
02

#83235000
1!
b1100 &
12
b1100 6
b10 7

#83240000
0!
02

#83245000
1!
b1001 &
12
b1001 6
b11 7

#83250000
0!
02

#83255000
1!
b11 &
12
b11 6
b0 7

#83260000
0!
02

#83265000
1!
b110 &
12
b110 6
b1 7

#83270000
0!
02

#83275000
1!
b1100 &
12
b1100 6
b10 7

#83280000
0!
02

#83285000
1!
b1001 &
12
b1001 6
b11 7

#83290000
0!
02

#83295000
1!
b11 &
12
b11 6
b0 7

#83300000
0!
02

#83305000
1!
b110 &
12
b110 6
b1 7

#83310000
0!
02

#83315000
1!
b1100 &
12
b1100 6
b10 7

#83320000
0!
02

#83325000
1!
b1001 &
12
b1001 6
b11 7

#83330000
0!
02

#83335000
1!
b11 &
12
b11 6
b0 7

#83340000
0!
02

#83345000
1!
b110 &
12
b110 6
b1 7

#83350000
0!
02

#83355000
1!
b1100 &
12
b1100 6
b10 7

#83360000
0!
02

#83365000
1!
b1001 &
12
b1001 6
b11 7

#83370000
0!
02

#83375000
1!
b11 &
12
b11 6
b0 7

#83380000
0!
02

#83385000
1!
b110 &
12
b110 6
b1 7

#83390000
0!
02

#83395000
1!
b1100 &
12
b1100 6
b10 7

#83400000
0!
02

#83405000
1!
b1001 &
12
b1001 6
b11 7

#83410000
0!
02

#83415000
1!
b11 &
12
b11 6
b0 7

#83420000
0!
02

#83425000
1!
b110 &
12
b110 6
b1 7

#83430000
0!
02

#83435000
1!
b1100 &
12
b1100 6
b10 7

#83440000
0!
02

#83445000
1!
b1001 &
12
b1001 6
b11 7

#83450000
0!
02

#83455000
1!
b11 &
12
b11 6
b0 7

#83460000
0!
02

#83465000
1!
b110 &
12
b110 6
b1 7

#83470000
0!
02

#83475000
1!
b1100 &
12
b1100 6
b10 7

#83480000
0!
02

#83485000
1!
b1001 &
12
b1001 6
b11 7

#83490000
0!
02

#83495000
1!
b11 &
12
b11 6
b0 7

#83500000
0!
02

#83505000
1!
b110 &
12
b110 6
b1 7

#83510000
0!
02

#83515000
1!
b1100 &
12
b1100 6
b10 7

#83520000
0!
02

#83525000
1!
b1001 &
12
b1001 6
b11 7

#83530000
0!
02

#83535000
1!
b11 &
12
b11 6
b0 7

#83540000
0!
02

#83545000
1!
b110 &
12
b110 6
b1 7

#83550000
0!
02

#83555000
1!
b1100 &
12
b1100 6
b10 7

#83560000
0!
02

#83565000
1!
b1001 &
12
b1001 6
b11 7

#83570000
0!
02

#83575000
1!
b11 &
12
b11 6
b0 7

#83580000
0!
02

#83585000
1!
b110 &
12
b110 6
b1 7

#83590000
0!
02

#83595000
1!
b1100 &
12
b1100 6
b10 7

#83600000
0!
02

#83605000
1!
b1001 &
12
b1001 6
b11 7

#83610000
0!
02

#83615000
1!
b11 &
12
b11 6
b0 7

#83620000
0!
02

#83625000
1!
b110 &
12
b110 6
b1 7

#83630000
0!
02

#83635000
1!
b1100 &
12
b1100 6
b10 7

#83640000
0!
02

#83645000
1!
b1001 &
12
b1001 6
b11 7

#83650000
0!
02

#83655000
1!
b11 &
12
b11 6
b0 7

#83660000
0!
02

#83665000
1!
b110 &
12
b110 6
b1 7

#83670000
0!
02

#83675000
1!
b1100 &
12
b1100 6
b10 7

#83680000
0!
02

#83685000
1!
b1001 &
12
b1001 6
b11 7

#83690000
0!
02

#83695000
1!
b11 &
12
b11 6
b0 7

#83700000
0!
02

#83705000
1!
b110 &
12
b110 6
b1 7

#83710000
0!
02

#83715000
1!
b1100 &
12
b1100 6
b10 7

#83720000
0!
02

#83725000
1!
b1001 &
12
b1001 6
b11 7

#83730000
0!
02

#83735000
1!
b11 &
12
b11 6
b0 7

#83740000
0!
02

#83745000
1!
b110 &
12
b110 6
b1 7

#83750000
0!
02

#83755000
1!
b1100 &
12
b1100 6
b10 7

#83760000
0!
02

#83765000
1!
b1001 &
12
b1001 6
b11 7

#83770000
0!
02

#83775000
1!
b11 &
12
b11 6
b0 7

#83780000
0!
02

#83785000
1!
b110 &
12
b110 6
b1 7

#83790000
0!
02

#83795000
1!
b1100 &
12
b1100 6
b10 7

#83800000
0!
02

#83805000
1!
b1001 &
12
b1001 6
b11 7

#83810000
0!
02

#83815000
1!
b11 &
12
b11 6
b0 7

#83820000
0!
02

#83825000
1!
b110 &
12
b110 6
b1 7

#83830000
0!
02

#83835000
1!
b1100 &
12
b1100 6
b10 7

#83840000
0!
02

#83845000
1!
b1001 &
12
b1001 6
b11 7

#83850000
0!
02

#83855000
1!
b11 &
12
b11 6
b0 7

#83860000
0!
02

#83865000
1!
b110 &
12
b110 6
b1 7

#83870000
0!
02

#83875000
1!
b1100 &
12
b1100 6
b10 7

#83880000
0!
02

#83885000
1!
b1001 &
12
b1001 6
b11 7

#83890000
0!
02

#83895000
1!
b11 &
12
b11 6
b0 7

#83900000
0!
02

#83905000
1!
b110 &
12
b110 6
b1 7

#83910000
0!
02

#83915000
1!
b1100 &
12
b1100 6
b10 7

#83920000
0!
02

#83925000
1!
b1001 &
12
b1001 6
b11 7

#83930000
0!
02

#83935000
1!
b11 &
12
b11 6
b0 7

#83940000
0!
02

#83945000
1!
b110 &
12
b110 6
b1 7

#83950000
0!
02

#83955000
1!
b1100 &
12
b1100 6
b10 7

#83960000
0!
02

#83965000
1!
b1001 &
12
b1001 6
b11 7

#83970000
0!
02

#83975000
1!
b11 &
12
b11 6
b0 7

#83980000
0!
02

#83985000
1!
b110 &
12
b110 6
b1 7

#83990000
0!
02

#83995000
1!
b1100 &
12
b1100 6
b10 7

#84000000
0!
02

#84005000
1!
b1001 &
12
b1001 6
b11 7

#84010000
0!
02

#84015000
1!
b11 &
12
b11 6
b0 7

#84020000
0!
02

#84025000
1!
b110 &
12
b110 6
b1 7

#84030000
0!
02

#84035000
1!
b1100 &
12
b1100 6
b10 7

#84040000
0!
02

#84045000
1!
b1001 &
12
b1001 6
b11 7

#84050000
0!
02

#84055000
1!
b11 &
12
b11 6
b0 7

#84060000
0!
02

#84065000
1!
b110 &
12
b110 6
b1 7

#84070000
0!
02

#84075000
1!
b1100 &
12
b1100 6
b10 7

#84080000
0!
02

#84085000
1!
b1001 &
12
b1001 6
b11 7

#84090000
0!
02

#84095000
1!
b11 &
12
b11 6
b0 7

#84100000
0!
02

#84105000
1!
b110 &
12
b110 6
b1 7

#84110000
0!
02

#84115000
1!
b1100 &
12
b1100 6
b10 7

#84120000
0!
02

#84125000
1!
b1001 &
12
b1001 6
b11 7

#84130000
0!
02

#84135000
1!
b11 &
12
b11 6
b0 7

#84140000
0!
02

#84145000
1!
b110 &
12
b110 6
b1 7

#84150000
0!
02

#84155000
1!
b1100 &
12
b1100 6
b10 7

#84160000
0!
02

#84165000
1!
b1001 &
12
b1001 6
b11 7

#84170000
0!
02

#84175000
1!
b11 &
12
b11 6
b0 7

#84180000
0!
02

#84185000
1!
b110 &
12
b110 6
b1 7

#84190000
0!
02

#84195000
1!
b1100 &
12
b1100 6
b10 7

#84200000
0!
02

#84205000
1!
b1001 &
12
b1001 6
b11 7

#84210000
0!
02

#84215000
1!
b11 &
12
b11 6
b0 7

#84220000
0!
02

#84225000
1!
b110 &
12
b110 6
b1 7

#84230000
0!
02

#84235000
1!
b1100 &
12
b1100 6
b10 7

#84240000
0!
02

#84245000
1!
b1001 &
12
b1001 6
b11 7

#84250000
0!
02

#84255000
1!
b11 &
12
b11 6
b0 7

#84260000
0!
02

#84265000
1!
b110 &
12
b110 6
b1 7

#84270000
0!
02

#84275000
1!
b1100 &
12
b1100 6
b10 7

#84280000
0!
02

#84285000
1!
b1001 &
12
b1001 6
b11 7

#84290000
0!
02

#84295000
1!
b11 &
12
b11 6
b0 7

#84300000
0!
02

#84305000
1!
b110 &
12
b110 6
b1 7

#84310000
0!
02

#84315000
1!
b1100 &
12
b1100 6
b10 7

#84320000
0!
02

#84325000
1!
b1001 &
12
b1001 6
b11 7

#84330000
0!
02

#84335000
1!
b11 &
12
b11 6
b0 7

#84340000
0!
02

#84345000
1!
b110 &
12
b110 6
b1 7

#84350000
0!
02

#84355000
1!
b1100 &
12
b1100 6
b10 7

#84360000
0!
02

#84365000
1!
b1001 &
12
b1001 6
b11 7

#84370000
0!
02

#84375000
1!
b11 &
12
b11 6
b0 7

#84380000
0!
02

#84385000
1!
b110 &
12
b110 6
b1 7

#84390000
0!
02

#84395000
1!
b1100 &
12
b1100 6
b10 7

#84400000
0!
02

#84405000
1!
b1001 &
12
b1001 6
b11 7

#84410000
0!
02

#84415000
1!
b11 &
12
b11 6
b0 7

#84420000
0!
02

#84425000
1!
b110 &
12
b110 6
b1 7

#84430000
0!
02

#84435000
1!
b1100 &
12
b1100 6
b10 7

#84440000
0!
02

#84445000
1!
b1001 &
12
b1001 6
b11 7

#84450000
0!
02

#84455000
1!
b11 &
12
b11 6
b0 7

#84460000
0!
02

#84465000
1!
b110 &
12
b110 6
b1 7

#84470000
0!
02

#84475000
1!
b1100 &
12
b1100 6
b10 7

#84480000
0!
02

#84485000
1!
b1001 &
12
b1001 6
b11 7

#84490000
0!
02

#84495000
1!
b11 &
12
b11 6
b0 7

#84500000
0!
02

#84505000
1!
b110 &
12
b110 6
b1 7

#84510000
0!
02

#84515000
1!
b1100 &
12
b1100 6
b10 7

#84520000
0!
02

#84525000
1!
b1001 &
12
b1001 6
b11 7

#84530000
0!
02

#84535000
1!
b11 &
12
b11 6
b0 7

#84540000
0!
02

#84545000
1!
b110 &
12
b110 6
b1 7

#84550000
0!
02

#84555000
1!
b1100 &
12
b1100 6
b10 7

#84560000
0!
02

#84565000
1!
b1001 &
12
b1001 6
b11 7

#84570000
0!
02

#84575000
1!
b11 &
12
b11 6
b0 7

#84580000
0!
02

#84585000
1!
b110 &
12
b110 6
b1 7

#84590000
0!
02

#84595000
1!
b1100 &
12
b1100 6
b10 7

#84600000
0!
02

#84605000
1!
b1001 &
12
b1001 6
b11 7

#84610000
0!
02

#84615000
1!
b11 &
12
b11 6
b0 7

#84620000
0!
02

#84625000
1!
b110 &
12
b110 6
b1 7

#84630000
0!
02

#84635000
1!
b1100 &
12
b1100 6
b10 7

#84640000
0!
02

#84645000
1!
b1001 &
12
b1001 6
b11 7

#84650000
0!
02

#84655000
1!
b11 &
12
b11 6
b0 7

#84660000
0!
02

#84665000
1!
b110 &
12
b110 6
b1 7

#84670000
0!
02

#84675000
1!
b1100 &
12
b1100 6
b10 7

#84680000
0!
02

#84685000
1!
b1001 &
12
b1001 6
b11 7

#84690000
0!
02

#84695000
1!
b11 &
12
b11 6
b0 7

#84700000
0!
02

#84705000
1!
b110 &
12
b110 6
b1 7

#84710000
0!
02

#84715000
1!
b1100 &
12
b1100 6
b10 7

#84720000
0!
02

#84725000
1!
b1001 &
12
b1001 6
b11 7

#84730000
0!
02

#84735000
1!
b11 &
12
b11 6
b0 7

#84740000
0!
02

#84745000
1!
b110 &
12
b110 6
b1 7

#84750000
0!
02

#84755000
1!
b1100 &
12
b1100 6
b10 7

#84760000
0!
02

#84765000
1!
b1001 &
12
b1001 6
b11 7

#84770000
0!
02

#84775000
1!
b11 &
12
b11 6
b0 7

#84780000
0!
02

#84785000
1!
b110 &
12
b110 6
b1 7

#84790000
0!
02

#84795000
1!
b1100 &
12
b1100 6
b10 7

#84800000
0!
02

#84805000
1!
b1001 &
12
b1001 6
b11 7

#84810000
0!
02

#84815000
1!
b11 &
12
b11 6
b0 7

#84820000
0!
02

#84825000
1!
b110 &
12
b110 6
b1 7

#84830000
0!
02

#84835000
1!
b1100 &
12
b1100 6
b10 7

#84840000
0!
02

#84845000
1!
b1001 &
12
b1001 6
b11 7

#84850000
0!
02

#84855000
1!
b11 &
12
b11 6
b0 7

#84860000
0!
02

#84865000
1!
b110 &
12
b110 6
b1 7

#84870000
0!
02

#84875000
1!
b1100 &
12
b1100 6
b10 7

#84880000
0!
02

#84885000
1!
b1001 &
12
b1001 6
b11 7

#84890000
0!
02

#84895000
1!
b11 &
12
b11 6
b0 7

#84900000
0!
02

#84905000
1!
b110 &
12
b110 6
b1 7

#84910000
0!
02

#84915000
1!
b1100 &
12
b1100 6
b10 7

#84920000
0!
02

#84925000
1!
b1001 &
12
b1001 6
b11 7

#84930000
0!
02

#84935000
1!
b11 &
12
b11 6
b0 7

#84940000
0!
02

#84945000
1!
b110 &
12
b110 6
b1 7

#84950000
0!
02

#84955000
1!
b1100 &
12
b1100 6
b10 7

#84960000
0!
02

#84965000
1!
b1001 &
12
b1001 6
b11 7

#84970000
0!
02

#84975000
1!
b11 &
12
b11 6
b0 7

#84980000
0!
02

#84985000
1!
b110 &
12
b110 6
b1 7

#84990000
0!
02

#84995000
1!
b1100 &
12
b1100 6
b10 7

#85000000
0!
02

#85005000
1!
b1001 &
12
b1001 6
b11 7

#85010000
0!
02

#85015000
1!
b11 &
12
b11 6
b0 7

#85020000
0!
02

#85025000
1!
b110 &
12
b110 6
b1 7

#85030000
0!
02

#85035000
1!
b1100 &
12
b1100 6
b10 7

#85040000
0!
02

#85045000
1!
b1001 &
12
b1001 6
b11 7

#85050000
0!
02

#85055000
1!
b11 &
12
b11 6
b0 7

#85060000
0!
02

#85065000
1!
b110 &
12
b110 6
b1 7

#85070000
0!
02

#85075000
1!
b1100 &
12
b1100 6
b10 7

#85080000
0!
02

#85085000
1!
b1001 &
12
b1001 6
b11 7

#85090000
0!
02

#85095000
1!
b11 &
12
b11 6
b0 7

#85100000
0!
02

#85105000
1!
b110 &
12
b110 6
b1 7

#85110000
0!
02

#85115000
1!
b1100 &
12
b1100 6
b10 7

#85120000
0!
02

#85125000
1!
b1001 &
12
b1001 6
b11 7

#85130000
0!
02

#85135000
1!
b11 &
12
b11 6
b0 7

#85140000
0!
02

#85145000
1!
b110 &
12
b110 6
b1 7

#85150000
0!
02

#85155000
1!
b1100 &
12
b1100 6
b10 7

#85160000
0!
02

#85165000
1!
b1001 &
12
b1001 6
b11 7

#85170000
0!
02

#85175000
1!
b11 &
12
b11 6
b0 7

#85180000
0!
02

#85185000
1!
b110 &
12
b110 6
b1 7

#85190000
0!
02

#85195000
1!
b1100 &
12
b1100 6
b10 7

#85200000
0!
02

#85205000
1!
b1001 &
12
b1001 6
b11 7

#85210000
0!
02

#85215000
1!
b11 &
12
b11 6
b0 7

#85220000
0!
02

#85225000
1!
b110 &
12
b110 6
b1 7

#85230000
0!
02

#85235000
1!
b1100 &
12
b1100 6
b10 7

#85240000
0!
02

#85245000
1!
b1001 &
12
b1001 6
b11 7

#85250000
0!
02

#85255000
1!
b11 &
12
b11 6
b0 7

#85260000
0!
02

#85265000
1!
b110 &
12
b110 6
b1 7

#85270000
0!
02

#85275000
1!
b1100 &
12
b1100 6
b10 7

#85280000
0!
02

#85285000
1!
b1001 &
12
b1001 6
b11 7

#85290000
0!
02

#85295000
1!
b11 &
12
b11 6
b0 7

#85300000
0!
02

#85305000
1!
b110 &
12
b110 6
b1 7

#85310000
0!
02

#85315000
1!
b1100 &
12
b1100 6
b10 7

#85320000
0!
02

#85325000
1!
b1001 &
12
b1001 6
b11 7

#85330000
0!
02

#85335000
1!
b11 &
12
b11 6
b0 7

#85340000
0!
02

#85345000
1!
b110 &
12
b110 6
b1 7

#85350000
0!
02

#85355000
1!
b1100 &
12
b1100 6
b10 7

#85360000
0!
02

#85365000
1!
b1001 &
12
b1001 6
b11 7

#85370000
0!
02

#85375000
1!
b11 &
12
b11 6
b0 7

#85380000
0!
02

#85385000
1!
b110 &
12
b110 6
b1 7

#85390000
0!
02

#85395000
1!
b1100 &
12
b1100 6
b10 7

#85400000
0!
02

#85405000
1!
b1001 &
12
b1001 6
b11 7

#85410000
0!
02

#85415000
1!
b11 &
12
b11 6
b0 7

#85420000
0!
02

#85425000
1!
b110 &
12
b110 6
b1 7

#85430000
0!
02

#85435000
1!
b1100 &
12
b1100 6
b10 7

#85440000
0!
02

#85445000
1!
b1001 &
12
b1001 6
b11 7

#85450000
0!
02

#85455000
1!
b11 &
12
b11 6
b0 7

#85460000
0!
02

#85465000
1!
b110 &
12
b110 6
b1 7

#85470000
0!
02

#85475000
1!
b1100 &
12
b1100 6
b10 7

#85480000
0!
02

#85485000
1!
b1001 &
12
b1001 6
b11 7

#85490000
0!
02

#85495000
1!
b11 &
12
b11 6
b0 7

#85500000
0!
02

#85505000
1!
b110 &
12
b110 6
b1 7

#85510000
0!
02

#85515000
1!
b1100 &
12
b1100 6
b10 7

#85520000
0!
02

#85525000
1!
b1001 &
12
b1001 6
b11 7

#85530000
0!
02

#85535000
1!
b11 &
12
b11 6
b0 7

#85540000
0!
02

#85545000
1!
b110 &
12
b110 6
b1 7

#85550000
0!
02

#85555000
1!
b1100 &
12
b1100 6
b10 7

#85560000
0!
02

#85565000
1!
b1001 &
12
b1001 6
b11 7

#85570000
0!
02

#85575000
1!
b11 &
12
b11 6
b0 7

#85580000
0!
02

#85585000
1!
b110 &
12
b110 6
b1 7

#85590000
0!
02

#85595000
1!
b1100 &
12
b1100 6
b10 7

#85600000
0!
02

#85605000
1!
b1001 &
12
b1001 6
b11 7

#85610000
0!
02

#85615000
1!
b11 &
12
b11 6
b0 7

#85620000
0!
02

#85625000
1!
b110 &
12
b110 6
b1 7

#85630000
0!
02

#85635000
1!
b1100 &
12
b1100 6
b10 7

#85640000
0!
02

#85645000
1!
b1001 &
12
b1001 6
b11 7

#85650000
0!
02

#85655000
1!
b11 &
12
b11 6
b0 7

#85660000
0!
02

#85665000
1!
b110 &
12
b110 6
b1 7

#85670000
0!
02

#85675000
1!
b1100 &
12
b1100 6
b10 7

#85680000
0!
02

#85685000
1!
b1001 &
12
b1001 6
b11 7

#85690000
0!
02

#85695000
1!
b11 &
12
b11 6
b0 7

#85700000
0!
02

#85705000
1!
b110 &
12
b110 6
b1 7

#85710000
0!
02

#85715000
1!
b1100 &
12
b1100 6
b10 7

#85720000
0!
02

#85725000
1!
b1001 &
12
b1001 6
b11 7

#85730000
0!
02

#85735000
1!
b11 &
12
b11 6
b0 7

#85740000
0!
02

#85745000
1!
b110 &
12
b110 6
b1 7

#85750000
0!
02

#85755000
1!
b1100 &
12
b1100 6
b10 7

#85760000
0!
02

#85765000
1!
b1001 &
12
b1001 6
b11 7

#85770000
0!
02

#85775000
1!
b11 &
12
b11 6
b0 7

#85780000
0!
02

#85785000
1!
b110 &
12
b110 6
b1 7

#85790000
0!
02

#85795000
1!
b1100 &
12
b1100 6
b10 7

#85800000
0!
02

#85805000
1!
b1001 &
12
b1001 6
b11 7

#85810000
0!
02

#85815000
1!
b11 &
12
b11 6
b0 7

#85820000
0!
02

#85825000
1!
b110 &
12
b110 6
b1 7

#85830000
0!
02

#85835000
1!
b1100 &
12
b1100 6
b10 7

#85840000
0!
02

#85845000
1!
b1001 &
12
b1001 6
b11 7

#85850000
0!
02

#85855000
1!
b11 &
12
b11 6
b0 7

#85860000
0!
02

#85865000
1!
b110 &
12
b110 6
b1 7

#85870000
0!
02

#85875000
1!
b1100 &
12
b1100 6
b10 7

#85880000
0!
02

#85885000
1!
b1001 &
12
b1001 6
b11 7

#85890000
0!
02

#85895000
1!
b11 &
12
b11 6
b0 7

#85900000
0!
02

#85905000
1!
b110 &
12
b110 6
b1 7

#85910000
0!
02

#85915000
1!
b1100 &
12
b1100 6
b10 7

#85920000
0!
02

#85925000
1!
b1001 &
12
b1001 6
b11 7

#85930000
0!
02

#85935000
1!
b11 &
12
b11 6
b0 7

#85940000
0!
02

#85945000
1!
b110 &
12
b110 6
b1 7

#85950000
0!
02

#85955000
1!
b1100 &
12
b1100 6
b10 7

#85960000
0!
02

#85965000
1!
b1001 &
12
b1001 6
b11 7

#85970000
0!
02

#85975000
1!
b11 &
12
b11 6
b0 7

#85980000
0!
02

#85985000
1!
b110 &
12
b110 6
b1 7

#85990000
0!
02

#85995000
1!
b1100 &
12
b1100 6
b10 7

#86000000
0!
02

#86005000
1!
b1001 &
12
b1001 6
b11 7

#86010000
0!
02

#86015000
1!
b11 &
12
b11 6
b0 7

#86020000
0!
02

#86025000
1!
b110 &
12
b110 6
b1 7

#86030000
0!
02

#86035000
1!
b1100 &
12
b1100 6
b10 7

#86040000
0!
02

#86045000
1!
b1001 &
12
b1001 6
b11 7

#86050000
0!
02

#86055000
1!
b11 &
12
b11 6
b0 7

#86060000
0!
02

#86065000
1!
b110 &
12
b110 6
b1 7

#86070000
0!
02

#86075000
1!
b1100 &
12
b1100 6
b10 7

#86080000
0!
02

#86085000
1!
b1001 &
12
b1001 6
b11 7

#86090000
0!
02

#86095000
1!
b11 &
12
b11 6
b0 7

#86100000
0!
02

#86105000
1!
b110 &
12
b110 6
b1 7

#86110000
0!
02

#86115000
1!
b1100 &
12
b1100 6
b10 7

#86120000
0!
02

#86125000
1!
b1001 &
12
b1001 6
b11 7

#86130000
0!
02

#86135000
1!
b11 &
12
b11 6
b0 7

#86140000
0!
02

#86145000
1!
b110 &
12
b110 6
b1 7

#86150000
0!
02

#86155000
1!
b1100 &
12
b1100 6
b10 7

#86160000
0!
02

#86165000
1!
b1001 &
12
b1001 6
b11 7

#86170000
0!
02

#86175000
1!
b11 &
12
b11 6
b0 7

#86180000
0!
02

#86185000
1!
b110 &
12
b110 6
b1 7

#86190000
0!
02

#86195000
1!
b1100 &
12
b1100 6
b10 7

#86200000
0!
02

#86205000
1!
b1001 &
12
b1001 6
b11 7

#86210000
0!
02

#86215000
1!
b11 &
12
b11 6
b0 7

#86220000
0!
02

#86225000
1!
b110 &
12
b110 6
b1 7

#86230000
0!
02

#86235000
1!
b1100 &
12
b1100 6
b10 7

#86240000
0!
02

#86245000
1!
b1001 &
12
b1001 6
b11 7

#86250000
0!
02

#86255000
1!
b11 &
12
b11 6
b0 7

#86260000
0!
02

#86265000
1!
b110 &
12
b110 6
b1 7

#86270000
0!
02

#86275000
1!
b1100 &
12
b1100 6
b10 7

#86280000
0!
02

#86285000
1!
b1001 &
12
b1001 6
b11 7

#86290000
0!
02

#86295000
1!
b11 &
12
b11 6
b0 7

#86300000
0!
02

#86305000
1!
b110 &
12
b110 6
b1 7

#86310000
0!
02

#86315000
1!
b1100 &
12
b1100 6
b10 7

#86320000
0!
02

#86325000
1!
b1001 &
12
b1001 6
b11 7

#86330000
0!
02

#86335000
1!
b11 &
12
b11 6
b0 7

#86340000
0!
02

#86345000
1!
b110 &
12
b110 6
b1 7

#86350000
0!
02

#86355000
1!
b1100 &
12
b1100 6
b10 7

#86360000
0!
02

#86365000
1!
b1001 &
12
b1001 6
b11 7

#86370000
0!
02

#86375000
1!
b11 &
12
b11 6
b0 7

#86380000
0!
02

#86385000
1!
b110 &
12
b110 6
b1 7

#86390000
0!
02

#86395000
1!
b1100 &
12
b1100 6
b10 7

#86400000
0!
02

#86405000
1!
b1001 &
12
b1001 6
b11 7

#86410000
0!
02

#86415000
1!
b11 &
12
b11 6
b0 7

#86420000
0!
02

#86425000
1!
b110 &
12
b110 6
b1 7

#86430000
0!
02

#86435000
1!
b1100 &
12
b1100 6
b10 7

#86440000
0!
02

#86445000
1!
b1001 &
12
b1001 6
b11 7

#86450000
0!
02

#86455000
1!
b11 &
12
b11 6
b0 7

#86460000
0!
02

#86465000
1!
b110 &
12
b110 6
b1 7

#86470000
0!
02

#86475000
1!
b1100 &
12
b1100 6
b10 7

#86480000
0!
02

#86485000
1!
b1001 &
12
b1001 6
b11 7

#86490000
0!
02

#86495000
1!
b11 &
12
b11 6
b0 7

#86500000
0!
02

#86505000
1!
b110 &
12
b110 6
b1 7

#86510000
0!
02

#86515000
1!
b1100 &
12
b1100 6
b10 7

#86520000
0!
02

#86525000
1!
b1001 &
12
b1001 6
b11 7

#86530000
0!
02

#86535000
1!
b11 &
12
b11 6
b0 7

#86540000
0!
02

#86545000
1!
b110 &
12
b110 6
b1 7

#86550000
0!
02

#86555000
1!
b1100 &
12
b1100 6
b10 7

#86560000
0!
02

#86565000
1!
b1001 &
12
b1001 6
b11 7

#86570000
0!
02

#86575000
1!
b11 &
12
b11 6
b0 7

#86580000
0!
02

#86585000
1!
b110 &
12
b110 6
b1 7

#86590000
0!
02

#86595000
1!
b1100 &
12
b1100 6
b10 7

#86600000
0!
02

#86605000
1!
b1001 &
12
b1001 6
b11 7

#86610000
0!
02

#86615000
1!
b11 &
12
b11 6
b0 7

#86620000
0!
02

#86625000
1!
b110 &
12
b110 6
b1 7

#86630000
0!
02

#86635000
1!
b1100 &
12
b1100 6
b10 7

#86640000
0!
02

#86645000
1!
b1001 &
12
b1001 6
b11 7

#86650000
0!
02

#86655000
1!
b11 &
12
b11 6
b0 7

#86660000
0!
02

#86665000
1!
b110 &
12
b110 6
b1 7

#86670000
0!
02

#86675000
1!
b1100 &
12
b1100 6
b10 7

#86680000
0!
02

#86685000
1!
b1001 &
12
b1001 6
b11 7

#86690000
0!
02

#86695000
1!
b11 &
12
b11 6
b0 7

#86700000
0!
02

#86705000
1!
b110 &
12
b110 6
b1 7

#86710000
0!
02

#86715000
1!
b1100 &
12
b1100 6
b10 7

#86720000
0!
02

#86725000
1!
b1001 &
12
b1001 6
b11 7

#86730000
0!
02

#86735000
1!
b11 &
12
b11 6
b0 7

#86740000
0!
02

#86745000
1!
b110 &
12
b110 6
b1 7

#86750000
0!
02

#86755000
1!
b1100 &
12
b1100 6
b10 7

#86760000
0!
02

#86765000
1!
b1001 &
12
b1001 6
b11 7

#86770000
0!
02

#86775000
1!
b11 &
12
b11 6
b0 7

#86780000
0!
02

#86785000
1!
b110 &
12
b110 6
b1 7

#86790000
0!
02

#86795000
1!
b1100 &
12
b1100 6
b10 7

#86800000
0!
02

#86805000
1!
b1001 &
12
b1001 6
b11 7

#86810000
0!
02

#86815000
1!
b11 &
12
b11 6
b0 7

#86820000
0!
02

#86825000
1!
b110 &
12
b110 6
b1 7

#86830000
0!
02

#86835000
1!
b1100 &
12
b1100 6
b10 7

#86840000
0!
02

#86845000
1!
b1001 &
12
b1001 6
b11 7

#86850000
0!
02

#86855000
1!
b11 &
12
b11 6
b0 7

#86860000
0!
02

#86865000
1!
b110 &
12
b110 6
b1 7

#86870000
0!
02

#86875000
1!
b1100 &
12
b1100 6
b10 7

#86880000
0!
02

#86885000
1!
b1001 &
12
b1001 6
b11 7

#86890000
0!
02

#86895000
1!
b11 &
12
b11 6
b0 7

#86900000
0!
02

#86905000
1!
b110 &
12
b110 6
b1 7

#86910000
0!
02

#86915000
1!
b1100 &
12
b1100 6
b10 7

#86920000
0!
02

#86925000
1!
b1001 &
12
b1001 6
b11 7

#86930000
0!
02

#86935000
1!
b11 &
12
b11 6
b0 7

#86940000
0!
02

#86945000
1!
b110 &
12
b110 6
b1 7

#86950000
0!
02

#86955000
1!
b1100 &
12
b1100 6
b10 7

#86960000
0!
02

#86965000
1!
b1001 &
12
b1001 6
b11 7

#86970000
0!
02

#86975000
1!
b11 &
12
b11 6
b0 7

#86980000
0!
02

#86985000
1!
b110 &
12
b110 6
b1 7

#86990000
0!
02

#86995000
1!
b1100 &
12
b1100 6
b10 7

#87000000
0!
02

#87005000
1!
b1001 &
12
b1001 6
b11 7

#87010000
0!
02

#87015000
1!
b11 &
12
b11 6
b0 7

#87020000
0!
02

#87025000
1!
b110 &
12
b110 6
b1 7

#87030000
0!
02

#87035000
1!
b1100 &
12
b1100 6
b10 7

#87040000
0!
02

#87045000
1!
b1001 &
12
b1001 6
b11 7

#87050000
0!
02

#87055000
1!
b11 &
12
b11 6
b0 7

#87060000
0!
02

#87065000
1!
b110 &
12
b110 6
b1 7

#87070000
0!
02

#87075000
1!
b1100 &
12
b1100 6
b10 7

#87080000
0!
02

#87085000
1!
b1001 &
12
b1001 6
b11 7

#87090000
0!
02

#87095000
1!
b11 &
12
b11 6
b0 7

#87100000
0!
02

#87105000
1!
b110 &
12
b110 6
b1 7

#87110000
0!
02

#87115000
1!
b1100 &
12
b1100 6
b10 7

#87120000
0!
02

#87125000
1!
b1001 &
12
b1001 6
b11 7

#87130000
0!
02

#87135000
1!
b11 &
12
b11 6
b0 7

#87140000
0!
02

#87145000
1!
b110 &
12
b110 6
b1 7

#87150000
0!
02

#87155000
1!
b1100 &
12
b1100 6
b10 7

#87160000
0!
02

#87165000
1!
b1001 &
12
b1001 6
b11 7

#87170000
0!
02

#87175000
1!
b11 &
12
b11 6
b0 7

#87180000
0!
02

#87185000
1!
b110 &
12
b110 6
b1 7

#87190000
0!
02

#87195000
1!
b1100 &
12
b1100 6
b10 7

#87200000
0!
02

#87205000
1!
b1001 &
12
b1001 6
b11 7

#87210000
0!
02

#87215000
1!
b11 &
12
b11 6
b0 7

#87220000
0!
02

#87225000
1!
b110 &
12
b110 6
b1 7

#87230000
0!
02

#87235000
1!
b1100 &
12
b1100 6
b10 7

#87240000
0!
02

#87245000
1!
b1001 &
12
b1001 6
b11 7

#87250000
0!
02

#87255000
1!
b11 &
12
b11 6
b0 7

#87260000
0!
02

#87265000
1!
b110 &
12
b110 6
b1 7

#87270000
0!
02

#87275000
1!
b1100 &
12
b1100 6
b10 7

#87280000
0!
02

#87285000
1!
b1001 &
12
b1001 6
b11 7

#87290000
0!
02

#87295000
1!
b11 &
12
b11 6
b0 7

#87300000
0!
02

#87305000
1!
b110 &
12
b110 6
b1 7

#87310000
0!
02

#87315000
1!
b1100 &
12
b1100 6
b10 7

#87320000
0!
02

#87325000
1!
b1001 &
12
b1001 6
b11 7

#87330000
0!
02

#87335000
1!
b11 &
12
b11 6
b0 7

#87340000
0!
02

#87345000
1!
b110 &
12
b110 6
b1 7

#87350000
0!
02

#87355000
1!
b1100 &
12
b1100 6
b10 7

#87360000
0!
02

#87365000
1!
b1001 &
12
b1001 6
b11 7

#87370000
0!
02

#87375000
1!
b11 &
12
b11 6
b0 7

#87380000
0!
02

#87385000
1!
b110 &
12
b110 6
b1 7

#87390000
0!
02

#87395000
1!
b1100 &
12
b1100 6
b10 7

#87400000
0!
02

#87405000
1!
b1001 &
12
b1001 6
b11 7

#87410000
0!
02

#87415000
1!
b11 &
12
b11 6
b0 7

#87420000
0!
02

#87425000
1!
b110 &
12
b110 6
b1 7

#87430000
0!
02

#87435000
1!
b1100 &
12
b1100 6
b10 7

#87440000
0!
02

#87445000
1!
b1001 &
12
b1001 6
b11 7

#87450000
0!
02

#87455000
1!
b11 &
12
b11 6
b0 7

#87460000
0!
02

#87465000
1!
b110 &
12
b110 6
b1 7

#87470000
0!
02

#87475000
1!
b1100 &
12
b1100 6
b10 7

#87480000
0!
02

#87485000
1!
b1001 &
12
b1001 6
b11 7

#87490000
0!
02

#87495000
1!
b11 &
12
b11 6
b0 7

#87500000
0!
02

#87505000
1!
b110 &
12
b110 6
b1 7

#87510000
0!
02

#87515000
1!
b1100 &
12
b1100 6
b10 7

#87520000
0!
02

#87525000
1!
b1001 &
12
b1001 6
b11 7

#87530000
0!
02

#87535000
1!
b11 &
12
b11 6
b0 7

#87540000
0!
02

#87545000
1!
b110 &
12
b110 6
b1 7

#87550000
0!
02

#87555000
1!
b1100 &
12
b1100 6
b10 7

#87560000
0!
02

#87565000
1!
b1001 &
12
b1001 6
b11 7

#87570000
0!
02

#87575000
1!
b11 &
12
b11 6
b0 7

#87580000
0!
02

#87585000
1!
b110 &
12
b110 6
b1 7

#87590000
0!
02

#87595000
1!
b1100 &
12
b1100 6
b10 7

#87600000
0!
02

#87605000
1!
b1001 &
12
b1001 6
b11 7

#87610000
0!
02

#87615000
1!
b11 &
12
b11 6
b0 7

#87620000
0!
02

#87625000
1!
b110 &
12
b110 6
b1 7

#87630000
0!
02

#87635000
1!
b1100 &
12
b1100 6
b10 7

#87640000
0!
02

#87645000
1!
b1001 &
12
b1001 6
b11 7

#87650000
0!
02

#87655000
1!
b11 &
12
b11 6
b0 7

#87660000
0!
02

#87665000
1!
b110 &
12
b110 6
b1 7

#87670000
0!
02

#87675000
1!
b1100 &
12
b1100 6
b10 7

#87680000
0!
02

#87685000
1!
b1001 &
12
b1001 6
b11 7

#87690000
0!
02

#87695000
1!
b11 &
12
b11 6
b0 7

#87700000
0!
02

#87705000
1!
b110 &
12
b110 6
b1 7

#87710000
0!
02

#87715000
1!
b1100 &
12
b1100 6
b10 7

#87720000
0!
02

#87725000
1!
b1001 &
12
b1001 6
b11 7

#87730000
0!
02

#87735000
1!
b11 &
12
b11 6
b0 7

#87740000
0!
02

#87745000
1!
b110 &
12
b110 6
b1 7

#87750000
0!
02

#87755000
1!
b1100 &
12
b1100 6
b10 7

#87760000
0!
02

#87765000
1!
b1001 &
12
b1001 6
b11 7

#87770000
0!
02

#87775000
1!
b11 &
12
b11 6
b0 7

#87780000
0!
02

#87785000
1!
b110 &
12
b110 6
b1 7

#87790000
0!
02

#87795000
1!
b1100 &
12
b1100 6
b10 7

#87800000
0!
02

#87805000
1!
b1001 &
12
b1001 6
b11 7

#87810000
0!
02

#87815000
1!
b11 &
12
b11 6
b0 7

#87820000
0!
02

#87825000
1!
b110 &
12
b110 6
b1 7

#87830000
0!
02

#87835000
1!
b1100 &
12
b1100 6
b10 7

#87840000
0!
02

#87845000
1!
b1001 &
12
b1001 6
b11 7

#87850000
0!
02

#87855000
1!
b11 &
12
b11 6
b0 7

#87860000
0!
02

#87865000
1!
b110 &
12
b110 6
b1 7

#87870000
0!
02

#87875000
1!
b1100 &
12
b1100 6
b10 7

#87880000
0!
02

#87885000
1!
b1001 &
12
b1001 6
b11 7

#87890000
0!
02

#87895000
1!
b11 &
12
b11 6
b0 7

#87900000
0!
02

#87905000
1!
b110 &
12
b110 6
b1 7

#87910000
0!
02

#87915000
1!
b1100 &
12
b1100 6
b10 7

#87920000
0!
02

#87925000
1!
b1001 &
12
b1001 6
b11 7

#87930000
0!
02

#87935000
1!
b11 &
12
b11 6
b0 7

#87940000
0!
02

#87945000
1!
b110 &
12
b110 6
b1 7

#87950000
0!
02

#87955000
1!
b1100 &
12
b1100 6
b10 7

#87960000
0!
02

#87965000
1!
b1001 &
12
b1001 6
b11 7

#87970000
0!
02

#87975000
1!
b11 &
12
b11 6
b0 7

#87980000
0!
02

#87985000
1!
b110 &
12
b110 6
b1 7

#87990000
0!
02

#87995000
1!
b1100 &
12
b1100 6
b10 7

#88000000
0!
02

#88005000
1!
b1001 &
12
b1001 6
b11 7

#88010000
0!
02

#88015000
1!
b11 &
12
b11 6
b0 7

#88020000
0!
02

#88025000
1!
b110 &
12
b110 6
b1 7

#88030000
0!
02

#88035000
1!
b1100 &
12
b1100 6
b10 7

#88040000
0!
02

#88045000
1!
b1001 &
12
b1001 6
b11 7

#88050000
0!
02

#88055000
1!
b11 &
12
b11 6
b0 7

#88060000
0!
02

#88065000
1!
b110 &
12
b110 6
b1 7

#88070000
0!
02

#88075000
1!
b1100 &
12
b1100 6
b10 7

#88080000
0!
02

#88085000
1!
b1001 &
12
b1001 6
b11 7

#88090000
0!
02

#88095000
1!
b11 &
12
b11 6
b0 7

#88100000
0!
02

#88105000
1!
b110 &
12
b110 6
b1 7

#88110000
0!
02

#88115000
1!
b1100 &
12
b1100 6
b10 7

#88120000
0!
02

#88125000
1!
b1001 &
12
b1001 6
b11 7

#88130000
0!
02

#88135000
1!
b11 &
12
b11 6
b0 7

#88140000
0!
02

#88145000
1!
b110 &
12
b110 6
b1 7

#88150000
0!
02

#88155000
1!
b1100 &
12
b1100 6
b10 7

#88160000
0!
02

#88165000
1!
b1001 &
12
b1001 6
b11 7

#88170000
0!
02

#88175000
1!
b11 &
12
b11 6
b0 7

#88180000
0!
02

#88185000
1!
b110 &
12
b110 6
b1 7

#88190000
0!
02

#88195000
1!
b1100 &
12
b1100 6
b10 7

#88200000
0!
02

#88205000
1!
b1001 &
12
b1001 6
b11 7

#88210000
0!
02

#88215000
1!
b11 &
12
b11 6
b0 7

#88220000
0!
02

#88225000
1!
b110 &
12
b110 6
b1 7

#88230000
0!
02

#88235000
1!
b1100 &
12
b1100 6
b10 7

#88240000
0!
02

#88245000
1!
b1001 &
12
b1001 6
b11 7

#88250000
0!
02

#88255000
1!
b11 &
12
b11 6
b0 7

#88260000
0!
02

#88265000
1!
b110 &
12
b110 6
b1 7

#88270000
0!
02

#88275000
1!
b1100 &
12
b1100 6
b10 7

#88280000
0!
02

#88285000
1!
b1001 &
12
b1001 6
b11 7

#88290000
0!
02

#88295000
1!
b11 &
12
b11 6
b0 7

#88300000
0!
02

#88305000
1!
b110 &
12
b110 6
b1 7

#88310000
0!
02

#88315000
1!
b1100 &
12
b1100 6
b10 7

#88320000
0!
02

#88325000
1!
b1001 &
12
b1001 6
b11 7

#88330000
0!
02

#88335000
1!
b11 &
12
b11 6
b0 7

#88340000
0!
02

#88345000
1!
b110 &
12
b110 6
b1 7

#88350000
0!
02

#88355000
1!
b1100 &
12
b1100 6
b10 7

#88360000
0!
02

#88365000
1!
b1001 &
12
b1001 6
b11 7

#88370000
0!
02

#88375000
1!
b11 &
12
b11 6
b0 7

#88380000
0!
02

#88385000
1!
b110 &
12
b110 6
b1 7

#88390000
0!
02

#88395000
1!
b1100 &
12
b1100 6
b10 7

#88400000
0!
02

#88405000
1!
b1001 &
12
b1001 6
b11 7

#88410000
0!
02

#88415000
1!
b11 &
12
b11 6
b0 7

#88420000
0!
02

#88425000
1!
b110 &
12
b110 6
b1 7

#88430000
0!
02

#88435000
1!
b1100 &
12
b1100 6
b10 7

#88440000
0!
02

#88445000
1!
b1001 &
12
b1001 6
b11 7

#88450000
0!
02

#88455000
1!
b11 &
12
b11 6
b0 7

#88460000
0!
02

#88465000
1!
b110 &
12
b110 6
b1 7

#88470000
0!
02

#88475000
1!
b1100 &
12
b1100 6
b10 7

#88480000
0!
02

#88485000
1!
b1001 &
12
b1001 6
b11 7

#88490000
0!
02

#88495000
1!
b11 &
12
b11 6
b0 7

#88500000
0!
02

#88505000
1!
b110 &
12
b110 6
b1 7

#88510000
0!
02

#88515000
1!
b1100 &
12
b1100 6
b10 7

#88520000
0!
02

#88525000
1!
b1001 &
12
b1001 6
b11 7

#88530000
0!
02

#88535000
1!
b11 &
12
b11 6
b0 7

#88540000
0!
02

#88545000
1!
b110 &
12
b110 6
b1 7

#88550000
0!
02

#88555000
1!
b1100 &
12
b1100 6
b10 7

#88560000
0!
02

#88565000
1!
b1001 &
12
b1001 6
b11 7

#88570000
0!
02

#88575000
1!
b11 &
12
b11 6
b0 7

#88580000
0!
02

#88585000
1!
b110 &
12
b110 6
b1 7

#88590000
0!
02

#88595000
1!
b1100 &
12
b1100 6
b10 7

#88600000
0!
02

#88605000
1!
b1001 &
12
b1001 6
b11 7

#88610000
0!
02

#88615000
1!
b11 &
12
b11 6
b0 7

#88620000
0!
02

#88625000
1!
b110 &
12
b110 6
b1 7

#88630000
0!
02

#88635000
1!
b1100 &
12
b1100 6
b10 7

#88640000
0!
02

#88645000
1!
b1001 &
12
b1001 6
b11 7

#88650000
0!
02

#88655000
1!
b11 &
12
b11 6
b0 7

#88660000
0!
02

#88665000
1!
b110 &
12
b110 6
b1 7

#88670000
0!
02

#88675000
1!
b1100 &
12
b1100 6
b10 7

#88680000
0!
02

#88685000
1!
b1001 &
12
b1001 6
b11 7

#88690000
0!
02

#88695000
1!
b11 &
12
b11 6
b0 7

#88700000
0!
02

#88705000
1!
b110 &
12
b110 6
b1 7

#88710000
0!
02

#88715000
1!
b1100 &
12
b1100 6
b10 7

#88720000
0!
02

#88725000
1!
b1001 &
12
b1001 6
b11 7

#88730000
0!
02

#88735000
1!
b11 &
12
b11 6
b0 7

#88740000
0!
02

#88745000
1!
b110 &
12
b110 6
b1 7

#88750000
0!
02

#88755000
1!
b1100 &
12
b1100 6
b10 7

#88760000
0!
02

#88765000
1!
b1001 &
12
b1001 6
b11 7

#88770000
0!
02

#88775000
1!
b11 &
12
b11 6
b0 7

#88780000
0!
02

#88785000
1!
b110 &
12
b110 6
b1 7

#88790000
0!
02

#88795000
1!
b1100 &
12
b1100 6
b10 7

#88800000
0!
02

#88805000
1!
b1001 &
12
b1001 6
b11 7

#88810000
0!
02

#88815000
1!
b11 &
12
b11 6
b0 7

#88820000
0!
02

#88825000
1!
b110 &
12
b110 6
b1 7

#88830000
0!
02

#88835000
1!
b1100 &
12
b1100 6
b10 7

#88840000
0!
02

#88845000
1!
b1001 &
12
b1001 6
b11 7

#88850000
0!
02

#88855000
1!
b11 &
12
b11 6
b0 7

#88860000
0!
02

#88865000
1!
b110 &
12
b110 6
b1 7

#88870000
0!
02

#88875000
1!
b1100 &
12
b1100 6
b10 7

#88880000
0!
02

#88885000
1!
b1001 &
12
b1001 6
b11 7

#88890000
0!
02

#88895000
1!
b11 &
12
b11 6
b0 7

#88900000
0!
02

#88905000
1!
b110 &
12
b110 6
b1 7

#88910000
0!
02

#88915000
1!
b1100 &
12
b1100 6
b10 7

#88920000
0!
02

#88925000
1!
b1001 &
12
b1001 6
b11 7

#88930000
0!
02

#88935000
1!
b11 &
12
b11 6
b0 7

#88940000
0!
02

#88945000
1!
b110 &
12
b110 6
b1 7

#88950000
0!
02

#88955000
1!
b1100 &
12
b1100 6
b10 7

#88960000
0!
02

#88965000
1!
b1001 &
12
b1001 6
b11 7

#88970000
0!
02

#88975000
1!
b11 &
12
b11 6
b0 7

#88980000
0!
02

#88985000
1!
b110 &
12
b110 6
b1 7

#88990000
0!
02

#88995000
1!
b1100 &
12
b1100 6
b10 7

#89000000
0!
02

#89005000
1!
b1001 &
12
b1001 6
b11 7

#89010000
0!
02

#89015000
1!
b11 &
12
b11 6
b0 7

#89020000
0!
02

#89025000
1!
b110 &
12
b110 6
b1 7

#89030000
0!
02

#89035000
1!
b1100 &
12
b1100 6
b10 7

#89040000
0!
02

#89045000
1!
b1001 &
12
b1001 6
b11 7

#89050000
0!
02

#89055000
1!
b11 &
12
b11 6
b0 7

#89060000
0!
02

#89065000
1!
b110 &
12
b110 6
b1 7

#89070000
0!
02

#89075000
1!
b1100 &
12
b1100 6
b10 7

#89080000
0!
02

#89085000
1!
b1001 &
12
b1001 6
b11 7

#89090000
0!
02

#89095000
1!
b11 &
12
b11 6
b0 7

#89100000
0!
02

#89105000
1!
b110 &
12
b110 6
b1 7

#89110000
0!
02

#89115000
1!
b1100 &
12
b1100 6
b10 7

#89120000
0!
02

#89125000
1!
b1001 &
12
b1001 6
b11 7

#89130000
0!
02

#89135000
1!
b11 &
12
b11 6
b0 7

#89140000
0!
02

#89145000
1!
b110 &
12
b110 6
b1 7

#89150000
0!
02

#89155000
1!
b1100 &
12
b1100 6
b10 7

#89160000
0!
02

#89165000
1!
b1001 &
12
b1001 6
b11 7

#89170000
0!
02

#89175000
1!
b11 &
12
b11 6
b0 7

#89180000
0!
02

#89185000
1!
b110 &
12
b110 6
b1 7

#89190000
0!
02

#89195000
1!
b1100 &
12
b1100 6
b10 7

#89200000
0!
02

#89205000
1!
b1001 &
12
b1001 6
b11 7

#89210000
0!
02

#89215000
1!
b11 &
12
b11 6
b0 7

#89220000
0!
02

#89225000
1!
b110 &
12
b110 6
b1 7

#89230000
0!
02

#89235000
1!
b1100 &
12
b1100 6
b10 7

#89240000
0!
02

#89245000
1!
b1001 &
12
b1001 6
b11 7

#89250000
0!
02

#89255000
1!
b11 &
12
b11 6
b0 7

#89260000
0!
02

#89265000
1!
b110 &
12
b110 6
b1 7

#89270000
0!
02

#89275000
1!
b1100 &
12
b1100 6
b10 7

#89280000
0!
02

#89285000
1!
b1001 &
12
b1001 6
b11 7

#89290000
0!
02

#89295000
1!
b11 &
12
b11 6
b0 7

#89300000
0!
02

#89305000
1!
b110 &
12
b110 6
b1 7

#89310000
0!
02

#89315000
1!
b1100 &
12
b1100 6
b10 7

#89320000
0!
02

#89325000
1!
b1001 &
12
b1001 6
b11 7

#89330000
0!
02

#89335000
1!
b11 &
12
b11 6
b0 7

#89340000
0!
02

#89345000
1!
b110 &
12
b110 6
b1 7

#89350000
0!
02

#89355000
1!
b1100 &
12
b1100 6
b10 7

#89360000
0!
02

#89365000
1!
b1001 &
12
b1001 6
b11 7

#89370000
0!
02

#89375000
1!
b11 &
12
b11 6
b0 7

#89380000
0!
02

#89385000
1!
b110 &
12
b110 6
b1 7

#89390000
0!
02

#89395000
1!
b1100 &
12
b1100 6
b10 7

#89400000
0!
02

#89405000
1!
b1001 &
12
b1001 6
b11 7

#89410000
0!
02

#89415000
1!
b11 &
12
b11 6
b0 7

#89420000
0!
02

#89425000
1!
b110 &
12
b110 6
b1 7

#89430000
0!
02

#89435000
1!
b1100 &
12
b1100 6
b10 7

#89440000
0!
02

#89445000
1!
b1001 &
12
b1001 6
b11 7

#89450000
0!
02

#89455000
1!
b11 &
12
b11 6
b0 7

#89460000
0!
02

#89465000
1!
b110 &
12
b110 6
b1 7

#89470000
0!
02

#89475000
1!
b1100 &
12
b1100 6
b10 7

#89480000
0!
02

#89485000
1!
b1001 &
12
b1001 6
b11 7

#89490000
0!
02

#89495000
1!
b11 &
12
b11 6
b0 7

#89500000
0!
02

#89505000
1!
b110 &
12
b110 6
b1 7

#89510000
0!
02

#89515000
1!
b1100 &
12
b1100 6
b10 7

#89520000
0!
02

#89525000
1!
b1001 &
12
b1001 6
b11 7

#89530000
0!
02

#89535000
1!
b11 &
12
b11 6
b0 7

#89540000
0!
02

#89545000
1!
b110 &
12
b110 6
b1 7

#89550000
0!
02

#89555000
1!
b1100 &
12
b1100 6
b10 7

#89560000
0!
02

#89565000
1!
b1001 &
12
b1001 6
b11 7

#89570000
0!
02

#89575000
1!
b11 &
12
b11 6
b0 7

#89580000
0!
02

#89585000
1!
b110 &
12
b110 6
b1 7

#89590000
0!
02

#89595000
1!
b1100 &
12
b1100 6
b10 7

#89600000
0!
02

#89605000
1!
b1001 &
12
b1001 6
b11 7

#89610000
0!
02

#89615000
1!
b11 &
12
b11 6
b0 7

#89620000
0!
02

#89625000
1!
b110 &
12
b110 6
b1 7

#89630000
0!
02

#89635000
1!
b1100 &
12
b1100 6
b10 7

#89640000
0!
02

#89645000
1!
b1001 &
12
b1001 6
b11 7

#89650000
0!
02

#89655000
1!
b11 &
12
b11 6
b0 7

#89660000
0!
02

#89665000
1!
b110 &
12
b110 6
b1 7

#89670000
0!
02

#89675000
1!
b1100 &
12
b1100 6
b10 7

#89680000
0!
02

#89685000
1!
b1001 &
12
b1001 6
b11 7

#89690000
0!
02

#89695000
1!
b11 &
12
b11 6
b0 7

#89700000
0!
02

#89705000
1!
b110 &
12
b110 6
b1 7

#89710000
0!
02

#89715000
1!
b1100 &
12
b1100 6
b10 7

#89720000
0!
02

#89725000
1!
b1001 &
12
b1001 6
b11 7

#89730000
0!
02

#89735000
1!
b11 &
12
b11 6
b0 7

#89740000
0!
02

#89745000
1!
b110 &
12
b110 6
b1 7

#89750000
0!
02

#89755000
1!
b1100 &
12
b1100 6
b10 7

#89760000
0!
02

#89765000
1!
b1001 &
12
b1001 6
b11 7

#89770000
0!
02

#89775000
1!
b11 &
12
b11 6
b0 7

#89780000
0!
02

#89785000
1!
b110 &
12
b110 6
b1 7

#89790000
0!
02

#89795000
1!
b1100 &
12
b1100 6
b10 7

#89800000
0!
02

#89805000
1!
b1001 &
12
b1001 6
b11 7

#89810000
0!
02

#89815000
1!
b11 &
12
b11 6
b0 7

#89820000
0!
02

#89825000
1!
b110 &
12
b110 6
b1 7

#89830000
0!
02

#89835000
1!
b1100 &
12
b1100 6
b10 7

#89840000
0!
02

#89845000
1!
b1001 &
12
b1001 6
b11 7

#89850000
0!
02

#89855000
1!
b11 &
12
b11 6
b0 7

#89860000
0!
02

#89865000
1!
b110 &
12
b110 6
b1 7

#89870000
0!
02

#89875000
1!
b1100 &
12
b1100 6
b10 7

#89880000
0!
02

#89885000
1!
b1001 &
12
b1001 6
b11 7

#89890000
0!
02

#89895000
1!
b11 &
12
b11 6
b0 7

#89900000
0!
02

#89905000
1!
b110 &
12
b110 6
b1 7

#89910000
0!
02

#89915000
1!
b1100 &
12
b1100 6
b10 7

#89920000
0!
02

#89925000
1!
b1001 &
12
b1001 6
b11 7

#89930000
0!
02

#89935000
1!
b11 &
12
b11 6
b0 7

#89940000
0!
02

#89945000
1!
b110 &
12
b110 6
b1 7

#89950000
0!
02

#89955000
1!
b1100 &
12
b1100 6
b10 7

#89960000
0!
02

#89965000
1!
b1001 &
12
b1001 6
b11 7

#89970000
0!
02

#89975000
1!
b11 &
12
b11 6
b0 7

#89980000
0!
02

#89985000
1!
b110 &
12
b110 6
b1 7

#89990000
0!
02

#89995000
1!
b1100 &
12
b1100 6
b10 7

#90000000
0!
02

#90005000
1!
b1001 &
12
b1001 6
b11 7

#90010000
0!
02

#90015000
1!
b11 &
12
b11 6
b0 7

#90020000
0!
02

#90025000
1!
b110 &
12
b110 6
b1 7

#90030000
0!
02

#90035000
1!
b1100 &
12
b1100 6
b10 7

#90040000
0!
02

#90045000
1!
b1001 &
12
b1001 6
b11 7

#90050000
0!
02

#90055000
1!
b11 &
12
b11 6
b0 7

#90060000
0!
02

#90065000
1!
b110 &
12
b110 6
b1 7

#90070000
0!
02

#90075000
1!
b1100 &
12
b1100 6
b10 7

#90080000
0!
02

#90085000
1!
b1001 &
12
b1001 6
b11 7

#90090000
0!
02

#90095000
1!
b11 &
12
b11 6
b0 7

#90100000
0!
02

#90105000
1!
b110 &
12
b110 6
b1 7

#90110000
0!
02

#90115000
1!
b1100 &
12
b1100 6
b10 7

#90120000
0!
02

#90125000
1!
b1001 &
12
b1001 6
b11 7

#90130000
0!
02

#90135000
1!
b11 &
12
b11 6
b0 7

#90140000
0!
02

#90145000
1!
b110 &
12
b110 6
b1 7

#90150000
0!
02

#90155000
1!
b1100 &
12
b1100 6
b10 7

#90160000
0!
02

#90165000
1!
b1001 &
12
b1001 6
b11 7

#90170000
0!
02

#90175000
1!
b11 &
12
b11 6
b0 7

#90180000
0!
02

#90185000
1!
b110 &
12
b110 6
b1 7

#90190000
0!
02

#90195000
1!
b1100 &
12
b1100 6
b10 7

#90200000
0!
02

#90205000
1!
b1001 &
12
b1001 6
b11 7

#90210000
0!
02

#90215000
1!
b11 &
12
b11 6
b0 7

#90220000
0!
02

#90225000
1!
b110 &
12
b110 6
b1 7

#90230000
0!
02

#90235000
1!
b1100 &
12
b1100 6
b10 7

#90240000
0!
02

#90245000
1!
b1001 &
12
b1001 6
b11 7

#90250000
0!
02

#90255000
1!
b11 &
12
b11 6
b0 7

#90260000
0!
02

#90265000
1!
b110 &
12
b110 6
b1 7

#90270000
0!
02

#90275000
1!
b1100 &
12
b1100 6
b10 7

#90280000
0!
02

#90285000
1!
b1001 &
12
b1001 6
b11 7

#90290000
0!
02

#90295000
1!
b11 &
12
b11 6
b0 7

#90300000
0!
02

#90305000
1!
b110 &
12
b110 6
b1 7

#90310000
0!
02

#90315000
1!
b1100 &
12
b1100 6
b10 7

#90320000
0!
02

#90325000
1!
b1001 &
12
b1001 6
b11 7

#90330000
0!
02

#90335000
1!
b11 &
12
b11 6
b0 7

#90340000
0!
02

#90345000
1!
b110 &
12
b110 6
b1 7

#90350000
0!
02

#90355000
1!
b1100 &
12
b1100 6
b10 7

#90360000
0!
02

#90365000
1!
b1001 &
12
b1001 6
b11 7

#90370000
0!
02

#90375000
1!
b11 &
12
b11 6
b0 7

#90380000
0!
02

#90385000
1!
b110 &
12
b110 6
b1 7

#90390000
0!
02

#90395000
1!
b1100 &
12
b1100 6
b10 7

#90400000
0!
02

#90405000
1!
b1001 &
12
b1001 6
b11 7

#90410000
0!
02

#90415000
1!
b11 &
12
b11 6
b0 7

#90420000
0!
02

#90425000
1!
b110 &
12
b110 6
b1 7

#90430000
0!
02

#90435000
1!
b1100 &
12
b1100 6
b10 7

#90440000
0!
02

#90445000
1!
b1001 &
12
b1001 6
b11 7

#90450000
0!
02

#90455000
1!
b11 &
12
b11 6
b0 7

#90460000
0!
02

#90465000
1!
b110 &
12
b110 6
b1 7

#90470000
0!
02

#90475000
1!
b1100 &
12
b1100 6
b10 7

#90480000
0!
02

#90485000
1!
b1001 &
12
b1001 6
b11 7

#90490000
0!
02

#90495000
1!
b11 &
12
b11 6
b0 7

#90500000
0!
02

#90505000
1!
b110 &
12
b110 6
b1 7

#90510000
0!
02

#90515000
1!
b1100 &
12
b1100 6
b10 7

#90520000
0!
02

#90525000
1!
b1001 &
12
b1001 6
b11 7

#90530000
0!
02

#90535000
1!
b11 &
12
b11 6
b0 7

#90540000
0!
02

#90545000
1!
b110 &
12
b110 6
b1 7

#90550000
0!
02

#90555000
1!
b1100 &
12
b1100 6
b10 7

#90560000
0!
02

#90565000
1!
b1001 &
12
b1001 6
b11 7

#90570000
0!
02

#90575000
1!
b11 &
12
b11 6
b0 7

#90580000
0!
02

#90585000
1!
b110 &
12
b110 6
b1 7

#90590000
0!
02

#90595000
1!
b1100 &
12
b1100 6
b10 7

#90600000
0!
02

#90605000
1!
b1001 &
12
b1001 6
b11 7

#90610000
0!
02

#90615000
1!
b11 &
12
b11 6
b0 7

#90620000
0!
02

#90625000
1!
b110 &
12
b110 6
b1 7

#90630000
0!
02

#90635000
1!
b1100 &
12
b1100 6
b10 7

#90640000
0!
02

#90645000
1!
b1001 &
12
b1001 6
b11 7

#90650000
0!
02

#90655000
1!
b11 &
12
b11 6
b0 7

#90660000
0!
02

#90665000
1!
b110 &
12
b110 6
b1 7

#90670000
0!
02

#90675000
1!
b1100 &
12
b1100 6
b10 7

#90680000
0!
02

#90685000
1!
b1001 &
12
b1001 6
b11 7

#90690000
0!
02

#90695000
1!
b11 &
12
b11 6
b0 7

#90700000
0!
02

#90705000
1!
b110 &
12
b110 6
b1 7

#90710000
0!
02

#90715000
1!
b1100 &
12
b1100 6
b10 7

#90720000
0!
02

#90725000
1!
b1001 &
12
b1001 6
b11 7

#90730000
0!
02

#90735000
1!
b11 &
12
b11 6
b0 7

#90740000
0!
02

#90745000
1!
b110 &
12
b110 6
b1 7

#90750000
0!
02

#90755000
1!
b1100 &
12
b1100 6
b10 7

#90760000
0!
02

#90765000
1!
b1001 &
12
b1001 6
b11 7

#90770000
0!
02

#90775000
1!
b11 &
12
b11 6
b0 7

#90780000
0!
02

#90785000
1!
b110 &
12
b110 6
b1 7

#90790000
0!
02

#90795000
1!
b1100 &
12
b1100 6
b10 7

#90800000
0!
02

#90805000
1!
b1001 &
12
b1001 6
b11 7

#90810000
0!
02

#90815000
1!
b11 &
12
b11 6
b0 7

#90820000
0!
02

#90825000
1!
b110 &
12
b110 6
b1 7

#90830000
0!
02

#90835000
1!
b1100 &
12
b1100 6
b10 7

#90840000
0!
02

#90845000
1!
b1001 &
12
b1001 6
b11 7

#90850000
0!
02

#90855000
1!
b11 &
12
b11 6
b0 7

#90860000
0!
02

#90865000
1!
b110 &
12
b110 6
b1 7

#90870000
0!
02

#90875000
1!
b1100 &
12
b1100 6
b10 7

#90880000
0!
02

#90885000
1!
b1001 &
12
b1001 6
b11 7

#90890000
0!
02

#90895000
1!
b11 &
12
b11 6
b0 7

#90900000
0!
02

#90905000
1!
b110 &
12
b110 6
b1 7

#90910000
0!
02

#90915000
1!
b1100 &
12
b1100 6
b10 7

#90920000
0!
02

#90925000
1!
b1001 &
12
b1001 6
b11 7

#90930000
0!
02

#90935000
1!
b11 &
12
b11 6
b0 7

#90940000
0!
02

#90945000
1!
b110 &
12
b110 6
b1 7

#90950000
0!
02

#90955000
1!
b1100 &
12
b1100 6
b10 7

#90960000
0!
02

#90965000
1!
b1001 &
12
b1001 6
b11 7

#90970000
0!
02

#90975000
1!
b11 &
12
b11 6
b0 7

#90980000
0!
02

#90985000
1!
b110 &
12
b110 6
b1 7

#90990000
0!
02

#90995000
1!
b1100 &
12
b1100 6
b10 7

#91000000
0!
02

#91005000
1!
b1001 &
12
b1001 6
b11 7

#91010000
0!
02

#91015000
1!
b11 &
12
b11 6
b0 7

#91020000
0!
02

#91025000
1!
b110 &
12
b110 6
b1 7

#91030000
0!
02

#91035000
1!
b1100 &
12
b1100 6
b10 7

#91040000
0!
02

#91045000
1!
b1001 &
12
b1001 6
b11 7

#91050000
0!
02

#91055000
1!
b11 &
12
b11 6
b0 7

#91060000
0!
02

#91065000
1!
b110 &
12
b110 6
b1 7

#91070000
0!
02

#91075000
1!
b1100 &
12
b1100 6
b10 7

#91080000
0!
02

#91085000
1!
b1001 &
12
b1001 6
b11 7

#91090000
0!
02

#91095000
1!
b11 &
12
b11 6
b0 7

#91100000
0!
02

#91105000
1!
b110 &
12
b110 6
b1 7

#91110000
0!
02

#91115000
1!
b1100 &
12
b1100 6
b10 7

#91120000
0!
02

#91125000
1!
b1001 &
12
b1001 6
b11 7

#91130000
0!
02

#91135000
1!
b11 &
12
b11 6
b0 7

#91140000
0!
02

#91145000
1!
b110 &
12
b110 6
b1 7

#91150000
0!
02

#91155000
1!
b1100 &
12
b1100 6
b10 7

#91160000
0!
02

#91165000
1!
b1001 &
12
b1001 6
b11 7

#91170000
0!
02

#91175000
1!
b11 &
12
b11 6
b0 7

#91180000
0!
02

#91185000
1!
b110 &
12
b110 6
b1 7

#91190000
0!
02

#91195000
1!
b1100 &
12
b1100 6
b10 7

#91200000
0!
02

#91205000
1!
b1001 &
12
b1001 6
b11 7

#91210000
0!
02

#91215000
1!
b11 &
12
b11 6
b0 7

#91220000
0!
02

#91225000
1!
b110 &
12
b110 6
b1 7

#91230000
0!
02

#91235000
1!
b1100 &
12
b1100 6
b10 7

#91240000
0!
02

#91245000
1!
b1001 &
12
b1001 6
b11 7

#91250000
0!
02

#91255000
1!
b11 &
12
b11 6
b0 7

#91260000
0!
02

#91265000
1!
b110 &
12
b110 6
b1 7

#91270000
0!
02

#91275000
1!
b1100 &
12
b1100 6
b10 7

#91280000
0!
02

#91285000
1!
b1001 &
12
b1001 6
b11 7

#91290000
0!
02

#91295000
1!
b11 &
12
b11 6
b0 7

#91300000
0!
02

#91305000
1!
b110 &
12
b110 6
b1 7

#91310000
0!
02

#91315000
1!
b1100 &
12
b1100 6
b10 7

#91320000
0!
02

#91325000
1!
b1001 &
12
b1001 6
b11 7

#91330000
0!
02

#91335000
1!
b11 &
12
b11 6
b0 7

#91340000
0!
02

#91345000
1!
b110 &
12
b110 6
b1 7

#91350000
0!
02

#91355000
1!
b1100 &
12
b1100 6
b10 7

#91360000
0!
02

#91365000
1!
b1001 &
12
b1001 6
b11 7

#91370000
0!
02

#91375000
1!
b11 &
12
b11 6
b0 7

#91380000
0!
02

#91385000
1!
b110 &
12
b110 6
b1 7

#91390000
0!
02

#91395000
1!
b1100 &
12
b1100 6
b10 7

#91400000
0!
02

#91405000
1!
b1001 &
12
b1001 6
b11 7

#91410000
0!
02

#91415000
1!
b11 &
12
b11 6
b0 7

#91420000
0!
02

#91425000
1!
b110 &
12
b110 6
b1 7

#91430000
0!
02

#91435000
1!
b1100 &
12
b1100 6
b10 7

#91440000
0!
02

#91445000
1!
b1001 &
12
b1001 6
b11 7

#91450000
0!
02

#91455000
1!
b11 &
12
b11 6
b0 7

#91460000
0!
02

#91465000
1!
b110 &
12
b110 6
b1 7

#91470000
0!
02

#91475000
1!
b1100 &
12
b1100 6
b10 7

#91480000
0!
02

#91485000
1!
b1001 &
12
b1001 6
b11 7

#91490000
0!
02

#91495000
1!
b11 &
12
b11 6
b0 7

#91500000
0!
02

#91505000
1!
b110 &
12
b110 6
b1 7

#91510000
0!
02

#91515000
1!
b1100 &
12
b1100 6
b10 7

#91520000
0!
02

#91525000
1!
b1001 &
12
b1001 6
b11 7

#91530000
0!
02

#91535000
1!
b11 &
12
b11 6
b0 7

#91540000
0!
02

#91545000
1!
b110 &
12
b110 6
b1 7

#91550000
0!
02

#91555000
1!
b1100 &
12
b1100 6
b10 7

#91560000
0!
02

#91565000
1!
b1001 &
12
b1001 6
b11 7

#91570000
0!
02

#91575000
1!
b11 &
12
b11 6
b0 7

#91580000
0!
02

#91585000
1!
b110 &
12
b110 6
b1 7

#91590000
0!
02

#91595000
1!
b1100 &
12
b1100 6
b10 7

#91600000
0!
02

#91605000
1!
b1001 &
12
b1001 6
b11 7

#91610000
0!
02

#91615000
1!
b11 &
12
b11 6
b0 7

#91620000
0!
02

#91625000
1!
b110 &
12
b110 6
b1 7

#91630000
0!
02

#91635000
1!
b1100 &
12
b1100 6
b10 7

#91640000
0!
02

#91645000
1!
b1001 &
12
b1001 6
b11 7

#91650000
0!
02

#91655000
1!
b11 &
12
b11 6
b0 7

#91660000
0!
02

#91665000
1!
b110 &
12
b110 6
b1 7

#91670000
0!
02

#91675000
1!
b1100 &
12
b1100 6
b10 7

#91680000
0!
02

#91685000
1!
b1001 &
12
b1001 6
b11 7

#91690000
0!
02

#91695000
1!
b11 &
12
b11 6
b0 7

#91700000
0!
02

#91705000
1!
b110 &
12
b110 6
b1 7

#91710000
0!
02

#91715000
1!
b1100 &
12
b1100 6
b10 7

#91720000
0!
02

#91725000
1!
b1001 &
12
b1001 6
b11 7

#91730000
0!
02

#91735000
1!
b11 &
12
b11 6
b0 7

#91740000
0!
02

#91745000
1!
b110 &
12
b110 6
b1 7

#91750000
0!
02

#91755000
1!
b1100 &
12
b1100 6
b10 7

#91760000
0!
02

#91765000
1!
b1001 &
12
b1001 6
b11 7

#91770000
0!
02

#91775000
1!
b11 &
12
b11 6
b0 7

#91780000
0!
02

#91785000
1!
b110 &
12
b110 6
b1 7

#91790000
0!
02

#91795000
1!
b1100 &
12
b1100 6
b10 7

#91800000
0!
02

#91805000
1!
b1001 &
12
b1001 6
b11 7

#91810000
0!
02

#91815000
1!
b11 &
12
b11 6
b0 7

#91820000
0!
02

#91825000
1!
b110 &
12
b110 6
b1 7

#91830000
0!
02

#91835000
1!
b1100 &
12
b1100 6
b10 7

#91840000
0!
02

#91845000
1!
b1001 &
12
b1001 6
b11 7

#91850000
0!
02

#91855000
1!
b11 &
12
b11 6
b0 7

#91860000
0!
02

#91865000
1!
b110 &
12
b110 6
b1 7

#91870000
0!
02

#91875000
1!
b1100 &
12
b1100 6
b10 7

#91880000
0!
02

#91885000
1!
b1001 &
12
b1001 6
b11 7

#91890000
0!
02

#91895000
1!
b11 &
12
b11 6
b0 7

#91900000
0!
02

#91905000
1!
b110 &
12
b110 6
b1 7

#91910000
0!
02

#91915000
1!
b1100 &
12
b1100 6
b10 7

#91920000
0!
02

#91925000
1!
b1001 &
12
b1001 6
b11 7

#91930000
0!
02

#91935000
1!
b11 &
12
b11 6
b0 7

#91940000
0!
02

#91945000
1!
b110 &
12
b110 6
b1 7

#91950000
0!
02

#91955000
1!
b1100 &
12
b1100 6
b10 7

#91960000
0!
02

#91965000
1!
b1001 &
12
b1001 6
b11 7

#91970000
0!
02

#91975000
1!
b11 &
12
b11 6
b0 7

#91980000
0!
02

#91985000
1!
b110 &
12
b110 6
b1 7

#91990000
0!
02

#91995000
1!
b1100 &
12
b1100 6
b10 7

#92000000
0!
02

#92005000
1!
b1001 &
12
b1001 6
b11 7

#92010000
0!
02

#92015000
1!
b11 &
12
b11 6
b0 7

#92020000
0!
02

#92025000
1!
b110 &
12
b110 6
b1 7

#92030000
0!
02

#92035000
1!
b1100 &
12
b1100 6
b10 7

#92040000
0!
02

#92045000
1!
b1001 &
12
b1001 6
b11 7

#92050000
0!
02

#92055000
1!
b11 &
12
b11 6
b0 7

#92060000
0!
02

#92065000
1!
b110 &
12
b110 6
b1 7

#92070000
0!
02

#92075000
1!
b1100 &
12
b1100 6
b10 7

#92080000
0!
02

#92085000
1!
b1001 &
12
b1001 6
b11 7

#92090000
0!
02

#92095000
1!
b11 &
12
b11 6
b0 7

#92100000
0!
02

#92105000
1!
b110 &
12
b110 6
b1 7

#92110000
0!
02

#92115000
1!
b1100 &
12
b1100 6
b10 7

#92120000
0!
02

#92125000
1!
b1001 &
12
b1001 6
b11 7

#92130000
0!
02

#92135000
1!
b11 &
12
b11 6
b0 7

#92140000
0!
02

#92145000
1!
b110 &
12
b110 6
b1 7

#92150000
0!
02

#92155000
1!
b1100 &
12
b1100 6
b10 7

#92160000
0!
02

#92165000
1!
b1001 &
12
b1001 6
b11 7

#92170000
0!
02

#92175000
1!
b11 &
12
b11 6
b0 7

#92180000
0!
02

#92185000
1!
b110 &
12
b110 6
b1 7

#92190000
0!
02

#92195000
1!
b1100 &
12
b1100 6
b10 7

#92200000
0!
02

#92205000
1!
b1001 &
12
b1001 6
b11 7

#92210000
0!
02

#92215000
1!
b11 &
12
b11 6
b0 7

#92220000
0!
02

#92225000
1!
b110 &
12
b110 6
b1 7

#92230000
0!
02

#92235000
1!
b1100 &
12
b1100 6
b10 7

#92240000
0!
02

#92245000
1!
b1001 &
12
b1001 6
b11 7

#92250000
0!
02

#92255000
1!
b11 &
12
b11 6
b0 7

#92260000
0!
02

#92265000
1!
b110 &
12
b110 6
b1 7

#92270000
0!
02

#92275000
1!
b1100 &
12
b1100 6
b10 7

#92280000
0!
02

#92285000
1!
b1001 &
12
b1001 6
b11 7

#92290000
0!
02

#92295000
1!
b11 &
12
b11 6
b0 7

#92300000
0!
02

#92305000
1!
b110 &
12
b110 6
b1 7

#92310000
0!
02

#92315000
1!
b1100 &
12
b1100 6
b10 7

#92320000
0!
02

#92325000
1!
b1001 &
12
b1001 6
b11 7

#92330000
0!
02

#92335000
1!
b11 &
12
b11 6
b0 7

#92340000
0!
02

#92345000
1!
b110 &
12
b110 6
b1 7

#92350000
0!
02

#92355000
1!
b1100 &
12
b1100 6
b10 7

#92360000
0!
02

#92365000
1!
b1001 &
12
b1001 6
b11 7

#92370000
0!
02

#92375000
1!
b11 &
12
b11 6
b0 7

#92380000
0!
02

#92385000
1!
b110 &
12
b110 6
b1 7

#92390000
0!
02

#92395000
1!
b1100 &
12
b1100 6
b10 7

#92400000
0!
02

#92405000
1!
b1001 &
12
b1001 6
b11 7

#92410000
0!
02

#92415000
1!
b11 &
12
b11 6
b0 7

#92420000
0!
02

#92425000
1!
b110 &
12
b110 6
b1 7

#92430000
0!
02

#92435000
1!
b1100 &
12
b1100 6
b10 7

#92440000
0!
02

#92445000
1!
b1001 &
12
b1001 6
b11 7

#92450000
0!
02

#92455000
1!
b11 &
12
b11 6
b0 7

#92460000
0!
02

#92465000
1!
b110 &
12
b110 6
b1 7

#92470000
0!
02

#92475000
1!
b1100 &
12
b1100 6
b10 7

#92480000
0!
02

#92485000
1!
b1001 &
12
b1001 6
b11 7

#92490000
0!
02

#92495000
1!
b11 &
12
b11 6
b0 7

#92500000
0!
02

#92505000
1!
b110 &
12
b110 6
b1 7

#92510000
0!
02

#92515000
1!
b1100 &
12
b1100 6
b10 7

#92520000
0!
02

#92525000
1!
b1001 &
12
b1001 6
b11 7

#92530000
0!
02

#92535000
1!
b11 &
12
b11 6
b0 7

#92540000
0!
02

#92545000
1!
b110 &
12
b110 6
b1 7

#92550000
0!
02

#92555000
1!
b1100 &
12
b1100 6
b10 7

#92560000
0!
02

#92565000
1!
b1001 &
12
b1001 6
b11 7

#92570000
0!
02

#92575000
1!
b11 &
12
b11 6
b0 7

#92580000
0!
02

#92585000
1!
b110 &
12
b110 6
b1 7

#92590000
0!
02

#92595000
1!
b1100 &
12
b1100 6
b10 7

#92600000
0!
02

#92605000
1!
b1001 &
12
b1001 6
b11 7

#92610000
0!
02

#92615000
1!
b11 &
12
b11 6
b0 7

#92620000
0!
02

#92625000
1!
b110 &
12
b110 6
b1 7

#92630000
0!
02

#92635000
1!
b1100 &
12
b1100 6
b10 7

#92640000
0!
02

#92645000
1!
b1001 &
12
b1001 6
b11 7

#92650000
0!
02

#92655000
1!
b11 &
12
b11 6
b0 7

#92660000
0!
02

#92665000
1!
b110 &
12
b110 6
b1 7

#92670000
0!
02

#92675000
1!
b1100 &
12
b1100 6
b10 7

#92680000
0!
02

#92685000
1!
b1001 &
12
b1001 6
b11 7

#92690000
0!
02

#92695000
1!
b11 &
12
b11 6
b0 7

#92700000
0!
02

#92705000
1!
b110 &
12
b110 6
b1 7

#92710000
0!
02

#92715000
1!
b1100 &
12
b1100 6
b10 7

#92720000
0!
02

#92725000
1!
b1001 &
12
b1001 6
b11 7

#92730000
0!
02

#92735000
1!
b11 &
12
b11 6
b0 7

#92740000
0!
02

#92745000
1!
b110 &
12
b110 6
b1 7

#92750000
0!
02

#92755000
1!
b1100 &
12
b1100 6
b10 7

#92760000
0!
02

#92765000
1!
b1001 &
12
b1001 6
b11 7

#92770000
0!
02

#92775000
1!
b11 &
12
b11 6
b0 7

#92780000
0!
02

#92785000
1!
b110 &
12
b110 6
b1 7

#92790000
0!
02

#92795000
1!
b1100 &
12
b1100 6
b10 7

#92800000
0!
02

#92805000
1!
b1001 &
12
b1001 6
b11 7

#92810000
0!
02

#92815000
1!
b11 &
12
b11 6
b0 7

#92820000
0!
02

#92825000
1!
b110 &
12
b110 6
b1 7

#92830000
0!
02

#92835000
1!
b1100 &
12
b1100 6
b10 7

#92840000
0!
02

#92845000
1!
b1001 &
12
b1001 6
b11 7

#92850000
0!
02

#92855000
1!
b11 &
12
b11 6
b0 7

#92860000
0!
02

#92865000
1!
b110 &
12
b110 6
b1 7

#92870000
0!
02

#92875000
1!
b1100 &
12
b1100 6
b10 7

#92880000
0!
02

#92885000
1!
b1001 &
12
b1001 6
b11 7

#92890000
0!
02

#92895000
1!
b11 &
12
b11 6
b0 7

#92900000
0!
02

#92905000
1!
b110 &
12
b110 6
b1 7

#92910000
0!
02

#92915000
1!
b1100 &
12
b1100 6
b10 7

#92920000
0!
02

#92925000
1!
b1001 &
12
b1001 6
b11 7

#92930000
0!
02

#92935000
1!
b11 &
12
b11 6
b0 7

#92940000
0!
02

#92945000
1!
b110 &
12
b110 6
b1 7

#92950000
0!
02

#92955000
1!
b1100 &
12
b1100 6
b10 7

#92960000
0!
02

#92965000
1!
b1001 &
12
b1001 6
b11 7

#92970000
0!
02

#92975000
1!
b11 &
12
b11 6
b0 7

#92980000
0!
02

#92985000
1!
b110 &
12
b110 6
b1 7

#92990000
0!
02

#92995000
1!
b1100 &
12
b1100 6
b10 7

#93000000
0!
02

#93005000
1!
b1001 &
12
b1001 6
b11 7

#93010000
0!
02

#93015000
1!
b11 &
12
b11 6
b0 7

#93020000
0!
02

#93025000
1!
b110 &
12
b110 6
b1 7

#93030000
0!
02

#93035000
1!
b1100 &
12
b1100 6
b10 7

#93040000
0!
02

#93045000
1!
b1001 &
12
b1001 6
b11 7

#93050000
0!
02

#93055000
1!
b11 &
12
b11 6
b0 7

#93060000
0!
02

#93065000
1!
b110 &
12
b110 6
b1 7

#93070000
0!
02

#93075000
1!
b1100 &
12
b1100 6
b10 7

#93080000
0!
02

#93085000
1!
b1001 &
12
b1001 6
b11 7

#93090000
0!
02

#93095000
1!
b11 &
12
b11 6
b0 7

#93100000
0!
02

#93105000
1!
b110 &
12
b110 6
b1 7

#93110000
0!
02

#93115000
1!
b1100 &
12
b1100 6
b10 7

#93120000
0!
02

#93125000
1!
b1001 &
12
b1001 6
b11 7

#93130000
0!
02

#93135000
1!
b11 &
12
b11 6
b0 7

#93140000
0!
02

#93145000
1!
b110 &
12
b110 6
b1 7

#93150000
0!
02

#93155000
1!
b1100 &
12
b1100 6
b10 7

#93160000
0!
02

#93165000
1!
b1001 &
12
b1001 6
b11 7

#93170000
0!
02

#93175000
1!
b11 &
12
b11 6
b0 7

#93180000
0!
02

#93185000
1!
b110 &
12
b110 6
b1 7

#93190000
0!
02

#93195000
1!
b1100 &
12
b1100 6
b10 7

#93200000
0!
02

#93205000
1!
b1001 &
12
b1001 6
b11 7

#93210000
0!
02

#93215000
1!
b11 &
12
b11 6
b0 7

#93220000
0!
02

#93225000
1!
b110 &
12
b110 6
b1 7

#93230000
0!
02

#93235000
1!
b1100 &
12
b1100 6
b10 7

#93240000
0!
02

#93245000
1!
b1001 &
12
b1001 6
b11 7

#93250000
0!
02

#93255000
1!
b11 &
12
b11 6
b0 7

#93260000
0!
02

#93265000
1!
b110 &
12
b110 6
b1 7

#93270000
0!
02

#93275000
1!
b1100 &
12
b1100 6
b10 7

#93280000
0!
02

#93285000
1!
b1001 &
12
b1001 6
b11 7

#93290000
0!
02

#93295000
1!
b11 &
12
b11 6
b0 7

#93300000
0!
02

#93305000
1!
b110 &
12
b110 6
b1 7

#93310000
0!
02

#93315000
1!
b1100 &
12
b1100 6
b10 7

#93320000
0!
02

#93325000
1!
b1001 &
12
b1001 6
b11 7

#93330000
0!
02

#93335000
1!
b11 &
12
b11 6
b0 7

#93340000
0!
02

#93345000
1!
b110 &
12
b110 6
b1 7

#93350000
0!
02

#93355000
1!
b1100 &
12
b1100 6
b10 7

#93360000
0!
02

#93365000
1!
b1001 &
12
b1001 6
b11 7

#93370000
0!
02

#93375000
1!
b11 &
12
b11 6
b0 7

#93380000
0!
02

#93385000
1!
b110 &
12
b110 6
b1 7

#93390000
0!
02

#93395000
1!
b1100 &
12
b1100 6
b10 7

#93400000
0!
02

#93405000
1!
b1001 &
12
b1001 6
b11 7

#93410000
0!
02

#93415000
1!
b11 &
12
b11 6
b0 7

#93420000
0!
02

#93425000
1!
b110 &
12
b110 6
b1 7

#93430000
0!
02

#93435000
1!
b1100 &
12
b1100 6
b10 7

#93440000
0!
02

#93445000
1!
b1001 &
12
b1001 6
b11 7

#93450000
0!
02

#93455000
1!
b11 &
12
b11 6
b0 7

#93460000
0!
02

#93465000
1!
b110 &
12
b110 6
b1 7

#93470000
0!
02

#93475000
1!
b1100 &
12
b1100 6
b10 7

#93480000
0!
02

#93485000
1!
b1001 &
12
b1001 6
b11 7

#93490000
0!
02

#93495000
1!
b11 &
12
b11 6
b0 7

#93500000
0!
02

#93505000
1!
b110 &
12
b110 6
b1 7

#93510000
0!
02

#93515000
1!
b1100 &
12
b1100 6
b10 7

#93520000
0!
02

#93525000
1!
b1001 &
12
b1001 6
b11 7

#93530000
0!
02

#93535000
1!
b11 &
12
b11 6
b0 7

#93540000
0!
02

#93545000
1!
b110 &
12
b110 6
b1 7

#93550000
0!
02

#93555000
1!
b1100 &
12
b1100 6
b10 7

#93560000
0!
02

#93565000
1!
b1001 &
12
b1001 6
b11 7

#93570000
0!
02

#93575000
1!
b11 &
12
b11 6
b0 7

#93580000
0!
02

#93585000
1!
b110 &
12
b110 6
b1 7

#93590000
0!
02

#93595000
1!
b1100 &
12
b1100 6
b10 7

#93600000
0!
02

#93605000
1!
b1001 &
12
b1001 6
b11 7

#93610000
0!
02

#93615000
1!
b11 &
12
b11 6
b0 7

#93620000
0!
02

#93625000
1!
b110 &
12
b110 6
b1 7

#93630000
0!
02

#93635000
1!
b1100 &
12
b1100 6
b10 7

#93640000
0!
02

#93645000
1!
b1001 &
12
b1001 6
b11 7

#93650000
0!
02

#93655000
1!
b11 &
12
b11 6
b0 7

#93660000
0!
02

#93665000
1!
b110 &
12
b110 6
b1 7

#93670000
0!
02

#93675000
1!
b1100 &
12
b1100 6
b10 7

#93680000
0!
02

#93685000
1!
b1001 &
12
b1001 6
b11 7

#93690000
0!
02

#93695000
1!
b11 &
12
b11 6
b0 7

#93700000
0!
02

#93705000
1!
b110 &
12
b110 6
b1 7

#93710000
0!
02

#93715000
1!
b1100 &
12
b1100 6
b10 7

#93720000
0!
02

#93725000
1!
b1001 &
12
b1001 6
b11 7

#93730000
0!
02

#93735000
1!
b11 &
12
b11 6
b0 7

#93740000
0!
02

#93745000
1!
b110 &
12
b110 6
b1 7

#93750000
0!
02

#93755000
1!
b1100 &
12
b1100 6
b10 7

#93760000
0!
02

#93765000
1!
b1001 &
12
b1001 6
b11 7

#93770000
0!
02

#93775000
1!
b11 &
12
b11 6
b0 7

#93780000
0!
02

#93785000
1!
b110 &
12
b110 6
b1 7

#93790000
0!
02

#93795000
1!
b1100 &
12
b1100 6
b10 7

#93800000
0!
02

#93805000
1!
b1001 &
12
b1001 6
b11 7

#93810000
0!
02

#93815000
1!
b11 &
12
b11 6
b0 7

#93820000
0!
02

#93825000
1!
b110 &
12
b110 6
b1 7

#93830000
0!
02

#93835000
1!
b1100 &
12
b1100 6
b10 7

#93840000
0!
02

#93845000
1!
b1001 &
12
b1001 6
b11 7

#93850000
0!
02

#93855000
1!
b11 &
12
b11 6
b0 7

#93860000
0!
02

#93865000
1!
b110 &
12
b110 6
b1 7

#93870000
0!
02

#93875000
1!
b1100 &
12
b1100 6
b10 7

#93880000
0!
02

#93885000
1!
b1001 &
12
b1001 6
b11 7

#93890000
0!
02

#93895000
1!
b11 &
12
b11 6
b0 7

#93900000
0!
02

#93905000
1!
b110 &
12
b110 6
b1 7

#93910000
0!
02

#93915000
1!
b1100 &
12
b1100 6
b10 7

#93920000
0!
02

#93925000
1!
b1001 &
12
b1001 6
b11 7

#93930000
0!
02

#93935000
1!
b11 &
12
b11 6
b0 7

#93940000
0!
02

#93945000
1!
b110 &
12
b110 6
b1 7

#93950000
0!
02

#93955000
1!
b1100 &
12
b1100 6
b10 7

#93960000
0!
02

#93965000
1!
b1001 &
12
b1001 6
b11 7

#93970000
0!
02

#93975000
1!
b11 &
12
b11 6
b0 7

#93980000
0!
02

#93985000
1!
b110 &
12
b110 6
b1 7

#93990000
0!
02

#93995000
1!
b1100 &
12
b1100 6
b10 7

#94000000
0!
02

#94005000
1!
b1001 &
12
b1001 6
b11 7

#94010000
0!
02

#94015000
1!
b11 &
12
b11 6
b0 7

#94020000
0!
02

#94025000
1!
b110 &
12
b110 6
b1 7

#94030000
0!
02

#94035000
1!
b1100 &
12
b1100 6
b10 7

#94040000
0!
02

#94045000
1!
b1001 &
12
b1001 6
b11 7

#94050000
0!
02

#94055000
1!
b11 &
12
b11 6
b0 7

#94060000
0!
02

#94065000
1!
b110 &
12
b110 6
b1 7

#94070000
0!
02

#94075000
1!
b1100 &
12
b1100 6
b10 7

#94080000
0!
02

#94085000
1!
b1001 &
12
b1001 6
b11 7

#94090000
0!
02

#94095000
1!
b11 &
12
b11 6
b0 7

#94100000
0!
02

#94105000
1!
b110 &
12
b110 6
b1 7

#94110000
0!
02

#94115000
1!
b1100 &
12
b1100 6
b10 7

#94120000
0!
02

#94125000
1!
b1001 &
12
b1001 6
b11 7

#94130000
0!
02

#94135000
1!
b11 &
12
b11 6
b0 7

#94140000
0!
02

#94145000
1!
b110 &
12
b110 6
b1 7

#94150000
0!
02

#94155000
1!
b1100 &
12
b1100 6
b10 7

#94160000
0!
02

#94165000
1!
b1001 &
12
b1001 6
b11 7

#94170000
0!
02

#94175000
1!
b11 &
12
b11 6
b0 7

#94180000
0!
02

#94185000
1!
b110 &
12
b110 6
b1 7

#94190000
0!
02

#94195000
1!
b1100 &
12
b1100 6
b10 7

#94200000
0!
02

#94205000
1!
b1001 &
12
b1001 6
b11 7

#94210000
0!
02

#94215000
1!
b11 &
12
b11 6
b0 7

#94220000
0!
02

#94225000
1!
b110 &
12
b110 6
b1 7

#94230000
0!
02

#94235000
1!
b1100 &
12
b1100 6
b10 7

#94240000
0!
02

#94245000
1!
b1001 &
12
b1001 6
b11 7

#94250000
0!
02

#94255000
1!
b11 &
12
b11 6
b0 7

#94260000
0!
02

#94265000
1!
b110 &
12
b110 6
b1 7

#94270000
0!
02

#94275000
1!
b1100 &
12
b1100 6
b10 7

#94280000
0!
02

#94285000
1!
b1001 &
12
b1001 6
b11 7

#94290000
0!
02

#94295000
1!
b11 &
12
b11 6
b0 7

#94300000
0!
02

#94305000
1!
b110 &
12
b110 6
b1 7

#94310000
0!
02

#94315000
1!
b1100 &
12
b1100 6
b10 7

#94320000
0!
02

#94325000
1!
b1001 &
12
b1001 6
b11 7

#94330000
0!
02

#94335000
1!
b11 &
12
b11 6
b0 7

#94340000
0!
02

#94345000
1!
b110 &
12
b110 6
b1 7

#94350000
0!
02

#94355000
1!
b1100 &
12
b1100 6
b10 7

#94360000
0!
02

#94365000
1!
b1001 &
12
b1001 6
b11 7

#94370000
0!
02

#94375000
1!
b11 &
12
b11 6
b0 7

#94380000
0!
02

#94385000
1!
b110 &
12
b110 6
b1 7

#94390000
0!
02

#94395000
1!
b1100 &
12
b1100 6
b10 7

#94400000
0!
02

#94405000
1!
b1001 &
12
b1001 6
b11 7

#94410000
0!
02

#94415000
1!
b11 &
12
b11 6
b0 7

#94420000
0!
02

#94425000
1!
b110 &
12
b110 6
b1 7

#94430000
0!
02

#94435000
1!
b1100 &
12
b1100 6
b10 7

#94440000
0!
02

#94445000
1!
b1001 &
12
b1001 6
b11 7

#94450000
0!
02

#94455000
1!
b11 &
12
b11 6
b0 7

#94460000
0!
02

#94465000
1!
b110 &
12
b110 6
b1 7

#94470000
0!
02

#94475000
1!
b1100 &
12
b1100 6
b10 7

#94480000
0!
02

#94485000
1!
b1001 &
12
b1001 6
b11 7

#94490000
0!
02

#94495000
1!
b11 &
12
b11 6
b0 7

#94500000
0!
02

#94505000
1!
b110 &
12
b110 6
b1 7

#94510000
0!
02

#94515000
1!
b1100 &
12
b1100 6
b10 7

#94520000
0!
02

#94525000
1!
b1001 &
12
b1001 6
b11 7

#94530000
0!
02

#94535000
1!
b11 &
12
b11 6
b0 7

#94540000
0!
02

#94545000
1!
b110 &
12
b110 6
b1 7

#94550000
0!
02

#94555000
1!
b1100 &
12
b1100 6
b10 7

#94560000
0!
02

#94565000
1!
b1001 &
12
b1001 6
b11 7

#94570000
0!
02

#94575000
1!
b11 &
12
b11 6
b0 7

#94580000
0!
02

#94585000
1!
b110 &
12
b110 6
b1 7

#94590000
0!
02

#94595000
1!
b1100 &
12
b1100 6
b10 7

#94600000
0!
02

#94605000
1!
b1001 &
12
b1001 6
b11 7

#94610000
0!
02

#94615000
1!
b11 &
12
b11 6
b0 7

#94620000
0!
02

#94625000
1!
b110 &
12
b110 6
b1 7

#94630000
0!
02

#94635000
1!
b1100 &
12
b1100 6
b10 7

#94640000
0!
02

#94645000
1!
b1001 &
12
b1001 6
b11 7

#94650000
0!
02

#94655000
1!
b11 &
12
b11 6
b0 7

#94660000
0!
02

#94665000
1!
b110 &
12
b110 6
b1 7

#94670000
0!
02

#94675000
1!
b1100 &
12
b1100 6
b10 7

#94680000
0!
02

#94685000
1!
b1001 &
12
b1001 6
b11 7

#94690000
0!
02

#94695000
1!
b11 &
12
b11 6
b0 7

#94700000
0!
02

#94705000
1!
b110 &
12
b110 6
b1 7

#94710000
0!
02

#94715000
1!
b1100 &
12
b1100 6
b10 7

#94720000
0!
02

#94725000
1!
b1001 &
12
b1001 6
b11 7

#94730000
0!
02

#94735000
1!
b11 &
12
b11 6
b0 7

#94740000
0!
02

#94745000
1!
b110 &
12
b110 6
b1 7

#94750000
0!
02

#94755000
1!
b1100 &
12
b1100 6
b10 7

#94760000
0!
02

#94765000
1!
b1001 &
12
b1001 6
b11 7

#94770000
0!
02

#94775000
1!
b11 &
12
b11 6
b0 7

#94780000
0!
02

#94785000
1!
b110 &
12
b110 6
b1 7

#94790000
0!
02

#94795000
1!
b1100 &
12
b1100 6
b10 7

#94800000
0!
02

#94805000
1!
b1001 &
12
b1001 6
b11 7

#94810000
0!
02

#94815000
1!
b11 &
12
b11 6
b0 7

#94820000
0!
02

#94825000
1!
b110 &
12
b110 6
b1 7

#94830000
0!
02

#94835000
1!
b1100 &
12
b1100 6
b10 7

#94840000
0!
02

#94845000
1!
b1001 &
12
b1001 6
b11 7

#94850000
0!
02

#94855000
1!
b11 &
12
b11 6
b0 7

#94860000
0!
02

#94865000
1!
b110 &
12
b110 6
b1 7

#94870000
0!
02

#94875000
1!
b1100 &
12
b1100 6
b10 7

#94880000
0!
02

#94885000
1!
b1001 &
12
b1001 6
b11 7

#94890000
0!
02

#94895000
1!
b11 &
12
b11 6
b0 7

#94900000
0!
02

#94905000
1!
b110 &
12
b110 6
b1 7

#94910000
0!
02

#94915000
1!
b1100 &
12
b1100 6
b10 7

#94920000
0!
02

#94925000
1!
b1001 &
12
b1001 6
b11 7

#94930000
0!
02

#94935000
1!
b11 &
12
b11 6
b0 7

#94940000
0!
02

#94945000
1!
b110 &
12
b110 6
b1 7

#94950000
0!
02

#94955000
1!
b1100 &
12
b1100 6
b10 7

#94960000
0!
02

#94965000
1!
b1001 &
12
b1001 6
b11 7

#94970000
0!
02

#94975000
1!
b11 &
12
b11 6
b0 7

#94980000
0!
02

#94985000
1!
b110 &
12
b110 6
b1 7

#94990000
0!
02

#94995000
1!
b1100 &
12
b1100 6
b10 7

#95000000
0!
02

#95005000
1!
b1001 &
12
b1001 6
b11 7

#95010000
0!
02

#95015000
1!
b11 &
12
b11 6
b0 7

#95020000
0!
02

#95025000
1!
b110 &
12
b110 6
b1 7

#95030000
0!
02

#95035000
1!
b1100 &
12
b1100 6
b10 7

#95040000
0!
02

#95045000
1!
b1001 &
12
b1001 6
b11 7

#95050000
0!
02

#95055000
1!
b11 &
12
b11 6
b0 7

#95060000
0!
02

#95065000
1!
b110 &
12
b110 6
b1 7

#95070000
0!
02

#95075000
1!
b1100 &
12
b1100 6
b10 7

#95080000
0!
02

#95085000
1!
b1001 &
12
b1001 6
b11 7

#95090000
0!
02

#95095000
1!
b11 &
12
b11 6
b0 7

#95100000
0!
02

#95105000
1!
b110 &
12
b110 6
b1 7

#95110000
0!
02

#95115000
1!
b1100 &
12
b1100 6
b10 7

#95120000
0!
02

#95125000
1!
b1001 &
12
b1001 6
b11 7

#95130000
0!
02

#95135000
1!
b11 &
12
b11 6
b0 7

#95140000
0!
02

#95145000
1!
b110 &
12
b110 6
b1 7

#95150000
0!
02

#95155000
1!
b1100 &
12
b1100 6
b10 7

#95160000
0!
02

#95165000
1!
b1001 &
12
b1001 6
b11 7

#95170000
0!
02

#95175000
1!
b11 &
12
b11 6
b0 7

#95180000
0!
02

#95185000
1!
b110 &
12
b110 6
b1 7

#95190000
0!
02

#95195000
1!
b1100 &
12
b1100 6
b10 7

#95200000
0!
02

#95205000
1!
b1001 &
12
b1001 6
b11 7

#95210000
0!
02

#95215000
1!
b11 &
12
b11 6
b0 7

#95220000
0!
02

#95225000
1!
b110 &
12
b110 6
b1 7

#95230000
0!
02

#95235000
1!
b1100 &
12
b1100 6
b10 7

#95240000
0!
02

#95245000
1!
b1001 &
12
b1001 6
b11 7

#95250000
0!
02

#95255000
1!
b11 &
12
b11 6
b0 7

#95260000
0!
02

#95265000
1!
b110 &
12
b110 6
b1 7

#95270000
0!
02

#95275000
1!
b1100 &
12
b1100 6
b10 7

#95280000
0!
02

#95285000
1!
b1001 &
12
b1001 6
b11 7

#95290000
0!
02

#95295000
1!
b11 &
12
b11 6
b0 7

#95300000
0!
02

#95305000
1!
b110 &
12
b110 6
b1 7

#95310000
0!
02

#95315000
1!
b1100 &
12
b1100 6
b10 7

#95320000
0!
02

#95325000
1!
b1001 &
12
b1001 6
b11 7

#95330000
0!
02

#95335000
1!
b11 &
12
b11 6
b0 7

#95340000
0!
02

#95345000
1!
b110 &
12
b110 6
b1 7

#95350000
0!
02

#95355000
1!
b1100 &
12
b1100 6
b10 7

#95360000
0!
02

#95365000
1!
b1001 &
12
b1001 6
b11 7

#95370000
0!
02

#95375000
1!
b11 &
12
b11 6
b0 7

#95380000
0!
02

#95385000
1!
b110 &
12
b110 6
b1 7

#95390000
0!
02

#95395000
1!
b1100 &
12
b1100 6
b10 7

#95400000
0!
02

#95405000
1!
b1001 &
12
b1001 6
b11 7

#95410000
0!
02

#95415000
1!
b11 &
12
b11 6
b0 7

#95420000
0!
02

#95425000
1!
b110 &
12
b110 6
b1 7

#95430000
0!
02

#95435000
1!
b1100 &
12
b1100 6
b10 7

#95440000
0!
02

#95445000
1!
b1001 &
12
b1001 6
b11 7

#95450000
0!
02

#95455000
1!
b11 &
12
b11 6
b0 7

#95460000
0!
02

#95465000
1!
b110 &
12
b110 6
b1 7

#95470000
0!
02

#95475000
1!
b1100 &
12
b1100 6
b10 7

#95480000
0!
02

#95485000
1!
b1001 &
12
b1001 6
b11 7

#95490000
0!
02

#95495000
1!
b11 &
12
b11 6
b0 7

#95500000
0!
02

#95505000
1!
b110 &
12
b110 6
b1 7

#95510000
0!
02

#95515000
1!
b1100 &
12
b1100 6
b10 7

#95520000
0!
02

#95525000
1!
b1001 &
12
b1001 6
b11 7

#95530000
0!
02

#95535000
1!
b11 &
12
b11 6
b0 7

#95540000
0!
02

#95545000
1!
b110 &
12
b110 6
b1 7

#95550000
0!
02

#95555000
1!
b1100 &
12
b1100 6
b10 7

#95560000
0!
02

#95565000
1!
b1001 &
12
b1001 6
b11 7

#95570000
0!
02

#95575000
1!
b11 &
12
b11 6
b0 7

#95580000
0!
02

#95585000
1!
b110 &
12
b110 6
b1 7

#95590000
0!
02

#95595000
1!
b1100 &
12
b1100 6
b10 7

#95600000
0!
02

#95605000
1!
b1001 &
12
b1001 6
b11 7

#95610000
0!
02

#95615000
1!
b11 &
12
b11 6
b0 7

#95620000
0!
02

#95625000
1!
b110 &
12
b110 6
b1 7

#95630000
0!
02

#95635000
1!
b1100 &
12
b1100 6
b10 7

#95640000
0!
02

#95645000
1!
b1001 &
12
b1001 6
b11 7

#95650000
0!
02

#95655000
1!
b11 &
12
b11 6
b0 7

#95660000
0!
02

#95665000
1!
b110 &
12
b110 6
b1 7

#95670000
0!
02

#95675000
1!
b1100 &
12
b1100 6
b10 7

#95680000
0!
02

#95685000
1!
b1001 &
12
b1001 6
b11 7

#95690000
0!
02

#95695000
1!
b11 &
12
b11 6
b0 7

#95700000
0!
02

#95705000
1!
b110 &
12
b110 6
b1 7

#95710000
0!
02

#95715000
1!
b1100 &
12
b1100 6
b10 7

#95720000
0!
02

#95725000
1!
b1001 &
12
b1001 6
b11 7

#95730000
0!
02

#95735000
1!
b11 &
12
b11 6
b0 7

#95740000
0!
02

#95745000
1!
b110 &
12
b110 6
b1 7

#95750000
0!
02

#95755000
1!
b1100 &
12
b1100 6
b10 7

#95760000
0!
02

#95765000
1!
b1001 &
12
b1001 6
b11 7

#95770000
0!
02

#95775000
1!
b11 &
12
b11 6
b0 7

#95780000
0!
02

#95785000
1!
b110 &
12
b110 6
b1 7

#95790000
0!
02

#95795000
1!
b1100 &
12
b1100 6
b10 7

#95800000
0!
02

#95805000
1!
b1001 &
12
b1001 6
b11 7

#95810000
0!
02

#95815000
1!
b11 &
12
b11 6
b0 7

#95820000
0!
02

#95825000
1!
b110 &
12
b110 6
b1 7

#95830000
0!
02

#95835000
1!
b1100 &
12
b1100 6
b10 7

#95840000
0!
02

#95845000
1!
b1001 &
12
b1001 6
b11 7

#95850000
0!
02

#95855000
1!
b11 &
12
b11 6
b0 7

#95860000
0!
02

#95865000
1!
b110 &
12
b110 6
b1 7

#95870000
0!
02

#95875000
1!
b1100 &
12
b1100 6
b10 7

#95880000
0!
02

#95885000
1!
b1001 &
12
b1001 6
b11 7

#95890000
0!
02

#95895000
1!
b11 &
12
b11 6
b0 7

#95900000
0!
02

#95905000
1!
b110 &
12
b110 6
b1 7

#95910000
0!
02

#95915000
1!
b1100 &
12
b1100 6
b10 7

#95920000
0!
02

#95925000
1!
b1001 &
12
b1001 6
b11 7

#95930000
0!
02

#95935000
1!
b11 &
12
b11 6
b0 7

#95940000
0!
02

#95945000
1!
b110 &
12
b110 6
b1 7

#95950000
0!
02

#95955000
1!
b1100 &
12
b1100 6
b10 7

#95960000
0!
02

#95965000
1!
b1001 &
12
b1001 6
b11 7

#95970000
0!
02

#95975000
1!
b11 &
12
b11 6
b0 7

#95980000
0!
02

#95985000
1!
b110 &
12
b110 6
b1 7

#95990000
0!
02

#95995000
1!
b1100 &
12
b1100 6
b10 7

#96000000
0!
02

#96005000
1!
b1001 &
12
b1001 6
b11 7

#96010000
0!
02

#96015000
1!
b11 &
12
b11 6
b0 7

#96020000
0!
02

#96025000
1!
b110 &
12
b110 6
b1 7

#96030000
0!
02

#96035000
1!
b1100 &
12
b1100 6
b10 7

#96040000
0!
02

#96045000
1!
b1001 &
12
b1001 6
b11 7

#96050000
0!
02

#96055000
1!
b11 &
12
b11 6
b0 7

#96060000
0!
02

#96065000
1!
b110 &
12
b110 6
b1 7

#96070000
0!
02

#96075000
1!
b1100 &
12
b1100 6
b10 7

#96080000
0!
02

#96085000
1!
b1001 &
12
b1001 6
b11 7

#96090000
0!
02

#96095000
1!
b11 &
12
b11 6
b0 7

#96100000
0!
02

#96105000
1!
b110 &
12
b110 6
b1 7

#96110000
0!
02

#96115000
1!
b1100 &
12
b1100 6
b10 7

#96120000
0!
02

#96125000
1!
b1001 &
12
b1001 6
b11 7

#96130000
0!
02

#96135000
1!
b11 &
12
b11 6
b0 7

#96140000
0!
02

#96145000
1!
b110 &
12
b110 6
b1 7

#96150000
0!
02

#96155000
1!
b1100 &
12
b1100 6
b10 7

#96160000
0!
02

#96165000
1!
b1001 &
12
b1001 6
b11 7

#96170000
0!
02

#96175000
1!
b11 &
12
b11 6
b0 7

#96180000
0!
02

#96185000
1!
b110 &
12
b110 6
b1 7

#96190000
0!
02

#96195000
1!
b1100 &
12
b1100 6
b10 7

#96200000
0!
02

#96205000
1!
b1001 &
12
b1001 6
b11 7

#96210000
0!
02

#96215000
1!
b11 &
12
b11 6
b0 7

#96220000
0!
02

#96225000
1!
b110 &
12
b110 6
b1 7

#96230000
0!
02

#96235000
1!
b1100 &
12
b1100 6
b10 7

#96240000
0!
02

#96245000
1!
b1001 &
12
b1001 6
b11 7

#96250000
0!
02

#96255000
1!
b11 &
12
b11 6
b0 7

#96260000
0!
02

#96265000
1!
b110 &
12
b110 6
b1 7

#96270000
0!
02

#96275000
1!
b1100 &
12
b1100 6
b10 7

#96280000
0!
02

#96285000
1!
b1001 &
12
b1001 6
b11 7

#96290000
0!
02

#96295000
1!
b11 &
12
b11 6
b0 7

#96300000
0!
02

#96305000
1!
b110 &
12
b110 6
b1 7

#96310000
0!
02

#96315000
1!
b1100 &
12
b1100 6
b10 7

#96320000
0!
02

#96325000
1!
b1001 &
12
b1001 6
b11 7

#96330000
0!
02

#96335000
1!
b11 &
12
b11 6
b0 7

#96340000
0!
02

#96345000
1!
b110 &
12
b110 6
b1 7

#96350000
0!
02

#96355000
1!
b1100 &
12
b1100 6
b10 7

#96360000
0!
02

#96365000
1!
b1001 &
12
b1001 6
b11 7

#96370000
0!
02

#96375000
1!
b11 &
12
b11 6
b0 7

#96380000
0!
02

#96385000
1!
b110 &
12
b110 6
b1 7

#96390000
0!
02

#96395000
1!
b1100 &
12
b1100 6
b10 7

#96400000
0!
02

#96405000
1!
b1001 &
12
b1001 6
b11 7

#96410000
0!
02

#96415000
1!
b11 &
12
b11 6
b0 7

#96420000
0!
02

#96425000
1!
b110 &
12
b110 6
b1 7

#96430000
0!
02

#96435000
1!
b1100 &
12
b1100 6
b10 7

#96440000
0!
02

#96445000
1!
b1001 &
12
b1001 6
b11 7

#96450000
0!
02

#96455000
1!
b11 &
12
b11 6
b0 7

#96460000
0!
02

#96465000
1!
b110 &
12
b110 6
b1 7

#96470000
0!
02

#96475000
1!
b1100 &
12
b1100 6
b10 7

#96480000
0!
02

#96485000
1!
b1001 &
12
b1001 6
b11 7

#96490000
0!
02

#96495000
1!
b11 &
12
b11 6
b0 7

#96500000
0!
02

#96505000
1!
b110 &
12
b110 6
b1 7

#96510000
0!
02

#96515000
1!
b1100 &
12
b1100 6
b10 7

#96520000
0!
02

#96525000
1!
b1001 &
12
b1001 6
b11 7

#96530000
0!
02

#96535000
1!
b11 &
12
b11 6
b0 7

#96540000
0!
02

#96545000
1!
b110 &
12
b110 6
b1 7

#96550000
0!
02

#96555000
1!
b1100 &
12
b1100 6
b10 7

#96560000
0!
02

#96565000
1!
b1001 &
12
b1001 6
b11 7

#96570000
0!
02

#96575000
1!
b11 &
12
b11 6
b0 7

#96580000
0!
02

#96585000
1!
b110 &
12
b110 6
b1 7

#96590000
0!
02

#96595000
1!
b1100 &
12
b1100 6
b10 7

#96600000
0!
02

#96605000
1!
b1001 &
12
b1001 6
b11 7

#96610000
0!
02

#96615000
1!
b11 &
12
b11 6
b0 7

#96620000
0!
02

#96625000
1!
b110 &
12
b110 6
b1 7

#96630000
0!
02

#96635000
1!
b1100 &
12
b1100 6
b10 7

#96640000
0!
02

#96645000
1!
b1001 &
12
b1001 6
b11 7

#96650000
0!
02

#96655000
1!
b11 &
12
b11 6
b0 7

#96660000
0!
02

#96665000
1!
b110 &
12
b110 6
b1 7

#96670000
0!
02

#96675000
1!
b1100 &
12
b1100 6
b10 7

#96680000
0!
02

#96685000
1!
b1001 &
12
b1001 6
b11 7

#96690000
0!
02

#96695000
1!
b11 &
12
b11 6
b0 7

#96700000
0!
02

#96705000
1!
b110 &
12
b110 6
b1 7

#96710000
0!
02

#96715000
1!
b1100 &
12
b1100 6
b10 7

#96720000
0!
02

#96725000
1!
b1001 &
12
b1001 6
b11 7

#96730000
0!
02

#96735000
1!
b11 &
12
b11 6
b0 7

#96740000
0!
02

#96745000
1!
b110 &
12
b110 6
b1 7

#96750000
0!
02

#96755000
1!
b1100 &
12
b1100 6
b10 7

#96760000
0!
02

#96765000
1!
b1001 &
12
b1001 6
b11 7

#96770000
0!
02

#96775000
1!
b11 &
12
b11 6
b0 7

#96780000
0!
02

#96785000
1!
b110 &
12
b110 6
b1 7

#96790000
0!
02

#96795000
1!
b1100 &
12
b1100 6
b10 7

#96800000
0!
02

#96805000
1!
b1001 &
12
b1001 6
b11 7

#96810000
0!
02

#96815000
1!
b11 &
12
b11 6
b0 7

#96820000
0!
02

#96825000
1!
b110 &
12
b110 6
b1 7

#96830000
0!
02

#96835000
1!
b1100 &
12
b1100 6
b10 7

#96840000
0!
02

#96845000
1!
b1001 &
12
b1001 6
b11 7

#96850000
0!
02

#96855000
1!
b11 &
12
b11 6
b0 7

#96860000
0!
02

#96865000
1!
b110 &
12
b110 6
b1 7

#96870000
0!
02

#96875000
1!
b1100 &
12
b1100 6
b10 7

#96880000
0!
02

#96885000
1!
b1001 &
12
b1001 6
b11 7

#96890000
0!
02

#96895000
1!
b11 &
12
b11 6
b0 7

#96900000
0!
02

#96905000
1!
b110 &
12
b110 6
b1 7

#96910000
0!
02

#96915000
1!
b1100 &
12
b1100 6
b10 7

#96920000
0!
02

#96925000
1!
b1001 &
12
b1001 6
b11 7

#96930000
0!
02

#96935000
1!
b11 &
12
b11 6
b0 7

#96940000
0!
02

#96945000
1!
b110 &
12
b110 6
b1 7

#96950000
0!
02

#96955000
1!
b1100 &
12
b1100 6
b10 7

#96960000
0!
02

#96965000
1!
b1001 &
12
b1001 6
b11 7

#96970000
0!
02

#96975000
1!
b11 &
12
b11 6
b0 7

#96980000
0!
02

#96985000
1!
b110 &
12
b110 6
b1 7

#96990000
0!
02

#96995000
1!
b1100 &
12
b1100 6
b10 7

#97000000
0!
02

#97005000
1!
b1001 &
12
b1001 6
b11 7

#97010000
0!
02

#97015000
1!
b11 &
12
b11 6
b0 7

#97020000
0!
02

#97025000
1!
b110 &
12
b110 6
b1 7

#97030000
0!
02

#97035000
1!
b1100 &
12
b1100 6
b10 7

#97040000
0!
02

#97045000
1!
b1001 &
12
b1001 6
b11 7

#97050000
0!
02

#97055000
1!
b11 &
12
b11 6
b0 7

#97060000
0!
02

#97065000
1!
b110 &
12
b110 6
b1 7

#97070000
0!
02

#97075000
1!
b1100 &
12
b1100 6
b10 7

#97080000
0!
02

#97085000
1!
b1001 &
12
b1001 6
b11 7

#97090000
0!
02

#97095000
1!
b11 &
12
b11 6
b0 7

#97100000
0!
02

#97105000
1!
b110 &
12
b110 6
b1 7

#97110000
0!
02

#97115000
1!
b1100 &
12
b1100 6
b10 7

#97120000
0!
02

#97125000
1!
b1001 &
12
b1001 6
b11 7

#97130000
0!
02

#97135000
1!
b11 &
12
b11 6
b0 7

#97140000
0!
02

#97145000
1!
b110 &
12
b110 6
b1 7

#97150000
0!
02

#97155000
1!
b1100 &
12
b1100 6
b10 7

#97160000
0!
02

#97165000
1!
b1001 &
12
b1001 6
b11 7

#97170000
0!
02

#97175000
1!
b11 &
12
b11 6
b0 7

#97180000
0!
02

#97185000
1!
b110 &
12
b110 6
b1 7

#97190000
0!
02

#97195000
1!
b1100 &
12
b1100 6
b10 7

#97200000
0!
02

#97205000
1!
b1001 &
12
b1001 6
b11 7

#97210000
0!
02

#97215000
1!
b11 &
12
b11 6
b0 7

#97220000
0!
02

#97225000
1!
b110 &
12
b110 6
b1 7

#97230000
0!
02

#97235000
1!
b1100 &
12
b1100 6
b10 7

#97240000
0!
02

#97245000
1!
b1001 &
12
b1001 6
b11 7

#97250000
0!
02

#97255000
1!
b11 &
12
b11 6
b0 7

#97260000
0!
02

#97265000
1!
b110 &
12
b110 6
b1 7

#97270000
0!
02

#97275000
1!
b1100 &
12
b1100 6
b10 7

#97280000
0!
02

#97285000
1!
b1001 &
12
b1001 6
b11 7

#97290000
0!
02

#97295000
1!
b11 &
12
b11 6
b0 7

#97300000
0!
02

#97305000
1!
b110 &
12
b110 6
b1 7

#97310000
0!
02

#97315000
1!
b1100 &
12
b1100 6
b10 7

#97320000
0!
02

#97325000
1!
b1001 &
12
b1001 6
b11 7

#97330000
0!
02

#97335000
1!
b11 &
12
b11 6
b0 7

#97340000
0!
02

#97345000
1!
b110 &
12
b110 6
b1 7

#97350000
0!
02

#97355000
1!
b1100 &
12
b1100 6
b10 7

#97360000
0!
02

#97365000
1!
b1001 &
12
b1001 6
b11 7

#97370000
0!
02

#97375000
1!
b11 &
12
b11 6
b0 7

#97380000
0!
02

#97385000
1!
b110 &
12
b110 6
b1 7

#97390000
0!
02

#97395000
1!
b1100 &
12
b1100 6
b10 7

#97400000
0!
02

#97405000
1!
b1001 &
12
b1001 6
b11 7

#97410000
0!
02

#97415000
1!
b11 &
12
b11 6
b0 7

#97420000
0!
02

#97425000
1!
b110 &
12
b110 6
b1 7

#97430000
0!
02

#97435000
1!
b1100 &
12
b1100 6
b10 7

#97440000
0!
02

#97445000
1!
b1001 &
12
b1001 6
b11 7

#97450000
0!
02

#97455000
1!
b11 &
12
b11 6
b0 7

#97460000
0!
02

#97465000
1!
b110 &
12
b110 6
b1 7

#97470000
0!
02

#97475000
1!
b1100 &
12
b1100 6
b10 7

#97480000
0!
02

#97485000
1!
b1001 &
12
b1001 6
b11 7

#97490000
0!
02

#97495000
1!
b11 &
12
b11 6
b0 7

#97500000
0!
02

#97505000
1!
b110 &
12
b110 6
b1 7

#97510000
0!
02

#97515000
1!
b1100 &
12
b1100 6
b10 7

#97520000
0!
02

#97525000
1!
b1001 &
12
b1001 6
b11 7

#97530000
0!
02

#97535000
1!
b11 &
12
b11 6
b0 7

#97540000
0!
02

#97545000
1!
b110 &
12
b110 6
b1 7

#97550000
0!
02

#97555000
1!
b1100 &
12
b1100 6
b10 7

#97560000
0!
02

#97565000
1!
b1001 &
12
b1001 6
b11 7

#97570000
0!
02

#97575000
1!
b11 &
12
b11 6
b0 7

#97580000
0!
02

#97585000
1!
b110 &
12
b110 6
b1 7

#97590000
0!
02

#97595000
1!
b1100 &
12
b1100 6
b10 7

#97600000
0!
02

#97605000
1!
b1001 &
12
b1001 6
b11 7

#97610000
0!
02

#97615000
1!
b11 &
12
b11 6
b0 7

#97620000
0!
02

#97625000
1!
b110 &
12
b110 6
b1 7

#97630000
0!
02

#97635000
1!
b1100 &
12
b1100 6
b10 7

#97640000
0!
02

#97645000
1!
b1001 &
12
b1001 6
b11 7

#97650000
0!
02

#97655000
1!
b11 &
12
b11 6
b0 7

#97660000
0!
02

#97665000
1!
b110 &
12
b110 6
b1 7

#97670000
0!
02

#97675000
1!
b1100 &
12
b1100 6
b10 7

#97680000
0!
02

#97685000
1!
b1001 &
12
b1001 6
b11 7

#97690000
0!
02

#97695000
1!
b11 &
12
b11 6
b0 7

#97700000
0!
02

#97705000
1!
b110 &
12
b110 6
b1 7

#97710000
0!
02

#97715000
1!
b1100 &
12
b1100 6
b10 7

#97720000
0!
02

#97725000
1!
b1001 &
12
b1001 6
b11 7

#97730000
0!
02

#97735000
1!
b11 &
12
b11 6
b0 7

#97740000
0!
02

#97745000
1!
b110 &
12
b110 6
b1 7

#97750000
0!
02

#97755000
1!
b1100 &
12
b1100 6
b10 7

#97760000
0!
02

#97765000
1!
b1001 &
12
b1001 6
b11 7

#97770000
0!
02

#97775000
1!
b11 &
12
b11 6
b0 7

#97780000
0!
02

#97785000
1!
b110 &
12
b110 6
b1 7

#97790000
0!
02

#97795000
1!
b1100 &
12
b1100 6
b10 7

#97800000
0!
02

#97805000
1!
b1001 &
12
b1001 6
b11 7

#97810000
0!
02

#97815000
1!
b11 &
12
b11 6
b0 7

#97820000
0!
02

#97825000
1!
b110 &
12
b110 6
b1 7

#97830000
0!
02

#97835000
1!
b1100 &
12
b1100 6
b10 7

#97840000
0!
02

#97845000
1!
b1001 &
12
b1001 6
b11 7

#97850000
0!
02

#97855000
1!
b11 &
12
b11 6
b0 7

#97860000
0!
02

#97865000
1!
b110 &
12
b110 6
b1 7

#97870000
0!
02

#97875000
1!
b1100 &
12
b1100 6
b10 7

#97880000
0!
02

#97885000
1!
b1001 &
12
b1001 6
b11 7

#97890000
0!
02

#97895000
1!
b11 &
12
b11 6
b0 7

#97900000
0!
02

#97905000
1!
b110 &
12
b110 6
b1 7

#97910000
0!
02

#97915000
1!
b1100 &
12
b1100 6
b10 7

#97920000
0!
02

#97925000
1!
b1001 &
12
b1001 6
b11 7

#97930000
0!
02

#97935000
1!
b11 &
12
b11 6
b0 7

#97940000
0!
02

#97945000
1!
b110 &
12
b110 6
b1 7

#97950000
0!
02

#97955000
1!
b1100 &
12
b1100 6
b10 7

#97960000
0!
02

#97965000
1!
b1001 &
12
b1001 6
b11 7

#97970000
0!
02

#97975000
1!
b11 &
12
b11 6
b0 7

#97980000
0!
02

#97985000
1!
b110 &
12
b110 6
b1 7

#97990000
0!
02

#97995000
1!
b1100 &
12
b1100 6
b10 7

#98000000
0!
02

#98005000
1!
b1001 &
12
b1001 6
b11 7

#98010000
0!
02

#98015000
1!
b11 &
12
b11 6
b0 7

#98020000
0!
02

#98025000
1!
b110 &
12
b110 6
b1 7

#98030000
0!
02

#98035000
1!
b1100 &
12
b1100 6
b10 7

#98040000
0!
02

#98045000
1!
b1001 &
12
b1001 6
b11 7

#98050000
0!
02

#98055000
1!
b11 &
12
b11 6
b0 7

#98060000
0!
02

#98065000
1!
b110 &
12
b110 6
b1 7

#98070000
0!
02

#98075000
1!
b1100 &
12
b1100 6
b10 7

#98080000
0!
02

#98085000
1!
b1001 &
12
b1001 6
b11 7

#98090000
0!
02

#98095000
1!
b11 &
12
b11 6
b0 7

#98100000
0!
02

#98105000
1!
b110 &
12
b110 6
b1 7

#98110000
0!
02

#98115000
1!
b1100 &
12
b1100 6
b10 7

#98120000
0!
02

#98125000
1!
b1001 &
12
b1001 6
b11 7

#98130000
0!
02

#98135000
1!
b11 &
12
b11 6
b0 7

#98140000
0!
02

#98145000
1!
b110 &
12
b110 6
b1 7

#98150000
0!
02

#98155000
1!
b1100 &
12
b1100 6
b10 7

#98160000
0!
02

#98165000
1!
b1001 &
12
b1001 6
b11 7

#98170000
0!
02

#98175000
1!
b11 &
12
b11 6
b0 7

#98180000
0!
02

#98185000
1!
b110 &
12
b110 6
b1 7

#98190000
0!
02

#98195000
1!
b1100 &
12
b1100 6
b10 7

#98200000
0!
02

#98205000
1!
b1001 &
12
b1001 6
b11 7

#98210000
0!
02

#98215000
1!
b11 &
12
b11 6
b0 7

#98220000
0!
02

#98225000
1!
b110 &
12
b110 6
b1 7

#98230000
0!
02

#98235000
1!
b1100 &
12
b1100 6
b10 7

#98240000
0!
02

#98245000
1!
b1001 &
12
b1001 6
b11 7

#98250000
0!
02

#98255000
1!
b11 &
12
b11 6
b0 7

#98260000
0!
02

#98265000
1!
b110 &
12
b110 6
b1 7

#98270000
0!
02

#98275000
1!
b1100 &
12
b1100 6
b10 7

#98280000
0!
02

#98285000
1!
b1001 &
12
b1001 6
b11 7

#98290000
0!
02

#98295000
1!
b11 &
12
b11 6
b0 7

#98300000
0!
02

#98305000
1!
b110 &
12
b110 6
b1 7

#98310000
0!
02

#98315000
1!
b1100 &
12
b1100 6
b10 7

#98320000
0!
02

#98325000
1!
b1001 &
12
b1001 6
b11 7

#98330000
0!
02

#98335000
1!
b11 &
12
b11 6
b0 7

#98340000
0!
02

#98345000
1!
b110 &
12
b110 6
b1 7

#98350000
0!
02

#98355000
1!
b1100 &
12
b1100 6
b10 7

#98360000
0!
02

#98365000
1!
b1001 &
12
b1001 6
b11 7

#98370000
0!
02

#98375000
1!
b11 &
12
b11 6
b0 7

#98380000
0!
02

#98385000
1!
b110 &
12
b110 6
b1 7

#98390000
0!
02

#98395000
1!
b1100 &
12
b1100 6
b10 7

#98400000
0!
02

#98405000
1!
b1001 &
12
b1001 6
b11 7

#98410000
0!
02

#98415000
1!
b11 &
12
b11 6
b0 7

#98420000
0!
02

#98425000
1!
b110 &
12
b110 6
b1 7

#98430000
0!
02

#98435000
1!
b1100 &
12
b1100 6
b10 7

#98440000
0!
02

#98445000
1!
b1001 &
12
b1001 6
b11 7

#98450000
0!
02

#98455000
1!
b11 &
12
b11 6
b0 7

#98460000
0!
02

#98465000
1!
b110 &
12
b110 6
b1 7

#98470000
0!
02

#98475000
1!
b1100 &
12
b1100 6
b10 7

#98480000
0!
02

#98485000
1!
b1001 &
12
b1001 6
b11 7

#98490000
0!
02

#98495000
1!
b11 &
12
b11 6
b0 7

#98500000
0!
02

#98505000
1!
b110 &
12
b110 6
b1 7

#98510000
0!
02

#98515000
1!
b1100 &
12
b1100 6
b10 7

#98520000
0!
02

#98525000
1!
b1001 &
12
b1001 6
b11 7

#98530000
0!
02

#98535000
1!
b11 &
12
b11 6
b0 7

#98540000
0!
02

#98545000
1!
b110 &
12
b110 6
b1 7

#98550000
0!
02

#98555000
1!
b1100 &
12
b1100 6
b10 7

#98560000
0!
02

#98565000
1!
b1001 &
12
b1001 6
b11 7

#98570000
0!
02

#98575000
1!
b11 &
12
b11 6
b0 7

#98580000
0!
02

#98585000
1!
b110 &
12
b110 6
b1 7

#98590000
0!
02

#98595000
1!
b1100 &
12
b1100 6
b10 7

#98600000
0!
02

#98605000
1!
b1001 &
12
b1001 6
b11 7

#98610000
0!
02

#98615000
1!
b11 &
12
b11 6
b0 7

#98620000
0!
02

#98625000
1!
b110 &
12
b110 6
b1 7

#98630000
0!
02

#98635000
1!
b1100 &
12
b1100 6
b10 7

#98640000
0!
02

#98645000
1!
b1001 &
12
b1001 6
b11 7

#98650000
0!
02

#98655000
1!
b11 &
12
b11 6
b0 7

#98660000
0!
02

#98665000
1!
b110 &
12
b110 6
b1 7

#98670000
0!
02

#98675000
1!
b1100 &
12
b1100 6
b10 7

#98680000
0!
02

#98685000
1!
b1001 &
12
b1001 6
b11 7

#98690000
0!
02

#98695000
1!
b11 &
12
b11 6
b0 7

#98700000
0!
02

#98705000
1!
b110 &
12
b110 6
b1 7

#98710000
0!
02

#98715000
1!
b1100 &
12
b1100 6
b10 7

#98720000
0!
02

#98725000
1!
b1001 &
12
b1001 6
b11 7

#98730000
0!
02

#98735000
1!
b11 &
12
b11 6
b0 7

#98740000
0!
02

#98745000
1!
b110 &
12
b110 6
b1 7

#98750000
0!
02

#98755000
1!
b1100 &
12
b1100 6
b10 7

#98760000
0!
02

#98765000
1!
b1001 &
12
b1001 6
b11 7

#98770000
0!
02

#98775000
1!
b11 &
12
b11 6
b0 7

#98780000
0!
02

#98785000
1!
b110 &
12
b110 6
b1 7

#98790000
0!
02

#98795000
1!
b1100 &
12
b1100 6
b10 7

#98800000
0!
02

#98805000
1!
b1001 &
12
b1001 6
b11 7

#98810000
0!
02

#98815000
1!
b11 &
12
b11 6
b0 7

#98820000
0!
02

#98825000
1!
b110 &
12
b110 6
b1 7

#98830000
0!
02

#98835000
1!
b1100 &
12
b1100 6
b10 7

#98840000
0!
02

#98845000
1!
b1001 &
12
b1001 6
b11 7

#98850000
0!
02

#98855000
1!
b11 &
12
b11 6
b0 7

#98860000
0!
02

#98865000
1!
b110 &
12
b110 6
b1 7

#98870000
0!
02

#98875000
1!
b1100 &
12
b1100 6
b10 7

#98880000
0!
02

#98885000
1!
b1001 &
12
b1001 6
b11 7

#98890000
0!
02

#98895000
1!
b11 &
12
b11 6
b0 7

#98900000
0!
02

#98905000
1!
b110 &
12
b110 6
b1 7

#98910000
0!
02

#98915000
1!
b1100 &
12
b1100 6
b10 7

#98920000
0!
02

#98925000
1!
b1001 &
12
b1001 6
b11 7

#98930000
0!
02

#98935000
1!
b11 &
12
b11 6
b0 7

#98940000
0!
02

#98945000
1!
b110 &
12
b110 6
b1 7

#98950000
0!
02

#98955000
1!
b1100 &
12
b1100 6
b10 7

#98960000
0!
02

#98965000
1!
b1001 &
12
b1001 6
b11 7

#98970000
0!
02

#98975000
1!
b11 &
12
b11 6
b0 7

#98980000
0!
02

#98985000
1!
b110 &
12
b110 6
b1 7

#98990000
0!
02

#98995000
1!
b1100 &
12
b1100 6
b10 7

#99000000
0!
02

#99005000
1!
b1001 &
12
b1001 6
b11 7

#99010000
0!
02

#99015000
1!
b11 &
12
b11 6
b0 7

#99020000
0!
02

#99025000
1!
b110 &
12
b110 6
b1 7

#99030000
0!
02

#99035000
1!
b1100 &
12
b1100 6
b10 7

#99040000
0!
02

#99045000
1!
b1001 &
12
b1001 6
b11 7

#99050000
0!
02

#99055000
1!
b11 &
12
b11 6
b0 7

#99060000
0!
02

#99065000
1!
b110 &
12
b110 6
b1 7

#99070000
0!
02

#99075000
1!
b1100 &
12
b1100 6
b10 7

#99080000
0!
02

#99085000
1!
b1001 &
12
b1001 6
b11 7

#99090000
0!
02

#99095000
1!
b11 &
12
b11 6
b0 7

#99100000
0!
02

#99105000
1!
b110 &
12
b110 6
b1 7

#99110000
0!
02

#99115000
1!
b1100 &
12
b1100 6
b10 7

#99120000
0!
02

#99125000
1!
b1001 &
12
b1001 6
b11 7

#99130000
0!
02

#99135000
1!
b11 &
12
b11 6
b0 7

#99140000
0!
02

#99145000
1!
b110 &
12
b110 6
b1 7

#99150000
0!
02

#99155000
1!
b1100 &
12
b1100 6
b10 7

#99160000
0!
02

#99165000
1!
b1001 &
12
b1001 6
b11 7

#99170000
0!
02

#99175000
1!
b11 &
12
b11 6
b0 7

#99180000
0!
02

#99185000
1!
b110 &
12
b110 6
b1 7

#99190000
0!
02

#99195000
1!
b1100 &
12
b1100 6
b10 7

#99200000
0!
02

#99205000
1!
b1001 &
12
b1001 6
b11 7

#99210000
0!
02

#99215000
1!
b11 &
12
b11 6
b0 7

#99220000
0!
02

#99225000
1!
b110 &
12
b110 6
b1 7

#99230000
0!
02

#99235000
1!
b1100 &
12
b1100 6
b10 7

#99240000
0!
02

#99245000
1!
b1001 &
12
b1001 6
b11 7

#99250000
0!
02

#99255000
1!
b11 &
12
b11 6
b0 7

#99260000
0!
02

#99265000
1!
b110 &
12
b110 6
b1 7

#99270000
0!
02

#99275000
1!
b1100 &
12
b1100 6
b10 7

#99280000
0!
02

#99285000
1!
b1001 &
12
b1001 6
b11 7

#99290000
0!
02

#99295000
1!
b11 &
12
b11 6
b0 7

#99300000
0!
02

#99305000
1!
b110 &
12
b110 6
b1 7

#99310000
0!
02

#99315000
1!
b1100 &
12
b1100 6
b10 7

#99320000
0!
02

#99325000
1!
b1001 &
12
b1001 6
b11 7

#99330000
0!
02

#99335000
1!
b11 &
12
b11 6
b0 7

#99340000
0!
02

#99345000
1!
b110 &
12
b110 6
b1 7

#99350000
0!
02

#99355000
1!
b1100 &
12
b1100 6
b10 7

#99360000
0!
02

#99365000
1!
b1001 &
12
b1001 6
b11 7

#99370000
0!
02

#99375000
1!
b11 &
12
b11 6
b0 7

#99380000
0!
02

#99385000
1!
b110 &
12
b110 6
b1 7

#99390000
0!
02

#99395000
1!
b1100 &
12
b1100 6
b10 7

#99400000
0!
02

#99405000
1!
b1001 &
12
b1001 6
b11 7

#99410000
0!
02

#99415000
1!
b11 &
12
b11 6
b0 7

#99420000
0!
02

#99425000
1!
b110 &
12
b110 6
b1 7

#99430000
0!
02

#99435000
1!
b1100 &
12
b1100 6
b10 7

#99440000
0!
02

#99445000
1!
b1001 &
12
b1001 6
b11 7

#99450000
0!
02

#99455000
1!
b11 &
12
b11 6
b0 7

#99460000
0!
02

#99465000
1!
b110 &
12
b110 6
b1 7

#99470000
0!
02

#99475000
1!
b1100 &
12
b1100 6
b10 7

#99480000
0!
02

#99485000
1!
b1001 &
12
b1001 6
b11 7

#99490000
0!
02

#99495000
1!
b11 &
12
b11 6
b0 7

#99500000
0!
02

#99505000
1!
b110 &
12
b110 6
b1 7

#99510000
0!
02

#99515000
1!
b1100 &
12
b1100 6
b10 7

#99520000
0!
02

#99525000
1!
b1001 &
12
b1001 6
b11 7

#99530000
0!
02

#99535000
1!
b11 &
12
b11 6
b0 7

#99540000
0!
02

#99545000
1!
b110 &
12
b110 6
b1 7

#99550000
0!
02

#99555000
1!
b1100 &
12
b1100 6
b10 7

#99560000
0!
02

#99565000
1!
b1001 &
12
b1001 6
b11 7

#99570000
0!
02

#99575000
1!
b11 &
12
b11 6
b0 7

#99580000
0!
02

#99585000
1!
b110 &
12
b110 6
b1 7

#99590000
0!
02

#99595000
1!
b1100 &
12
b1100 6
b10 7

#99600000
0!
02

#99605000
1!
b1001 &
12
b1001 6
b11 7

#99610000
0!
02

#99615000
1!
b11 &
12
b11 6
b0 7

#99620000
0!
02

#99625000
1!
b110 &
12
b110 6
b1 7

#99630000
0!
02

#99635000
1!
b1100 &
12
b1100 6
b10 7

#99640000
0!
02

#99645000
1!
b1001 &
12
b1001 6
b11 7

#99650000
0!
02

#99655000
1!
b11 &
12
b11 6
b0 7

#99660000
0!
02

#99665000
1!
b110 &
12
b110 6
b1 7

#99670000
0!
02

#99675000
1!
b1100 &
12
b1100 6
b10 7

#99680000
0!
02

#99685000
1!
b1001 &
12
b1001 6
b11 7

#99690000
0!
02

#99695000
1!
b11 &
12
b11 6
b0 7

#99700000
0!
02

#99705000
1!
b110 &
12
b110 6
b1 7

#99710000
0!
02

#99715000
1!
b1100 &
12
b1100 6
b10 7

#99720000
0!
02

#99725000
1!
b1001 &
12
b1001 6
b11 7

#99730000
0!
02

#99735000
1!
b11 &
12
b11 6
b0 7

#99740000
0!
02

#99745000
1!
b110 &
12
b110 6
b1 7

#99750000
0!
02

#99755000
1!
b1100 &
12
b1100 6
b10 7

#99760000
0!
02

#99765000
1!
b1001 &
12
b1001 6
b11 7

#99770000
0!
02

#99775000
1!
b11 &
12
b11 6
b0 7

#99780000
0!
02

#99785000
1!
b110 &
12
b110 6
b1 7

#99790000
0!
02

#99795000
1!
b1100 &
12
b1100 6
b10 7

#99800000
0!
02

#99805000
1!
b1001 &
12
b1001 6
b11 7

#99810000
0!
02

#99815000
1!
b11 &
12
b11 6
b0 7

#99820000
0!
02

#99825000
1!
b110 &
12
b110 6
b1 7

#99830000
0!
02

#99835000
1!
b1100 &
12
b1100 6
b10 7

#99840000
0!
02

#99845000
1!
b1001 &
12
b1001 6
b11 7

#99850000
0!
02

#99855000
1!
b11 &
12
b11 6
b0 7

#99860000
0!
02

#99865000
1!
b110 &
12
b110 6
b1 7

#99870000
0!
02

#99875000
1!
b1100 &
12
b1100 6
b10 7

#99880000
0!
02

#99885000
1!
b1001 &
12
b1001 6
b11 7

#99890000
0!
02

#99895000
1!
b11 &
12
b11 6
b0 7

#99900000
0!
02

#99905000
1!
b110 &
12
b110 6
b1 7

#99910000
0!
02

#99915000
1!
b1100 &
12
b1100 6
b10 7

#99920000
0!
02

#99925000
1!
b1001 &
12
b1001 6
b11 7

#99930000
0!
02

#99935000
1!
b11 &
12
b11 6
b0 7

#99940000
0!
02

#99945000
1!
b110 &
12
b110 6
b1 7

#99950000
0!
02

#99955000
1!
b1100 &
12
b1100 6
b10 7

#99960000
0!
02

#99965000
1!
b1001 &
12
b1001 6
b11 7

#99970000
0!
02

#99975000
1!
b11 &
12
b11 6
b0 7

#99980000
0!
02

#99985000
1!
b110 &
12
b110 6
b1 7

#99990000
0!
02

#99995000
1!
b1100 &
12
b1100 6
b10 7

#100000000
0!
02

#100005000
1!
b1001 &
12
b1001 6
b11 7

#100010000
0!
02

#100015000
1!
b11 &
12
b11 6
b0 7

#100020000
0!
b0 $
02
b0 5

#100025000
1!
b110 &
12
b110 6
b1 7

#100030000
0!
02

#100035000
1!
b1100 &
12
b1100 6
b10 7

#100040000
0!
02

#100045000
1!
b1001 &
12
b1001 6
b11 7

#100050000
0!
02

#100055000
1!
b11 &
12
b11 6
b0 7

#100060000
0!
02

#100065000
1!
b110 &
12
b110 6
b1 7

#100070000
0!
02

#100075000
1!
b1100 &
12
b1100 6
b10 7

#100080000
0!
02

#100085000
1!
b1001 &
12
b1001 6
b11 7

#100090000
0!
02

#100095000
1!
b11 &
12
b11 6
b0 7

#100100000
0!
02

#100105000
1!
b110 &
12
b110 6
b1 7

#100110000
0!
02

#100115000
1!
b1100 &
12
b1100 6
b10 7

#100120000
0!
02

#100125000
1!
b1001 &
12
b1001 6
b11 7

#100130000
0!
02

#100135000
1!
b11 &
12
b11 6
b0 7

#100140000
0!
02

#100145000
1!
b110 &
12
b110 6
b1 7

#100150000
0!
02

#100155000
1!
b1100 &
12
b1100 6
b10 7

#100160000
0!
02

#100165000
1!
b1001 &
12
b1001 6
b11 7

#100170000
0!
02

#100175000
1!
b11 &
12
b11 6
b0 7

#100180000
0!
02

#100185000
1!
b110 &
12
b110 6
b1 7

#100190000
0!
02

#100195000
1!
b1100 &
12
b1100 6
b10 7

#100200000
0!
02

#100205000
1!
b1001 &
12
b1001 6
b11 7

#100210000
0!
02

#100215000
1!
b11 &
12
b11 6
b0 7

#100220000
0!
02

#100225000
1!
b110 &
12
b110 6
b1 7

#100230000
0!
02

#100235000
1!
b1100 &
12
b1100 6
b10 7

#100240000
0!
02

#100245000
1!
b1001 &
12
b1001 6
b11 7

#100250000
0!
02

#100255000
1!
b11 &
12
b11 6
b0 7

#100260000
0!
02

#100265000
1!
b110 &
12
b110 6
b1 7

#100270000
0!
02

#100275000
1!
b1100 &
12
b1100 6
b10 7

#100280000
0!
02

#100285000
1!
b1001 &
12
b1001 6
b11 7

#100290000
0!
02

#100295000
1!
b11 &
12
b11 6
b0 7

#100300000
0!
02

#100305000
1!
b110 &
12
b110 6
b1 7

#100310000
0!
02

#100315000
1!
b1100 &
12
b1100 6
b10 7

#100320000
0!
02

#100325000
1!
b1001 &
12
b1001 6
b11 7

#100330000
0!
02

#100335000
1!
b11 &
12
b11 6
b0 7

#100340000
0!
02

#100345000
1!
b110 &
12
b110 6
b1 7

#100350000
0!
02

#100355000
1!
b1100 &
12
b1100 6
b10 7

#100360000
0!
02

#100365000
1!
b1001 &
12
b1001 6
b11 7

#100370000
0!
02

#100375000
1!
b11 &
12
b11 6
b0 7

#100380000
0!
02

#100385000
1!
b110 &
12
b110 6
b1 7

#100390000
0!
02

#100395000
1!
b1100 &
12
b1100 6
b10 7

#100400000
0!
02

#100405000
1!
b1001 &
12
b1001 6
b11 7

#100410000
0!
02

#100415000
1!
b11 &
12
b11 6
b0 7

#100420000
0!
02

#100425000
1!
b110 &
12
b110 6
b1 7

#100430000
0!
02

#100435000
1!
b1100 &
12
b1100 6
b10 7

#100440000
0!
02

#100445000
1!
b1001 &
12
b1001 6
b11 7

#100450000
0!
02

#100455000
1!
b11 &
12
b11 6
b0 7

#100460000
0!
02

#100465000
1!
b110 &
12
b110 6
b1 7

#100470000
0!
02

#100475000
1!
b1100 &
12
b1100 6
b10 7

#100480000
0!
02

#100485000
1!
b1001 &
12
b1001 6
b11 7

#100490000
0!
02

#100495000
1!
b11 &
12
b11 6
b0 7

#100500000
0!
02

#100505000
1!
b110 &
12
b110 6
b1 7

#100510000
0!
02

#100515000
1!
b1100 &
12
b1100 6
b10 7

#100520000
0!
02

#100525000
1!
b1001 &
12
b1001 6
b11 7

#100530000
0!
02

#100535000
1!
b11 &
12
b11 6
b0 7

#100540000
0!
02

#100545000
1!
b110 &
12
b110 6
b1 7

#100550000
0!
02

#100555000
1!
b1100 &
12
b1100 6
b10 7

#100560000
0!
02

#100565000
1!
b1001 &
12
b1001 6
b11 7

#100570000
0!
02

#100575000
1!
b11 &
12
b11 6
b0 7

#100580000
0!
02

#100585000
1!
b110 &
12
b110 6
b1 7

#100590000
0!
02

#100595000
1!
b1100 &
12
b1100 6
b10 7

#100600000
0!
02

#100605000
1!
b1001 &
12
b1001 6
b11 7

#100610000
0!
02

#100615000
1!
b11 &
12
b11 6
b0 7

#100620000
0!
02

#100625000
1!
b110 &
12
b110 6
b1 7

#100630000
0!
02

#100635000
1!
b1100 &
12
b1100 6
b10 7

#100640000
0!
02

#100645000
1!
b1001 &
12
b1001 6
b11 7

#100650000
0!
02

#100655000
1!
b11 &
12
b11 6
b0 7

#100660000
0!
02

#100665000
1!
b110 &
12
b110 6
b1 7

#100670000
0!
02

#100675000
1!
b1100 &
12
b1100 6
b10 7

#100680000
0!
02

#100685000
1!
b1001 &
12
b1001 6
b11 7

#100690000
0!
02

#100695000
1!
b11 &
12
b11 6
b0 7

#100700000
0!
02

#100705000
1!
b110 &
12
b110 6
b1 7

#100710000
0!
02

#100715000
1!
b1100 &
12
b1100 6
b10 7

#100720000
0!
02

#100725000
1!
b1001 &
12
b1001 6
b11 7

#100730000
0!
02

#100735000
1!
b11 &
12
b11 6
b0 7

#100740000
0!
02

#100745000
1!
b110 &
12
b110 6
b1 7

#100750000
0!
02

#100755000
1!
b1100 &
12
b1100 6
b10 7

#100760000
0!
02

#100765000
1!
b1001 &
12
b1001 6
b11 7

#100770000
0!
02

#100775000
1!
b11 &
12
b11 6
b0 7

#100780000
0!
02

#100785000
1!
b110 &
12
b110 6
b1 7

#100790000
0!
02

#100795000
1!
b1100 &
12
b1100 6
b10 7

#100800000
0!
02

#100805000
1!
b1001 &
12
b1001 6
b11 7

#100810000
0!
02

#100815000
1!
b11 &
12
b11 6
b0 7

#100820000
0!
02

#100825000
1!
b110 &
12
b110 6
b1 7

#100830000
0!
02

#100835000
1!
b1100 &
12
b1100 6
b10 7

#100840000
0!
02

#100845000
1!
b1001 &
12
b1001 6
b11 7

#100850000
0!
02

#100855000
1!
b11 &
12
b11 6
b0 7

#100860000
0!
02

#100865000
1!
b110 &
12
b110 6
b1 7

#100870000
0!
02

#100875000
1!
b1100 &
12
b1100 6
b10 7

#100880000
0!
02

#100885000
1!
b1001 &
12
b1001 6
b11 7

#100890000
0!
02

#100895000
1!
b11 &
12
b11 6
b0 7

#100900000
0!
02

#100905000
1!
b110 &
12
b110 6
b1 7

#100910000
0!
02

#100915000
1!
b1100 &
12
b1100 6
b10 7

#100920000
0!
02

#100925000
1!
b1001 &
12
b1001 6
b11 7

#100930000
0!
02

#100935000
1!
b11 &
12
b11 6
b0 7

#100940000
0!
02

#100945000
1!
b110 &
12
b110 6
b1 7

#100950000
0!
02

#100955000
1!
b1100 &
12
b1100 6
b10 7

#100960000
0!
02

#100965000
1!
b1001 &
12
b1001 6
b11 7

#100970000
0!
02

#100975000
1!
b11 &
12
b11 6
b0 7

#100980000
0!
02

#100985000
1!
b110 &
12
b110 6
b1 7

#100990000
0!
02

#100995000
1!
b1100 &
12
b1100 6
b10 7

#101000000
0!
02

#101005000
1!
b1001 &
12
b1001 6
b11 7

#101010000
0!
02

#101015000
1!
b11 &
12
b11 6
b0 7

#101020000
0!
02
