Copyright 1986-2022 Xilinx, Inc. All Rights Reserved. Copyright 2022-2026 Advanced Micro Devices, Inc. All Rights Reserved.
---------------------------------------------------------------------------------------------------------------------------------------------------------------------------------------------------------------------------------------------------------------------
| Tool Version : Vivado v.2026.1 (win64) Build 6511674 Tue Jun 16 11:02:23 MDT 2026
| Date         : Sun Sep 13 23:34:15 2026
| Host         : harrylt running 64-bit major release  (build 9200)
| Command      : report_timing_summary -max_paths 10 -routable_nets -report_unconstrained -file lab2_shift_register_timing_summary_routed.rpt -pb lab2_shift_register_timing_summary_routed.pb -rpx lab2_shift_register_timing_summary_routed.rpx -warn_on_violation
| Design       : lab2_shift_register
| Device       : 7s75-fgga484
| Speed File   : -1  PRODUCTION 1.23 2018-06-13
| Design State : Routed
---------------------------------------------------------------------------------------------------------------------------------------------------------------------------------------------------------------------------------------------------------------------

Timing Summary Report

------------------------------------------------------------------------------------------------
| Timer Settings
| --------------
------------------------------------------------------------------------------------------------

  Enable Multi Corner Analysis               :  Yes
  Enable Pessimism Removal                   :  Yes
  Pessimism Removal Resolution               :  Nearest Common Node
  Enable Input Delay Default Clock           :  No
  Enable Preset / Clear Arcs                 :  No
  Disable Flight Delays                      :  No
  Ignore I/O Paths                           :  No
  Timing Early Launch at Borrowing Latches   :  No
  Borrow Time for Max Delay Exceptions       :  Yes
  Merge Timing Exceptions                    :  Yes
  Inter-SLR Compensation                     :  Conservative

  Corner  Analyze    Analyze    
  Name    Max Paths  Min Paths  
  ------  ---------  ---------  
  Slow    Yes        Yes        
  Fast    Yes        Yes        


------------------------------------------------------------------------------------------------
| Report Methodology
| ------------------
------------------------------------------------------------------------------------------------

Rule       Severity  Description                    Violations  
---------  --------  -----------------------------  ----------  
TIMING-18  Warning   Missing input or output delay  8           

Note: This report is based on the most recent report_methodology run and may not be up-to-date. Run report_methodology on the current design for the latest report.



check_timing report

Table of Contents
-----------------
1. checking no_clock (0)
2. checking constant_clock (0)
3. checking pulse_width_clock (0)
4. checking unconstrained_internal_endpoints (0)
5. checking no_input_delay (3)
6. checking no_output_delay (4)
7. checking multiple_clock (0)
8. checking generated_clocks (0)
9. checking loops (0)
10. checking partial_input_delay (0)
11. checking partial_output_delay (0)
12. checking latch_loops (0)

1. checking no_clock (0)
------------------------
 There are 0 register/latch pins with no clock.


2. checking constant_clock (0)
------------------------------
 There are 0 register/latch pins with constant_clock.


3. checking pulse_width_clock (0)
---------------------------------
 There are 0 register/latch pins which need pulse_width check


4. checking unconstrained_internal_endpoints (0)
------------------------------------------------
 There are 0 pins that are not constrained for maximum delay.

 There are 0 pins that are not constrained for maximum delay due to constant clock.


5. checking no_input_delay (3)
------------------------------
 There are 0 input ports with no input delay specified.

 There are 3 input ports with no input delay but user has a false path constraint. (MEDIUM)


6. checking no_output_delay (4)
-------------------------------
 There are 4 ports with no output delay specified. (HIGH)

 There are 0 ports with no output delay but user has a false path constraint

 There are 0 ports with no output delay but with a timing clock defined on it or propagating through it


7. checking multiple_clock (0)
------------------------------
 There are 0 register/latch pins with multiple clocks.


8. checking generated_clocks (0)
--------------------------------
 There are 0 generated clocks that are not connected to a clock source.


9. checking loops (0)
---------------------
 There are 0 combinational loops in the design.


10. checking partial_input_delay (0)
------------------------------------
 There are 0 input ports with partial input delay specified.


11. checking partial_output_delay (0)
-------------------------------------
 There are 0 ports with partial output delay specified.


12. checking latch_loops (0)
----------------------------
 There are 0 combinational latch loops in the design through latch input



------------------------------------------------------------------------------------------------
| Design Timing Summary
| ---------------------
------------------------------------------------------------------------------------------------

    WNS(ns)      TNS(ns)  TNS Failing Endpoints  TNS Total Endpoints      WHS(ns)      THS(ns)  THS Failing Endpoints  THS Total Endpoints     WPWS(ns)     TPWS(ns)  TPWS Failing Endpoints  TPWS Total Endpoints  
    -------      -------  ---------------------  -------------------      -------      -------  ---------------------  -------------------     --------     --------  ----------------------  --------------------  
 999997.000        0.000                      0                   27        0.122        0.000                      0                   27   499999.375        0.000                       0                    18  


All user specified timing constraints are met.


------------------------------------------------------------------------------------------------
| Clock Summary
| -------------
------------------------------------------------------------------------------------------------

Clock         Waveform(ns)               Period(ns)      Frequency(MHz)
-----         ------------               ----------      --------------
trainer_1khz  {0.000 500000.031}         1000000.000     0.001           


------------------------------------------------------------------------------------------------
| Intra Clock Table
| -----------------
------------------------------------------------------------------------------------------------

Clock             WNS(ns)      TNS(ns)  TNS Failing Endpoints  TNS Total Endpoints      WHS(ns)      THS(ns)  THS Failing Endpoints  THS Total Endpoints     WPWS(ns)     TPWS(ns)  TPWS Failing Endpoints  TPWS Total Endpoints  
-----             -------      -------  ---------------------  -------------------      -------      -------  ---------------------  -------------------     --------     --------  ----------------------  --------------------  
trainer_1khz   999997.000        0.000                      0                   16        0.122        0.000                      0                   16   499999.375        0.000                       0                    18  


------------------------------------------------------------------------------------------------
| Inter Clock Table
| -----------------
------------------------------------------------------------------------------------------------

From Clock    To Clock          WNS(ns)      TNS(ns)  TNS Failing Endpoints  TNS Total Endpoints      WHS(ns)      THS(ns)  THS Failing Endpoints  THS Total Endpoints  
----------    --------          -------      -------  ---------------------  -------------------      -------      -------  ---------------------  -------------------  


------------------------------------------------------------------------------------------------
| Other Path Groups Table
| -----------------------
------------------------------------------------------------------------------------------------

Path Group         From Clock         To Clock               WNS(ns)      TNS(ns)  TNS Failing Endpoints  TNS Total Endpoints      WHS(ns)      THS(ns)  THS Failing Endpoints  THS Total Endpoints  
----------         ----------         --------               -------      -------  ---------------------  -------------------      -------      -------  ---------------------  -------------------  
**async_default**  trainer_1khz       trainer_1khz        999998.438        0.000                      0                   11        0.450        0.000                      0                   11  


------------------------------------------------------------------------------------------------
| User Ignored Path Table
| -----------------------
------------------------------------------------------------------------------------------------

Path Group    From Clock    To Clock    
----------    ----------    --------    
(none)                      trainer_1khz  


------------------------------------------------------------------------------------------------
| Unconstrained Path Table
| ------------------------
------------------------------------------------------------------------------------------------

Path Group    From Clock    To Clock    
----------    ----------    --------    
(none)        trainer_1khz                


------------------------------------------------------------------------------------------------
| Timing Details
| --------------
------------------------------------------------------------------------------------------------


---------------------------------------------------------------------------------------------------
From Clock:  trainer_1khz
  To Clock:  trainer_1khz

Setup :            0  Failing Endpoints,  Worst Slack   999997.000ns,  Total Violation        0.000ns
Hold  :            0  Failing Endpoints,  Worst Slack        0.122ns,  Total Violation        0.000ns
PW    :            0  Failing Endpoints,  Worst Slack   499999.375ns,  Total Violation        0.000ns
---------------------------------------------------------------------------------------------------


Max Delay Paths
--------------------------------------------------------------------------------------
Slack (MET) :             999997.000ns  (required time - arrival time)
  Source:                 inputs/button_sync_reg/C
                            (rising edge-triggered cell FDCE clocked by trainer_1khz  {rise@0.000ns fall@500000.031ns period=1000000.000ns})
  Destination:            inputs/count_reg[0]/D
                            (rising edge-triggered cell FDCE clocked by trainer_1khz  {rise@0.000ns fall@500000.031ns period=1000000.000ns})
  Path Group:             trainer_1khz
  Path Type:              Setup (Max at Slow Process Corner)
  Requirement:            1000000.062ns  (trainer_1khz rise@1000000.062ns - trainer_1khz rise@0.000ns)
  Data Path Delay:        3.036ns  (logic 0.842ns (27.734%)  route 2.194ns (72.266%))
  Logic Levels:           2  (LUT2=2)
  Clock Path Skew:        0.000ns (DCD - SCD + CPR)
    Destination Clock Delay (DCD):    5.282ns = ( 1000005.375 - 1000000.062 ) 
    Source Clock Delay      (SCD):    5.594ns
    Clock Pessimism Removal (CPR):    0.312ns
  Clock Uncertainty:      0.035ns  ((TSJ^2 + TIJ^2)^1/2 + DJ) / 2 + PE
    Total System Jitter     (TSJ):    0.071ns
    Total Input Jitter      (TIJ):    0.000ns
    Discrete Jitter          (DJ):    0.000ns
    Phase Error              (PE):    0.000ns

    Location             Delay type                Incr(ns)  Path(ns)    Netlist Resource(s)
  -------------------------------------------------------------------    -------------------
                         (clock trainer_1khz rise edge)
                                                      0.000     0.000 r  <hidden>
    B6                                                0.000     0.000 r  clk
                         net (fo=0)                   0.000     0.000    clk
    B6                   IBUF (Prop_ibuf_I_O)         1.500     1.500 r  clk_IBUF_inst/O
                         net (fo=1, routed)           2.315     3.815    clk_IBUF
    BUFGCTRL_X0Y16       BUFG (Prop_bufg_I_O)         0.096     3.911 r  clk_IBUF_BUFG_inst/O
                         net (fo=17, routed)          1.683     5.594    inputs/CLK
    SLICE_X85Y122        FDCE                                         r  inputs/button_sync_reg/C
  -------------------------------------------------------------------    -------------------
    SLICE_X85Y122        FDCE (Prop_fdce_C_Q)         0.419     6.013 r  inputs/button_sync_reg/Q
                         net (fo=3, routed)           0.876     6.889    inputs/button_sync
    SLICE_X85Y122        LUT2 (Prop_lut2_I1_O)        0.299     7.188 f  inputs/count[4]_i_2/O
                         net (fo=5, routed)           0.696     7.884    inputs/count1
    SLICE_X85Y122        LUT2 (Prop_lut2_I1_O)        0.124     8.008 r  inputs/count[0]_i_1/O
                         net (fo=1, routed)           0.622     8.630    inputs/p_0_in[0]
    SLICE_X85Y122        FDCE                                         r  inputs/count_reg[0]/D
  -------------------------------------------------------------------    -------------------

                         (clock trainer_1khz rise edge)
                                                  1000000.062 1000000.062 r  <hidden>
    B6                                                0.000 1000000.062 r  clk
                         net (fo=0)                   0.000 1000000.062    clk
    B6                   IBUF (Prop_ibuf_I_O)         1.429 1000001.500 r  clk_IBUF_inst/O
                         net (fo=1, routed)           2.196 1000003.688    clk_IBUF
    BUFGCTRL_X0Y16       BUFG (Prop_bufg_I_O)         0.091 1000003.750 r  clk_IBUF_BUFG_inst/O
                         net (fo=17, routed)          1.566 1000005.312    inputs/CLK
    SLICE_X85Y122        FDCE                                         r  inputs/count_reg[0]/C
                         clock pessimism              0.312 1000005.625    <hidden>
                         clock uncertainty           -0.035 1000005.562    <hidden>
    SLICE_X85Y122        FDCE (Setup_fdce_C_D)       -0.043 1000005.500    inputs/count_reg[0]
  -------------------------------------------------------------------
                         required time                      1000005.625    <hidden>
                         arrival time                          -8.630    <hidden>
  -------------------------------------------------------------------
                         slack                              999997.000    <hidden>

Slack (MET) :             999997.500ns  (required time - arrival time)
  Source:                 inputs/button_sync_reg/C
                            (rising edge-triggered cell FDCE clocked by trainer_1khz  {rise@0.000ns fall@500000.031ns period=1000000.000ns})
  Destination:            inputs/count_reg[4]/D
                            (rising edge-triggered cell FDCE clocked by trainer_1khz  {rise@0.000ns fall@500000.031ns period=1000000.000ns})
  Path Group:             trainer_1khz
  Path Type:              Setup (Max at Slow Process Corner)
  Requirement:            1000000.062ns  (trainer_1khz rise@1000000.062ns - trainer_1khz rise@0.000ns)
  Data Path Delay:        2.569ns  (logic 0.842ns (32.778%)  route 1.727ns (67.222%))
  Logic Levels:           2  (LUT2=1 LUT6=1)
  Clock Path Skew:        -0.022ns (DCD - SCD + CPR)
    Destination Clock Delay (DCD):    5.282ns = ( 1000005.375 - 1000000.062 ) 
    Source Clock Delay      (SCD):    5.594ns
    Clock Pessimism Removal (CPR):    0.290ns
  Clock Uncertainty:      0.035ns  ((TSJ^2 + TIJ^2)^1/2 + DJ) / 2 + PE
    Total System Jitter     (TSJ):    0.071ns
    Total Input Jitter      (TIJ):    0.000ns
    Discrete Jitter          (DJ):    0.000ns
    Phase Error              (PE):    0.000ns

    Location             Delay type                Incr(ns)  Path(ns)    Netlist Resource(s)
  -------------------------------------------------------------------    -------------------
                         (clock trainer_1khz rise edge)
                                                      0.000     0.000 r  <hidden>
    B6                                                0.000     0.000 r  clk
                         net (fo=0)                   0.000     0.000    clk
    B6                   IBUF (Prop_ibuf_I_O)         1.500     1.500 r  clk_IBUF_inst/O
                         net (fo=1, routed)           2.315     3.815    clk_IBUF
    BUFGCTRL_X0Y16       BUFG (Prop_bufg_I_O)         0.096     3.911 r  clk_IBUF_BUFG_inst/O
                         net (fo=17, routed)          1.683     5.594    inputs/CLK
    SLICE_X85Y122        FDCE                                         r  inputs/button_sync_reg/C
  -------------------------------------------------------------------    -------------------
    SLICE_X85Y122        FDCE (Prop_fdce_C_Q)         0.419     6.013 r  inputs/button_sync_reg/Q
                         net (fo=3, routed)           0.876     6.889    inputs/button_sync
    SLICE_X85Y122        LUT2 (Prop_lut2_I1_O)        0.299     7.188 f  inputs/count[4]_i_2/O
                         net (fo=5, routed)           0.851     8.039    inputs/count1
    SLICE_X84Y122        LUT6 (Prop_lut6_I5_O)        0.124     8.163 r  inputs/count[4]_i_1/O
                         net (fo=1, routed)           0.000     8.163    inputs/p_0_in[4]
    SLICE_X84Y122        FDCE                                         r  inputs/count_reg[4]/D
  -------------------------------------------------------------------    -------------------

                         (clock trainer_1khz rise edge)
                                                  1000000.062 1000000.062 r  <hidden>
    B6                                                0.000 1000000.062 r  clk
                         net (fo=0)                   0.000 1000000.062    clk
    B6                   IBUF (Prop_ibuf_I_O)         1.429 1000001.500 r  clk_IBUF_inst/O
                         net (fo=1, routed)           2.196 1000003.688    clk_IBUF
    BUFGCTRL_X0Y16       BUFG (Prop_bufg_I_O)         0.091 1000003.750 r  clk_IBUF_BUFG_inst/O
                         net (fo=17, routed)          1.566 1000005.312    inputs/CLK
    SLICE_X84Y122        FDCE                                         r  inputs/count_reg[4]/C
                         clock pessimism              0.290 1000005.625    <hidden>
                         clock uncertainty           -0.035 1000005.562    <hidden>
    SLICE_X84Y122        FDCE (Setup_fdce_C_D)        0.079 1000005.625    inputs/count_reg[4]
  -------------------------------------------------------------------
                         required time                      1000005.625    <hidden>
                         arrival time                          -8.163    <hidden>
  -------------------------------------------------------------------
                         slack                              999997.500    <hidden>

Slack (MET) :             999997.625ns  (required time - arrival time)
  Source:                 inputs/count_reg[2]/C
                            (rising edge-triggered cell FDCE clocked by trainer_1khz  {rise@0.000ns fall@500000.031ns period=1000000.000ns})
  Destination:            inputs/accepted_reg/D
                            (rising edge-triggered cell FDCE clocked by trainer_1khz  {rise@0.000ns fall@500000.031ns period=1000000.000ns})
  Path Group:             trainer_1khz
  Path Type:              Setup (Max at Slow Process Corner)
  Requirement:            1000000.062ns  (trainer_1khz rise@1000000.062ns - trainer_1khz rise@0.000ns)
  Data Path Delay:        2.412ns  (logic 0.704ns (29.190%)  route 1.708ns (70.810%))
  Logic Levels:           2  (LUT2=1 LUT6=1)
  Clock Path Skew:        -0.022ns (DCD - SCD + CPR)
    Destination Clock Delay (DCD):    5.282ns = ( 1000005.375 - 1000000.062 ) 
    Source Clock Delay      (SCD):    5.594ns
    Clock Pessimism Removal (CPR):    0.290ns
  Clock Uncertainty:      0.035ns  ((TSJ^2 + TIJ^2)^1/2 + DJ) / 2 + PE
    Total System Jitter     (TSJ):    0.071ns
    Total Input Jitter      (TIJ):    0.000ns
    Discrete Jitter          (DJ):    0.000ns
    Phase Error              (PE):    0.000ns

    Location             Delay type                Incr(ns)  Path(ns)    Netlist Resource(s)
  -------------------------------------------------------------------    -------------------
                         (clock trainer_1khz rise edge)
                                                      0.000     0.000 r  <hidden>
    B6                                                0.000     0.000 r  clk
                         net (fo=0)                   0.000     0.000    clk
    B6                   IBUF (Prop_ibuf_I_O)         1.500     1.500 r  clk_IBUF_inst/O
                         net (fo=1, routed)           2.315     3.815    clk_IBUF
    BUFGCTRL_X0Y16       BUFG (Prop_bufg_I_O)         0.096     3.911 r  clk_IBUF_BUFG_inst/O
                         net (fo=17, routed)          1.683     5.594    inputs/CLK
    SLICE_X85Y122        FDCE                                         r  inputs/count_reg[2]/C
  -------------------------------------------------------------------    -------------------
    SLICE_X85Y122        FDCE (Prop_fdce_C_Q)         0.456     6.050 f  inputs/count_reg[2]/Q
                         net (fo=5, routed)           0.905     6.955    inputs/count[2]
    SLICE_X85Y122        LUT2 (Prop_lut2_I1_O)        0.124     7.079 r  inputs/accepted_i_2/O
                         net (fo=1, routed)           0.803     7.882    inputs/accepted_i_2_n_0
    SLICE_X84Y122        LUT6 (Prop_lut6_I0_O)        0.124     8.006 r  inputs/accepted_i_1/O
                         net (fo=1, routed)           0.000     8.006    inputs/accepted_i_1_n_0
    SLICE_X84Y122        FDCE                                         r  inputs/accepted_reg/D
  -------------------------------------------------------------------    -------------------

                         (clock trainer_1khz rise edge)
                                                  1000000.062 1000000.062 r  <hidden>
    B6                                                0.000 1000000.062 r  clk
                         net (fo=0)                   0.000 1000000.062    clk
    B6                   IBUF (Prop_ibuf_I_O)         1.429 1000001.500 r  clk_IBUF_inst/O
                         net (fo=1, routed)           2.196 1000003.688    clk_IBUF
    BUFGCTRL_X0Y16       BUFG (Prop_bufg_I_O)         0.091 1000003.750 r  clk_IBUF_BUFG_inst/O
                         net (fo=17, routed)          1.566 1000005.312    inputs/CLK
    SLICE_X84Y122        FDCE                                         r  inputs/accepted_reg/C
                         clock pessimism              0.290 1000005.625    <hidden>
                         clock uncertainty           -0.035 1000005.562    <hidden>
    SLICE_X84Y122        FDCE (Setup_fdce_C_D)        0.077 1000005.625    inputs/accepted_reg
  -------------------------------------------------------------------
                         required time                      1000005.625    <hidden>
                         arrival time                          -8.006    <hidden>
  -------------------------------------------------------------------
                         slack                              999997.625    <hidden>

Slack (MET) :             999997.750ns  (required time - arrival time)
  Source:                 inputs/button_sync_reg/C
                            (rising edge-triggered cell FDCE clocked by trainer_1khz  {rise@0.000ns fall@500000.031ns period=1000000.000ns})
  Destination:            inputs/count_reg[1]/D
                            (rising edge-triggered cell FDCE clocked by trainer_1khz  {rise@0.000ns fall@500000.031ns period=1000000.000ns})
  Path Group:             trainer_1khz
  Path Type:              Setup (Max at Slow Process Corner)
  Requirement:            1000000.062ns  (trainer_1khz rise@1000000.062ns - trainer_1khz rise@0.000ns)
  Data Path Delay:        2.267ns  (logic 0.842ns (37.143%)  route 1.425ns (62.857%))
  Logic Levels:           2  (LUT2=1 LUT3=1)
  Clock Path Skew:        -0.022ns (DCD - SCD + CPR)
    Destination Clock Delay (DCD):    5.282ns = ( 1000005.375 - 1000000.062 ) 
    Source Clock Delay      (SCD):    5.594ns
    Clock Pessimism Removal (CPR):    0.290ns
  Clock Uncertainty:      0.035ns  ((TSJ^2 + TIJ^2)^1/2 + DJ) / 2 + PE
    Total System Jitter     (TSJ):    0.071ns
    Total Input Jitter      (TIJ):    0.000ns
    Discrete Jitter          (DJ):    0.000ns
    Phase Error              (PE):    0.000ns

    Location             Delay type                Incr(ns)  Path(ns)    Netlist Resource(s)
  -------------------------------------------------------------------    -------------------
                         (clock trainer_1khz rise edge)
                                                      0.000     0.000 r  <hidden>
    B6                                                0.000     0.000 r  clk
                         net (fo=0)                   0.000     0.000    clk
    B6                   IBUF (Prop_ibuf_I_O)         1.500     1.500 r  clk_IBUF_inst/O
                         net (fo=1, routed)           2.315     3.815    clk_IBUF
    BUFGCTRL_X0Y16       BUFG (Prop_bufg_I_O)         0.096     3.911 r  clk_IBUF_BUFG_inst/O
                         net (fo=17, routed)          1.683     5.594    inputs/CLK
    SLICE_X85Y122        FDCE                                         r  inputs/button_sync_reg/C
  -------------------------------------------------------------------    -------------------
    SLICE_X85Y122        FDCE (Prop_fdce_C_Q)         0.419     6.013 r  inputs/button_sync_reg/Q
                         net (fo=3, routed)           0.876     6.889    inputs/button_sync
    SLICE_X85Y122        LUT2 (Prop_lut2_I1_O)        0.299     7.188 f  inputs/count[4]_i_2/O
                         net (fo=5, routed)           0.549     7.737    inputs/count1
    SLICE_X84Y122        LUT3 (Prop_lut3_I2_O)        0.124     7.861 r  inputs/count[1]_i_1/O
                         net (fo=1, routed)           0.000     7.861    inputs/p_0_in[1]
    SLICE_X84Y122        FDCE                                         r  inputs/count_reg[1]/D
  -------------------------------------------------------------------    -------------------

                         (clock trainer_1khz rise edge)
                                                  1000000.062 1000000.062 r  <hidden>
    B6                                                0.000 1000000.062 r  clk
                         net (fo=0)                   0.000 1000000.062    clk
    B6                   IBUF (Prop_ibuf_I_O)         1.429 1000001.500 r  clk_IBUF_inst/O
                         net (fo=1, routed)           2.196 1000003.688    clk_IBUF
    BUFGCTRL_X0Y16       BUFG (Prop_bufg_I_O)         0.091 1000003.750 r  clk_IBUF_BUFG_inst/O
                         net (fo=17, routed)          1.566 1000005.312    inputs/CLK
    SLICE_X84Y122        FDCE                                         r  inputs/count_reg[1]/C
                         clock pessimism              0.290 1000005.625    <hidden>
                         clock uncertainty           -0.035 1000005.562    <hidden>
    SLICE_X84Y122        FDCE (Setup_fdce_C_D)        0.081 1000005.625    inputs/count_reg[1]
  -------------------------------------------------------------------
                         required time                      1000005.625    <hidden>
                         arrival time                          -7.861    <hidden>
  -------------------------------------------------------------------
                         slack                              999997.750    <hidden>

Slack (MET) :             999997.750ns  (required time - arrival time)
  Source:                 inputs/button_sync_reg/C
                            (rising edge-triggered cell FDCE clocked by trainer_1khz  {rise@0.000ns fall@500000.031ns period=1000000.000ns})
  Destination:            inputs/count_reg[3]/D
                            (rising edge-triggered cell FDCE clocked by trainer_1khz  {rise@0.000ns fall@500000.031ns period=1000000.000ns})
  Path Group:             trainer_1khz
  Path Type:              Setup (Max at Slow Process Corner)
  Requirement:            1000000.062ns  (trainer_1khz rise@1000000.062ns - trainer_1khz rise@0.000ns)
  Data Path Delay:        2.293ns  (logic 0.868ns (37.856%)  route 1.425ns (62.144%))
  Logic Levels:           2  (LUT2=1 LUT5=1)
  Clock Path Skew:        -0.022ns (DCD - SCD + CPR)
    Destination Clock Delay (DCD):    5.282ns = ( 1000005.375 - 1000000.062 ) 
    Source Clock Delay      (SCD):    5.594ns
    Clock Pessimism Removal (CPR):    0.290ns
  Clock Uncertainty:      0.035ns  ((TSJ^2 + TIJ^2)^1/2 + DJ) / 2 + PE
    Total System Jitter     (TSJ):    0.071ns
    Total Input Jitter      (TIJ):    0.000ns
    Discrete Jitter          (DJ):    0.000ns
    Phase Error              (PE):    0.000ns

    Location             Delay type                Incr(ns)  Path(ns)    Netlist Resource(s)
  -------------------------------------------------------------------    -------------------
                         (clock trainer_1khz rise edge)
                                                      0.000     0.000 r  <hidden>
    B6                                                0.000     0.000 r  clk
                         net (fo=0)                   0.000     0.000    clk
    B6                   IBUF (Prop_ibuf_I_O)         1.500     1.500 r  clk_IBUF_inst/O
                         net (fo=1, routed)           2.315     3.815    clk_IBUF
    BUFGCTRL_X0Y16       BUFG (Prop_bufg_I_O)         0.096     3.911 r  clk_IBUF_BUFG_inst/O
                         net (fo=17, routed)          1.683     5.594    inputs/CLK
    SLICE_X85Y122        FDCE                                         r  inputs/button_sync_reg/C
  -------------------------------------------------------------------    -------------------
    SLICE_X85Y122        FDCE (Prop_fdce_C_Q)         0.419     6.013 r  inputs/button_sync_reg/Q
                         net (fo=3, routed)           0.876     6.889    inputs/button_sync
    SLICE_X85Y122        LUT2 (Prop_lut2_I1_O)        0.299     7.188 f  inputs/count[4]_i_2/O
                         net (fo=5, routed)           0.549     7.737    inputs/count1
    SLICE_X84Y122        LUT5 (Prop_lut5_I4_O)        0.150     7.887 r  inputs/count[3]_i_1/O
                         net (fo=1, routed)           0.000     7.887    inputs/p_0_in[3]
    SLICE_X84Y122        FDCE                                         r  inputs/count_reg[3]/D
  -------------------------------------------------------------------    -------------------

                         (clock trainer_1khz rise edge)
                                                  1000000.062 1000000.062 r  <hidden>
    B6                                                0.000 1000000.062 r  clk
                         net (fo=0)                   0.000 1000000.062    clk
    B6                   IBUF (Prop_ibuf_I_O)         1.429 1000001.500 r  clk_IBUF_inst/O
                         net (fo=1, routed)           2.196 1000003.688    clk_IBUF
    BUFGCTRL_X0Y16       BUFG (Prop_bufg_I_O)         0.091 1000003.750 r  clk_IBUF_BUFG_inst/O
                         net (fo=17, routed)          1.566 1000005.312    inputs/CLK
    SLICE_X84Y122        FDCE                                         r  inputs/count_reg[3]/C
                         clock pessimism              0.290 1000005.625    <hidden>
                         clock uncertainty           -0.035 1000005.562    <hidden>
    SLICE_X84Y122        FDCE (Setup_fdce_C_D)        0.118 1000005.688    inputs/count_reg[3]
  -------------------------------------------------------------------
                         required time                      1000005.625    <hidden>
                         arrival time                          -7.887    <hidden>
  -------------------------------------------------------------------
                         slack                              999997.750    <hidden>

Slack (MET) :             999997.750ns  (required time - arrival time)
  Source:                 inputs/count_reg[0]/C
                            (rising edge-triggered cell FDCE clocked by trainer_1khz  {rise@0.000ns fall@500000.031ns period=1000000.000ns})
  Destination:            inputs/press_reg/D
                            (rising edge-triggered cell FDCE clocked by trainer_1khz  {rise@0.000ns fall@500000.031ns period=1000000.000ns})
  Path Group:             trainer_1khz
  Path Type:              Setup (Max at Slow Process Corner)
  Requirement:            1000000.062ns  (trainer_1khz rise@1000000.062ns - trainer_1khz rise@0.000ns)
  Data Path Delay:        2.285ns  (logic 0.840ns (36.756%)  route 1.445ns (63.244%))
  Logic Levels:           2  (LUT2=1 LUT6=1)
  Clock Path Skew:        -0.022ns (DCD - SCD + CPR)
    Destination Clock Delay (DCD):    5.282ns = ( 1000005.375 - 1000000.062 ) 
    Source Clock Delay      (SCD):    5.594ns
    Clock Pessimism Removal (CPR):    0.290ns
  Clock Uncertainty:      0.035ns  ((TSJ^2 + TIJ^2)^1/2 + DJ) / 2 + PE
    Total System Jitter     (TSJ):    0.071ns
    Total Input Jitter      (TIJ):    0.000ns
    Discrete Jitter          (DJ):    0.000ns
    Phase Error              (PE):    0.000ns

    Location             Delay type                Incr(ns)  Path(ns)    Netlist Resource(s)
  -------------------------------------------------------------------    -------------------
                         (clock trainer_1khz rise edge)
                                                      0.000     0.000 r  <hidden>
    B6                                                0.000     0.000 r  clk
                         net (fo=0)                   0.000     0.000    clk
    B6                   IBUF (Prop_ibuf_I_O)         1.500     1.500 r  clk_IBUF_inst/O
                         net (fo=1, routed)           2.315     3.815    clk_IBUF
    BUFGCTRL_X0Y16       BUFG (Prop_bufg_I_O)         0.096     3.911 r  clk_IBUF_BUFG_inst/O
                         net (fo=17, routed)          1.683     5.594    inputs/CLK
    SLICE_X85Y122        FDCE                                         r  inputs/count_reg[0]/C
  -------------------------------------------------------------------    -------------------
    SLICE_X85Y122        FDCE (Prop_fdce_C_Q)         0.419     6.013 r  inputs/count_reg[0]/Q
                         net (fo=7, routed)           0.838     6.852    inputs/count[0]
    SLICE_X84Y123        LUT2 (Prop_lut2_I0_O)        0.297     7.149 f  inputs/press_i_2/O
                         net (fo=1, routed)           0.607     7.756    inputs/press_i_2_n_0
    SLICE_X84Y122        LUT6 (Prop_lut6_I0_O)        0.124     7.880 r  inputs/press_i_1/O
                         net (fo=1, routed)           0.000     7.880    inputs/press_i_1_n_0
    SLICE_X84Y122        FDCE                                         r  inputs/press_reg/D
  -------------------------------------------------------------------    -------------------

                         (clock trainer_1khz rise edge)
                                                  1000000.062 1000000.062 r  <hidden>
    B6                                                0.000 1000000.062 r  clk
                         net (fo=0)                   0.000 1000000.062    clk
    B6                   IBUF (Prop_ibuf_I_O)         1.429 1000001.500 r  clk_IBUF_inst/O
                         net (fo=1, routed)           2.196 1000003.688    clk_IBUF
    BUFGCTRL_X0Y16       BUFG (Prop_bufg_I_O)         0.091 1000003.750 r  clk_IBUF_BUFG_inst/O
                         net (fo=17, routed)          1.566 1000005.312    inputs/CLK
    SLICE_X84Y122        FDCE                                         r  inputs/press_reg/C
                         clock pessimism              0.290 1000005.625    <hidden>
                         clock uncertainty           -0.035 1000005.562    <hidden>
    SLICE_X84Y122        FDCE (Setup_fdce_C_D)        0.079 1000005.625    inputs/press_reg
  -------------------------------------------------------------------
                         required time                      1000005.625    <hidden>
                         arrival time                          -7.880    <hidden>
  -------------------------------------------------------------------
                         slack                              999997.750    <hidden>

Slack (MET) :             999998.062ns  (required time - arrival time)
  Source:                 inputs/button_sync_reg/C
                            (rising edge-triggered cell FDCE clocked by trainer_1khz  {rise@0.000ns fall@500000.031ns period=1000000.000ns})
  Destination:            inputs/count_reg[2]/D
                            (rising edge-triggered cell FDCE clocked by trainer_1khz  {rise@0.000ns fall@500000.031ns period=1000000.000ns})
  Path Group:             trainer_1khz
  Path Type:              Setup (Max at Slow Process Corner)
  Requirement:            1000000.062ns  (trainer_1khz rise@1000000.062ns - trainer_1khz rise@0.000ns)
  Data Path Delay:        2.013ns  (logic 0.842ns (41.830%)  route 1.171ns (58.170%))
  Logic Levels:           2  (LUT2=1 LUT6=1)
  Clock Path Skew:        0.000ns (DCD - SCD + CPR)
    Destination Clock Delay (DCD):    5.282ns = ( 1000005.375 - 1000000.062 ) 
    Source Clock Delay      (SCD):    5.594ns
    Clock Pessimism Removal (CPR):    0.312ns
  Clock Uncertainty:      0.035ns  ((TSJ^2 + TIJ^2)^1/2 + DJ) / 2 + PE
    Total System Jitter     (TSJ):    0.071ns
    Total Input Jitter      (TIJ):    0.000ns
    Discrete Jitter          (DJ):    0.000ns
    Phase Error              (PE):    0.000ns

    Location             Delay type                Incr(ns)  Path(ns)    Netlist Resource(s)
  -------------------------------------------------------------------    -------------------
                         (clock trainer_1khz rise edge)
                                                      0.000     0.000 r  <hidden>
    B6                                                0.000     0.000 r  clk
                         net (fo=0)                   0.000     0.000    clk
    B6                   IBUF (Prop_ibuf_I_O)         1.500     1.500 r  clk_IBUF_inst/O
                         net (fo=1, routed)           2.315     3.815    clk_IBUF
    BUFGCTRL_X0Y16       BUFG (Prop_bufg_I_O)         0.096     3.911 r  clk_IBUF_BUFG_inst/O
                         net (fo=17, routed)          1.683     5.594    inputs/CLK
    SLICE_X85Y122        FDCE                                         r  inputs/button_sync_reg/C
  -------------------------------------------------------------------    -------------------
    SLICE_X85Y122        FDCE (Prop_fdce_C_Q)         0.419     6.013 r  inputs/button_sync_reg/Q
                         net (fo=3, routed)           0.876     6.889    inputs/button_sync
    SLICE_X85Y122        LUT2 (Prop_lut2_I1_O)        0.299     7.188 f  inputs/count[4]_i_2/O
                         net (fo=5, routed)           0.295     7.483    inputs/count1
    SLICE_X85Y122        LUT6 (Prop_lut6_I5_O)        0.124     7.607 r  inputs/count[2]_i_1/O
                         net (fo=1, routed)           0.000     7.607    inputs/p_0_in[2]
    SLICE_X85Y122        FDCE                                         r  inputs/count_reg[2]/D
  -------------------------------------------------------------------    -------------------

                         (clock trainer_1khz rise edge)
                                                  1000000.062 1000000.062 r  <hidden>
    B6                                                0.000 1000000.062 r  clk
                         net (fo=0)                   0.000 1000000.062    clk
    B6                   IBUF (Prop_ibuf_I_O)         1.429 1000001.500 r  clk_IBUF_inst/O
                         net (fo=1, routed)           2.196 1000003.688    clk_IBUF
    BUFGCTRL_X0Y16       BUFG (Prop_bufg_I_O)         0.091 1000003.750 r  clk_IBUF_BUFG_inst/O
                         net (fo=17, routed)          1.566 1000005.312    inputs/CLK
    SLICE_X85Y122        FDCE                                         r  inputs/count_reg[2]/C
                         clock pessimism              0.312 1000005.625    <hidden>
                         clock uncertainty           -0.035 1000005.562    <hidden>
    SLICE_X85Y122        FDCE (Setup_fdce_C_D)        0.031 1000005.562    inputs/count_reg[2]
  -------------------------------------------------------------------
                         required time                      1000005.625    <hidden>
                         arrival time                          -7.607    <hidden>
  -------------------------------------------------------------------
                         slack                              999998.062    <hidden>

Slack (MET) :             999998.312ns  (required time - arrival time)
  Source:                 core/value_reg[2]/C
                            (rising edge-triggered cell FDRE clocked by trainer_1khz  {rise@0.000ns fall@500000.031ns period=1000000.000ns})
  Destination:            core/value_reg[2]/D
                            (rising edge-triggered cell FDRE clocked by trainer_1khz  {rise@0.000ns fall@500000.031ns period=1000000.000ns})
  Path Group:             trainer_1khz
  Path Type:              Setup (Max at Slow Process Corner)
  Requirement:            1000000.062ns  (trainer_1khz rise@1000000.062ns - trainer_1khz rise@0.000ns)
  Data Path Delay:        1.917ns  (logic 0.642ns (33.496%)  route 1.275ns (66.504%))
  Logic Levels:           1  (LUT4=1)
  Clock Path Skew:        0.000ns (DCD - SCD + CPR)
    Destination Clock Delay (DCD):    5.279ns = ( 1000005.312 - 1000000.062 ) 
    Source Clock Delay      (SCD):    5.591ns
    Clock Pessimism Removal (CPR):    0.312ns
  Clock Uncertainty:      0.035ns  ((TSJ^2 + TIJ^2)^1/2 + DJ) / 2 + PE
    Total System Jitter     (TSJ):    0.071ns
    Total Input Jitter      (TIJ):    0.000ns
    Discrete Jitter          (DJ):    0.000ns
    Phase Error              (PE):    0.000ns

    Location             Delay type                Incr(ns)  Path(ns)    Netlist Resource(s)
  -------------------------------------------------------------------    -------------------
                         (clock trainer_1khz rise edge)
                                                      0.000     0.000 r  <hidden>
    B6                                                0.000     0.000 r  clk
                         net (fo=0)                   0.000     0.000    clk
    B6                   IBUF (Prop_ibuf_I_O)         1.500     1.500 r  clk_IBUF_inst/O
                         net (fo=1, routed)           2.315     3.815    clk_IBUF
    BUFGCTRL_X0Y16       BUFG (Prop_bufg_I_O)         0.096     3.911 r  clk_IBUF_BUFG_inst/O
                         net (fo=17, routed)          1.680     5.591    core/CLK
    SLICE_X84Y124        FDRE                                         r  core/value_reg[2]/C
  -------------------------------------------------------------------    -------------------
    SLICE_X84Y124        FDRE (Prop_fdre_C_Q)         0.518     6.109 r  core/value_reg[2]/Q
                         net (fo=3, routed)           1.275     7.384    core/led_OBUF[2]
    SLICE_X84Y124        LUT4 (Prop_lut4_I0_O)        0.124     7.508 r  core/value[2]_i_1/O
                         net (fo=1, routed)           0.000     7.508    core/value[2]_i_1_n_0
    SLICE_X84Y124        FDRE                                         r  core/value_reg[2]/D
  -------------------------------------------------------------------    -------------------

                         (clock trainer_1khz rise edge)
                                                  1000000.062 1000000.062 r  <hidden>
    B6                                                0.000 1000000.062 r  clk
                         net (fo=0)                   0.000 1000000.062    clk
    B6                   IBUF (Prop_ibuf_I_O)         1.429 1000001.500 r  clk_IBUF_inst/O
                         net (fo=1, routed)           2.196 1000003.688    clk_IBUF
    BUFGCTRL_X0Y16       BUFG (Prop_bufg_I_O)         0.091 1000003.750 r  clk_IBUF_BUFG_inst/O
                         net (fo=17, routed)          1.563 1000005.312    core/CLK
    SLICE_X84Y124        FDRE                                         r  core/value_reg[2]/C
                         clock pessimism              0.312 1000005.625    <hidden>
                         clock uncertainty           -0.035 1000005.562    <hidden>
    SLICE_X84Y124        FDRE (Setup_fdre_C_D)        0.077 1000005.625    core/value_reg[2]
  -------------------------------------------------------------------
                         required time                      1000005.750    <hidden>
                         arrival time                          -7.508    <hidden>
  -------------------------------------------------------------------
                         slack                              999998.312    <hidden>

Slack (MET) :             999998.438ns  (required time - arrival time)
  Source:                 inputs/reset_pipe_reg[1]/C
                            (rising edge-triggered cell FDPE clocked by trainer_1khz  {rise@0.000ns fall@500000.031ns period=1000000.000ns})
  Destination:            core/value_reg[1]/D
                            (rising edge-triggered cell FDRE clocked by trainer_1khz  {rise@0.000ns fall@500000.031ns period=1000000.000ns})
  Path Group:             trainer_1khz
  Path Type:              Setup (Max at Slow Process Corner)
  Requirement:            1000000.062ns  (trainer_1khz rise@1000000.062ns - trainer_1khz rise@0.000ns)
  Data Path Delay:        1.622ns  (logic 0.718ns (44.261%)  route 0.904ns (55.739%))
  Logic Levels:           1  (LUT4=1)
  Clock Path Skew:        -0.022ns (DCD - SCD + CPR)
    Destination Clock Delay (DCD):    5.281ns = ( 1000005.312 - 1000000.062 ) 
    Source Clock Delay      (SCD):    5.593ns
    Clock Pessimism Removal (CPR):    0.290ns
  Clock Uncertainty:      0.035ns  ((TSJ^2 + TIJ^2)^1/2 + DJ) / 2 + PE
    Total System Jitter     (TSJ):    0.071ns
    Total Input Jitter      (TIJ):    0.000ns
    Discrete Jitter          (DJ):    0.000ns
    Phase Error              (PE):    0.000ns

    Location             Delay type                Incr(ns)  Path(ns)    Netlist Resource(s)
  -------------------------------------------------------------------    -------------------
                         (clock trainer_1khz rise edge)
                                                      0.000     0.000 r  <hidden>
    B6                                                0.000     0.000 r  clk
                         net (fo=0)                   0.000     0.000    clk
    B6                   IBUF (Prop_ibuf_I_O)         1.500     1.500 r  clk_IBUF_inst/O
                         net (fo=1, routed)           2.315     3.815    clk_IBUF
    BUFGCTRL_X0Y16       BUFG (Prop_bufg_I_O)         0.096     3.911 r  clk_IBUF_BUFG_inst/O
                         net (fo=17, routed)          1.682     5.593    inputs/CLK
    SLICE_X85Y123        FDPE                                         r  inputs/reset_pipe_reg[1]/C
  -------------------------------------------------------------------    -------------------
    SLICE_X85Y123        FDPE (Prop_fdpe_C_Q)         0.419     6.012 f  inputs/reset_pipe_reg[1]/Q
                         net (fo=15, routed)          0.904     6.917    core/out[0]
    SLICE_X84Y123        LUT4 (Prop_lut4_I3_O)        0.299     7.216 r  core/value[1]_i_1/O
                         net (fo=1, routed)           0.000     7.216    core/value[1]_i_1_n_0
    SLICE_X84Y123        FDRE                                         r  core/value_reg[1]/D
  -------------------------------------------------------------------    -------------------

                         (clock trainer_1khz rise edge)
                                                  1000000.062 1000000.062 r  <hidden>
    B6                                                0.000 1000000.062 r  clk
                         net (fo=0)                   0.000 1000000.062    clk
    B6                   IBUF (Prop_ibuf_I_O)         1.429 1000001.500 r  clk_IBUF_inst/O
                         net (fo=1, routed)           2.196 1000003.688    clk_IBUF
    BUFGCTRL_X0Y16       BUFG (Prop_bufg_I_O)         0.091 1000003.750 r  clk_IBUF_BUFG_inst/O
                         net (fo=17, routed)          1.565 1000005.312    core/CLK
    SLICE_X84Y123        FDRE                                         r  core/value_reg[1]/C
                         clock pessimism              0.290 1000005.625    <hidden>
                         clock uncertainty           -0.035 1000005.562    <hidden>
    SLICE_X84Y123        FDRE (Setup_fdre_C_D)        0.077 1000005.625    core/value_reg[1]
  -------------------------------------------------------------------
                         required time                      1000005.625    <hidden>
                         arrival time                          -7.216    <hidden>
  -------------------------------------------------------------------
                         slack                              999998.438    <hidden>

Slack (MET) :             999998.438ns  (required time - arrival time)
  Source:                 inputs/press_reg/C
                            (rising edge-triggered cell FDCE clocked by trainer_1khz  {rise@0.000ns fall@500000.031ns period=1000000.000ns})
  Destination:            core/value_reg[3]/D
                            (rising edge-triggered cell FDRE clocked by trainer_1khz  {rise@0.000ns fall@500000.031ns period=1000000.000ns})
  Path Group:             trainer_1khz
  Path Type:              Setup (Max at Slow Process Corner)
  Requirement:            1000000.062ns  (trainer_1khz rise@1000000.062ns - trainer_1khz rise@0.000ns)
  Data Path Delay:        1.624ns  (logic 0.664ns (40.888%)  route 0.960ns (59.112%))
  Logic Levels:           1  (LUT4=1)
  Clock Path Skew:        -0.025ns (DCD - SCD + CPR)
    Destination Clock Delay (DCD):    5.279ns = ( 1000005.312 - 1000000.062 ) 
    Source Clock Delay      (SCD):    5.594ns
    Clock Pessimism Removal (CPR):    0.290ns
  Clock Uncertainty:      0.035ns  ((TSJ^2 + TIJ^2)^1/2 + DJ) / 2 + PE
    Total System Jitter     (TSJ):    0.071ns
    Total Input Jitter      (TIJ):    0.000ns
    Discrete Jitter          (DJ):    0.000ns
    Phase Error              (PE):    0.000ns

    Location             Delay type                Incr(ns)  Path(ns)    Netlist Resource(s)
  -------------------------------------------------------------------    -------------------
                         (clock trainer_1khz rise edge)
                                                      0.000     0.000 r  <hidden>
    B6                                                0.000     0.000 r  clk
                         net (fo=0)                   0.000     0.000    clk
    B6                   IBUF (Prop_ibuf_I_O)         1.500     1.500 r  clk_IBUF_inst/O
                         net (fo=1, routed)           2.315     3.815    clk_IBUF
    BUFGCTRL_X0Y16       BUFG (Prop_bufg_I_O)         0.096     3.911 r  clk_IBUF_BUFG_inst/O
                         net (fo=17, routed)          1.683     5.594    inputs/CLK
    SLICE_X84Y122        FDCE                                         r  inputs/press_reg/C
  -------------------------------------------------------------------    -------------------
    SLICE_X84Y122        FDCE (Prop_fdce_C_Q)         0.518     6.112 r  inputs/press_reg/Q
                         net (fo=4, routed)           0.960     7.072    core/press
    SLICE_X84Y124        LUT4 (Prop_lut4_I1_O)        0.146     7.218 r  core/value[3]_i_1/O
                         net (fo=1, routed)           0.000     7.218    core/value[3]_i_1_n_0
    SLICE_X84Y124        FDRE                                         r  core/value_reg[3]/D
  -------------------------------------------------------------------    -------------------

                         (clock trainer_1khz rise edge)
                                                  1000000.062 1000000.062 r  <hidden>
    B6                                                0.000 1000000.062 r  clk
                         net (fo=0)                   0.000 1000000.062    clk
    B6                   IBUF (Prop_ibuf_I_O)         1.429 1000001.500 r  clk_IBUF_inst/O
                         net (fo=1, routed)           2.196 1000003.688    clk_IBUF
    BUFGCTRL_X0Y16       BUFG (Prop_bufg_I_O)         0.091 1000003.750 r  clk_IBUF_BUFG_inst/O
                         net (fo=17, routed)          1.563 1000005.312    core/CLK
    SLICE_X84Y124        FDRE                                         r  core/value_reg[3]/C
                         clock pessimism              0.290 1000005.625    <hidden>
                         clock uncertainty           -0.035 1000005.562    <hidden>
    SLICE_X84Y124        FDRE (Setup_fdre_C_D)        0.118 1000005.688    core/value_reg[3]
  -------------------------------------------------------------------
                         required time                      1000005.625    <hidden>
                         arrival time                          -7.218    <hidden>
  -------------------------------------------------------------------
                         slack                              999998.438    <hidden>





Min Delay Paths
--------------------------------------------------------------------------------------
Slack (MET) :             0.122ns  (arrival time - required time)
  Source:                 inputs/button_meta_reg/C
                            (rising edge-triggered cell FDCE clocked by trainer_1khz  {rise@0.000ns fall@500000.031ns period=1000000.000ns})
  Destination:            inputs/button_sync_reg/D
                            (rising edge-triggered cell FDCE clocked by trainer_1khz  {rise@0.000ns fall@500000.031ns period=1000000.000ns})
  Path Group:             trainer_1khz
  Path Type:              Hold (Min at Fast Process Corner)
  Requirement:            0.000ns  (trainer_1khz rise@0.000ns - trainer_1khz rise@0.000ns)
  Data Path Delay:        0.197ns  (logic 0.141ns (71.611%)  route 0.056ns (28.389%))
  Logic Levels:           0  
  Clock Path Skew:        0.000ns (DCD - SCD - CPR)
    Destination Clock Delay (DCD):    2.209ns
    Source Clock Delay      (SCD):    1.686ns
    Clock Pessimism Removal (CPR):    0.523ns

    Location             Delay type                Incr(ns)  Path(ns)    Netlist Resource(s)
  -------------------------------------------------------------------    -------------------
                         (clock trainer_1khz rise edge)
                                                      0.000     0.000 r  <hidden>
    B6                                                0.000     0.000 r  clk
                         net (fo=0)                   0.000     0.000    clk
    B6                   IBUF (Prop_ibuf_I_O)         0.268     0.268 r  clk_IBUF_inst/O
                         net (fo=1, routed)           0.808     1.075    clk_IBUF
    BUFGCTRL_X0Y16       BUFG (Prop_bufg_I_O)         0.026     1.101 r  clk_IBUF_BUFG_inst/O
                         net (fo=17, routed)          0.585     1.686    inputs/CLK
    SLICE_X85Y122        FDCE                                         r  inputs/button_meta_reg/C
  -------------------------------------------------------------------    -------------------
    SLICE_X85Y122        FDCE (Prop_fdce_C_Q)         0.141     1.827 r  inputs/button_meta_reg/Q
                         net (fo=1, routed)           0.056     1.883    inputs/button_meta
    SLICE_X85Y122        FDCE                                         r  inputs/button_sync_reg/D
  -------------------------------------------------------------------    -------------------

                         (clock trainer_1khz rise edge)
                                                      0.000     0.000 r  <hidden>
    B6                                                0.000     0.000 r  clk
                         net (fo=0)                   0.000     0.000    clk
    B6                   IBUF (Prop_ibuf_I_O)         0.456     0.456 r  clk_IBUF_inst/O
                         net (fo=1, routed)           0.871     1.327    clk_IBUF
    BUFGCTRL_X0Y16       BUFG (Prop_bufg_I_O)         0.029     1.356 r  clk_IBUF_BUFG_inst/O
                         net (fo=17, routed)          0.854     2.209    inputs/CLK
    SLICE_X85Y122        FDCE                                         r  inputs/button_sync_reg/C
                         clock pessimism             -0.523     1.686    <hidden>
    SLICE_X85Y122        FDCE (Hold_fdce_C_D)         0.075     1.761    inputs/button_sync_reg
  -------------------------------------------------------------------
                         required time                         -1.761    <hidden>
                         arrival time                           1.883    <hidden>
  -------------------------------------------------------------------
                         slack                                  0.122    <hidden>

Slack (MET) :             0.122ns  (arrival time - required time)
  Source:                 inputs/reset_pipe_reg[0]/C
                            (rising edge-triggered cell FDPE clocked by trainer_1khz  {rise@0.000ns fall@500000.031ns period=1000000.000ns})
  Destination:            inputs/reset_pipe_reg[1]/D
                            (rising edge-triggered cell FDPE clocked by trainer_1khz  {rise@0.000ns fall@500000.031ns period=1000000.000ns})
  Path Group:             trainer_1khz
  Path Type:              Hold (Min at Fast Process Corner)
  Requirement:            0.000ns  (trainer_1khz rise@0.000ns - trainer_1khz rise@0.000ns)
  Data Path Delay:        0.197ns  (logic 0.141ns (71.611%)  route 0.056ns (28.389%))
  Logic Levels:           0  
  Clock Path Skew:        0.000ns (DCD - SCD - CPR)
    Destination Clock Delay (DCD):    2.207ns
    Source Clock Delay      (SCD):    1.684ns
    Clock Pessimism Removal (CPR):    0.523ns

    Location             Delay type                Incr(ns)  Path(ns)    Netlist Resource(s)
  -------------------------------------------------------------------    -------------------
                         (clock trainer_1khz rise edge)
                                                      0.000     0.000 r  <hidden>
    B6                                                0.000     0.000 r  clk
                         net (fo=0)                   0.000     0.000    clk
    B6                   IBUF (Prop_ibuf_I_O)         0.268     0.268 r  clk_IBUF_inst/O
                         net (fo=1, routed)           0.808     1.075    clk_IBUF
    BUFGCTRL_X0Y16       BUFG (Prop_bufg_I_O)         0.026     1.101 r  clk_IBUF_BUFG_inst/O
                         net (fo=17, routed)          0.583     1.684    inputs/CLK
    SLICE_X85Y123        FDPE                                         r  inputs/reset_pipe_reg[0]/C
  -------------------------------------------------------------------    -------------------
    SLICE_X85Y123        FDPE (Prop_fdpe_C_Q)         0.141     1.825 r  inputs/reset_pipe_reg[0]/Q
                         net (fo=1, routed)           0.056     1.881    inputs/reset_pipe[0]
    SLICE_X85Y123        FDPE                                         r  inputs/reset_pipe_reg[1]/D
  -------------------------------------------------------------------    -------------------

                         (clock trainer_1khz rise edge)
                                                      0.000     0.000 r  <hidden>
    B6                                                0.000     0.000 r  clk
                         net (fo=0)                   0.000     0.000    clk
    B6                   IBUF (Prop_ibuf_I_O)         0.456     0.456 r  clk_IBUF_inst/O
                         net (fo=1, routed)           0.871     1.327    clk_IBUF
    BUFGCTRL_X0Y16       BUFG (Prop_bufg_I_O)         0.029     1.356 r  clk_IBUF_BUFG_inst/O
                         net (fo=17, routed)          0.851     2.207    inputs/CLK
    SLICE_X85Y123        FDPE                                         r  inputs/reset_pipe_reg[1]/C
                         clock pessimism             -0.523     1.684    <hidden>
    SLICE_X85Y123        FDPE (Hold_fdpe_C_D)         0.075     1.759    inputs/reset_pipe_reg[1]
  -------------------------------------------------------------------
                         required time                         -1.759    <hidden>
                         arrival time                           1.881    <hidden>
  -------------------------------------------------------------------
                         slack                                  0.122    <hidden>

Slack (MET) :             0.148ns  (arrival time - required time)
  Source:                 inputs/count_reg[2]/C
                            (rising edge-triggered cell FDCE clocked by trainer_1khz  {rise@0.000ns fall@500000.031ns period=1000000.000ns})
  Destination:            inputs/press_reg/D
                            (rising edge-triggered cell FDCE clocked by trainer_1khz  {rise@0.000ns fall@500000.031ns period=1000000.000ns})
  Path Group:             trainer_1khz
  Path Type:              Hold (Min at Fast Process Corner)
  Requirement:            0.000ns  (trainer_1khz rise@0.000ns - trainer_1khz rise@0.000ns)
  Data Path Delay:        0.282ns  (logic 0.186ns (65.884%)  route 0.096ns (34.116%))
  Logic Levels:           1  (LUT6=1)
  Clock Path Skew:        0.013ns (DCD - SCD - CPR)
    Destination Clock Delay (DCD):    2.209ns
    Source Clock Delay      (SCD):    1.686ns
    Clock Pessimism Removal (CPR):    0.510ns

    Location             Delay type                Incr(ns)  Path(ns)    Netlist Resource(s)
  -------------------------------------------------------------------    -------------------
                         (clock trainer_1khz rise edge)
                                                      0.000     0.000 r  <hidden>
    B6                                                0.000     0.000 r  clk
                         net (fo=0)                   0.000     0.000    clk
    B6                   IBUF (Prop_ibuf_I_O)         0.268     0.268 r  clk_IBUF_inst/O
                         net (fo=1, routed)           0.808     1.075    clk_IBUF
    BUFGCTRL_X0Y16       BUFG (Prop_bufg_I_O)         0.026     1.101 r  clk_IBUF_BUFG_inst/O
                         net (fo=17, routed)          0.585     1.686    inputs/CLK
    SLICE_X85Y122        FDCE                                         r  inputs/count_reg[2]/C
  -------------------------------------------------------------------    -------------------
    SLICE_X85Y122        FDCE (Prop_fdce_C_Q)         0.141     1.827 f  inputs/count_reg[2]/Q
                         net (fo=5, routed)           0.096     1.923    inputs/count[2]
    SLICE_X84Y122        LUT6 (Prop_lut6_I1_O)        0.045     1.968 r  inputs/press_i_1/O
                         net (fo=1, routed)           0.000     1.968    inputs/press_i_1_n_0
    SLICE_X84Y122        FDCE                                         r  inputs/press_reg/D
  -------------------------------------------------------------------    -------------------

                         (clock trainer_1khz rise edge)
                                                      0.000     0.000 r  <hidden>
    B6                                                0.000     0.000 r  clk
                         net (fo=0)                   0.000     0.000    clk
    B6                   IBUF (Prop_ibuf_I_O)         0.456     0.456 r  clk_IBUF_inst/O
                         net (fo=1, routed)           0.871     1.327    clk_IBUF
    BUFGCTRL_X0Y16       BUFG (Prop_bufg_I_O)         0.029     1.356 r  clk_IBUF_BUFG_inst/O
                         net (fo=17, routed)          0.854     2.209    inputs/CLK
    SLICE_X84Y122        FDCE                                         r  inputs/press_reg/C
                         clock pessimism             -0.510     1.699    <hidden>
    SLICE_X84Y122        FDCE (Hold_fdce_C_D)         0.121     1.820    inputs/press_reg
  -------------------------------------------------------------------
                         required time                         -1.820    <hidden>
                         arrival time                           1.968    <hidden>
  -------------------------------------------------------------------
                         slack                                  0.148    <hidden>

Slack (MET) :             0.150ns  (arrival time - required time)
  Source:                 inputs/count_reg[2]/C
                            (rising edge-triggered cell FDCE clocked by trainer_1khz  {rise@0.000ns fall@500000.031ns period=1000000.000ns})
  Destination:            inputs/count_reg[4]/D
                            (rising edge-triggered cell FDCE clocked by trainer_1khz  {rise@0.000ns fall@500000.031ns period=1000000.000ns})
  Path Group:             trainer_1khz
  Path Type:              Hold (Min at Fast Process Corner)
  Requirement:            0.000ns  (trainer_1khz rise@0.000ns - trainer_1khz rise@0.000ns)
  Data Path Delay:        0.284ns  (logic 0.186ns (65.421%)  route 0.098ns (34.579%))
  Logic Levels:           1  (LUT6=1)
  Clock Path Skew:        0.013ns (DCD - SCD - CPR)
    Destination Clock Delay (DCD):    2.209ns
    Source Clock Delay      (SCD):    1.686ns
    Clock Pessimism Removal (CPR):    0.510ns

    Location             Delay type                Incr(ns)  Path(ns)    Netlist Resource(s)
  -------------------------------------------------------------------    -------------------
                         (clock trainer_1khz rise edge)
                                                      0.000     0.000 r  <hidden>
    B6                                                0.000     0.000 r  clk
                         net (fo=0)                   0.000     0.000    clk
    B6                   IBUF (Prop_ibuf_I_O)         0.268     0.268 r  clk_IBUF_inst/O
                         net (fo=1, routed)           0.808     1.075    clk_IBUF
    BUFGCTRL_X0Y16       BUFG (Prop_bufg_I_O)         0.026     1.101 r  clk_IBUF_BUFG_inst/O
                         net (fo=17, routed)          0.585     1.686    inputs/CLK
    SLICE_X85Y122        FDCE                                         r  inputs/count_reg[2]/C
  -------------------------------------------------------------------    -------------------
    SLICE_X85Y122        FDCE (Prop_fdce_C_Q)         0.141     1.827 r  inputs/count_reg[2]/Q
                         net (fo=5, routed)           0.098     1.925    inputs/count[2]
    SLICE_X84Y122        LUT6 (Prop_lut6_I0_O)        0.045     1.970 r  inputs/count[4]_i_1/O
                         net (fo=1, routed)           0.000     1.970    inputs/p_0_in[4]
    SLICE_X84Y122        FDCE                                         r  inputs/count_reg[4]/D
  -------------------------------------------------------------------    -------------------

                         (clock trainer_1khz rise edge)
                                                      0.000     0.000 r  <hidden>
    B6                                                0.000     0.000 r  clk
                         net (fo=0)                   0.000     0.000    clk
    B6                   IBUF (Prop_ibuf_I_O)         0.456     0.456 r  clk_IBUF_inst/O
                         net (fo=1, routed)           0.871     1.327    clk_IBUF
    BUFGCTRL_X0Y16       BUFG (Prop_bufg_I_O)         0.029     1.356 r  clk_IBUF_BUFG_inst/O
                         net (fo=17, routed)          0.854     2.209    inputs/CLK
    SLICE_X84Y122        FDCE                                         r  inputs/count_reg[4]/C
                         clock pessimism             -0.510     1.699    <hidden>
    SLICE_X84Y122        FDCE (Hold_fdce_C_D)         0.121     1.820    inputs/count_reg[4]
  -------------------------------------------------------------------
                         required time                         -1.820    <hidden>
                         arrival time                           1.970    <hidden>
  -------------------------------------------------------------------
                         slack                                  0.150    <hidden>

Slack (MET) :             0.187ns  (arrival time - required time)
  Source:                 inputs/count_reg[4]/C
                            (rising edge-triggered cell FDCE clocked by trainer_1khz  {rise@0.000ns fall@500000.031ns period=1000000.000ns})
  Destination:            inputs/count_reg[2]/D
                            (rising edge-triggered cell FDCE clocked by trainer_1khz  {rise@0.000ns fall@500000.031ns period=1000000.000ns})
  Path Group:             trainer_1khz
  Path Type:              Hold (Min at Fast Process Corner)
  Requirement:            0.000ns  (trainer_1khz rise@0.000ns - trainer_1khz rise@0.000ns)
  Data Path Delay:        0.292ns  (logic 0.209ns (71.474%)  route 0.083ns (28.526%))
  Logic Levels:           1  (LUT6=1)
  Clock Path Skew:        0.013ns (DCD - SCD - CPR)
    Destination Clock Delay (DCD):    2.209ns
    Source Clock Delay      (SCD):    1.686ns
    Clock Pessimism Removal (CPR):    0.510ns

    Location             Delay type                Incr(ns)  Path(ns)    Netlist Resource(s)
  -------------------------------------------------------------------    -------------------
                         (clock trainer_1khz rise edge)
                                                      0.000     0.000 r  <hidden>
    B6                                                0.000     0.000 r  clk
                         net (fo=0)                   0.000     0.000    clk
    B6                   IBUF (Prop_ibuf_I_O)         0.268     0.268 r  clk_IBUF_inst/O
                         net (fo=1, routed)           0.808     1.075    clk_IBUF
    BUFGCTRL_X0Y16       BUFG (Prop_bufg_I_O)         0.026     1.101 r  clk_IBUF_BUFG_inst/O
                         net (fo=17, routed)          0.585     1.686    inputs/CLK
    SLICE_X84Y122        FDCE                                         r  inputs/count_reg[4]/C
  -------------------------------------------------------------------    -------------------
    SLICE_X84Y122        FDCE (Prop_fdce_C_Q)         0.164     1.850 f  inputs/count_reg[4]/Q
                         net (fo=4, routed)           0.083     1.933    inputs/count[4]
    SLICE_X85Y122        LUT6 (Prop_lut6_I2_O)        0.045     1.978 r  inputs/count[2]_i_1/O
                         net (fo=1, routed)           0.000     1.978    inputs/p_0_in[2]
    SLICE_X85Y122        FDCE                                         r  inputs/count_reg[2]/D
  -------------------------------------------------------------------    -------------------

                         (clock trainer_1khz rise edge)
                                                      0.000     0.000 r  <hidden>
    B6                                                0.000     0.000 r  clk
                         net (fo=0)                   0.000     0.000    clk
    B6                   IBUF (Prop_ibuf_I_O)         0.456     0.456 r  clk_IBUF_inst/O
                         net (fo=1, routed)           0.871     1.327    clk_IBUF
    BUFGCTRL_X0Y16       BUFG (Prop_bufg_I_O)         0.029     1.356 r  clk_IBUF_BUFG_inst/O
                         net (fo=17, routed)          0.854     2.209    inputs/CLK
    SLICE_X85Y122        FDCE                                         r  inputs/count_reg[2]/C
                         clock pessimism             -0.510     1.699    <hidden>
    SLICE_X85Y122        FDCE (Hold_fdce_C_D)         0.092     1.791    inputs/count_reg[2]
  -------------------------------------------------------------------
                         required time                         -1.791    <hidden>
                         arrival time                           1.978    <hidden>
  -------------------------------------------------------------------
                         slack                                  0.187    <hidden>

Slack (MET) :             0.219ns  (arrival time - required time)
  Source:                 core/value_reg[1]/C
                            (rising edge-triggered cell FDRE clocked by trainer_1khz  {rise@0.000ns fall@500000.031ns period=1000000.000ns})
  Destination:            core/value_reg[0]/D
                            (rising edge-triggered cell FDRE clocked by trainer_1khz  {rise@0.000ns fall@500000.031ns period=1000000.000ns})
  Path Group:             trainer_1khz
  Path Type:              Hold (Min at Fast Process Corner)
  Requirement:            0.000ns  (trainer_1khz rise@0.000ns - trainer_1khz rise@0.000ns)
  Data Path Delay:        0.301ns  (logic 0.164ns (54.399%)  route 0.137ns (45.601%))
  Logic Levels:           0  
  Clock Path Skew:        0.012ns (DCD - SCD - CPR)
    Destination Clock Delay (DCD):    2.206ns
    Source Clock Delay      (SCD):    1.684ns
    Clock Pessimism Removal (CPR):    0.510ns

    Location             Delay type                Incr(ns)  Path(ns)    Netlist Resource(s)
  -------------------------------------------------------------------    -------------------
                         (clock trainer_1khz rise edge)
                                                      0.000     0.000 r  <hidden>
    B6                                                0.000     0.000 r  clk
                         net (fo=0)                   0.000     0.000    clk
    B6                   IBUF (Prop_ibuf_I_O)         0.268     0.268 r  clk_IBUF_inst/O
                         net (fo=1, routed)           0.808     1.075    clk_IBUF
    BUFGCTRL_X0Y16       BUFG (Prop_bufg_I_O)         0.026     1.101 r  clk_IBUF_BUFG_inst/O
                         net (fo=17, routed)          0.583     1.684    core/CLK
    SLICE_X84Y123        FDRE                                         r  core/value_reg[1]/C
  -------------------------------------------------------------------    -------------------
    SLICE_X84Y123        FDRE (Prop_fdre_C_Q)         0.164     1.848 r  core/value_reg[1]/Q
                         net (fo=3, routed)           0.137     1.986    core/led_OBUF[1]
    SLICE_X85Y124        FDRE                                         r  core/value_reg[0]/D
  -------------------------------------------------------------------    -------------------

                         (clock trainer_1khz rise edge)
                                                      0.000     0.000 r  <hidden>
    B6                                                0.000     0.000 r  clk
                         net (fo=0)                   0.000     0.000    clk
    B6                   IBUF (Prop_ibuf_I_O)         0.456     0.456 r  clk_IBUF_inst/O
                         net (fo=1, routed)           0.871     1.327    clk_IBUF
    BUFGCTRL_X0Y16       BUFG (Prop_bufg_I_O)         0.029     1.356 r  clk_IBUF_BUFG_inst/O
                         net (fo=17, routed)          0.850     2.206    core/CLK
    SLICE_X85Y124        FDRE                                         r  core/value_reg[0]/C
                         clock pessimism             -0.510     1.696    <hidden>
    SLICE_X85Y124        FDRE (Hold_fdre_C_D)         0.070     1.766    core/value_reg[0]
  -------------------------------------------------------------------
                         required time                         -1.766    <hidden>
                         arrival time                           1.986    <hidden>
  -------------------------------------------------------------------
                         slack                                  0.219    <hidden>

Slack (MET) :             0.227ns  (arrival time - required time)
  Source:                 inputs/count_reg[2]/C
                            (rising edge-triggered cell FDCE clocked by trainer_1khz  {rise@0.000ns fall@500000.031ns period=1000000.000ns})
  Destination:            inputs/count_reg[3]/D
                            (rising edge-triggered cell FDCE clocked by trainer_1khz  {rise@0.000ns fall@500000.031ns period=1000000.000ns})
  Path Group:             trainer_1khz
  Path Type:              Hold (Min at Fast Process Corner)
  Requirement:            0.000ns  (trainer_1khz rise@0.000ns - trainer_1khz rise@0.000ns)
  Data Path Delay:        0.371ns  (logic 0.188ns (50.631%)  route 0.183ns (49.369%))
  Logic Levels:           1  (LUT5=1)
  Clock Path Skew:        0.013ns (DCD - SCD - CPR)
    Destination Clock Delay (DCD):    2.209ns
    Source Clock Delay      (SCD):    1.686ns
    Clock Pessimism Removal (CPR):    0.510ns

    Location             Delay type                Incr(ns)  Path(ns)    Netlist Resource(s)
  -------------------------------------------------------------------    -------------------
                         (clock trainer_1khz rise edge)
                                                      0.000     0.000 r  <hidden>
    B6                                                0.000     0.000 r  clk
                         net (fo=0)                   0.000     0.000    clk
    B6                   IBUF (Prop_ibuf_I_O)         0.268     0.268 r  clk_IBUF_inst/O
                         net (fo=1, routed)           0.808     1.075    clk_IBUF
    BUFGCTRL_X0Y16       BUFG (Prop_bufg_I_O)         0.026     1.101 r  clk_IBUF_BUFG_inst/O
                         net (fo=17, routed)          0.585     1.686    inputs/CLK
    SLICE_X85Y122        FDCE                                         r  inputs/count_reg[2]/C
  -------------------------------------------------------------------    -------------------
    SLICE_X85Y122        FDCE (Prop_fdce_C_Q)         0.141     1.827 r  inputs/count_reg[2]/Q
                         net (fo=5, routed)           0.183     2.010    inputs/count[2]
    SLICE_X84Y122        LUT5 (Prop_lut5_I0_O)        0.047     2.057 r  inputs/count[3]_i_1/O
                         net (fo=1, routed)           0.000     2.057    inputs/p_0_in[3]
    SLICE_X84Y122        FDCE                                         r  inputs/count_reg[3]/D
  -------------------------------------------------------------------    -------------------

                         (clock trainer_1khz rise edge)
                                                      0.000     0.000 r  <hidden>
    B6                                                0.000     0.000 r  clk
                         net (fo=0)                   0.000     0.000    clk
    B6                   IBUF (Prop_ibuf_I_O)         0.456     0.456 r  clk_IBUF_inst/O
                         net (fo=1, routed)           0.871     1.327    clk_IBUF
    BUFGCTRL_X0Y16       BUFG (Prop_bufg_I_O)         0.029     1.356 r  clk_IBUF_BUFG_inst/O
                         net (fo=17, routed)          0.854     2.209    inputs/CLK
    SLICE_X84Y122        FDCE                                         r  inputs/count_reg[3]/C
                         clock pessimism             -0.510     1.699    <hidden>
    SLICE_X84Y122        FDCE (Hold_fdce_C_D)         0.131     1.830    inputs/count_reg[3]
  -------------------------------------------------------------------
                         required time                         -1.830    <hidden>
                         arrival time                           2.057    <hidden>
  -------------------------------------------------------------------
                         slack                                  0.227    <hidden>

Slack (MET) :             0.228ns  (arrival time - required time)
  Source:                 core/value_reg[2]/C
                            (rising edge-triggered cell FDRE clocked by trainer_1khz  {rise@0.000ns fall@500000.031ns period=1000000.000ns})
  Destination:            core/value_reg[1]/D
                            (rising edge-triggered cell FDRE clocked by trainer_1khz  {rise@0.000ns fall@500000.031ns period=1000000.000ns})
  Path Group:             trainer_1khz
  Path Type:              Hold (Min at Fast Process Corner)
  Requirement:            0.000ns  (trainer_1khz rise@0.000ns - trainer_1khz rise@0.000ns)
  Data Path Delay:        0.362ns  (logic 0.209ns (57.686%)  route 0.153ns (42.314%))
  Logic Levels:           1  (LUT4=1)
  Clock Path Skew:        0.014ns (DCD - SCD - CPR)
    Destination Clock Delay (DCD):    2.207ns
    Source Clock Delay      (SCD):    1.683ns
    Clock Pessimism Removal (CPR):    0.510ns

    Location             Delay type                Incr(ns)  Path(ns)    Netlist Resource(s)
  -------------------------------------------------------------------    -------------------
                         (clock trainer_1khz rise edge)
                                                      0.000     0.000 r  <hidden>
    B6                                                0.000     0.000 r  clk
                         net (fo=0)                   0.000     0.000    clk
    B6                   IBUF (Prop_ibuf_I_O)         0.268     0.268 r  clk_IBUF_inst/O
                         net (fo=1, routed)           0.808     1.075    clk_IBUF
    BUFGCTRL_X0Y16       BUFG (Prop_bufg_I_O)         0.026     1.101 r  clk_IBUF_BUFG_inst/O
                         net (fo=17, routed)          0.582     1.683    core/CLK
    SLICE_X84Y124        FDRE                                         r  core/value_reg[2]/C
  -------------------------------------------------------------------    -------------------
    SLICE_X84Y124        FDRE (Prop_fdre_C_Q)         0.164     1.847 r  core/value_reg[2]/Q
                         net (fo=3, routed)           0.153     2.000    core/led_OBUF[2]
    SLICE_X84Y123        LUT4 (Prop_lut4_I2_O)        0.045     2.045 r  core/value[1]_i_1/O
                         net (fo=1, routed)           0.000     2.045    core/value[1]_i_1_n_0
    SLICE_X84Y123        FDRE                                         r  core/value_reg[1]/D
  -------------------------------------------------------------------    -------------------

                         (clock trainer_1khz rise edge)
                                                      0.000     0.000 r  <hidden>
    B6                                                0.000     0.000 r  clk
                         net (fo=0)                   0.000     0.000    clk
    B6                   IBUF (Prop_ibuf_I_O)         0.456     0.456 r  clk_IBUF_inst/O
                         net (fo=1, routed)           0.871     1.327    clk_IBUF
    BUFGCTRL_X0Y16       BUFG (Prop_bufg_I_O)         0.029     1.356 r  clk_IBUF_BUFG_inst/O
                         net (fo=17, routed)          0.851     2.207    core/CLK
    SLICE_X84Y123        FDRE                                         r  core/value_reg[1]/C
                         clock pessimism             -0.510     1.697    <hidden>
    SLICE_X84Y123        FDRE (Hold_fdre_C_D)         0.120     1.817    core/value_reg[1]
  -------------------------------------------------------------------
                         required time                         -1.817    <hidden>
                         arrival time                           2.045    <hidden>
  -------------------------------------------------------------------
                         slack                                  0.228    <hidden>

Slack (MET) :             0.246ns  (arrival time - required time)
  Source:                 inputs/sw_meta_reg[7]/C
                            (rising edge-triggered cell FDCE clocked by trainer_1khz  {rise@0.000ns fall@500000.031ns period=1000000.000ns})
  Destination:            inputs/sw_sync_reg[7]/D
                            (rising edge-triggered cell FDCE clocked by trainer_1khz  {rise@0.000ns fall@500000.031ns period=1000000.000ns})
  Path Group:             trainer_1khz
  Path Type:              Hold (Min at Fast Process Corner)
  Requirement:            0.000ns  (trainer_1khz rise@0.000ns - trainer_1khz rise@0.000ns)
  Data Path Delay:        0.317ns  (logic 0.141ns (44.418%)  route 0.176ns (55.581%))
  Logic Levels:           0  
  Clock Path Skew:        0.000ns (DCD - SCD - CPR)
    Destination Clock Delay (DCD):    2.209ns
    Source Clock Delay      (SCD):    1.686ns
    Clock Pessimism Removal (CPR):    0.523ns

    Location             Delay type                Incr(ns)  Path(ns)    Netlist Resource(s)
  -------------------------------------------------------------------    -------------------
                         (clock trainer_1khz rise edge)
                                                      0.000     0.000 r  <hidden>
    B6                                                0.000     0.000 r  clk
                         net (fo=0)                   0.000     0.000    clk
    B6                   IBUF (Prop_ibuf_I_O)         0.268     0.268 r  clk_IBUF_inst/O
                         net (fo=1, routed)           0.808     1.075    clk_IBUF
    BUFGCTRL_X0Y16       BUFG (Prop_bufg_I_O)         0.026     1.101 r  clk_IBUF_BUFG_inst/O
                         net (fo=17, routed)          0.585     1.686    inputs/CLK
    SLICE_X85Y122        FDCE                                         r  inputs/sw_meta_reg[7]/C
  -------------------------------------------------------------------    -------------------
    SLICE_X85Y122        FDCE (Prop_fdce_C_Q)         0.141     1.827 r  inputs/sw_meta_reg[7]/Q
                         net (fo=1, routed)           0.176     2.004    inputs/sw_meta[7]
    SLICE_X85Y122        FDCE                                         r  inputs/sw_sync_reg[7]/D
  -------------------------------------------------------------------    -------------------

                         (clock trainer_1khz rise edge)
                                                      0.000     0.000 r  <hidden>
    B6                                                0.000     0.000 r  clk
                         net (fo=0)                   0.000     0.000    clk
    B6                   IBUF (Prop_ibuf_I_O)         0.456     0.456 r  clk_IBUF_inst/O
                         net (fo=1, routed)           0.871     1.327    clk_IBUF
    BUFGCTRL_X0Y16       BUFG (Prop_bufg_I_O)         0.029     1.356 r  clk_IBUF_BUFG_inst/O
                         net (fo=17, routed)          0.854     2.209    inputs/CLK
    SLICE_X85Y122        FDCE                                         r  inputs/sw_sync_reg[7]/C
                         clock pessimism             -0.523     1.686    <hidden>
    SLICE_X85Y122        FDCE (Hold_fdce_C_D)         0.071     1.757    inputs/sw_sync_reg[7]
  -------------------------------------------------------------------
                         required time                         -1.757    <hidden>
                         arrival time                           2.004    <hidden>
  -------------------------------------------------------------------
                         slack                                  0.246    <hidden>

Slack (MET) :             0.275ns  (arrival time - required time)
  Source:                 inputs/accepted_reg/C
                            (rising edge-triggered cell FDCE clocked by trainer_1khz  {rise@0.000ns fall@500000.031ns period=1000000.000ns})
  Destination:            inputs/accepted_reg/D
                            (rising edge-triggered cell FDCE clocked by trainer_1khz  {rise@0.000ns fall@500000.031ns period=1000000.000ns})
  Path Group:             trainer_1khz
  Path Type:              Hold (Min at Fast Process Corner)
  Requirement:            0.000ns  (trainer_1khz rise@0.000ns - trainer_1khz rise@0.000ns)
  Data Path Delay:        0.395ns  (logic 0.209ns (52.857%)  route 0.186ns (47.143%))
  Logic Levels:           1  (LUT6=1)
  Clock Path Skew:        0.000ns (DCD - SCD - CPR)
    Destination Clock Delay (DCD):    2.209ns
    Source Clock Delay      (SCD):    1.686ns
    Clock Pessimism Removal (CPR):    0.523ns

    Location             Delay type                Incr(ns)  Path(ns)    Netlist Resource(s)
  -------------------------------------------------------------------    -------------------
                         (clock trainer_1khz rise edge)
                                                      0.000     0.000 r  <hidden>
    B6                                                0.000     0.000 r  clk
                         net (fo=0)                   0.000     0.000    clk
    B6                   IBUF (Prop_ibuf_I_O)         0.268     0.268 r  clk_IBUF_inst/O
                         net (fo=1, routed)           0.808     1.075    clk_IBUF
    BUFGCTRL_X0Y16       BUFG (Prop_bufg_I_O)         0.026     1.101 r  clk_IBUF_BUFG_inst/O
                         net (fo=17, routed)          0.585     1.686    inputs/CLK
    SLICE_X84Y122        FDCE                                         r  inputs/accepted_reg/C
  -------------------------------------------------------------------    -------------------
    SLICE_X84Y122        FDCE (Prop_fdce_C_Q)         0.164     1.850 r  inputs/accepted_reg/Q
                         net (fo=3, routed)           0.186     2.036    inputs/accepted
    SLICE_X84Y122        LUT6 (Prop_lut6_I5_O)        0.045     2.081 r  inputs/accepted_i_1/O
                         net (fo=1, routed)           0.000     2.081    inputs/accepted_i_1_n_0
    SLICE_X84Y122        FDCE                                         r  inputs/accepted_reg/D
  -------------------------------------------------------------------    -------------------

                         (clock trainer_1khz rise edge)
                                                      0.000     0.000 r  <hidden>
    B6                                                0.000     0.000 r  clk
                         net (fo=0)                   0.000     0.000    clk
    B6                   IBUF (Prop_ibuf_I_O)         0.456     0.456 r  clk_IBUF_inst/O
                         net (fo=1, routed)           0.871     1.327    clk_IBUF
    BUFGCTRL_X0Y16       BUFG (Prop_bufg_I_O)         0.029     1.356 r  clk_IBUF_BUFG_inst/O
                         net (fo=17, routed)          0.854     2.209    inputs/CLK
    SLICE_X84Y122        FDCE                                         r  inputs/accepted_reg/C
                         clock pessimism             -0.523     1.686    <hidden>
    SLICE_X84Y122        FDCE (Hold_fdce_C_D)         0.120     1.806    inputs/accepted_reg
  -------------------------------------------------------------------
                         required time                         -1.806    <hidden>
                         arrival time                           2.081    <hidden>
  -------------------------------------------------------------------
                         slack                                  0.275    <hidden>





Pulse Width Checks
--------------------------------------------------------------------------------------
Clock Name:         trainer_1khz
Waveform(ns):       { 0.000 500000.031 }
Period(ns):         1000000.062
Sources:            { clk }

Check Type        Corner  Lib Pin  Reference Pin  Required(ns)  Actual(ns)   Slack(ns)   Location        Pin
Min Period        n/a     BUFG/I   n/a            2.155         1000000.047  999997.836  BUFGCTRL_X0Y16  clk_IBUF_BUFG_inst/I
Min Period        n/a     FDRE/C   n/a            1.000         1000000.047  999999.000  SLICE_X85Y124   core/value_reg[0]/C
Min Period        n/a     FDRE/C   n/a            1.000         1000000.047  999999.000  SLICE_X84Y123   core/value_reg[1]/C
Min Period        n/a     FDRE/C   n/a            1.000         1000000.047  999999.000  SLICE_X84Y124   core/value_reg[2]/C
Min Period        n/a     FDRE/C   n/a            1.000         1000000.047  999999.000  SLICE_X84Y124   core/value_reg[3]/C
Min Period        n/a     FDCE/C   n/a            1.000         1000000.047  999999.000  SLICE_X84Y122   inputs/accepted_reg/C
Min Period        n/a     FDCE/C   n/a            1.000         1000000.047  999999.000  SLICE_X85Y122   inputs/button_meta_reg/C
Min Period        n/a     FDCE/C   n/a            1.000         1000000.047  999999.000  SLICE_X85Y122   inputs/button_sync_reg/C
Min Period        n/a     FDCE/C   n/a            1.000         1000000.047  999999.000  SLICE_X85Y122   inputs/count_reg[0]/C
Min Period        n/a     FDCE/C   n/a            1.000         1000000.047  999999.000  SLICE_X84Y122   inputs/count_reg[1]/C
Low Pulse Width   Slow    FDRE/C   n/a            0.500         499999.907   499999.383  SLICE_X85Y124   core/value_reg[0]/C
Low Pulse Width   Slow    FDRE/C   n/a            0.500         499999.907   499999.383  SLICE_X84Y123   core/value_reg[1]/C
Low Pulse Width   Slow    FDRE/C   n/a            0.500         499999.907   499999.383  SLICE_X84Y124   core/value_reg[2]/C
Low Pulse Width   Slow    FDRE/C   n/a            0.500         499999.907   499999.383  SLICE_X84Y124   core/value_reg[3]/C
Low Pulse Width   Slow    FDCE/C   n/a            0.500         499999.907   499999.383  SLICE_X84Y122   inputs/accepted_reg/C
Low Pulse Width   Slow    FDCE/C   n/a            0.500         499999.907   499999.383  SLICE_X85Y122   inputs/button_meta_reg/C
Low Pulse Width   Slow    FDCE/C   n/a            0.500         499999.907   499999.383  SLICE_X85Y122   inputs/button_sync_reg/C
Low Pulse Width   Slow    FDCE/C   n/a            0.500         499999.907   499999.383  SLICE_X85Y122   inputs/count_reg[0]/C
Low Pulse Width   Slow    FDCE/C   n/a            0.500         499999.907   499999.383  SLICE_X84Y122   inputs/count_reg[1]/C
Low Pulse Width   Slow    FDCE/C   n/a            0.500         499999.907   499999.383  SLICE_X85Y122   inputs/count_reg[2]/C
High Pulse Width  Fast    FDRE/C   n/a            0.500         500000.024   499999.500  SLICE_X85Y124   core/value_reg[0]/C
High Pulse Width  Fast    FDRE/C   n/a            0.500         500000.024   499999.500  SLICE_X84Y123   core/value_reg[1]/C
High Pulse Width  Fast    FDRE/C   n/a            0.500         500000.024   499999.500  SLICE_X84Y124   core/value_reg[2]/C
High Pulse Width  Fast    FDRE/C   n/a            0.500         500000.024   499999.500  SLICE_X84Y124   core/value_reg[3]/C
High Pulse Width  Fast    FDCE/C   n/a            0.500         500000.024   499999.500  SLICE_X84Y122   inputs/accepted_reg/C
High Pulse Width  Fast    FDCE/C   n/a            0.500         500000.024   499999.500  SLICE_X85Y122   inputs/button_meta_reg/C
High Pulse Width  Fast    FDCE/C   n/a            0.500         500000.024   499999.500  SLICE_X85Y122   inputs/button_sync_reg/C
High Pulse Width  Fast    FDCE/C   n/a            0.500         500000.024   499999.500  SLICE_X85Y122   inputs/count_reg[0]/C
High Pulse Width  Fast    FDCE/C   n/a            0.500         500000.024   499999.500  SLICE_X84Y122   inputs/count_reg[1]/C
High Pulse Width  Fast    FDCE/C   n/a            0.500         500000.024   499999.500  SLICE_X85Y122   inputs/count_reg[2]/C



---------------------------------------------------------------------------------------------------
Path Group:  **async_default**
From Clock:  trainer_1khz
  To Clock:  trainer_1khz

Setup :            0  Failing Endpoints,  Worst Slack   999998.438ns,  Total Violation        0.000ns
Hold  :            0  Failing Endpoints,  Worst Slack        0.450ns,  Total Violation        0.000ns
---------------------------------------------------------------------------------------------------


Max Delay Paths
--------------------------------------------------------------------------------------
Slack (MET) :             999998.438ns  (required time - arrival time)
  Source:                 inputs/reset_pipe_reg[1]/C
                            (rising edge-triggered cell FDPE clocked by trainer_1khz  {rise@0.000ns fall@500000.031ns period=1000000.000ns})
  Destination:            inputs/button_meta_reg/CLR
                            (recovery check against rising-edge clock trainer_1khz  {rise@0.000ns fall@500000.031ns period=1000000.000ns})
  Path Group:             **async_default**
  Path Type:              Recovery (Max at Slow Process Corner)
  Requirement:            1000000.062ns  (trainer_1khz rise@1000000.062ns - trainer_1khz rise@0.000ns)
  Data Path Delay:        0.941ns  (logic 0.419ns (44.546%)  route 0.522ns (55.455%))
  Logic Levels:           0  
  Clock Path Skew:        -0.021ns (DCD - SCD + CPR)
    Destination Clock Delay (DCD):    5.282ns = ( 1000005.375 - 1000000.062 ) 
    Source Clock Delay      (SCD):    5.593ns
    Clock Pessimism Removal (CPR):    0.290ns
  Clock Uncertainty:      0.035ns  ((TSJ^2 + TIJ^2)^1/2 + DJ) / 2 + PE
    Total System Jitter     (TSJ):    0.071ns
    Total Input Jitter      (TIJ):    0.000ns
    Discrete Jitter          (DJ):    0.000ns
    Phase Error              (PE):    0.000ns

    Location             Delay type                Incr(ns)  Path(ns)    Netlist Resource(s)
  -------------------------------------------------------------------    -------------------
                         (clock trainer_1khz rise edge)
                                                      0.000     0.000 r  <hidden>
    B6                                                0.000     0.000 r  clk
                         net (fo=0)                   0.000     0.000    clk
    B6                   IBUF (Prop_ibuf_I_O)         1.500     1.500 r  clk_IBUF_inst/O
                         net (fo=1, routed)           2.315     3.815    clk_IBUF
    BUFGCTRL_X0Y16       BUFG (Prop_bufg_I_O)         0.096     3.911 r  clk_IBUF_BUFG_inst/O
                         net (fo=17, routed)          1.682     5.593    inputs/CLK
    SLICE_X85Y123        FDPE                                         r  inputs/reset_pipe_reg[1]/C
  -------------------------------------------------------------------    -------------------
    SLICE_X85Y123        FDPE (Prop_fdpe_C_Q)         0.419     6.012 f  inputs/reset_pipe_reg[1]/Q
                         net (fo=15, routed)          0.522     6.534    inputs/reset_pipe[1]
    SLICE_X85Y122        FDCE                                         f  inputs/button_meta_reg/CLR
  -------------------------------------------------------------------    -------------------

                         (clock trainer_1khz rise edge)
                                                  1000000.062 1000000.062 r  <hidden>
    B6                                                0.000 1000000.062 r  clk
                         net (fo=0)                   0.000 1000000.062    clk
    B6                   IBUF (Prop_ibuf_I_O)         1.429 1000001.500 r  clk_IBUF_inst/O
                         net (fo=1, routed)           2.196 1000003.688    clk_IBUF
    BUFGCTRL_X0Y16       BUFG (Prop_bufg_I_O)         0.091 1000003.750 r  clk_IBUF_BUFG_inst/O
                         net (fo=17, routed)          1.566 1000005.312    inputs/CLK
    SLICE_X85Y122        FDCE                                         r  inputs/button_meta_reg/C
                         clock pessimism              0.290 1000005.625    <hidden>
                         clock uncertainty           -0.035 1000005.562    <hidden>
    SLICE_X85Y122        FDCE (Recov_fdce_C_CLR)     -0.580 1000005.000    inputs/button_meta_reg
  -------------------------------------------------------------------
                         required time                      1000004.938    <hidden>
                         arrival time                          -6.534    <hidden>
  -------------------------------------------------------------------
                         slack                              999998.438    <hidden>

Slack (MET) :             999998.438ns  (required time - arrival time)
  Source:                 inputs/reset_pipe_reg[1]/C
                            (rising edge-triggered cell FDPE clocked by trainer_1khz  {rise@0.000ns fall@500000.031ns period=1000000.000ns})
  Destination:            inputs/button_sync_reg/CLR
                            (recovery check against rising-edge clock trainer_1khz  {rise@0.000ns fall@500000.031ns period=1000000.000ns})
  Path Group:             **async_default**
  Path Type:              Recovery (Max at Slow Process Corner)
  Requirement:            1000000.062ns  (trainer_1khz rise@1000000.062ns - trainer_1khz rise@0.000ns)
  Data Path Delay:        0.941ns  (logic 0.419ns (44.546%)  route 0.522ns (55.455%))
  Logic Levels:           0  
  Clock Path Skew:        -0.021ns (DCD - SCD + CPR)
    Destination Clock Delay (DCD):    5.282ns = ( 1000005.375 - 1000000.062 ) 
    Source Clock Delay      (SCD):    5.593ns
    Clock Pessimism Removal (CPR):    0.290ns
  Clock Uncertainty:      0.035ns  ((TSJ^2 + TIJ^2)^1/2 + DJ) / 2 + PE
    Total System Jitter     (TSJ):    0.071ns
    Total Input Jitter      (TIJ):    0.000ns
    Discrete Jitter          (DJ):    0.000ns
    Phase Error              (PE):    0.000ns

    Location             Delay type                Incr(ns)  Path(ns)    Netlist Resource(s)
  -------------------------------------------------------------------    -------------------
                         (clock trainer_1khz rise edge)
                                                      0.000     0.000 r  <hidden>
    B6                                                0.000     0.000 r  clk
                         net (fo=0)                   0.000     0.000    clk
    B6                   IBUF (Prop_ibuf_I_O)         1.500     1.500 r  clk_IBUF_inst/O
                         net (fo=1, routed)           2.315     3.815    clk_IBUF
    BUFGCTRL_X0Y16       BUFG (Prop_bufg_I_O)         0.096     3.911 r  clk_IBUF_BUFG_inst/O
                         net (fo=17, routed)          1.682     5.593    inputs/CLK
    SLICE_X85Y123        FDPE                                         r  inputs/reset_pipe_reg[1]/C
  -------------------------------------------------------------------    -------------------
    SLICE_X85Y123        FDPE (Prop_fdpe_C_Q)         0.419     6.012 f  inputs/reset_pipe_reg[1]/Q
                         net (fo=15, routed)          0.522     6.534    inputs/reset_pipe[1]
    SLICE_X85Y122        FDCE                                         f  inputs/button_sync_reg/CLR
  -------------------------------------------------------------------    -------------------

                         (clock trainer_1khz rise edge)
                                                  1000000.062 1000000.062 r  <hidden>
    B6                                                0.000 1000000.062 r  clk
                         net (fo=0)                   0.000 1000000.062    clk
    B6                   IBUF (Prop_ibuf_I_O)         1.429 1000001.500 r  clk_IBUF_inst/O
                         net (fo=1, routed)           2.196 1000003.688    clk_IBUF
    BUFGCTRL_X0Y16       BUFG (Prop_bufg_I_O)         0.091 1000003.750 r  clk_IBUF_BUFG_inst/O
                         net (fo=17, routed)          1.566 1000005.312    inputs/CLK
    SLICE_X85Y122        FDCE                                         r  inputs/button_sync_reg/C
                         clock pessimism              0.290 1000005.625    <hidden>
                         clock uncertainty           -0.035 1000005.562    <hidden>
    SLICE_X85Y122        FDCE (Recov_fdce_C_CLR)     -0.580 1000005.000    inputs/button_sync_reg
  -------------------------------------------------------------------
                         required time                      1000004.938    <hidden>
                         arrival time                          -6.534    <hidden>
  -------------------------------------------------------------------
                         slack                              999998.438    <hidden>

Slack (MET) :             999998.438ns  (required time - arrival time)
  Source:                 inputs/reset_pipe_reg[1]/C
                            (rising edge-triggered cell FDPE clocked by trainer_1khz  {rise@0.000ns fall@500000.031ns period=1000000.000ns})
  Destination:            inputs/count_reg[0]/CLR
                            (recovery check against rising-edge clock trainer_1khz  {rise@0.000ns fall@500000.031ns period=1000000.000ns})
  Path Group:             **async_default**
  Path Type:              Recovery (Max at Slow Process Corner)
  Requirement:            1000000.062ns  (trainer_1khz rise@1000000.062ns - trainer_1khz rise@0.000ns)
  Data Path Delay:        0.941ns  (logic 0.419ns (44.546%)  route 0.522ns (55.455%))
  Logic Levels:           0  
  Clock Path Skew:        -0.021ns (DCD - SCD + CPR)
    Destination Clock Delay (DCD):    5.282ns = ( 1000005.375 - 1000000.062 ) 
    Source Clock Delay      (SCD):    5.593ns
    Clock Pessimism Removal (CPR):    0.290ns
  Clock Uncertainty:      0.035ns  ((TSJ^2 + TIJ^2)^1/2 + DJ) / 2 + PE
    Total System Jitter     (TSJ):    0.071ns
    Total Input Jitter      (TIJ):    0.000ns
    Discrete Jitter          (DJ):    0.000ns
    Phase Error              (PE):    0.000ns

    Location             Delay type                Incr(ns)  Path(ns)    Netlist Resource(s)
  -------------------------------------------------------------------    -------------------
                         (clock trainer_1khz rise edge)
                                                      0.000     0.000 r  <hidden>
    B6                                                0.000     0.000 r  clk
                         net (fo=0)                   0.000     0.000    clk
    B6                   IBUF (Prop_ibuf_I_O)         1.500     1.500 r  clk_IBUF_inst/O
                         net (fo=1, routed)           2.315     3.815    clk_IBUF
    BUFGCTRL_X0Y16       BUFG (Prop_bufg_I_O)         0.096     3.911 r  clk_IBUF_BUFG_inst/O
                         net (fo=17, routed)          1.682     5.593    inputs/CLK
    SLICE_X85Y123        FDPE                                         r  inputs/reset_pipe_reg[1]/C
  -------------------------------------------------------------------    -------------------
    SLICE_X85Y123        FDPE (Prop_fdpe_C_Q)         0.419     6.012 f  inputs/reset_pipe_reg[1]/Q
                         net (fo=15, routed)          0.522     6.534    inputs/reset_pipe[1]
    SLICE_X85Y122        FDCE                                         f  inputs/count_reg[0]/CLR
  -------------------------------------------------------------------    -------------------

                         (clock trainer_1khz rise edge)
                                                  1000000.062 1000000.062 r  <hidden>
    B6                                                0.000 1000000.062 r  clk
                         net (fo=0)                   0.000 1000000.062    clk
    B6                   IBUF (Prop_ibuf_I_O)         1.429 1000001.500 r  clk_IBUF_inst/O
                         net (fo=1, routed)           2.196 1000003.688    clk_IBUF
    BUFGCTRL_X0Y16       BUFG (Prop_bufg_I_O)         0.091 1000003.750 r  clk_IBUF_BUFG_inst/O
                         net (fo=17, routed)          1.566 1000005.312    inputs/CLK
    SLICE_X85Y122        FDCE                                         r  inputs/count_reg[0]/C
                         clock pessimism              0.290 1000005.625    <hidden>
                         clock uncertainty           -0.035 1000005.562    <hidden>
    SLICE_X85Y122        FDCE (Recov_fdce_C_CLR)     -0.580 1000005.000    inputs/count_reg[0]
  -------------------------------------------------------------------
                         required time                      1000004.938    <hidden>
                         arrival time                          -6.534    <hidden>
  -------------------------------------------------------------------
                         slack                              999998.438    <hidden>

Slack (MET) :             999998.438ns  (required time - arrival time)
  Source:                 inputs/reset_pipe_reg[1]/C
                            (rising edge-triggered cell FDPE clocked by trainer_1khz  {rise@0.000ns fall@500000.031ns period=1000000.000ns})
  Destination:            inputs/count_reg[2]/CLR
                            (recovery check against rising-edge clock trainer_1khz  {rise@0.000ns fall@500000.031ns period=1000000.000ns})
  Path Group:             **async_default**
  Path Type:              Recovery (Max at Slow Process Corner)
  Requirement:            1000000.062ns  (trainer_1khz rise@1000000.062ns - trainer_1khz rise@0.000ns)
  Data Path Delay:        0.941ns  (logic 0.419ns (44.546%)  route 0.522ns (55.455%))
  Logic Levels:           0  
  Clock Path Skew:        -0.021ns (DCD - SCD + CPR)
    Destination Clock Delay (DCD):    5.282ns = ( 1000005.375 - 1000000.062 ) 
    Source Clock Delay      (SCD):    5.593ns
    Clock Pessimism Removal (CPR):    0.290ns
  Clock Uncertainty:      0.035ns  ((TSJ^2 + TIJ^2)^1/2 + DJ) / 2 + PE
    Total System Jitter     (TSJ):    0.071ns
    Total Input Jitter      (TIJ):    0.000ns
    Discrete Jitter          (DJ):    0.000ns
    Phase Error              (PE):    0.000ns

    Location             Delay type                Incr(ns)  Path(ns)    Netlist Resource(s)
  -------------------------------------------------------------------    -------------------
                         (clock trainer_1khz rise edge)
                                                      0.000     0.000 r  <hidden>
    B6                                                0.000     0.000 r  clk
                         net (fo=0)                   0.000     0.000    clk
    B6                   IBUF (Prop_ibuf_I_O)         1.500     1.500 r  clk_IBUF_inst/O
                         net (fo=1, routed)           2.315     3.815    clk_IBUF
    BUFGCTRL_X0Y16       BUFG (Prop_bufg_I_O)         0.096     3.911 r  clk_IBUF_BUFG_inst/O
                         net (fo=17, routed)          1.682     5.593    inputs/CLK
    SLICE_X85Y123        FDPE                                         r  inputs/reset_pipe_reg[1]/C
  -------------------------------------------------------------------    -------------------
    SLICE_X85Y123        FDPE (Prop_fdpe_C_Q)         0.419     6.012 f  inputs/reset_pipe_reg[1]/Q
                         net (fo=15, routed)          0.522     6.534    inputs/reset_pipe[1]
    SLICE_X85Y122        FDCE                                         f  inputs/count_reg[2]/CLR
  -------------------------------------------------------------------    -------------------

                         (clock trainer_1khz rise edge)
                                                  1000000.062 1000000.062 r  <hidden>
    B6                                                0.000 1000000.062 r  clk
                         net (fo=0)                   0.000 1000000.062    clk
    B6                   IBUF (Prop_ibuf_I_O)         1.429 1000001.500 r  clk_IBUF_inst/O
                         net (fo=1, routed)           2.196 1000003.688    clk_IBUF
    BUFGCTRL_X0Y16       BUFG (Prop_bufg_I_O)         0.091 1000003.750 r  clk_IBUF_BUFG_inst/O
                         net (fo=17, routed)          1.566 1000005.312    inputs/CLK
    SLICE_X85Y122        FDCE                                         r  inputs/count_reg[2]/C
                         clock pessimism              0.290 1000005.625    <hidden>
                         clock uncertainty           -0.035 1000005.562    <hidden>
    SLICE_X85Y122        FDCE (Recov_fdce_C_CLR)     -0.580 1000005.000    inputs/count_reg[2]
  -------------------------------------------------------------------
                         required time                      1000004.938    <hidden>
                         arrival time                          -6.534    <hidden>
  -------------------------------------------------------------------
                         slack                              999998.438    <hidden>

Slack (MET) :             999998.438ns  (required time - arrival time)
  Source:                 inputs/reset_pipe_reg[1]/C
                            (rising edge-triggered cell FDPE clocked by trainer_1khz  {rise@0.000ns fall@500000.031ns period=1000000.000ns})
  Destination:            inputs/count_reg[3]/CLR
                            (recovery check against rising-edge clock trainer_1khz  {rise@0.000ns fall@500000.031ns period=1000000.000ns})
  Path Group:             **async_default**
  Path Type:              Recovery (Max at Slow Process Corner)
  Requirement:            1000000.062ns  (trainer_1khz rise@1000000.062ns - trainer_1khz rise@0.000ns)
  Data Path Delay:        0.941ns  (logic 0.419ns (44.546%)  route 0.522ns (55.455%))
  Logic Levels:           0  
  Clock Path Skew:        -0.021ns (DCD - SCD + CPR)
    Destination Clock Delay (DCD):    5.282ns = ( 1000005.375 - 1000000.062 ) 
    Source Clock Delay      (SCD):    5.593ns
    Clock Pessimism Removal (CPR):    0.290ns
  Clock Uncertainty:      0.035ns  ((TSJ^2 + TIJ^2)^1/2 + DJ) / 2 + PE
    Total System Jitter     (TSJ):    0.071ns
    Total Input Jitter      (TIJ):    0.000ns
    Discrete Jitter          (DJ):    0.000ns
    Phase Error              (PE):    0.000ns

    Location             Delay type                Incr(ns)  Path(ns)    Netlist Resource(s)
  -------------------------------------------------------------------    -------------------
                         (clock trainer_1khz rise edge)
                                                      0.000     0.000 r  <hidden>
    B6                                                0.000     0.000 r  clk
                         net (fo=0)                   0.000     0.000    clk
    B6                   IBUF (Prop_ibuf_I_O)         1.500     1.500 r  clk_IBUF_inst/O
                         net (fo=1, routed)           2.315     3.815    clk_IBUF
    BUFGCTRL_X0Y16       BUFG (Prop_bufg_I_O)         0.096     3.911 r  clk_IBUF_BUFG_inst/O
                         net (fo=17, routed)          1.682     5.593    inputs/CLK
    SLICE_X85Y123        FDPE                                         r  inputs/reset_pipe_reg[1]/C
  -------------------------------------------------------------------    -------------------
    SLICE_X85Y123        FDPE (Prop_fdpe_C_Q)         0.419     6.012 f  inputs/reset_pipe_reg[1]/Q
                         net (fo=15, routed)          0.522     6.534    inputs/reset_pipe[1]
    SLICE_X84Y122        FDCE                                         f  inputs/count_reg[3]/CLR
  -------------------------------------------------------------------    -------------------

                         (clock trainer_1khz rise edge)
                                                  1000000.062 1000000.062 r  <hidden>
    B6                                                0.000 1000000.062 r  clk
                         net (fo=0)                   0.000 1000000.062    clk
    B6                   IBUF (Prop_ibuf_I_O)         1.429 1000001.500 r  clk_IBUF_inst/O
                         net (fo=1, routed)           2.196 1000003.688    clk_IBUF
    BUFGCTRL_X0Y16       BUFG (Prop_bufg_I_O)         0.091 1000003.750 r  clk_IBUF_BUFG_inst/O
                         net (fo=17, routed)          1.566 1000005.312    inputs/CLK
    SLICE_X84Y122        FDCE                                         r  inputs/count_reg[3]/C
                         clock pessimism              0.290 1000005.625    <hidden>
                         clock uncertainty           -0.035 1000005.562    <hidden>
    SLICE_X84Y122        FDCE (Recov_fdce_C_CLR)     -0.536 1000005.000    inputs/count_reg[3]
  -------------------------------------------------------------------
                         required time                      1000004.938    <hidden>
                         arrival time                          -6.534    <hidden>
  -------------------------------------------------------------------
                         slack                              999998.438    <hidden>

Slack (MET) :             999998.438ns  (required time - arrival time)
  Source:                 inputs/reset_pipe_reg[1]/C
                            (rising edge-triggered cell FDPE clocked by trainer_1khz  {rise@0.000ns fall@500000.031ns period=1000000.000ns})
  Destination:            inputs/sw_meta_reg[7]/CLR
                            (recovery check against rising-edge clock trainer_1khz  {rise@0.000ns fall@500000.031ns period=1000000.000ns})
  Path Group:             **async_default**
  Path Type:              Recovery (Max at Slow Process Corner)
  Requirement:            1000000.062ns  (trainer_1khz rise@1000000.062ns - trainer_1khz rise@0.000ns)
  Data Path Delay:        0.941ns  (logic 0.419ns (44.546%)  route 0.522ns (55.455%))
  Logic Levels:           0  
  Clock Path Skew:        -0.021ns (DCD - SCD + CPR)
    Destination Clock Delay (DCD):    5.282ns = ( 1000005.375 - 1000000.062 ) 
    Source Clock Delay      (SCD):    5.593ns
    Clock Pessimism Removal (CPR):    0.290ns
  Clock Uncertainty:      0.035ns  ((TSJ^2 + TIJ^2)^1/2 + DJ) / 2 + PE
    Total System Jitter     (TSJ):    0.071ns
    Total Input Jitter      (TIJ):    0.000ns
    Discrete Jitter          (DJ):    0.000ns
    Phase Error              (PE):    0.000ns

    Location             Delay type                Incr(ns)  Path(ns)    Netlist Resource(s)
  -------------------------------------------------------------------    -------------------
                         (clock trainer_1khz rise edge)
                                                      0.000     0.000 r  <hidden>
    B6                                                0.000     0.000 r  clk
                         net (fo=0)                   0.000     0.000    clk
    B6                   IBUF (Prop_ibuf_I_O)         1.500     1.500 r  clk_IBUF_inst/O
                         net (fo=1, routed)           2.315     3.815    clk_IBUF
    BUFGCTRL_X0Y16       BUFG (Prop_bufg_I_O)         0.096     3.911 r  clk_IBUF_BUFG_inst/O
                         net (fo=17, routed)          1.682     5.593    inputs/CLK
    SLICE_X85Y123        FDPE                                         r  inputs/reset_pipe_reg[1]/C
  -------------------------------------------------------------------    -------------------
    SLICE_X85Y123        FDPE (Prop_fdpe_C_Q)         0.419     6.012 f  inputs/reset_pipe_reg[1]/Q
                         net (fo=15, routed)          0.522     6.534    inputs/reset_pipe[1]
    SLICE_X85Y122        FDCE                                         f  inputs/sw_meta_reg[7]/CLR
  -------------------------------------------------------------------    -------------------

                         (clock trainer_1khz rise edge)
                                                  1000000.062 1000000.062 r  <hidden>
    B6                                                0.000 1000000.062 r  clk
                         net (fo=0)                   0.000 1000000.062    clk
    B6                   IBUF (Prop_ibuf_I_O)         1.429 1000001.500 r  clk_IBUF_inst/O
                         net (fo=1, routed)           2.196 1000003.688    clk_IBUF
    BUFGCTRL_X0Y16       BUFG (Prop_bufg_I_O)         0.091 1000003.750 r  clk_IBUF_BUFG_inst/O
                         net (fo=17, routed)          1.566 1000005.312    inputs/CLK
    SLICE_X85Y122        FDCE                                         r  inputs/sw_meta_reg[7]/C
                         clock pessimism              0.290 1000005.625    <hidden>
                         clock uncertainty           -0.035 1000005.562    <hidden>
    SLICE_X85Y122        FDCE (Recov_fdce_C_CLR)     -0.580 1000005.000    inputs/sw_meta_reg[7]
  -------------------------------------------------------------------
                         required time                      1000004.938    <hidden>
                         arrival time                          -6.534    <hidden>
  -------------------------------------------------------------------
                         slack                              999998.438    <hidden>

Slack (MET) :             999998.438ns  (required time - arrival time)
  Source:                 inputs/reset_pipe_reg[1]/C
                            (rising edge-triggered cell FDPE clocked by trainer_1khz  {rise@0.000ns fall@500000.031ns period=1000000.000ns})
  Destination:            inputs/sw_sync_reg[7]/CLR
                            (recovery check against rising-edge clock trainer_1khz  {rise@0.000ns fall@500000.031ns period=1000000.000ns})
  Path Group:             **async_default**
  Path Type:              Recovery (Max at Slow Process Corner)
  Requirement:            1000000.062ns  (trainer_1khz rise@1000000.062ns - trainer_1khz rise@0.000ns)
  Data Path Delay:        0.941ns  (logic 0.419ns (44.546%)  route 0.522ns (55.455%))
  Logic Levels:           0  
  Clock Path Skew:        -0.021ns (DCD - SCD + CPR)
    Destination Clock Delay (DCD):    5.282ns = ( 1000005.375 - 1000000.062 ) 
    Source Clock Delay      (SCD):    5.593ns
    Clock Pessimism Removal (CPR):    0.290ns
  Clock Uncertainty:      0.035ns  ((TSJ^2 + TIJ^2)^1/2 + DJ) / 2 + PE
    Total System Jitter     (TSJ):    0.071ns
    Total Input Jitter      (TIJ):    0.000ns
    Discrete Jitter          (DJ):    0.000ns
    Phase Error              (PE):    0.000ns

    Location             Delay type                Incr(ns)  Path(ns)    Netlist Resource(s)
  -------------------------------------------------------------------    -------------------
                         (clock trainer_1khz rise edge)
                                                      0.000     0.000 r  <hidden>
    B6                                                0.000     0.000 r  clk
                         net (fo=0)                   0.000     0.000    clk
    B6                   IBUF (Prop_ibuf_I_O)         1.500     1.500 r  clk_IBUF_inst/O
                         net (fo=1, routed)           2.315     3.815    clk_IBUF
    BUFGCTRL_X0Y16       BUFG (Prop_bufg_I_O)         0.096     3.911 r  clk_IBUF_BUFG_inst/O
                         net (fo=17, routed)          1.682     5.593    inputs/CLK
    SLICE_X85Y123        FDPE                                         r  inputs/reset_pipe_reg[1]/C
  -------------------------------------------------------------------    -------------------
    SLICE_X85Y123        FDPE (Prop_fdpe_C_Q)         0.419     6.012 f  inputs/reset_pipe_reg[1]/Q
                         net (fo=15, routed)          0.522     6.534    inputs/reset_pipe[1]
    SLICE_X85Y122        FDCE                                         f  inputs/sw_sync_reg[7]/CLR
  -------------------------------------------------------------------    -------------------

                         (clock trainer_1khz rise edge)
                                                  1000000.062 1000000.062 r  <hidden>
    B6                                                0.000 1000000.062 r  clk
                         net (fo=0)                   0.000 1000000.062    clk
    B6                   IBUF (Prop_ibuf_I_O)         1.429 1000001.500 r  clk_IBUF_inst/O
                         net (fo=1, routed)           2.196 1000003.688    clk_IBUF
    BUFGCTRL_X0Y16       BUFG (Prop_bufg_I_O)         0.091 1000003.750 r  clk_IBUF_BUFG_inst/O
                         net (fo=17, routed)          1.566 1000005.312    inputs/CLK
    SLICE_X85Y122        FDCE                                         r  inputs/sw_sync_reg[7]/C
                         clock pessimism              0.290 1000005.625    <hidden>
                         clock uncertainty           -0.035 1000005.562    <hidden>
    SLICE_X85Y122        FDCE (Recov_fdce_C_CLR)     -0.580 1000005.000    inputs/sw_sync_reg[7]
  -------------------------------------------------------------------
                         required time                      1000004.938    <hidden>
                         arrival time                          -6.534    <hidden>
  -------------------------------------------------------------------
                         slack                              999998.438    <hidden>

Slack (MET) :             999998.562ns  (required time - arrival time)
  Source:                 inputs/reset_pipe_reg[1]/C
                            (rising edge-triggered cell FDPE clocked by trainer_1khz  {rise@0.000ns fall@500000.031ns period=1000000.000ns})
  Destination:            inputs/accepted_reg/CLR
                            (recovery check against rising-edge clock trainer_1khz  {rise@0.000ns fall@500000.031ns period=1000000.000ns})
  Path Group:             **async_default**
  Path Type:              Recovery (Max at Slow Process Corner)
  Requirement:            1000000.062ns  (trainer_1khz rise@1000000.062ns - trainer_1khz rise@0.000ns)
  Data Path Delay:        0.941ns  (logic 0.419ns (44.546%)  route 0.522ns (55.455%))
  Logic Levels:           0  
  Clock Path Skew:        -0.021ns (DCD - SCD + CPR)
    Destination Clock Delay (DCD):    5.282ns = ( 1000005.375 - 1000000.062 ) 
    Source Clock Delay      (SCD):    5.593ns
    Clock Pessimism Removal (CPR):    0.290ns
  Clock Uncertainty:      0.035ns  ((TSJ^2 + TIJ^2)^1/2 + DJ) / 2 + PE
    Total System Jitter     (TSJ):    0.071ns
    Total Input Jitter      (TIJ):    0.000ns
    Discrete Jitter          (DJ):    0.000ns
    Phase Error              (PE):    0.000ns

    Location             Delay type                Incr(ns)  Path(ns)    Netlist Resource(s)
  -------------------------------------------------------------------    -------------------
                         (clock trainer_1khz rise edge)
                                                      0.000     0.000 r  <hidden>
    B6                                                0.000     0.000 r  clk
                         net (fo=0)                   0.000     0.000    clk
    B6                   IBUF (Prop_ibuf_I_O)         1.500     1.500 r  clk_IBUF_inst/O
                         net (fo=1, routed)           2.315     3.815    clk_IBUF
    BUFGCTRL_X0Y16       BUFG (Prop_bufg_I_O)         0.096     3.911 r  clk_IBUF_BUFG_inst/O
                         net (fo=17, routed)          1.682     5.593    inputs/CLK
    SLICE_X85Y123        FDPE                                         r  inputs/reset_pipe_reg[1]/C
  -------------------------------------------------------------------    -------------------
    SLICE_X85Y123        FDPE (Prop_fdpe_C_Q)         0.419     6.012 f  inputs/reset_pipe_reg[1]/Q
                         net (fo=15, routed)          0.522     6.534    inputs/reset_pipe[1]
    SLICE_X84Y122        FDCE                                         f  inputs/accepted_reg/CLR
  -------------------------------------------------------------------    -------------------

                         (clock trainer_1khz rise edge)
                                                  1000000.062 1000000.062 r  <hidden>
    B6                                                0.000 1000000.062 r  clk
                         net (fo=0)                   0.000 1000000.062    clk
    B6                   IBUF (Prop_ibuf_I_O)         1.429 1000001.500 r  clk_IBUF_inst/O
                         net (fo=1, routed)           2.196 1000003.688    clk_IBUF
    BUFGCTRL_X0Y16       BUFG (Prop_bufg_I_O)         0.091 1000003.750 r  clk_IBUF_BUFG_inst/O
                         net (fo=17, routed)          1.566 1000005.312    inputs/CLK
    SLICE_X84Y122        FDCE                                         r  inputs/accepted_reg/C
                         clock pessimism              0.290 1000005.625    <hidden>
                         clock uncertainty           -0.035 1000005.562    <hidden>
    SLICE_X84Y122        FDCE (Recov_fdce_C_CLR)     -0.494 1000005.062    inputs/accepted_reg
  -------------------------------------------------------------------
                         required time                      1000005.062    <hidden>
                         arrival time                          -6.534    <hidden>
  -------------------------------------------------------------------
                         slack                              999998.562    <hidden>

Slack (MET) :             999998.562ns  (required time - arrival time)
  Source:                 inputs/reset_pipe_reg[1]/C
                            (rising edge-triggered cell FDPE clocked by trainer_1khz  {rise@0.000ns fall@500000.031ns period=1000000.000ns})
  Destination:            inputs/count_reg[1]/CLR
                            (recovery check against rising-edge clock trainer_1khz  {rise@0.000ns fall@500000.031ns period=1000000.000ns})
  Path Group:             **async_default**
  Path Type:              Recovery (Max at Slow Process Corner)
  Requirement:            1000000.062ns  (trainer_1khz rise@1000000.062ns - trainer_1khz rise@0.000ns)
  Data Path Delay:        0.941ns  (logic 0.419ns (44.546%)  route 0.522ns (55.455%))
  Logic Levels:           0  
  Clock Path Skew:        -0.021ns (DCD - SCD + CPR)
    Destination Clock Delay (DCD):    5.282ns = ( 1000005.375 - 1000000.062 ) 
    Source Clock Delay      (SCD):    5.593ns
    Clock Pessimism Removal (CPR):    0.290ns
  Clock Uncertainty:      0.035ns  ((TSJ^2 + TIJ^2)^1/2 + DJ) / 2 + PE
    Total System Jitter     (TSJ):    0.071ns
    Total Input Jitter      (TIJ):    0.000ns
    Discrete Jitter          (DJ):    0.000ns
    Phase Error              (PE):    0.000ns

    Location             Delay type                Incr(ns)  Path(ns)    Netlist Resource(s)
  -------------------------------------------------------------------    -------------------
                         (clock trainer_1khz rise edge)
                                                      0.000     0.000 r  <hidden>
    B6                                                0.000     0.000 r  clk
                         net (fo=0)                   0.000     0.000    clk
    B6                   IBUF (Prop_ibuf_I_O)         1.500     1.500 r  clk_IBUF_inst/O
                         net (fo=1, routed)           2.315     3.815    clk_IBUF
    BUFGCTRL_X0Y16       BUFG (Prop_bufg_I_O)         0.096     3.911 r  clk_IBUF_BUFG_inst/O
                         net (fo=17, routed)          1.682     5.593    inputs/CLK
    SLICE_X85Y123        FDPE                                         r  inputs/reset_pipe_reg[1]/C
  -------------------------------------------------------------------    -------------------
    SLICE_X85Y123        FDPE (Prop_fdpe_C_Q)         0.419     6.012 f  inputs/reset_pipe_reg[1]/Q
                         net (fo=15, routed)          0.522     6.534    inputs/reset_pipe[1]
    SLICE_X84Y122        FDCE                                         f  inputs/count_reg[1]/CLR
  -------------------------------------------------------------------    -------------------

                         (clock trainer_1khz rise edge)
                                                  1000000.062 1000000.062 r  <hidden>
    B6                                                0.000 1000000.062 r  clk
                         net (fo=0)                   0.000 1000000.062    clk
    B6                   IBUF (Prop_ibuf_I_O)         1.429 1000001.500 r  clk_IBUF_inst/O
                         net (fo=1, routed)           2.196 1000003.688    clk_IBUF
    BUFGCTRL_X0Y16       BUFG (Prop_bufg_I_O)         0.091 1000003.750 r  clk_IBUF_BUFG_inst/O
                         net (fo=17, routed)          1.566 1000005.312    inputs/CLK
    SLICE_X84Y122        FDCE                                         r  inputs/count_reg[1]/C
                         clock pessimism              0.290 1000005.625    <hidden>
                         clock uncertainty           -0.035 1000005.562    <hidden>
    SLICE_X84Y122        FDCE (Recov_fdce_C_CLR)     -0.494 1000005.062    inputs/count_reg[1]
  -------------------------------------------------------------------
                         required time                      1000005.062    <hidden>
                         arrival time                          -6.534    <hidden>
  -------------------------------------------------------------------
                         slack                              999998.562    <hidden>

Slack (MET) :             999998.562ns  (required time - arrival time)
  Source:                 inputs/reset_pipe_reg[1]/C
                            (rising edge-triggered cell FDPE clocked by trainer_1khz  {rise@0.000ns fall@500000.031ns period=1000000.000ns})
  Destination:            inputs/count_reg[4]/CLR
                            (recovery check against rising-edge clock trainer_1khz  {rise@0.000ns fall@500000.031ns period=1000000.000ns})
  Path Group:             **async_default**
  Path Type:              Recovery (Max at Slow Process Corner)
  Requirement:            1000000.062ns  (trainer_1khz rise@1000000.062ns - trainer_1khz rise@0.000ns)
  Data Path Delay:        0.941ns  (logic 0.419ns (44.546%)  route 0.522ns (55.455%))
  Logic Levels:           0  
  Clock Path Skew:        -0.021ns (DCD - SCD + CPR)
    Destination Clock Delay (DCD):    5.282ns = ( 1000005.375 - 1000000.062 ) 
    Source Clock Delay      (SCD):    5.593ns
    Clock Pessimism Removal (CPR):    0.290ns
  Clock Uncertainty:      0.035ns  ((TSJ^2 + TIJ^2)^1/2 + DJ) / 2 + PE
    Total System Jitter     (TSJ):    0.071ns
    Total Input Jitter      (TIJ):    0.000ns
    Discrete Jitter          (DJ):    0.000ns
    Phase Error              (PE):    0.000ns

    Location             Delay type                Incr(ns)  Path(ns)    Netlist Resource(s)
  -------------------------------------------------------------------    -------------------
                         (clock trainer_1khz rise edge)
                                                      0.000     0.000 r  <hidden>
    B6                                                0.000     0.000 r  clk
                         net (fo=0)                   0.000     0.000    clk
    B6                   IBUF (Prop_ibuf_I_O)         1.500     1.500 r  clk_IBUF_inst/O
                         net (fo=1, routed)           2.315     3.815    clk_IBUF
    BUFGCTRL_X0Y16       BUFG (Prop_bufg_I_O)         0.096     3.911 r  clk_IBUF_BUFG_inst/O
                         net (fo=17, routed)          1.682     5.593    inputs/CLK
    SLICE_X85Y123        FDPE                                         r  inputs/reset_pipe_reg[1]/C
  -------------------------------------------------------------------    -------------------
    SLICE_X85Y123        FDPE (Prop_fdpe_C_Q)         0.419     6.012 f  inputs/reset_pipe_reg[1]/Q
                         net (fo=15, routed)          0.522     6.534    inputs/reset_pipe[1]
    SLICE_X84Y122        FDCE                                         f  inputs/count_reg[4]/CLR
  -------------------------------------------------------------------    -------------------

                         (clock trainer_1khz rise edge)
                                                  1000000.062 1000000.062 r  <hidden>
    B6                                                0.000 1000000.062 r  clk
                         net (fo=0)                   0.000 1000000.062    clk
    B6                   IBUF (Prop_ibuf_I_O)         1.429 1000001.500 r  clk_IBUF_inst/O
                         net (fo=1, routed)           2.196 1000003.688    clk_IBUF
    BUFGCTRL_X0Y16       BUFG (Prop_bufg_I_O)         0.091 1000003.750 r  clk_IBUF_BUFG_inst/O
                         net (fo=17, routed)          1.566 1000005.312    inputs/CLK
    SLICE_X84Y122        FDCE                                         r  inputs/count_reg[4]/C
                         clock pessimism              0.290 1000005.625    <hidden>
                         clock uncertainty           -0.035 1000005.562    <hidden>
    SLICE_X84Y122        FDCE (Recov_fdce_C_CLR)     -0.494 1000005.062    inputs/count_reg[4]
  -------------------------------------------------------------------
                         required time                      1000005.062    <hidden>
                         arrival time                          -6.534    <hidden>
  -------------------------------------------------------------------
                         slack                              999998.562    <hidden>





Min Delay Paths
--------------------------------------------------------------------------------------
Slack (MET) :             0.450ns  (arrival time - required time)
  Source:                 inputs/reset_pipe_reg[1]/C
                            (rising edge-triggered cell FDPE clocked by trainer_1khz  {rise@0.000ns fall@500000.031ns period=1000000.000ns})
  Destination:            inputs/accepted_reg/CLR
                            (removal check against rising-edge clock trainer_1khz  {rise@0.000ns fall@500000.031ns period=1000000.000ns})
  Path Group:             **async_default**
  Path Type:              Removal (Min at Fast Process Corner)
  Requirement:            0.000ns  (trainer_1khz rise@0.000ns - trainer_1khz rise@0.000ns)
  Data Path Delay:        0.344ns  (logic 0.128ns (37.251%)  route 0.216ns (62.749%))
  Logic Levels:           0  
  Clock Path Skew:        0.015ns (DCD - SCD - CPR)
    Destination Clock Delay (DCD):    2.209ns
    Source Clock Delay      (SCD):    1.684ns
    Clock Pessimism Removal (CPR):    0.510ns

    Location             Delay type                Incr(ns)  Path(ns)    Netlist Resource(s)
  -------------------------------------------------------------------    -------------------
                         (clock trainer_1khz rise edge)
                                                      0.000     0.000 r  <hidden>
    B6                                                0.000     0.000 r  clk
                         net (fo=0)                   0.000     0.000    clk
    B6                   IBUF (Prop_ibuf_I_O)         0.268     0.268 r  clk_IBUF_inst/O
                         net (fo=1, routed)           0.808     1.075    clk_IBUF
    BUFGCTRL_X0Y16       BUFG (Prop_bufg_I_O)         0.026     1.101 r  clk_IBUF_BUFG_inst/O
                         net (fo=17, routed)          0.583     1.684    inputs/CLK
    SLICE_X85Y123        FDPE                                         r  inputs/reset_pipe_reg[1]/C
  -------------------------------------------------------------------    -------------------
    SLICE_X85Y123        FDPE (Prop_fdpe_C_Q)         0.128     1.812 f  inputs/reset_pipe_reg[1]/Q
                         net (fo=15, routed)          0.216     2.028    inputs/reset_pipe[1]
    SLICE_X84Y122        FDCE                                         f  inputs/accepted_reg/CLR
  -------------------------------------------------------------------    -------------------

                         (clock trainer_1khz rise edge)
                                                      0.000     0.000 r  <hidden>
    B6                                                0.000     0.000 r  clk
                         net (fo=0)                   0.000     0.000    clk
    B6                   IBUF (Prop_ibuf_I_O)         0.456     0.456 r  clk_IBUF_inst/O
                         net (fo=1, routed)           0.871     1.327    clk_IBUF
    BUFGCTRL_X0Y16       BUFG (Prop_bufg_I_O)         0.029     1.356 r  clk_IBUF_BUFG_inst/O
                         net (fo=17, routed)          0.854     2.209    inputs/CLK
    SLICE_X84Y122        FDCE                                         r  inputs/accepted_reg/C
                         clock pessimism             -0.510     1.699    <hidden>
    SLICE_X84Y122        FDCE (Remov_fdce_C_CLR)     -0.121     1.578    inputs/accepted_reg
  -------------------------------------------------------------------
                         required time                         -1.578    <hidden>
                         arrival time                           2.028    <hidden>
  -------------------------------------------------------------------
                         slack                                  0.450    <hidden>

Slack (MET) :             0.450ns  (arrival time - required time)
  Source:                 inputs/reset_pipe_reg[1]/C
                            (rising edge-triggered cell FDPE clocked by trainer_1khz  {rise@0.000ns fall@500000.031ns period=1000000.000ns})
  Destination:            inputs/count_reg[1]/CLR
                            (removal check against rising-edge clock trainer_1khz  {rise@0.000ns fall@500000.031ns period=1000000.000ns})
  Path Group:             **async_default**
  Path Type:              Removal (Min at Fast Process Corner)
  Requirement:            0.000ns  (trainer_1khz rise@0.000ns - trainer_1khz rise@0.000ns)
  Data Path Delay:        0.344ns  (logic 0.128ns (37.251%)  route 0.216ns (62.749%))
  Logic Levels:           0  
  Clock Path Skew:        0.015ns (DCD - SCD - CPR)
    Destination Clock Delay (DCD):    2.209ns
    Source Clock Delay      (SCD):    1.684ns
    Clock Pessimism Removal (CPR):    0.510ns

    Location             Delay type                Incr(ns)  Path(ns)    Netlist Resource(s)
  -------------------------------------------------------------------    -------------------
                         (clock trainer_1khz rise edge)
                                                      0.000     0.000 r  <hidden>
    B6                                                0.000     0.000 r  clk
                         net (fo=0)                   0.000     0.000    clk
    B6                   IBUF (Prop_ibuf_I_O)         0.268     0.268 r  clk_IBUF_inst/O
                         net (fo=1, routed)           0.808     1.075    clk_IBUF
    BUFGCTRL_X0Y16       BUFG (Prop_bufg_I_O)         0.026     1.101 r  clk_IBUF_BUFG_inst/O
                         net (fo=17, routed)          0.583     1.684    inputs/CLK
    SLICE_X85Y123        FDPE                                         r  inputs/reset_pipe_reg[1]/C
  -------------------------------------------------------------------    -------------------
    SLICE_X85Y123        FDPE (Prop_fdpe_C_Q)         0.128     1.812 f  inputs/reset_pipe_reg[1]/Q
                         net (fo=15, routed)          0.216     2.028    inputs/reset_pipe[1]
    SLICE_X84Y122        FDCE                                         f  inputs/count_reg[1]/CLR
  -------------------------------------------------------------------    -------------------

                         (clock trainer_1khz rise edge)
                                                      0.000     0.000 r  <hidden>
    B6                                                0.000     0.000 r  clk
                         net (fo=0)                   0.000     0.000    clk
    B6                   IBUF (Prop_ibuf_I_O)         0.456     0.456 r  clk_IBUF_inst/O
                         net (fo=1, routed)           0.871     1.327    clk_IBUF
    BUFGCTRL_X0Y16       BUFG (Prop_bufg_I_O)         0.029     1.356 r  clk_IBUF_BUFG_inst/O
                         net (fo=17, routed)          0.854     2.209    inputs/CLK
    SLICE_X84Y122        FDCE                                         r  inputs/count_reg[1]/C
                         clock pessimism             -0.510     1.699    <hidden>
    SLICE_X84Y122        FDCE (Remov_fdce_C_CLR)     -0.121     1.578    inputs/count_reg[1]
  -------------------------------------------------------------------
                         required time                         -1.578    <hidden>
                         arrival time                           2.028    <hidden>
  -------------------------------------------------------------------
                         slack                                  0.450    <hidden>

Slack (MET) :             0.450ns  (arrival time - required time)
  Source:                 inputs/reset_pipe_reg[1]/C
                            (rising edge-triggered cell FDPE clocked by trainer_1khz  {rise@0.000ns fall@500000.031ns period=1000000.000ns})
  Destination:            inputs/count_reg[3]/CLR
                            (removal check against rising-edge clock trainer_1khz  {rise@0.000ns fall@500000.031ns period=1000000.000ns})
  Path Group:             **async_default**
  Path Type:              Removal (Min at Fast Process Corner)
  Requirement:            0.000ns  (trainer_1khz rise@0.000ns - trainer_1khz rise@0.000ns)
  Data Path Delay:        0.344ns  (logic 0.128ns (37.251%)  route 0.216ns (62.749%))
  Logic Levels:           0  
  Clock Path Skew:        0.015ns (DCD - SCD - CPR)
    Destination Clock Delay (DCD):    2.209ns
    Source Clock Delay      (SCD):    1.684ns
    Clock Pessimism Removal (CPR):    0.510ns

    Location             Delay type                Incr(ns)  Path(ns)    Netlist Resource(s)
  -------------------------------------------------------------------    -------------------
                         (clock trainer_1khz rise edge)
                                                      0.000     0.000 r  <hidden>
    B6                                                0.000     0.000 r  clk
                         net (fo=0)                   0.000     0.000    clk
    B6                   IBUF (Prop_ibuf_I_O)         0.268     0.268 r  clk_IBUF_inst/O
                         net (fo=1, routed)           0.808     1.075    clk_IBUF
    BUFGCTRL_X0Y16       BUFG (Prop_bufg_I_O)         0.026     1.101 r  clk_IBUF_BUFG_inst/O
                         net (fo=17, routed)          0.583     1.684    inputs/CLK
    SLICE_X85Y123        FDPE                                         r  inputs/reset_pipe_reg[1]/C
  -------------------------------------------------------------------    -------------------
    SLICE_X85Y123        FDPE (Prop_fdpe_C_Q)         0.128     1.812 f  inputs/reset_pipe_reg[1]/Q
                         net (fo=15, routed)          0.216     2.028    inputs/reset_pipe[1]
    SLICE_X84Y122        FDCE                                         f  inputs/count_reg[3]/CLR
  -------------------------------------------------------------------    -------------------

                         (clock trainer_1khz rise edge)
                                                      0.000     0.000 r  <hidden>
    B6                                                0.000     0.000 r  clk
                         net (fo=0)                   0.000     0.000    clk
    B6                   IBUF (Prop_ibuf_I_O)         0.456     0.456 r  clk_IBUF_inst/O
                         net (fo=1, routed)           0.871     1.327    clk_IBUF
    BUFGCTRL_X0Y16       BUFG (Prop_bufg_I_O)         0.029     1.356 r  clk_IBUF_BUFG_inst/O
                         net (fo=17, routed)          0.854     2.209    inputs/CLK
    SLICE_X84Y122        FDCE                                         r  inputs/count_reg[3]/C
                         clock pessimism             -0.510     1.699    <hidden>
    SLICE_X84Y122        FDCE (Remov_fdce_C_CLR)     -0.121     1.578    inputs/count_reg[3]
  -------------------------------------------------------------------
                         required time                         -1.578    <hidden>
                         arrival time                           2.028    <hidden>
  -------------------------------------------------------------------
                         slack                                  0.450    <hidden>

Slack (MET) :             0.450ns  (arrival time - required time)
  Source:                 inputs/reset_pipe_reg[1]/C
                            (rising edge-triggered cell FDPE clocked by trainer_1khz  {rise@0.000ns fall@500000.031ns period=1000000.000ns})
  Destination:            inputs/count_reg[4]/CLR
                            (removal check against rising-edge clock trainer_1khz  {rise@0.000ns fall@500000.031ns period=1000000.000ns})
  Path Group:             **async_default**
  Path Type:              Removal (Min at Fast Process Corner)
  Requirement:            0.000ns  (trainer_1khz rise@0.000ns - trainer_1khz rise@0.000ns)
  Data Path Delay:        0.344ns  (logic 0.128ns (37.251%)  route 0.216ns (62.749%))
  Logic Levels:           0  
  Clock Path Skew:        0.015ns (DCD - SCD - CPR)
    Destination Clock Delay (DCD):    2.209ns
    Source Clock Delay      (SCD):    1.684ns
    Clock Pessimism Removal (CPR):    0.510ns

    Location             Delay type                Incr(ns)  Path(ns)    Netlist Resource(s)
  -------------------------------------------------------------------    -------------------
                         (clock trainer_1khz rise edge)
                                                      0.000     0.000 r  <hidden>
    B6                                                0.000     0.000 r  clk
                         net (fo=0)                   0.000     0.000    clk
    B6                   IBUF (Prop_ibuf_I_O)         0.268     0.268 r  clk_IBUF_inst/O
                         net (fo=1, routed)           0.808     1.075    clk_IBUF
    BUFGCTRL_X0Y16       BUFG (Prop_bufg_I_O)         0.026     1.101 r  clk_IBUF_BUFG_inst/O
                         net (fo=17, routed)          0.583     1.684    inputs/CLK
    SLICE_X85Y123        FDPE                                         r  inputs/reset_pipe_reg[1]/C
  -------------------------------------------------------------------    -------------------
    SLICE_X85Y123        FDPE (Prop_fdpe_C_Q)         0.128     1.812 f  inputs/reset_pipe_reg[1]/Q
                         net (fo=15, routed)          0.216     2.028    inputs/reset_pipe[1]
    SLICE_X84Y122        FDCE                                         f  inputs/count_reg[4]/CLR
  -------------------------------------------------------------------    -------------------

                         (clock trainer_1khz rise edge)
                                                      0.000     0.000 r  <hidden>
    B6                                                0.000     0.000 r  clk
                         net (fo=0)                   0.000     0.000    clk
    B6                   IBUF (Prop_ibuf_I_O)         0.456     0.456 r  clk_IBUF_inst/O
                         net (fo=1, routed)           0.871     1.327    clk_IBUF
    BUFGCTRL_X0Y16       BUFG (Prop_bufg_I_O)         0.029     1.356 r  clk_IBUF_BUFG_inst/O
                         net (fo=17, routed)          0.854     2.209    inputs/CLK
    SLICE_X84Y122        FDCE                                         r  inputs/count_reg[4]/C
                         clock pessimism             -0.510     1.699    <hidden>
    SLICE_X84Y122        FDCE (Remov_fdce_C_CLR)     -0.121     1.578    inputs/count_reg[4]
  -------------------------------------------------------------------
                         required time                         -1.578    <hidden>
                         arrival time                           2.028    <hidden>
  -------------------------------------------------------------------
                         slack                                  0.450    <hidden>

Slack (MET) :             0.450ns  (arrival time - required time)
  Source:                 inputs/reset_pipe_reg[1]/C
                            (rising edge-triggered cell FDPE clocked by trainer_1khz  {rise@0.000ns fall@500000.031ns period=1000000.000ns})
  Destination:            inputs/press_reg/CLR
                            (removal check against rising-edge clock trainer_1khz  {rise@0.000ns fall@500000.031ns period=1000000.000ns})
  Path Group:             **async_default**
  Path Type:              Removal (Min at Fast Process Corner)
  Requirement:            0.000ns  (trainer_1khz rise@0.000ns - trainer_1khz rise@0.000ns)
  Data Path Delay:        0.344ns  (logic 0.128ns (37.251%)  route 0.216ns (62.749%))
  Logic Levels:           0  
  Clock Path Skew:        0.015ns (DCD - SCD - CPR)
    Destination Clock Delay (DCD):    2.209ns
    Source Clock Delay      (SCD):    1.684ns
    Clock Pessimism Removal (CPR):    0.510ns

    Location             Delay type                Incr(ns)  Path(ns)    Netlist Resource(s)
  -------------------------------------------------------------------    -------------------
                         (clock trainer_1khz rise edge)
                                                      0.000     0.000 r  <hidden>
    B6                                                0.000     0.000 r  clk
                         net (fo=0)                   0.000     0.000    clk
    B6                   IBUF (Prop_ibuf_I_O)         0.268     0.268 r  clk_IBUF_inst/O
                         net (fo=1, routed)           0.808     1.075    clk_IBUF
    BUFGCTRL_X0Y16       BUFG (Prop_bufg_I_O)         0.026     1.101 r  clk_IBUF_BUFG_inst/O
                         net (fo=17, routed)          0.583     1.684    inputs/CLK
    SLICE_X85Y123        FDPE                                         r  inputs/reset_pipe_reg[1]/C
  -------------------------------------------------------------------    -------------------
    SLICE_X85Y123        FDPE (Prop_fdpe_C_Q)         0.128     1.812 f  inputs/reset_pipe_reg[1]/Q
                         net (fo=15, routed)          0.216     2.028    inputs/reset_pipe[1]
    SLICE_X84Y122        FDCE                                         f  inputs/press_reg/CLR
  -------------------------------------------------------------------    -------------------

                         (clock trainer_1khz rise edge)
                                                      0.000     0.000 r  <hidden>
    B6                                                0.000     0.000 r  clk
                         net (fo=0)                   0.000     0.000    clk
    B6                   IBUF (Prop_ibuf_I_O)         0.456     0.456 r  clk_IBUF_inst/O
                         net (fo=1, routed)           0.871     1.327    clk_IBUF
    BUFGCTRL_X0Y16       BUFG (Prop_bufg_I_O)         0.029     1.356 r  clk_IBUF_BUFG_inst/O
                         net (fo=17, routed)          0.854     2.209    inputs/CLK
    SLICE_X84Y122        FDCE                                         r  inputs/press_reg/C
                         clock pessimism             -0.510     1.699    <hidden>
    SLICE_X84Y122        FDCE (Remov_fdce_C_CLR)     -0.121     1.578    inputs/press_reg
  -------------------------------------------------------------------
                         required time                         -1.578    <hidden>
                         arrival time                           2.028    <hidden>
  -------------------------------------------------------------------
                         slack                                  0.450    <hidden>

Slack (MET) :             0.475ns  (arrival time - required time)
  Source:                 inputs/reset_pipe_reg[1]/C
                            (rising edge-triggered cell FDPE clocked by trainer_1khz  {rise@0.000ns fall@500000.031ns period=1000000.000ns})
  Destination:            inputs/button_meta_reg/CLR
                            (removal check against rising-edge clock trainer_1khz  {rise@0.000ns fall@500000.031ns period=1000000.000ns})
  Path Group:             **async_default**
  Path Type:              Removal (Min at Fast Process Corner)
  Requirement:            0.000ns  (trainer_1khz rise@0.000ns - trainer_1khz rise@0.000ns)
  Data Path Delay:        0.344ns  (logic 0.128ns (37.251%)  route 0.216ns (62.749%))
  Logic Levels:           0  
  Clock Path Skew:        0.015ns (DCD - SCD - CPR)
    Destination Clock Delay (DCD):    2.209ns
    Source Clock Delay      (SCD):    1.684ns
    Clock Pessimism Removal (CPR):    0.510ns

    Location             Delay type                Incr(ns)  Path(ns)    Netlist Resource(s)
  -------------------------------------------------------------------    -------------------
                         (clock trainer_1khz rise edge)
                                                      0.000     0.000 r  <hidden>
    B6                                                0.000     0.000 r  clk
                         net (fo=0)                   0.000     0.000    clk
    B6                   IBUF (Prop_ibuf_I_O)         0.268     0.268 r  clk_IBUF_inst/O
                         net (fo=1, routed)           0.808     1.075    clk_IBUF
    BUFGCTRL_X0Y16       BUFG (Prop_bufg_I_O)         0.026     1.101 r  clk_IBUF_BUFG_inst/O
                         net (fo=17, routed)          0.583     1.684    inputs/CLK
    SLICE_X85Y123        FDPE                                         r  inputs/reset_pipe_reg[1]/C
  -------------------------------------------------------------------    -------------------
    SLICE_X85Y123        FDPE (Prop_fdpe_C_Q)         0.128     1.812 f  inputs/reset_pipe_reg[1]/Q
                         net (fo=15, routed)          0.216     2.028    inputs/reset_pipe[1]
    SLICE_X85Y122        FDCE                                         f  inputs/button_meta_reg/CLR
  -------------------------------------------------------------------    -------------------

                         (clock trainer_1khz rise edge)
                                                      0.000     0.000 r  <hidden>
    B6                                                0.000     0.000 r  clk
                         net (fo=0)                   0.000     0.000    clk
    B6                   IBUF (Prop_ibuf_I_O)         0.456     0.456 r  clk_IBUF_inst/O
                         net (fo=1, routed)           0.871     1.327    clk_IBUF
    BUFGCTRL_X0Y16       BUFG (Prop_bufg_I_O)         0.029     1.356 r  clk_IBUF_BUFG_inst/O
                         net (fo=17, routed)          0.854     2.209    inputs/CLK
    SLICE_X85Y122        FDCE                                         r  inputs/button_meta_reg/C
                         clock pessimism             -0.510     1.699    <hidden>
    SLICE_X85Y122        FDCE (Remov_fdce_C_CLR)     -0.146     1.553    inputs/button_meta_reg
  -------------------------------------------------------------------
                         required time                         -1.553    <hidden>
                         arrival time                           2.028    <hidden>
  -------------------------------------------------------------------
                         slack                                  0.475    <hidden>

Slack (MET) :             0.475ns  (arrival time - required time)
  Source:                 inputs/reset_pipe_reg[1]/C
                            (rising edge-triggered cell FDPE clocked by trainer_1khz  {rise@0.000ns fall@500000.031ns period=1000000.000ns})
  Destination:            inputs/button_sync_reg/CLR
                            (removal check against rising-edge clock trainer_1khz  {rise@0.000ns fall@500000.031ns period=1000000.000ns})
  Path Group:             **async_default**
  Path Type:              Removal (Min at Fast Process Corner)
  Requirement:            0.000ns  (trainer_1khz rise@0.000ns - trainer_1khz rise@0.000ns)
  Data Path Delay:        0.344ns  (logic 0.128ns (37.251%)  route 0.216ns (62.749%))
  Logic Levels:           0  
  Clock Path Skew:        0.015ns (DCD - SCD - CPR)
    Destination Clock Delay (DCD):    2.209ns
    Source Clock Delay      (SCD):    1.684ns
    Clock Pessimism Removal (CPR):    0.510ns

    Location             Delay type                Incr(ns)  Path(ns)    Netlist Resource(s)
  -------------------------------------------------------------------    -------------------
                         (clock trainer_1khz rise edge)
                                                      0.000     0.000 r  <hidden>
    B6                                                0.000     0.000 r  clk
                         net (fo=0)                   0.000     0.000    clk
    B6                   IBUF (Prop_ibuf_I_O)         0.268     0.268 r  clk_IBUF_inst/O
                         net (fo=1, routed)           0.808     1.075    clk_IBUF
    BUFGCTRL_X0Y16       BUFG (Prop_bufg_I_O)         0.026     1.101 r  clk_IBUF_BUFG_inst/O
                         net (fo=17, routed)          0.583     1.684    inputs/CLK
    SLICE_X85Y123        FDPE                                         r  inputs/reset_pipe_reg[1]/C
  -------------------------------------------------------------------    -------------------
    SLICE_X85Y123        FDPE (Prop_fdpe_C_Q)         0.128     1.812 f  inputs/reset_pipe_reg[1]/Q
                         net (fo=15, routed)          0.216     2.028    inputs/reset_pipe[1]
    SLICE_X85Y122        FDCE                                         f  inputs/button_sync_reg/CLR
  -------------------------------------------------------------------    -------------------

                         (clock trainer_1khz rise edge)
                                                      0.000     0.000 r  <hidden>
    B6                                                0.000     0.000 r  clk
                         net (fo=0)                   0.000     0.000    clk
    B6                   IBUF (Prop_ibuf_I_O)         0.456     0.456 r  clk_IBUF_inst/O
                         net (fo=1, routed)           0.871     1.327    clk_IBUF
    BUFGCTRL_X0Y16       BUFG (Prop_bufg_I_O)         0.029     1.356 r  clk_IBUF_BUFG_inst/O
                         net (fo=17, routed)          0.854     2.209    inputs/CLK
    SLICE_X85Y122        FDCE                                         r  inputs/button_sync_reg/C
                         clock pessimism             -0.510     1.699    <hidden>
    SLICE_X85Y122        FDCE (Remov_fdce_C_CLR)     -0.146     1.553    inputs/button_sync_reg
  -------------------------------------------------------------------
                         required time                         -1.553    <hidden>
                         arrival time                           2.028    <hidden>
  -------------------------------------------------------------------
                         slack                                  0.475    <hidden>

Slack (MET) :             0.475ns  (arrival time - required time)
  Source:                 inputs/reset_pipe_reg[1]/C
                            (rising edge-triggered cell FDPE clocked by trainer_1khz  {rise@0.000ns fall@500000.031ns period=1000000.000ns})
  Destination:            inputs/count_reg[0]/CLR
                            (removal check against rising-edge clock trainer_1khz  {rise@0.000ns fall@500000.031ns period=1000000.000ns})
  Path Group:             **async_default**
  Path Type:              Removal (Min at Fast Process Corner)
  Requirement:            0.000ns  (trainer_1khz rise@0.000ns - trainer_1khz rise@0.000ns)
  Data Path Delay:        0.344ns  (logic 0.128ns (37.251%)  route 0.216ns (62.749%))
  Logic Levels:           0  
  Clock Path Skew:        0.015ns (DCD - SCD - CPR)
    Destination Clock Delay (DCD):    2.209ns
    Source Clock Delay      (SCD):    1.684ns
    Clock Pessimism Removal (CPR):    0.510ns

    Location             Delay type                Incr(ns)  Path(ns)    Netlist Resource(s)
  -------------------------------------------------------------------    -------------------
                         (clock trainer_1khz rise edge)
                                                      0.000     0.000 r  <hidden>
    B6                                                0.000     0.000 r  clk
                         net (fo=0)                   0.000     0.000    clk
    B6                   IBUF (Prop_ibuf_I_O)         0.268     0.268 r  clk_IBUF_inst/O
                         net (fo=1, routed)           0.808     1.075    clk_IBUF
    BUFGCTRL_X0Y16       BUFG (Prop_bufg_I_O)         0.026     1.101 r  clk_IBUF_BUFG_inst/O
                         net (fo=17, routed)          0.583     1.684    inputs/CLK
    SLICE_X85Y123        FDPE                                         r  inputs/reset_pipe_reg[1]/C
  -------------------------------------------------------------------    -------------------
    SLICE_X85Y123        FDPE (Prop_fdpe_C_Q)         0.128     1.812 f  inputs/reset_pipe_reg[1]/Q
                         net (fo=15, routed)          0.216     2.028    inputs/reset_pipe[1]
    SLICE_X85Y122        FDCE                                         f  inputs/count_reg[0]/CLR
  -------------------------------------------------------------------    -------------------

                         (clock trainer_1khz rise edge)
                                                      0.000     0.000 r  <hidden>
    B6                                                0.000     0.000 r  clk
                         net (fo=0)                   0.000     0.000    clk
    B6                   IBUF (Prop_ibuf_I_O)         0.456     0.456 r  clk_IBUF_inst/O
                         net (fo=1, routed)           0.871     1.327    clk_IBUF
    BUFGCTRL_X0Y16       BUFG (Prop_bufg_I_O)         0.029     1.356 r  clk_IBUF_BUFG_inst/O
                         net (fo=17, routed)          0.854     2.209    inputs/CLK
    SLICE_X85Y122        FDCE                                         r  inputs/count_reg[0]/C
                         clock pessimism             -0.510     1.699    <hidden>
    SLICE_X85Y122        FDCE (Remov_fdce_C_CLR)     -0.146     1.553    inputs/count_reg[0]
  -------------------------------------------------------------------
                         required time                         -1.553    <hidden>
                         arrival time                           2.028    <hidden>
  -------------------------------------------------------------------
                         slack                                  0.475    <hidden>

Slack (MET) :             0.475ns  (arrival time - required time)
  Source:                 inputs/reset_pipe_reg[1]/C
                            (rising edge-triggered cell FDPE clocked by trainer_1khz  {rise@0.000ns fall@500000.031ns period=1000000.000ns})
  Destination:            inputs/count_reg[2]/CLR
                            (removal check against rising-edge clock trainer_1khz  {rise@0.000ns fall@500000.031ns period=1000000.000ns})
  Path Group:             **async_default**
  Path Type:              Removal (Min at Fast Process Corner)
  Requirement:            0.000ns  (trainer_1khz rise@0.000ns - trainer_1khz rise@0.000ns)
  Data Path Delay:        0.344ns  (logic 0.128ns (37.251%)  route 0.216ns (62.749%))
  Logic Levels:           0  
  Clock Path Skew:        0.015ns (DCD - SCD - CPR)
    Destination Clock Delay (DCD):    2.209ns
    Source Clock Delay      (SCD):    1.684ns
    Clock Pessimism Removal (CPR):    0.510ns

    Location             Delay type                Incr(ns)  Path(ns)    Netlist Resource(s)
  -------------------------------------------------------------------    -------------------
                         (clock trainer_1khz rise edge)
                                                      0.000     0.000 r  <hidden>
    B6                                                0.000     0.000 r  clk
                         net (fo=0)                   0.000     0.000    clk
    B6                   IBUF (Prop_ibuf_I_O)         0.268     0.268 r  clk_IBUF_inst/O
                         net (fo=1, routed)           0.808     1.075    clk_IBUF
    BUFGCTRL_X0Y16       BUFG (Prop_bufg_I_O)         0.026     1.101 r  clk_IBUF_BUFG_inst/O
                         net (fo=17, routed)          0.583     1.684    inputs/CLK
    SLICE_X85Y123        FDPE                                         r  inputs/reset_pipe_reg[1]/C
  -------------------------------------------------------------------    -------------------
    SLICE_X85Y123        FDPE (Prop_fdpe_C_Q)         0.128     1.812 f  inputs/reset_pipe_reg[1]/Q
                         net (fo=15, routed)          0.216     2.028    inputs/reset_pipe[1]
    SLICE_X85Y122        FDCE                                         f  inputs/count_reg[2]/CLR
  -------------------------------------------------------------------    -------------------

                         (clock trainer_1khz rise edge)
                                                      0.000     0.000 r  <hidden>
    B6                                                0.000     0.000 r  clk
                         net (fo=0)                   0.000     0.000    clk
    B6                   IBUF (Prop_ibuf_I_O)         0.456     0.456 r  clk_IBUF_inst/O
                         net (fo=1, routed)           0.871     1.327    clk_IBUF
    BUFGCTRL_X0Y16       BUFG (Prop_bufg_I_O)         0.029     1.356 r  clk_IBUF_BUFG_inst/O
                         net (fo=17, routed)          0.854     2.209    inputs/CLK
    SLICE_X85Y122        FDCE                                         r  inputs/count_reg[2]/C
                         clock pessimism             -0.510     1.699    <hidden>
    SLICE_X85Y122        FDCE (Remov_fdce_C_CLR)     -0.146     1.553    inputs/count_reg[2]
  -------------------------------------------------------------------
                         required time                         -1.553    <hidden>
                         arrival time                           2.028    <hidden>
  -------------------------------------------------------------------
                         slack                                  0.475    <hidden>

Slack (MET) :             0.475ns  (arrival time - required time)
  Source:                 inputs/reset_pipe_reg[1]/C
                            (rising edge-triggered cell FDPE clocked by trainer_1khz  {rise@0.000ns fall@500000.031ns period=1000000.000ns})
  Destination:            inputs/sw_meta_reg[7]/CLR
                            (removal check against rising-edge clock trainer_1khz  {rise@0.000ns fall@500000.031ns period=1000000.000ns})
  Path Group:             **async_default**
  Path Type:              Removal (Min at Fast Process Corner)
  Requirement:            0.000ns  (trainer_1khz rise@0.000ns - trainer_1khz rise@0.000ns)
  Data Path Delay:        0.344ns  (logic 0.128ns (37.251%)  route 0.216ns (62.749%))
  Logic Levels:           0  
  Clock Path Skew:        0.015ns (DCD - SCD - CPR)
    Destination Clock Delay (DCD):    2.209ns
    Source Clock Delay      (SCD):    1.684ns
    Clock Pessimism Removal (CPR):    0.510ns

    Location             Delay type                Incr(ns)  Path(ns)    Netlist Resource(s)
  -------------------------------------------------------------------    -------------------
                         (clock trainer_1khz rise edge)
                                                      0.000     0.000 r  <hidden>
    B6                                                0.000     0.000 r  clk
                         net (fo=0)                   0.000     0.000    clk
    B6                   IBUF (Prop_ibuf_I_O)         0.268     0.268 r  clk_IBUF_inst/O
                         net (fo=1, routed)           0.808     1.075    clk_IBUF
    BUFGCTRL_X0Y16       BUFG (Prop_bufg_I_O)         0.026     1.101 r  clk_IBUF_BUFG_inst/O
                         net (fo=17, routed)          0.583     1.684    inputs/CLK
    SLICE_X85Y123        FDPE                                         r  inputs/reset_pipe_reg[1]/C
  -------------------------------------------------------------------    -------------------
    SLICE_X85Y123        FDPE (Prop_fdpe_C_Q)         0.128     1.812 f  inputs/reset_pipe_reg[1]/Q
                         net (fo=15, routed)          0.216     2.028    inputs/reset_pipe[1]
    SLICE_X85Y122        FDCE                                         f  inputs/sw_meta_reg[7]/CLR
  -------------------------------------------------------------------    -------------------

                         (clock trainer_1khz rise edge)
                                                      0.000     0.000 r  <hidden>
    B6                                                0.000     0.000 r  clk
                         net (fo=0)                   0.000     0.000    clk
    B6                   IBUF (Prop_ibuf_I_O)         0.456     0.456 r  clk_IBUF_inst/O
                         net (fo=1, routed)           0.871     1.327    clk_IBUF
    BUFGCTRL_X0Y16       BUFG (Prop_bufg_I_O)         0.029     1.356 r  clk_IBUF_BUFG_inst/O
                         net (fo=17, routed)          0.854     2.209    inputs/CLK
    SLICE_X85Y122        FDCE                                         r  inputs/sw_meta_reg[7]/C
                         clock pessimism             -0.510     1.699    <hidden>
    SLICE_X85Y122        FDCE (Remov_fdce_C_CLR)     -0.146     1.553    inputs/sw_meta_reg[7]
  -------------------------------------------------------------------
                         required time                         -1.553    <hidden>
                         arrival time                           2.028    <hidden>
  -------------------------------------------------------------------
                         slack                                  0.475    <hidden>





--------------------------------------------------------------------------------------
Path Group:  (none)
From Clock:  
  To Clock:  trainer_1khz

Max Delay             4 Endpoints
Min Delay             4 Endpoints
--------------------------------------------------------------------------------------


Max Delay Paths
--------------------------------------------------------------------------------------
Slack:                    inf
  Source:                 sw[7]
                            (input port)
  Destination:            inputs/sw_meta_reg[7]/D
                            (rising edge-triggered cell FDCE clocked by trainer_1khz  {rise@0.000ns fall@500000.031ns period=1000000.000ns})
  Path Group:             (none)
  Path Type:              Setup (Max at Slow Process Corner)
  Data Path Delay:        3.697ns  (logic 1.524ns (41.219%)  route 2.173ns (58.781%))
  Logic Levels:           1  (IBUF=1)
  Clock Path Skew:        5.282ns (DCD - SCD + CPR)
    Destination Clock Delay (DCD):    5.282ns
    Source Clock Delay      (SCD):    0.000ns
    Clock Pessimism Removal (CPR):    0.000ns
  Clock Uncertainty:      0.025ns  ((TSJ^2 + TIJ^2)^1/2 + DJ) / 2 + PE
    Total System Jitter     (TSJ):    0.050ns
    Total Input Jitter      (TIJ):    0.000ns
    Discrete Jitter          (DJ):    0.000ns
    Phase Error              (PE):    0.000ns
  Timing Exception:       False Path

    Location             Delay type                Incr(ns)  Path(ns)    Netlist Resource(s)
  -------------------------------------------------------------------    -------------------
    Y1                                                0.000     0.000 r  sw[7]
                         net (fo=0)                   0.000     0.000    sw[7]
    Y1                   IBUF (Prop_ibuf_I_O)         1.524     1.524 r  sw_IBUF[7]_inst/O
                         net (fo=1, routed)           2.173     3.697    inputs/D[7]
    SLICE_X85Y122        FDCE                                         r  inputs/sw_meta_reg[7]/D
  -------------------------------------------------------------------    -------------------

                         (clock trainer_1khz rise edge)
                                                      0.000     0.000 r  <hidden>
    B6                                                0.000     0.000 r  clk
                         net (fo=0)                   0.000     0.000    clk
    B6                   IBUF (Prop_ibuf_I_O)         1.429     1.429 r  clk_IBUF_inst/O
                         net (fo=1, routed)           2.196     3.625    clk_IBUF
    BUFGCTRL_X0Y16       BUFG (Prop_bufg_I_O)         0.091     3.716 r  clk_IBUF_BUFG_inst/O
                         net (fo=17, routed)          1.566     5.282    inputs/CLK
    SLICE_X85Y122        FDCE                                         r  inputs/sw_meta_reg[7]/C

Slack:                    inf
  Source:                 button
                            (input port)
  Destination:            inputs/button_meta_reg/D
                            (rising edge-triggered cell FDCE clocked by trainer_1khz  {rise@0.000ns fall@500000.031ns period=1000000.000ns})
  Path Group:             (none)
  Path Type:              Setup (Max at Slow Process Corner)
  Data Path Delay:        2.938ns  (logic 1.477ns (50.282%)  route 1.461ns (49.718%))
  Logic Levels:           1  (IBUF=1)
  Clock Path Skew:        5.282ns (DCD - SCD + CPR)
    Destination Clock Delay (DCD):    5.282ns
    Source Clock Delay      (SCD):    0.000ns
    Clock Pessimism Removal (CPR):    0.000ns
  Clock Uncertainty:      0.025ns  ((TSJ^2 + TIJ^2)^1/2 + DJ) / 2 + PE
    Total System Jitter     (TSJ):    0.050ns
    Total Input Jitter      (TIJ):    0.000ns
    Discrete Jitter          (DJ):    0.000ns
    Phase Error              (PE):    0.000ns
  Timing Exception:       False Path

    Location             Delay type                Incr(ns)  Path(ns)    Netlist Resource(s)
  -------------------------------------------------------------------    -------------------
    N8                                                0.000     0.000 r  button
                         net (fo=0)                   0.000     0.000    button
    N8                   IBUF (Prop_ibuf_I_O)         1.477     1.477 r  button_IBUF_inst/O
                         net (fo=1, routed)           1.461     2.938    inputs/button_IBUF
    SLICE_X85Y122        FDCE                                         r  inputs/button_meta_reg/D
  -------------------------------------------------------------------    -------------------

                         (clock trainer_1khz rise edge)
                                                      0.000     0.000 r  <hidden>
    B6                                                0.000     0.000 r  clk
                         net (fo=0)                   0.000     0.000    clk
    B6                   IBUF (Prop_ibuf_I_O)         1.429     1.429 r  clk_IBUF_inst/O
                         net (fo=1, routed)           2.196     3.625    clk_IBUF
    BUFGCTRL_X0Y16       BUFG (Prop_bufg_I_O)         0.091     3.716 r  clk_IBUF_BUFG_inst/O
                         net (fo=17, routed)          1.566     5.282    inputs/CLK
    SLICE_X85Y122        FDCE                                         r  inputs/button_meta_reg/C

Slack:                    inf
  Source:                 rst
                            (input port)
  Destination:            inputs/reset_pipe_reg[0]/PRE
                            (recovery check against rising-edge clock trainer_1khz  {rise@0.000ns fall@500000.031ns period=1000000.000ns})
  Path Group:             (none)
  Path Type:              Recovery (Max at Slow Process Corner)
  Data Path Delay:        2.597ns  (logic 1.468ns (56.541%)  route 1.129ns (43.459%))
  Logic Levels:           1  (IBUF=1)
  Clock Path Skew:        5.281ns (DCD - SCD + CPR)
    Destination Clock Delay (DCD):    5.281ns
    Source Clock Delay      (SCD):    0.000ns
    Clock Pessimism Removal (CPR):    0.000ns
  Clock Uncertainty:      0.025ns  ((TSJ^2 + TIJ^2)^1/2 + DJ) / 2 + PE
    Total System Jitter     (TSJ):    0.050ns
    Total Input Jitter      (TIJ):    0.000ns
    Discrete Jitter          (DJ):    0.000ns
    Phase Error              (PE):    0.000ns
  Timing Exception:       False Path

    Location             Delay type                Incr(ns)  Path(ns)    Netlist Resource(s)
  -------------------------------------------------------------------    -------------------
    K4                                                0.000     0.000 f  rst
                         net (fo=0)                   0.000     0.000    rst
    K4                   IBUF (Prop_ibuf_I_O)         1.468     1.468 f  rst_IBUF_inst/O
                         net (fo=2, routed)           1.129     2.597    inputs/AS[0]
    SLICE_X85Y123        FDPE                                         f  inputs/reset_pipe_reg[0]/PRE
  -------------------------------------------------------------------    -------------------

                         (clock trainer_1khz rise edge)
                                                      0.000     0.000 r  <hidden>
    B6                                                0.000     0.000 r  clk
                         net (fo=0)                   0.000     0.000    clk
    B6                   IBUF (Prop_ibuf_I_O)         1.429     1.429 r  clk_IBUF_inst/O
                         net (fo=1, routed)           2.196     3.625    clk_IBUF
    BUFGCTRL_X0Y16       BUFG (Prop_bufg_I_O)         0.091     3.716 r  clk_IBUF_BUFG_inst/O
                         net (fo=17, routed)          1.565     5.281    inputs/CLK
    SLICE_X85Y123        FDPE                                         r  inputs/reset_pipe_reg[0]/C

Slack:                    inf
  Source:                 rst
                            (input port)
  Destination:            inputs/reset_pipe_reg[1]/PRE
                            (recovery check against rising-edge clock trainer_1khz  {rise@0.000ns fall@500000.031ns period=1000000.000ns})
  Path Group:             (none)
  Path Type:              Recovery (Max at Slow Process Corner)
  Data Path Delay:        2.597ns  (logic 1.468ns (56.541%)  route 1.129ns (43.459%))
  Logic Levels:           1  (IBUF=1)
  Clock Path Skew:        5.281ns (DCD - SCD + CPR)
    Destination Clock Delay (DCD):    5.281ns
    Source Clock Delay      (SCD):    0.000ns
    Clock Pessimism Removal (CPR):    0.000ns
  Clock Uncertainty:      0.025ns  ((TSJ^2 + TIJ^2)^1/2 + DJ) / 2 + PE
    Total System Jitter     (TSJ):    0.050ns
    Total Input Jitter      (TIJ):    0.000ns
    Discrete Jitter          (DJ):    0.000ns
    Phase Error              (PE):    0.000ns
  Timing Exception:       False Path

    Location             Delay type                Incr(ns)  Path(ns)    Netlist Resource(s)
  -------------------------------------------------------------------    -------------------
    K4                                                0.000     0.000 f  rst
                         net (fo=0)                   0.000     0.000    rst
    K4                   IBUF (Prop_ibuf_I_O)         1.468     1.468 f  rst_IBUF_inst/O
                         net (fo=2, routed)           1.129     2.597    inputs/AS[0]
    SLICE_X85Y123        FDPE                                         f  inputs/reset_pipe_reg[1]/PRE
  -------------------------------------------------------------------    -------------------

                         (clock trainer_1khz rise edge)
                                                      0.000     0.000 r  <hidden>
    B6                                                0.000     0.000 r  clk
                         net (fo=0)                   0.000     0.000    clk
    B6                   IBUF (Prop_ibuf_I_O)         1.429     1.429 r  clk_IBUF_inst/O
                         net (fo=1, routed)           2.196     3.625    clk_IBUF
    BUFGCTRL_X0Y16       BUFG (Prop_bufg_I_O)         0.091     3.716 r  clk_IBUF_BUFG_inst/O
                         net (fo=17, routed)          1.565     5.281    inputs/CLK
    SLICE_X85Y123        FDPE                                         r  inputs/reset_pipe_reg[1]/C





Min Delay Paths
--------------------------------------------------------------------------------------
Slack:                    inf
  Source:                 rst
                            (input port)
  Destination:            inputs/reset_pipe_reg[0]/PRE
                            (removal check against rising-edge clock trainer_1khz  {rise@0.000ns fall@500000.031ns period=1000000.000ns})
  Path Group:             (none)
  Path Type:              Removal (Min at Fast Process Corner)
  Data Path Delay:        0.697ns  (logic 0.236ns (33.912%)  route 0.461ns (66.088%))
  Logic Levels:           1  (IBUF=1)
  Clock Path Skew:        2.207ns (DCD - SCD - CPR)
    Destination Clock Delay (DCD):    2.207ns
    Source Clock Delay      (SCD):    0.000ns
    Clock Pessimism Removal (CPR):    -0.000ns
  Timing Exception:       False Path

    Location             Delay type                Incr(ns)  Path(ns)    Netlist Resource(s)
  -------------------------------------------------------------------    -------------------
    K4                                                0.000     0.000 f  rst
                         net (fo=0)                   0.000     0.000    rst
    K4                   IBUF (Prop_ibuf_I_O)         0.236     0.236 f  rst_IBUF_inst/O
                         net (fo=2, routed)           0.461     0.697    inputs/AS[0]
    SLICE_X85Y123        FDPE                                         f  inputs/reset_pipe_reg[0]/PRE
  -------------------------------------------------------------------    -------------------

                         (clock trainer_1khz rise edge)
                                                      0.000     0.000 r  <hidden>
    B6                                                0.000     0.000 r  clk
                         net (fo=0)                   0.000     0.000    clk
    B6                   IBUF (Prop_ibuf_I_O)         0.456     0.456 r  clk_IBUF_inst/O
                         net (fo=1, routed)           0.871     1.327    clk_IBUF
    BUFGCTRL_X0Y16       BUFG (Prop_bufg_I_O)         0.029     1.356 r  clk_IBUF_BUFG_inst/O
                         net (fo=17, routed)          0.851     2.207    inputs/CLK
    SLICE_X85Y123        FDPE                                         r  inputs/reset_pipe_reg[0]/C

Slack:                    inf
  Source:                 rst
                            (input port)
  Destination:            inputs/reset_pipe_reg[1]/PRE
                            (removal check against rising-edge clock trainer_1khz  {rise@0.000ns fall@500000.031ns period=1000000.000ns})
  Path Group:             (none)
  Path Type:              Removal (Min at Fast Process Corner)
  Data Path Delay:        0.697ns  (logic 0.236ns (33.912%)  route 0.461ns (66.088%))
  Logic Levels:           1  (IBUF=1)
  Clock Path Skew:        2.207ns (DCD - SCD - CPR)
    Destination Clock Delay (DCD):    2.207ns
    Source Clock Delay      (SCD):    0.000ns
    Clock Pessimism Removal (CPR):    -0.000ns
  Timing Exception:       False Path

    Location             Delay type                Incr(ns)  Path(ns)    Netlist Resource(s)
  -------------------------------------------------------------------    -------------------
    K4                                                0.000     0.000 f  rst
                         net (fo=0)                   0.000     0.000    rst
    K4                   IBUF (Prop_ibuf_I_O)         0.236     0.236 f  rst_IBUF_inst/O
                         net (fo=2, routed)           0.461     0.697    inputs/AS[0]
    SLICE_X85Y123        FDPE                                         f  inputs/reset_pipe_reg[1]/PRE
  -------------------------------------------------------------------    -------------------

                         (clock trainer_1khz rise edge)
                                                      0.000     0.000 r  <hidden>
    B6                                                0.000     0.000 r  clk
                         net (fo=0)                   0.000     0.000    clk
    B6                   IBUF (Prop_ibuf_I_O)         0.456     0.456 r  clk_IBUF_inst/O
                         net (fo=1, routed)           0.871     1.327    clk_IBUF
    BUFGCTRL_X0Y16       BUFG (Prop_bufg_I_O)         0.029     1.356 r  clk_IBUF_BUFG_inst/O
                         net (fo=17, routed)          0.851     2.207    inputs/CLK
    SLICE_X85Y123        FDPE                                         r  inputs/reset_pipe_reg[1]/C

Slack:                    inf
  Source:                 button
                            (input port)
  Destination:            inputs/button_meta_reg/D
                            (rising edge-triggered cell FDCE clocked by trainer_1khz  {rise@0.000ns fall@500000.031ns period=1000000.000ns})
  Path Group:             (none)
  Path Type:              Hold (Min at Fast Process Corner)
  Data Path Delay:        0.801ns  (logic 0.245ns (30.607%)  route 0.556ns (69.393%))
  Logic Levels:           1  (IBUF=1)
  Clock Path Skew:        2.209ns (DCD - SCD - CPR)
    Destination Clock Delay (DCD):    2.209ns
    Source Clock Delay      (SCD):    0.000ns
    Clock Pessimism Removal (CPR):    -0.000ns
  Timing Exception:       False Path

    Location             Delay type                Incr(ns)  Path(ns)    Netlist Resource(s)
  -------------------------------------------------------------------    -------------------
    N8                                                0.000     0.000 r  button
                         net (fo=0)                   0.000     0.000    button
    N8                   IBUF (Prop_ibuf_I_O)         0.245     0.245 r  button_IBUF_inst/O
                         net (fo=1, routed)           0.556     0.801    inputs/button_IBUF
    SLICE_X85Y122        FDCE                                         r  inputs/button_meta_reg/D
  -------------------------------------------------------------------    -------------------

                         (clock trainer_1khz rise edge)
                                                      0.000     0.000 r  <hidden>
    B6                                                0.000     0.000 r  clk
                         net (fo=0)                   0.000     0.000    clk
    B6                   IBUF (Prop_ibuf_I_O)         0.456     0.456 r  clk_IBUF_inst/O
                         net (fo=1, routed)           0.871     1.327    clk_IBUF
    BUFGCTRL_X0Y16       BUFG (Prop_bufg_I_O)         0.029     1.356 r  clk_IBUF_BUFG_inst/O
                         net (fo=17, routed)          0.854     2.209    inputs/CLK
    SLICE_X85Y122        FDCE                                         r  inputs/button_meta_reg/C

Slack:                    inf
  Source:                 sw[7]
                            (input port)
  Destination:            inputs/sw_meta_reg[7]/D
                            (rising edge-triggered cell FDCE clocked by trainer_1khz  {rise@0.000ns fall@500000.031ns period=1000000.000ns})
  Path Group:             (none)
  Path Type:              Hold (Min at Fast Process Corner)
  Data Path Delay:        1.137ns  (logic 0.291ns (25.608%)  route 0.846ns (74.392%))
  Logic Levels:           1  (IBUF=1)
  Clock Path Skew:        2.209ns (DCD - SCD - CPR)
    Destination Clock Delay (DCD):    2.209ns
    Source Clock Delay      (SCD):    0.000ns
    Clock Pessimism Removal (CPR):    -0.000ns
  Timing Exception:       False Path

    Location             Delay type                Incr(ns)  Path(ns)    Netlist Resource(s)
  -------------------------------------------------------------------    -------------------
    Y1                                                0.000     0.000 r  sw[7]
                         net (fo=0)                   0.000     0.000    sw[7]
    Y1                   IBUF (Prop_ibuf_I_O)         0.291     0.291 r  sw_IBUF[7]_inst/O
                         net (fo=1, routed)           0.846     1.137    inputs/D[7]
    SLICE_X85Y122        FDCE                                         r  inputs/sw_meta_reg[7]/D
  -------------------------------------------------------------------    -------------------

                         (clock trainer_1khz rise edge)
                                                      0.000     0.000 r  <hidden>
    B6                                                0.000     0.000 r  clk
                         net (fo=0)                   0.000     0.000    clk
    B6                   IBUF (Prop_ibuf_I_O)         0.456     0.456 r  clk_IBUF_inst/O
                         net (fo=1, routed)           0.871     1.327    clk_IBUF
    BUFGCTRL_X0Y16       BUFG (Prop_bufg_I_O)         0.029     1.356 r  clk_IBUF_BUFG_inst/O
                         net (fo=17, routed)          0.854     2.209    inputs/CLK
    SLICE_X85Y122        FDCE                                         r  inputs/sw_meta_reg[7]/C





--------------------------------------------------------------------------------------
Path Group:  (none)
From Clock:  trainer_1khz
  To Clock:  

Max Delay             4 Endpoints
Min Delay             4 Endpoints
--------------------------------------------------------------------------------------


Max Delay Paths
--------------------------------------------------------------------------------------
Slack:                    inf
  Source:                 core/value_reg[0]/C
                            (rising edge-triggered cell FDRE clocked by trainer_1khz  {rise@0.000ns fall@500000.031ns period=1000000.000ns})
  Destination:            led[0]
                            (output port)
  Path Group:             (none)
  Path Type:              Max at Slow Process Corner
  Data Path Delay:        6.109ns  (logic 3.997ns (65.421%)  route 2.113ns (34.579%))
  Logic Levels:           1  (OBUF=1)
  Clock Uncertainty:      0.025ns  ((TSJ^2 + TIJ^2)^1/2 + DJ) / 2 + PE
    Total System Jitter     (TSJ):    0.050ns
    Total Input Jitter      (TIJ):    0.000ns
    Discrete Jitter          (DJ):    0.000ns
    Phase Error              (PE):    0.000ns

    Location             Delay type                Incr(ns)  Path(ns)    Netlist Resource(s)
  -------------------------------------------------------------------    -------------------
                         (clock trainer_1khz rise edge)
                                                      0.000     0.000 r  <hidden>
    B6                                                0.000     0.000 r  clk
                         net (fo=0)                   0.000     0.000    clk
    B6                   IBUF (Prop_ibuf_I_O)         1.500     1.500 r  clk_IBUF_inst/O
                         net (fo=1, routed)           2.315     3.815    clk_IBUF
    BUFGCTRL_X0Y16       BUFG (Prop_bufg_I_O)         0.096     3.911 r  clk_IBUF_BUFG_inst/O
                         net (fo=17, routed)          1.680     5.591    core/CLK
    SLICE_X85Y124        FDRE                                         r  core/value_reg[0]/C
  -------------------------------------------------------------------    -------------------
    SLICE_X85Y124        FDRE (Prop_fdre_C_Q)         0.456     6.047 r  core/value_reg[0]/Q
                         net (fo=1, routed)           2.113     8.160    led_OBUF[0]
    N5                   OBUF (Prop_obuf_I_O)         3.541    11.701 r  led_OBUF[0]_inst/O
                         net (fo=0)                   0.000    11.701    led[0]
    N5                                                                r  led[0]
  -------------------------------------------------------------------    -------------------

Slack:                    inf
  Source:                 core/value_reg[3]/C
                            (rising edge-triggered cell FDRE clocked by trainer_1khz  {rise@0.000ns fall@500000.031ns period=1000000.000ns})
  Destination:            led[3]
                            (output port)
  Path Group:             (none)
  Path Type:              Max at Slow Process Corner
  Data Path Delay:        5.891ns  (logic 4.173ns (70.846%)  route 1.717ns (29.154%))
  Logic Levels:           1  (OBUF=1)
  Clock Uncertainty:      0.025ns  ((TSJ^2 + TIJ^2)^1/2 + DJ) / 2 + PE
    Total System Jitter     (TSJ):    0.050ns
    Total Input Jitter      (TIJ):    0.000ns
    Discrete Jitter          (DJ):    0.000ns
    Phase Error              (PE):    0.000ns

    Location             Delay type                Incr(ns)  Path(ns)    Netlist Resource(s)
  -------------------------------------------------------------------    -------------------
                         (clock trainer_1khz rise edge)
                                                      0.000     0.000 r  <hidden>
    B6                                                0.000     0.000 r  clk
                         net (fo=0)                   0.000     0.000    clk
    B6                   IBUF (Prop_ibuf_I_O)         1.500     1.500 r  clk_IBUF_inst/O
                         net (fo=1, routed)           2.315     3.815    clk_IBUF
    BUFGCTRL_X0Y16       BUFG (Prop_bufg_I_O)         0.096     3.911 r  clk_IBUF_BUFG_inst/O
                         net (fo=17, routed)          1.680     5.591    core/CLK
    SLICE_X84Y124        FDRE                                         r  core/value_reg[3]/C
  -------------------------------------------------------------------    -------------------
    SLICE_X84Y124        FDRE (Prop_fdre_C_Q)         0.478     6.069 r  core/value_reg[3]/Q
                         net (fo=3, routed)           1.717     7.787    led_OBUF[3]
    M7                   OBUF (Prop_obuf_I_O)         3.695    11.482 r  led_OBUF[3]_inst/O
                         net (fo=0)                   0.000    11.482    led[3]
    M7                                                                r  led[3]
  -------------------------------------------------------------------    -------------------

Slack:                    inf
  Source:                 core/value_reg[1]/C
                            (rising edge-triggered cell FDRE clocked by trainer_1khz  {rise@0.000ns fall@500000.031ns period=1000000.000ns})
  Destination:            led[1]
                            (output port)
  Path Group:             (none)
  Path Type:              Max at Slow Process Corner
  Data Path Delay:        5.795ns  (logic 4.059ns (70.053%)  route 1.735ns (29.947%))
  Logic Levels:           1  (OBUF=1)
  Clock Uncertainty:      0.025ns  ((TSJ^2 + TIJ^2)^1/2 + DJ) / 2 + PE
    Total System Jitter     (TSJ):    0.050ns
    Total Input Jitter      (TIJ):    0.000ns
    Discrete Jitter          (DJ):    0.000ns
    Phase Error              (PE):    0.000ns

    Location             Delay type                Incr(ns)  Path(ns)    Netlist Resource(s)
  -------------------------------------------------------------------    -------------------
                         (clock trainer_1khz rise edge)
                                                      0.000     0.000 r  <hidden>
    B6                                                0.000     0.000 r  clk
                         net (fo=0)                   0.000     0.000    clk
    B6                   IBUF (Prop_ibuf_I_O)         1.500     1.500 r  clk_IBUF_inst/O
                         net (fo=1, routed)           2.315     3.815    clk_IBUF
    BUFGCTRL_X0Y16       BUFG (Prop_bufg_I_O)         0.096     3.911 r  clk_IBUF_BUFG_inst/O
                         net (fo=17, routed)          1.682     5.593    core/CLK
    SLICE_X84Y123        FDRE                                         r  core/value_reg[1]/C
  -------------------------------------------------------------------    -------------------
    SLICE_X84Y123        FDRE (Prop_fdre_C_Q)         0.518     6.111 r  core/value_reg[1]/Q
                         net (fo=3, routed)           1.735     7.847    led_OBUF[1]
    M1                   OBUF (Prop_obuf_I_O)         3.541    11.388 r  led_OBUF[1]_inst/O
                         net (fo=0)                   0.000    11.388    led[1]
    M1                                                                r  led[1]
  -------------------------------------------------------------------    -------------------

Slack:                    inf
  Source:                 core/value_reg[2]/C
                            (rising edge-triggered cell FDRE clocked by trainer_1khz  {rise@0.000ns fall@500000.031ns period=1000000.000ns})
  Destination:            led[2]
                            (output port)
  Path Group:             (none)
  Path Type:              Max at Slow Process Corner
  Data Path Delay:        5.745ns  (logic 4.046ns (70.423%)  route 1.699ns (29.577%))
  Logic Levels:           1  (OBUF=1)
  Clock Uncertainty:      0.025ns  ((TSJ^2 + TIJ^2)^1/2 + DJ) / 2 + PE
    Total System Jitter     (TSJ):    0.050ns
    Total Input Jitter      (TIJ):    0.000ns
    Discrete Jitter          (DJ):    0.000ns
    Phase Error              (PE):    0.000ns

    Location             Delay type                Incr(ns)  Path(ns)    Netlist Resource(s)
  -------------------------------------------------------------------    -------------------
                         (clock trainer_1khz rise edge)
                                                      0.000     0.000 r  <hidden>
    B6                                                0.000     0.000 r  clk
                         net (fo=0)                   0.000     0.000    clk
    B6                   IBUF (Prop_ibuf_I_O)         1.500     1.500 r  clk_IBUF_inst/O
                         net (fo=1, routed)           2.315     3.815    clk_IBUF
    BUFGCTRL_X0Y16       BUFG (Prop_bufg_I_O)         0.096     3.911 r  clk_IBUF_BUFG_inst/O
                         net (fo=17, routed)          1.680     5.591    core/CLK
    SLICE_X84Y124        FDRE                                         r  core/value_reg[2]/C
  -------------------------------------------------------------------    -------------------
    SLICE_X84Y124        FDRE (Prop_fdre_C_Q)         0.518     6.109 r  core/value_reg[2]/Q
                         net (fo=3, routed)           1.699     7.809    led_OBUF[2]
    M3                   OBUF (Prop_obuf_I_O)         3.528    11.336 r  led_OBUF[2]_inst/O
                         net (fo=0)                   0.000    11.336    led[2]
    M3                                                                r  led[2]
  -------------------------------------------------------------------    -------------------





Min Delay Paths
--------------------------------------------------------------------------------------
Slack:                    inf
  Source:                 core/value_reg[2]/C
                            (rising edge-triggered cell FDRE clocked by trainer_1khz  {rise@0.000ns fall@500000.031ns period=1000000.000ns})
  Destination:            led[2]
                            (output port)
  Path Group:             (none)
  Path Type:              Min at Fast Process Corner
  Data Path Delay:        1.743ns  (logic 1.393ns (79.906%)  route 0.350ns (20.094%))
  Logic Levels:           1  (OBUF=1)
  Clock Uncertainty:      0.025ns  ((TSJ^2 + TIJ^2)^1/2 + DJ) / 2 + PE
    Total System Jitter     (TSJ):    0.050ns
    Total Input Jitter      (TIJ):    0.000ns
    Discrete Jitter          (DJ):    0.000ns
    Phase Error              (PE):    0.000ns

    Location             Delay type                Incr(ns)  Path(ns)    Netlist Resource(s)
  -------------------------------------------------------------------    -------------------
                         (clock trainer_1khz rise edge)
                                                      0.000     0.000 r  <hidden>
    B6                                                0.000     0.000 r  clk
                         net (fo=0)                   0.000     0.000    clk
    B6                   IBUF (Prop_ibuf_I_O)         0.268     0.268 r  clk_IBUF_inst/O
                         net (fo=1, routed)           0.808     1.075    clk_IBUF
    BUFGCTRL_X0Y16       BUFG (Prop_bufg_I_O)         0.026     1.101 r  clk_IBUF_BUFG_inst/O
                         net (fo=17, routed)          0.582     1.683    core/CLK
    SLICE_X84Y124        FDRE                                         r  core/value_reg[2]/C
  -------------------------------------------------------------------    -------------------
    SLICE_X84Y124        FDRE (Prop_fdre_C_Q)         0.164     1.847 r  core/value_reg[2]/Q
                         net (fo=3, routed)           0.350     2.197    led_OBUF[2]
    M3                   OBUF (Prop_obuf_I_O)         1.229     3.426 r  led_OBUF[2]_inst/O
                         net (fo=0)                   0.000     3.426    led[2]
    M3                                                                r  led[2]
  -------------------------------------------------------------------    -------------------

Slack:                    inf
  Source:                 core/value_reg[1]/C
                            (rising edge-triggered cell FDRE clocked by trainer_1khz  {rise@0.000ns fall@500000.031ns period=1000000.000ns})
  Destination:            led[1]
                            (output port)
  Path Group:             (none)
  Path Type:              Min at Fast Process Corner
  Data Path Delay:        1.784ns  (logic 1.406ns (78.840%)  route 0.377ns (21.160%))
  Logic Levels:           1  (OBUF=1)
  Clock Uncertainty:      0.025ns  ((TSJ^2 + TIJ^2)^1/2 + DJ) / 2 + PE
    Total System Jitter     (TSJ):    0.050ns
    Total Input Jitter      (TIJ):    0.000ns
    Discrete Jitter          (DJ):    0.000ns
    Phase Error              (PE):    0.000ns

    Location             Delay type                Incr(ns)  Path(ns)    Netlist Resource(s)
  -------------------------------------------------------------------    -------------------
                         (clock trainer_1khz rise edge)
                                                      0.000     0.000 r  <hidden>
    B6                                                0.000     0.000 r  clk
                         net (fo=0)                   0.000     0.000    clk
    B6                   IBUF (Prop_ibuf_I_O)         0.268     0.268 r  clk_IBUF_inst/O
                         net (fo=1, routed)           0.808     1.075    clk_IBUF
    BUFGCTRL_X0Y16       BUFG (Prop_bufg_I_O)         0.026     1.101 r  clk_IBUF_BUFG_inst/O
                         net (fo=17, routed)          0.583     1.684    core/CLK
    SLICE_X84Y123        FDRE                                         r  core/value_reg[1]/C
  -------------------------------------------------------------------    -------------------
    SLICE_X84Y123        FDRE (Prop_fdre_C_Q)         0.164     1.848 r  core/value_reg[1]/Q
                         net (fo=3, routed)           0.377     2.225    led_OBUF[1]
    M1                   OBUF (Prop_obuf_I_O)         1.242     3.468 r  led_OBUF[1]_inst/O
                         net (fo=0)                   0.000     3.468    led[1]
    M1                                                                r  led[1]
  -------------------------------------------------------------------    -------------------

Slack:                    inf
  Source:                 core/value_reg[3]/C
                            (rising edge-triggered cell FDRE clocked by trainer_1khz  {rise@0.000ns fall@500000.031ns period=1000000.000ns})
  Destination:            led[3]
                            (output port)
  Path Group:             (none)
  Path Type:              Min at Fast Process Corner
  Data Path Delay:        1.798ns  (logic 1.426ns (79.340%)  route 0.371ns (20.660%))
  Logic Levels:           1  (OBUF=1)
  Clock Uncertainty:      0.025ns  ((TSJ^2 + TIJ^2)^1/2 + DJ) / 2 + PE
    Total System Jitter     (TSJ):    0.050ns
    Total Input Jitter      (TIJ):    0.000ns
    Discrete Jitter          (DJ):    0.000ns
    Phase Error              (PE):    0.000ns

    Location             Delay type                Incr(ns)  Path(ns)    Netlist Resource(s)
  -------------------------------------------------------------------    -------------------
                         (clock trainer_1khz rise edge)
                                                      0.000     0.000 r  <hidden>
    B6                                                0.000     0.000 r  clk
                         net (fo=0)                   0.000     0.000    clk
    B6                   IBUF (Prop_ibuf_I_O)         0.268     0.268 r  clk_IBUF_inst/O
                         net (fo=1, routed)           0.808     1.075    clk_IBUF
    BUFGCTRL_X0Y16       BUFG (Prop_bufg_I_O)         0.026     1.101 r  clk_IBUF_BUFG_inst/O
                         net (fo=17, routed)          0.582     1.683    core/CLK
    SLICE_X84Y124        FDRE                                         r  core/value_reg[3]/C
  -------------------------------------------------------------------    -------------------
    SLICE_X84Y124        FDRE (Prop_fdre_C_Q)         0.148     1.831 r  core/value_reg[3]/Q
                         net (fo=3, routed)           0.371     2.202    led_OBUF[3]
    M7                   OBUF (Prop_obuf_I_O)         1.278     3.481 r  led_OBUF[3]_inst/O
                         net (fo=0)                   0.000     3.481    led[3]
    M7                                                                r  led[3]
  -------------------------------------------------------------------    -------------------

Slack:                    inf
  Source:                 core/value_reg[0]/C
                            (rising edge-triggered cell FDRE clocked by trainer_1khz  {rise@0.000ns fall@500000.031ns period=1000000.000ns})
  Destination:            led[0]
                            (output port)
  Path Group:             (none)
  Path Type:              Min at Fast Process Corner
  Data Path Delay:        1.904ns  (logic 1.383ns (72.608%)  route 0.522ns (27.392%))
  Logic Levels:           1  (OBUF=1)
  Clock Uncertainty:      0.025ns  ((TSJ^2 + TIJ^2)^1/2 + DJ) / 2 + PE
    Total System Jitter     (TSJ):    0.050ns
    Total Input Jitter      (TIJ):    0.000ns
    Discrete Jitter          (DJ):    0.000ns
    Phase Error              (PE):    0.000ns

    Location             Delay type                Incr(ns)  Path(ns)    Netlist Resource(s)
  -------------------------------------------------------------------    -------------------
                         (clock trainer_1khz rise edge)
                                                      0.000     0.000 r  <hidden>
    B6                                                0.000     0.000 r  clk
                         net (fo=0)                   0.000     0.000    clk
    B6                   IBUF (Prop_ibuf_I_O)         0.268     0.268 r  clk_IBUF_inst/O
                         net (fo=1, routed)           0.808     1.075    clk_IBUF
    BUFGCTRL_X0Y16       BUFG (Prop_bufg_I_O)         0.026     1.101 r  clk_IBUF_BUFG_inst/O
                         net (fo=17, routed)          0.582     1.683    core/CLK
    SLICE_X85Y124        FDRE                                         r  core/value_reg[0]/C
  -------------------------------------------------------------------    -------------------
    SLICE_X85Y124        FDRE (Prop_fdre_C_Q)         0.141     1.824 r  core/value_reg[0]/Q
                         net (fo=1, routed)           0.522     2.346    led_OBUF[0]
    N5                   OBUF (Prop_obuf_I_O)         1.242     3.587 r  led_OBUF[0]_inst/O
                         net (fo=0)                   0.000     3.587    led[0]
    N5                                                                r  led[0]
  -------------------------------------------------------------------    -------------------





