Copyright 1986-2022 Xilinx, Inc. All Rights Reserved. Copyright 2022-2026 Advanced Micro Devices, Inc. All Rights Reserved.
---------------------------------------------------------------------------------------------------------------------------------------------------------------------------------------------------------------------------------------------------
| Tool Version : Vivado v.2026.1 (win64) Build 6511674 Tue Jun 16 11:02:23 MDT 2026
| Date         : Sun Sep 13 19:50:46 2026
| Host         : harrylt running 64-bit major release  (build 9200)
| Command      : report_timing_summary -max_paths 10 -routable_nets -report_unconstrained -file lab2_register_timing_summary_routed.rpt -pb lab2_register_timing_summary_routed.pb -rpx lab2_register_timing_summary_routed.rpx -warn_on_violation
| Design       : lab2_register
| Device       : 7s75-fgga484
| Speed File   : -1  PRODUCTION 1.23 2018-06-13
| Design State : Routed
---------------------------------------------------------------------------------------------------------------------------------------------------------------------------------------------------------------------------------------------------

Timing Summary Report

------------------------------------------------------------------------------------------------
| Timer Settings
| --------------
------------------------------------------------------------------------------------------------

  Enable Multi Corner Analysis               :  Yes
  Enable Pessimism Removal                   :  Yes
  Pessimism Removal Resolution               :  Nearest Common Node
  Enable Input Delay Default Clock           :  No
  Enable Preset / Clear Arcs                 :  No
  Disable Flight Delays                      :  No
  Ignore I/O Paths                           :  No
  Timing Early Launch at Borrowing Latches   :  No
  Borrow Time for Max Delay Exceptions       :  Yes
  Merge Timing Exceptions                    :  Yes
  Inter-SLR Compensation                     :  Conservative

  Corner  Analyze    Analyze    
  Name    Max Paths  Min Paths  
  ------  ---------  ---------  
  Slow    Yes        Yes        
  Fast    Yes        Yes        


------------------------------------------------------------------------------------------------
| Report Methodology
| ------------------
------------------------------------------------------------------------------------------------

Rule       Severity  Description                    Violations  
---------  --------  -----------------------------  ----------  
TIMING-18  Warning   Missing input or output delay  8           

Note: This report is based on the most recent report_methodology run and may not be up-to-date. Run report_methodology on the current design for the latest report.



check_timing report

Table of Contents
-----------------
1. checking no_clock (0)
2. checking constant_clock (0)
3. checking pulse_width_clock (0)
4. checking unconstrained_internal_endpoints (0)
5. checking no_input_delay (8)
6. checking no_output_delay (8)
7. checking multiple_clock (0)
8. checking generated_clocks (0)
9. checking loops (0)
10. checking partial_input_delay (0)
11. checking partial_output_delay (0)
12. checking latch_loops (0)

1. checking no_clock (0)
------------------------
 There are 0 register/latch pins with no clock.


2. checking constant_clock (0)
------------------------------
 There are 0 register/latch pins with constant_clock.


3. checking pulse_width_clock (0)
---------------------------------
 There are 0 register/latch pins which need pulse_width check


4. checking unconstrained_internal_endpoints (0)
------------------------------------------------
 There are 0 pins that are not constrained for maximum delay.

 There are 0 pins that are not constrained for maximum delay due to constant clock.


5. checking no_input_delay (8)
------------------------------
 There are 0 input ports with no input delay specified.

 There are 8 input ports with no input delay but user has a false path constraint. (MEDIUM)


6. checking no_output_delay (8)
-------------------------------
 There are 8 ports with no output delay specified. (HIGH)

 There are 0 ports with no output delay but user has a false path constraint

 There are 0 ports with no output delay but with a timing clock defined on it or propagating through it


7. checking multiple_clock (0)
------------------------------
 There are 0 register/latch pins with multiple clocks.


8. checking generated_clocks (0)
--------------------------------
 There are 0 generated clocks that are not connected to a clock source.


9. checking loops (0)
---------------------
 There are 0 combinational loops in the design.


10. checking partial_input_delay (0)
------------------------------------
 There are 0 input ports with partial input delay specified.


11. checking partial_output_delay (0)
-------------------------------------
 There are 0 ports with partial output delay specified.


12. checking latch_loops (0)
----------------------------
 There are 0 combinational latch loops in the design through latch input



------------------------------------------------------------------------------------------------
| Design Timing Summary
| ---------------------
------------------------------------------------------------------------------------------------

    WNS(ns)      TNS(ns)  TNS Failing Endpoints  TNS Total Endpoints      WHS(ns)      THS(ns)  THS Failing Endpoints  THS Total Endpoints     WPWS(ns)     TPWS(ns)  TPWS Failing Endpoints  TPWS Total Endpoints  
    -------      -------  ---------------------  -------------------      -------      -------  ---------------------  -------------------     --------     --------  ----------------------  --------------------  
 999997.812        0.000                      0                   72        0.119        0.000                      0                   72   499999.375        0.000                       0                    36  


All user specified timing constraints are met.


------------------------------------------------------------------------------------------------
| Clock Summary
| -------------
------------------------------------------------------------------------------------------------

Clock         Waveform(ns)               Period(ns)      Frequency(MHz)
-----         ------------               ----------      --------------
trainer_1khz  {0.000 500000.031}         1000000.000     0.001           


------------------------------------------------------------------------------------------------
| Intra Clock Table
| -----------------
------------------------------------------------------------------------------------------------

Clock             WNS(ns)      TNS(ns)  TNS Failing Endpoints  TNS Total Endpoints      WHS(ns)      THS(ns)  THS Failing Endpoints  THS Total Endpoints     WPWS(ns)     TPWS(ns)  TPWS Failing Endpoints  TPWS Total Endpoints  
-----             -------      -------  ---------------------  -------------------      -------      -------  ---------------------  -------------------     --------     --------  ----------------------  --------------------  
trainer_1khz   999997.812        0.000                      0                   51        0.119        0.000                      0                   51   499999.375        0.000                       0                    36  


------------------------------------------------------------------------------------------------
| Inter Clock Table
| -----------------
------------------------------------------------------------------------------------------------

From Clock    To Clock          WNS(ns)      TNS(ns)  TNS Failing Endpoints  TNS Total Endpoints      WHS(ns)      THS(ns)  THS Failing Endpoints  THS Total Endpoints  
----------    --------          -------      -------  ---------------------  -------------------      -------      -------  ---------------------  -------------------  


------------------------------------------------------------------------------------------------
| Other Path Groups Table
| -----------------------
------------------------------------------------------------------------------------------------

Path Group         From Clock         To Clock               WNS(ns)      TNS(ns)  TNS Failing Endpoints  TNS Total Endpoints      WHS(ns)      THS(ns)  THS Failing Endpoints  THS Total Endpoints  
----------         ----------         --------               -------      -------  ---------------------  -------------------      -------      -------  ---------------------  -------------------  
**async_default**  trainer_1khz       trainer_1khz        999998.188        0.000                      0                   21        0.451        0.000                      0                   21  


------------------------------------------------------------------------------------------------
| User Ignored Path Table
| -----------------------
------------------------------------------------------------------------------------------------

Path Group    From Clock    To Clock    
----------    ----------    --------    
(none)                      trainer_1khz  


------------------------------------------------------------------------------------------------
| Unconstrained Path Table
| ------------------------
------------------------------------------------------------------------------------------------

Path Group    From Clock    To Clock    
----------    ----------    --------    
(none)        trainer_1khz                


------------------------------------------------------------------------------------------------
| Timing Details
| --------------
------------------------------------------------------------------------------------------------


---------------------------------------------------------------------------------------------------
From Clock:  trainer_1khz
  To Clock:  trainer_1khz

Setup :            0  Failing Endpoints,  Worst Slack   999997.812ns,  Total Violation        0.000ns
Hold  :            0  Failing Endpoints,  Worst Slack        0.119ns,  Total Violation        0.000ns
PW    :            0  Failing Endpoints,  Worst Slack   499999.375ns,  Total Violation        0.000ns
---------------------------------------------------------------------------------------------------


Max Delay Paths
--------------------------------------------------------------------------------------
Slack (MET) :             999997.812ns  (required time - arrival time)
  Source:                 inputs/count_reg[1]/C
                            (rising edge-triggered cell FDCE clocked by trainer_1khz  {rise@0.000ns fall@500000.031ns period=1000000.000ns})
  Destination:            inputs/press_reg/D
                            (rising edge-triggered cell FDCE clocked by trainer_1khz  {rise@0.000ns fall@500000.031ns period=1000000.000ns})
  Path Group:             trainer_1khz
  Path Type:              Setup (Max at Slow Process Corner)
  Requirement:            1000000.062ns  (trainer_1khz rise@1000000.062ns - trainer_1khz rise@0.000ns)
  Data Path Delay:        2.052ns  (logic 0.704ns (34.300%)  route 1.348ns (65.700%))
  Logic Levels:           2  (LUT2=1 LUT6=1)
  Clock Path Skew:        -0.026ns (DCD - SCD + CPR)
    Destination Clock Delay (DCD):    5.293ns = ( 1000005.375 - 1000000.062 ) 
    Source Clock Delay      (SCD):    5.609ns
    Clock Pessimism Removal (CPR):    0.290ns
  Clock Uncertainty:      0.035ns  ((TSJ^2 + TIJ^2)^1/2 + DJ) / 2 + PE
    Total System Jitter     (TSJ):    0.071ns
    Total Input Jitter      (TIJ):    0.000ns
    Discrete Jitter          (DJ):    0.000ns
    Phase Error              (PE):    0.000ns

    Location             Delay type                Incr(ns)  Path(ns)    Netlist Resource(s)
  -------------------------------------------------------------------    -------------------
                         (clock trainer_1khz rise edge)
                                                      0.000     0.000 r  <hidden>
    B6                                                0.000     0.000 r  clk
                         net (fo=0)                   0.000     0.000    clk
    B6                   IBUF (Prop_ibuf_I_O)         1.500     1.500 r  clk_IBUF_inst/O
                         net (fo=1, routed)           2.315     3.815    clk_IBUF
    BUFGCTRL_X0Y16       BUFG (Prop_bufg_I_O)         0.096     3.911 r  clk_IBUF_BUFG_inst/O
                         net (fo=35, routed)          1.698     5.609    inputs/CLK
    SLICE_X85Y110        FDCE                                         r  inputs/count_reg[1]/C
  -------------------------------------------------------------------    -------------------
    SLICE_X85Y110        FDCE (Prop_fdce_C_Q)         0.456     6.065 r  inputs/count_reg[1]/Q
                         net (fo=6, routed)           0.985     7.051    inputs/count[1]
    SLICE_X83Y111        LUT2 (Prop_lut2_I1_O)        0.124     7.175 f  inputs/press_i_2/O
                         net (fo=1, routed)           0.363     7.538    inputs/press_i_2_n_0
    SLICE_X83Y111        LUT6 (Prop_lut6_I0_O)        0.124     7.662 r  inputs/press_i_1/O
                         net (fo=1, routed)           0.000     7.662    inputs/press_i_1_n_0
    SLICE_X83Y111        FDCE                                         r  inputs/press_reg/D
  -------------------------------------------------------------------    -------------------

                         (clock trainer_1khz rise edge)
                                                  1000000.062 1000000.062 r  <hidden>
    B6                                                0.000 1000000.062 r  clk
                         net (fo=0)                   0.000 1000000.062    clk
    B6                   IBUF (Prop_ibuf_I_O)         1.429 1000001.500 r  clk_IBUF_inst/O
                         net (fo=1, routed)           2.196 1000003.688    clk_IBUF
    BUFGCTRL_X0Y16       BUFG (Prop_bufg_I_O)         0.091 1000003.750 r  clk_IBUF_BUFG_inst/O
                         net (fo=35, routed)          1.577 1000005.312    inputs/CLK
    SLICE_X83Y111        FDCE                                         r  inputs/press_reg/C
                         clock pessimism              0.290 1000005.625    <hidden>
                         clock uncertainty           -0.035 1000005.562    <hidden>
    SLICE_X83Y111        FDCE (Setup_fdce_C_D)        0.031 1000005.562    inputs/press_reg
  -------------------------------------------------------------------
                         required time                      1000005.500    <hidden>
                         arrival time                          -7.662    <hidden>
  -------------------------------------------------------------------
                         slack                              999997.812    <hidden>

Slack (MET) :             999997.938ns  (required time - arrival time)
  Source:                 inputs/sw_sync_reg[0]/C
                            (rising edge-triggered cell FDCE clocked by trainer_1khz  {rise@0.000ns fall@500000.031ns period=1000000.000ns})
  Destination:            core/stored_reg[0]/CE
                            (rising edge-triggered cell FDRE clocked by trainer_1khz  {rise@0.000ns fall@500000.031ns period=1000000.000ns})
  Path Group:             trainer_1khz
  Path Type:              Setup (Max at Slow Process Corner)
  Requirement:            1000000.062ns  (trainer_1khz rise@1000000.062ns - trainer_1khz rise@0.000ns)
  Data Path Delay:        1.890ns  (logic 0.718ns (37.994%)  route 1.172ns (62.006%))
  Logic Levels:           1  (LUT2=1)
  Clock Path Skew:        -0.025ns (DCD - SCD + CPR)
    Destination Clock Delay (DCD):    5.292ns = ( 1000005.375 - 1000000.062 ) 
    Source Clock Delay      (SCD):    5.607ns
    Clock Pessimism Removal (CPR):    0.290ns
  Clock Uncertainty:      0.035ns  ((TSJ^2 + TIJ^2)^1/2 + DJ) / 2 + PE
    Total System Jitter     (TSJ):    0.071ns
    Total Input Jitter      (TIJ):    0.000ns
    Discrete Jitter          (DJ):    0.000ns
    Phase Error              (PE):    0.000ns

    Location             Delay type                Incr(ns)  Path(ns)    Netlist Resource(s)
  -------------------------------------------------------------------    -------------------
                         (clock trainer_1khz rise edge)
                                                      0.000     0.000 r  <hidden>
    B6                                                0.000     0.000 r  clk
                         net (fo=0)                   0.000     0.000    clk
    B6                   IBUF (Prop_ibuf_I_O)         1.500     1.500 r  clk_IBUF_inst/O
                         net (fo=1, routed)           2.315     3.815    clk_IBUF
    BUFGCTRL_X0Y16       BUFG (Prop_bufg_I_O)         0.096     3.911 r  clk_IBUF_BUFG_inst/O
                         net (fo=35, routed)          1.696     5.607    inputs/CLK
    SLICE_X83Y112        FDCE                                         r  inputs/sw_sync_reg[0]/C
  -------------------------------------------------------------------    -------------------
    SLICE_X83Y112        FDCE (Prop_fdce_C_Q)         0.419     6.026 r  inputs/sw_sync_reg[0]/Q
                         net (fo=1, routed)           0.849     6.875    inputs/sw_sync[0]
    SLICE_X83Y112        LUT2 (Prop_lut2_I1_O)        0.299     7.174 r  inputs/stored[3]_i_1/O
                         net (fo=8, routed)           0.323     7.497    core/E[0]
    SLICE_X84Y112        FDRE                                         r  core/stored_reg[0]/CE
  -------------------------------------------------------------------    -------------------

                         (clock trainer_1khz rise edge)
                                                  1000000.062 1000000.062 r  <hidden>
    B6                                                0.000 1000000.062 r  clk
                         net (fo=0)                   0.000 1000000.062    clk
    B6                   IBUF (Prop_ibuf_I_O)         1.429 1000001.500 r  clk_IBUF_inst/O
                         net (fo=1, routed)           2.196 1000003.688    clk_IBUF
    BUFGCTRL_X0Y16       BUFG (Prop_bufg_I_O)         0.091 1000003.750 r  clk_IBUF_BUFG_inst/O
                         net (fo=35, routed)          1.576 1000005.312    core/CLK
    SLICE_X84Y112        FDRE                                         r  core/stored_reg[0]/C
                         clock pessimism              0.290 1000005.625    <hidden>
                         clock uncertainty           -0.035 1000005.562    <hidden>
    SLICE_X84Y112        FDRE (Setup_fdre_C_CE)      -0.169 1000005.375    core/stored_reg[0]
  -------------------------------------------------------------------
                         required time                      1000005.375    <hidden>
                         arrival time                          -7.497    <hidden>
  -------------------------------------------------------------------
                         slack                              999997.938    <hidden>

Slack (MET) :             999997.938ns  (required time - arrival time)
  Source:                 inputs/sw_sync_reg[0]/C
                            (rising edge-triggered cell FDCE clocked by trainer_1khz  {rise@0.000ns fall@500000.031ns period=1000000.000ns})
  Destination:            core/stored_reg[0]_lopt_replica/CE
                            (rising edge-triggered cell FDRE clocked by trainer_1khz  {rise@0.000ns fall@500000.031ns period=1000000.000ns})
  Path Group:             trainer_1khz
  Path Type:              Setup (Max at Slow Process Corner)
  Requirement:            1000000.062ns  (trainer_1khz rise@1000000.062ns - trainer_1khz rise@0.000ns)
  Data Path Delay:        1.890ns  (logic 0.718ns (37.994%)  route 1.172ns (62.006%))
  Logic Levels:           1  (LUT2=1)
  Clock Path Skew:        -0.025ns (DCD - SCD + CPR)
    Destination Clock Delay (DCD):    5.292ns = ( 1000005.375 - 1000000.062 ) 
    Source Clock Delay      (SCD):    5.607ns
    Clock Pessimism Removal (CPR):    0.290ns
  Clock Uncertainty:      0.035ns  ((TSJ^2 + TIJ^2)^1/2 + DJ) / 2 + PE
    Total System Jitter     (TSJ):    0.071ns
    Total Input Jitter      (TIJ):    0.000ns
    Discrete Jitter          (DJ):    0.000ns
    Phase Error              (PE):    0.000ns

    Location             Delay type                Incr(ns)  Path(ns)    Netlist Resource(s)
  -------------------------------------------------------------------    -------------------
                         (clock trainer_1khz rise edge)
                                                      0.000     0.000 r  <hidden>
    B6                                                0.000     0.000 r  clk
                         net (fo=0)                   0.000     0.000    clk
    B6                   IBUF (Prop_ibuf_I_O)         1.500     1.500 r  clk_IBUF_inst/O
                         net (fo=1, routed)           2.315     3.815    clk_IBUF
    BUFGCTRL_X0Y16       BUFG (Prop_bufg_I_O)         0.096     3.911 r  clk_IBUF_BUFG_inst/O
                         net (fo=35, routed)          1.696     5.607    inputs/CLK
    SLICE_X83Y112        FDCE                                         r  inputs/sw_sync_reg[0]/C
  -------------------------------------------------------------------    -------------------
    SLICE_X83Y112        FDCE (Prop_fdce_C_Q)         0.419     6.026 r  inputs/sw_sync_reg[0]/Q
                         net (fo=1, routed)           0.849     6.875    inputs/sw_sync[0]
    SLICE_X83Y112        LUT2 (Prop_lut2_I1_O)        0.299     7.174 r  inputs/stored[3]_i_1/O
                         net (fo=8, routed)           0.323     7.497    core/E[0]
    SLICE_X84Y112        FDRE                                         r  core/stored_reg[0]_lopt_replica/CE
  -------------------------------------------------------------------    -------------------

                         (clock trainer_1khz rise edge)
                                                  1000000.062 1000000.062 r  <hidden>
    B6                                                0.000 1000000.062 r  clk
                         net (fo=0)                   0.000 1000000.062    clk
    B6                   IBUF (Prop_ibuf_I_O)         1.429 1000001.500 r  clk_IBUF_inst/O
                         net (fo=1, routed)           2.196 1000003.688    clk_IBUF
    BUFGCTRL_X0Y16       BUFG (Prop_bufg_I_O)         0.091 1000003.750 r  clk_IBUF_BUFG_inst/O
                         net (fo=35, routed)          1.576 1000005.312    core/CLK
    SLICE_X84Y112        FDRE                                         r  core/stored_reg[0]_lopt_replica/C
                         clock pessimism              0.290 1000005.625    <hidden>
                         clock uncertainty           -0.035 1000005.562    <hidden>
    SLICE_X84Y112        FDRE (Setup_fdre_C_CE)      -0.169 1000005.375    core/stored_reg[0]_lopt_replica
  -------------------------------------------------------------------
                         required time                      1000005.375    <hidden>
                         arrival time                          -7.497    <hidden>
  -------------------------------------------------------------------
                         slack                              999997.938    <hidden>

Slack (MET) :             999997.938ns  (required time - arrival time)
  Source:                 inputs/sw_sync_reg[0]/C
                            (rising edge-triggered cell FDCE clocked by trainer_1khz  {rise@0.000ns fall@500000.031ns period=1000000.000ns})
  Destination:            core/stored_reg[1]/CE
                            (rising edge-triggered cell FDRE clocked by trainer_1khz  {rise@0.000ns fall@500000.031ns period=1000000.000ns})
  Path Group:             trainer_1khz
  Path Type:              Setup (Max at Slow Process Corner)
  Requirement:            1000000.062ns  (trainer_1khz rise@1000000.062ns - trainer_1khz rise@0.000ns)
  Data Path Delay:        1.890ns  (logic 0.718ns (37.994%)  route 1.172ns (62.006%))
  Logic Levels:           1  (LUT2=1)
  Clock Path Skew:        -0.025ns (DCD - SCD + CPR)
    Destination Clock Delay (DCD):    5.292ns = ( 1000005.375 - 1000000.062 ) 
    Source Clock Delay      (SCD):    5.607ns
    Clock Pessimism Removal (CPR):    0.290ns
  Clock Uncertainty:      0.035ns  ((TSJ^2 + TIJ^2)^1/2 + DJ) / 2 + PE
    Total System Jitter     (TSJ):    0.071ns
    Total Input Jitter      (TIJ):    0.000ns
    Discrete Jitter          (DJ):    0.000ns
    Phase Error              (PE):    0.000ns

    Location             Delay type                Incr(ns)  Path(ns)    Netlist Resource(s)
  -------------------------------------------------------------------    -------------------
                         (clock trainer_1khz rise edge)
                                                      0.000     0.000 r  <hidden>
    B6                                                0.000     0.000 r  clk
                         net (fo=0)                   0.000     0.000    clk
    B6                   IBUF (Prop_ibuf_I_O)         1.500     1.500 r  clk_IBUF_inst/O
                         net (fo=1, routed)           2.315     3.815    clk_IBUF
    BUFGCTRL_X0Y16       BUFG (Prop_bufg_I_O)         0.096     3.911 r  clk_IBUF_BUFG_inst/O
                         net (fo=35, routed)          1.696     5.607    inputs/CLK
    SLICE_X83Y112        FDCE                                         r  inputs/sw_sync_reg[0]/C
  -------------------------------------------------------------------    -------------------
    SLICE_X83Y112        FDCE (Prop_fdce_C_Q)         0.419     6.026 r  inputs/sw_sync_reg[0]/Q
                         net (fo=1, routed)           0.849     6.875    inputs/sw_sync[0]
    SLICE_X83Y112        LUT2 (Prop_lut2_I1_O)        0.299     7.174 r  inputs/stored[3]_i_1/O
                         net (fo=8, routed)           0.323     7.497    core/E[0]
    SLICE_X84Y112        FDRE                                         r  core/stored_reg[1]/CE
  -------------------------------------------------------------------    -------------------

                         (clock trainer_1khz rise edge)
                                                  1000000.062 1000000.062 r  <hidden>
    B6                                                0.000 1000000.062 r  clk
                         net (fo=0)                   0.000 1000000.062    clk
    B6                   IBUF (Prop_ibuf_I_O)         1.429 1000001.500 r  clk_IBUF_inst/O
                         net (fo=1, routed)           2.196 1000003.688    clk_IBUF
    BUFGCTRL_X0Y16       BUFG (Prop_bufg_I_O)         0.091 1000003.750 r  clk_IBUF_BUFG_inst/O
                         net (fo=35, routed)          1.576 1000005.312    core/CLK
    SLICE_X84Y112        FDRE                                         r  core/stored_reg[1]/C
                         clock pessimism              0.290 1000005.625    <hidden>
                         clock uncertainty           -0.035 1000005.562    <hidden>
    SLICE_X84Y112        FDRE (Setup_fdre_C_CE)      -0.169 1000005.375    core/stored_reg[1]
  -------------------------------------------------------------------
                         required time                      1000005.375    <hidden>
                         arrival time                          -7.497    <hidden>
  -------------------------------------------------------------------
                         slack                              999997.938    <hidden>

Slack (MET) :             999997.938ns  (required time - arrival time)
  Source:                 inputs/sw_sync_reg[0]/C
                            (rising edge-triggered cell FDCE clocked by trainer_1khz  {rise@0.000ns fall@500000.031ns period=1000000.000ns})
  Destination:            core/stored_reg[1]_lopt_replica/CE
                            (rising edge-triggered cell FDRE clocked by trainer_1khz  {rise@0.000ns fall@500000.031ns period=1000000.000ns})
  Path Group:             trainer_1khz
  Path Type:              Setup (Max at Slow Process Corner)
  Requirement:            1000000.062ns  (trainer_1khz rise@1000000.062ns - trainer_1khz rise@0.000ns)
  Data Path Delay:        1.890ns  (logic 0.718ns (37.994%)  route 1.172ns (62.006%))
  Logic Levels:           1  (LUT2=1)
  Clock Path Skew:        -0.025ns (DCD - SCD + CPR)
    Destination Clock Delay (DCD):    5.292ns = ( 1000005.375 - 1000000.062 ) 
    Source Clock Delay      (SCD):    5.607ns
    Clock Pessimism Removal (CPR):    0.290ns
  Clock Uncertainty:      0.035ns  ((TSJ^2 + TIJ^2)^1/2 + DJ) / 2 + PE
    Total System Jitter     (TSJ):    0.071ns
    Total Input Jitter      (TIJ):    0.000ns
    Discrete Jitter          (DJ):    0.000ns
    Phase Error              (PE):    0.000ns

    Location             Delay type                Incr(ns)  Path(ns)    Netlist Resource(s)
  -------------------------------------------------------------------    -------------------
                         (clock trainer_1khz rise edge)
                                                      0.000     0.000 r  <hidden>
    B6                                                0.000     0.000 r  clk
                         net (fo=0)                   0.000     0.000    clk
    B6                   IBUF (Prop_ibuf_I_O)         1.500     1.500 r  clk_IBUF_inst/O
                         net (fo=1, routed)           2.315     3.815    clk_IBUF
    BUFGCTRL_X0Y16       BUFG (Prop_bufg_I_O)         0.096     3.911 r  clk_IBUF_BUFG_inst/O
                         net (fo=35, routed)          1.696     5.607    inputs/CLK
    SLICE_X83Y112        FDCE                                         r  inputs/sw_sync_reg[0]/C
  -------------------------------------------------------------------    -------------------
    SLICE_X83Y112        FDCE (Prop_fdce_C_Q)         0.419     6.026 r  inputs/sw_sync_reg[0]/Q
                         net (fo=1, routed)           0.849     6.875    inputs/sw_sync[0]
    SLICE_X83Y112        LUT2 (Prop_lut2_I1_O)        0.299     7.174 r  inputs/stored[3]_i_1/O
                         net (fo=8, routed)           0.323     7.497    core/E[0]
    SLICE_X84Y112        FDRE                                         r  core/stored_reg[1]_lopt_replica/CE
  -------------------------------------------------------------------    -------------------

                         (clock trainer_1khz rise edge)
                                                  1000000.062 1000000.062 r  <hidden>
    B6                                                0.000 1000000.062 r  clk
                         net (fo=0)                   0.000 1000000.062    clk
    B6                   IBUF (Prop_ibuf_I_O)         1.429 1000001.500 r  clk_IBUF_inst/O
                         net (fo=1, routed)           2.196 1000003.688    clk_IBUF
    BUFGCTRL_X0Y16       BUFG (Prop_bufg_I_O)         0.091 1000003.750 r  clk_IBUF_BUFG_inst/O
                         net (fo=35, routed)          1.576 1000005.312    core/CLK
    SLICE_X84Y112        FDRE                                         r  core/stored_reg[1]_lopt_replica/C
                         clock pessimism              0.290 1000005.625    <hidden>
                         clock uncertainty           -0.035 1000005.562    <hidden>
    SLICE_X84Y112        FDRE (Setup_fdre_C_CE)      -0.169 1000005.375    core/stored_reg[1]_lopt_replica
  -------------------------------------------------------------------
                         required time                      1000005.375    <hidden>
                         arrival time                          -7.497    <hidden>
  -------------------------------------------------------------------
                         slack                              999997.938    <hidden>

Slack (MET) :             999997.938ns  (required time - arrival time)
  Source:                 inputs/sw_sync_reg[0]/C
                            (rising edge-triggered cell FDCE clocked by trainer_1khz  {rise@0.000ns fall@500000.031ns period=1000000.000ns})
  Destination:            core/stored_reg[2]/CE
                            (rising edge-triggered cell FDRE clocked by trainer_1khz  {rise@0.000ns fall@500000.031ns period=1000000.000ns})
  Path Group:             trainer_1khz
  Path Type:              Setup (Max at Slow Process Corner)
  Requirement:            1000000.062ns  (trainer_1khz rise@1000000.062ns - trainer_1khz rise@0.000ns)
  Data Path Delay:        1.890ns  (logic 0.718ns (37.994%)  route 1.172ns (62.006%))
  Logic Levels:           1  (LUT2=1)
  Clock Path Skew:        -0.025ns (DCD - SCD + CPR)
    Destination Clock Delay (DCD):    5.292ns = ( 1000005.375 - 1000000.062 ) 
    Source Clock Delay      (SCD):    5.607ns
    Clock Pessimism Removal (CPR):    0.290ns
  Clock Uncertainty:      0.035ns  ((TSJ^2 + TIJ^2)^1/2 + DJ) / 2 + PE
    Total System Jitter     (TSJ):    0.071ns
    Total Input Jitter      (TIJ):    0.000ns
    Discrete Jitter          (DJ):    0.000ns
    Phase Error              (PE):    0.000ns

    Location             Delay type                Incr(ns)  Path(ns)    Netlist Resource(s)
  -------------------------------------------------------------------    -------------------
                         (clock trainer_1khz rise edge)
                                                      0.000     0.000 r  <hidden>
    B6                                                0.000     0.000 r  clk
                         net (fo=0)                   0.000     0.000    clk
    B6                   IBUF (Prop_ibuf_I_O)         1.500     1.500 r  clk_IBUF_inst/O
                         net (fo=1, routed)           2.315     3.815    clk_IBUF
    BUFGCTRL_X0Y16       BUFG (Prop_bufg_I_O)         0.096     3.911 r  clk_IBUF_BUFG_inst/O
                         net (fo=35, routed)          1.696     5.607    inputs/CLK
    SLICE_X83Y112        FDCE                                         r  inputs/sw_sync_reg[0]/C
  -------------------------------------------------------------------    -------------------
    SLICE_X83Y112        FDCE (Prop_fdce_C_Q)         0.419     6.026 r  inputs/sw_sync_reg[0]/Q
                         net (fo=1, routed)           0.849     6.875    inputs/sw_sync[0]
    SLICE_X83Y112        LUT2 (Prop_lut2_I1_O)        0.299     7.174 r  inputs/stored[3]_i_1/O
                         net (fo=8, routed)           0.323     7.497    core/E[0]
    SLICE_X84Y112        FDRE                                         r  core/stored_reg[2]/CE
  -------------------------------------------------------------------    -------------------

                         (clock trainer_1khz rise edge)
                                                  1000000.062 1000000.062 r  <hidden>
    B6                                                0.000 1000000.062 r  clk
                         net (fo=0)                   0.000 1000000.062    clk
    B6                   IBUF (Prop_ibuf_I_O)         1.429 1000001.500 r  clk_IBUF_inst/O
                         net (fo=1, routed)           2.196 1000003.688    clk_IBUF
    BUFGCTRL_X0Y16       BUFG (Prop_bufg_I_O)         0.091 1000003.750 r  clk_IBUF_BUFG_inst/O
                         net (fo=35, routed)          1.576 1000005.312    core/CLK
    SLICE_X84Y112        FDRE                                         r  core/stored_reg[2]/C
                         clock pessimism              0.290 1000005.625    <hidden>
                         clock uncertainty           -0.035 1000005.562    <hidden>
    SLICE_X84Y112        FDRE (Setup_fdre_C_CE)      -0.169 1000005.375    core/stored_reg[2]
  -------------------------------------------------------------------
                         required time                      1000005.375    <hidden>
                         arrival time                          -7.497    <hidden>
  -------------------------------------------------------------------
                         slack                              999997.938    <hidden>

Slack (MET) :             999997.938ns  (required time - arrival time)
  Source:                 inputs/sw_sync_reg[0]/C
                            (rising edge-triggered cell FDCE clocked by trainer_1khz  {rise@0.000ns fall@500000.031ns period=1000000.000ns})
  Destination:            core/stored_reg[2]_lopt_replica/CE
                            (rising edge-triggered cell FDRE clocked by trainer_1khz  {rise@0.000ns fall@500000.031ns period=1000000.000ns})
  Path Group:             trainer_1khz
  Path Type:              Setup (Max at Slow Process Corner)
  Requirement:            1000000.062ns  (trainer_1khz rise@1000000.062ns - trainer_1khz rise@0.000ns)
  Data Path Delay:        1.890ns  (logic 0.718ns (37.994%)  route 1.172ns (62.006%))
  Logic Levels:           1  (LUT2=1)
  Clock Path Skew:        -0.025ns (DCD - SCD + CPR)
    Destination Clock Delay (DCD):    5.292ns = ( 1000005.375 - 1000000.062 ) 
    Source Clock Delay      (SCD):    5.607ns
    Clock Pessimism Removal (CPR):    0.290ns
  Clock Uncertainty:      0.035ns  ((TSJ^2 + TIJ^2)^1/2 + DJ) / 2 + PE
    Total System Jitter     (TSJ):    0.071ns
    Total Input Jitter      (TIJ):    0.000ns
    Discrete Jitter          (DJ):    0.000ns
    Phase Error              (PE):    0.000ns

    Location             Delay type                Incr(ns)  Path(ns)    Netlist Resource(s)
  -------------------------------------------------------------------    -------------------
                         (clock trainer_1khz rise edge)
                                                      0.000     0.000 r  <hidden>
    B6                                                0.000     0.000 r  clk
                         net (fo=0)                   0.000     0.000    clk
    B6                   IBUF (Prop_ibuf_I_O)         1.500     1.500 r  clk_IBUF_inst/O
                         net (fo=1, routed)           2.315     3.815    clk_IBUF
    BUFGCTRL_X0Y16       BUFG (Prop_bufg_I_O)         0.096     3.911 r  clk_IBUF_BUFG_inst/O
                         net (fo=35, routed)          1.696     5.607    inputs/CLK
    SLICE_X83Y112        FDCE                                         r  inputs/sw_sync_reg[0]/C
  -------------------------------------------------------------------    -------------------
    SLICE_X83Y112        FDCE (Prop_fdce_C_Q)         0.419     6.026 r  inputs/sw_sync_reg[0]/Q
                         net (fo=1, routed)           0.849     6.875    inputs/sw_sync[0]
    SLICE_X83Y112        LUT2 (Prop_lut2_I1_O)        0.299     7.174 r  inputs/stored[3]_i_1/O
                         net (fo=8, routed)           0.323     7.497    core/E[0]
    SLICE_X84Y112        FDRE                                         r  core/stored_reg[2]_lopt_replica/CE
  -------------------------------------------------------------------    -------------------

                         (clock trainer_1khz rise edge)
                                                  1000000.062 1000000.062 r  <hidden>
    B6                                                0.000 1000000.062 r  clk
                         net (fo=0)                   0.000 1000000.062    clk
    B6                   IBUF (Prop_ibuf_I_O)         1.429 1000001.500 r  clk_IBUF_inst/O
                         net (fo=1, routed)           2.196 1000003.688    clk_IBUF
    BUFGCTRL_X0Y16       BUFG (Prop_bufg_I_O)         0.091 1000003.750 r  clk_IBUF_BUFG_inst/O
                         net (fo=35, routed)          1.576 1000005.312    core/CLK
    SLICE_X84Y112        FDRE                                         r  core/stored_reg[2]_lopt_replica/C
                         clock pessimism              0.290 1000005.625    <hidden>
                         clock uncertainty           -0.035 1000005.562    <hidden>
    SLICE_X84Y112        FDRE (Setup_fdre_C_CE)      -0.169 1000005.375    core/stored_reg[2]_lopt_replica
  -------------------------------------------------------------------
                         required time                      1000005.375    <hidden>
                         arrival time                          -7.497    <hidden>
  -------------------------------------------------------------------
                         slack                              999997.938    <hidden>

Slack (MET) :             999997.938ns  (required time - arrival time)
  Source:                 inputs/sw_sync_reg[0]/C
                            (rising edge-triggered cell FDCE clocked by trainer_1khz  {rise@0.000ns fall@500000.031ns period=1000000.000ns})
  Destination:            core/stored_reg[3]/CE
                            (rising edge-triggered cell FDRE clocked by trainer_1khz  {rise@0.000ns fall@500000.031ns period=1000000.000ns})
  Path Group:             trainer_1khz
  Path Type:              Setup (Max at Slow Process Corner)
  Requirement:            1000000.062ns  (trainer_1khz rise@1000000.062ns - trainer_1khz rise@0.000ns)
  Data Path Delay:        1.890ns  (logic 0.718ns (37.994%)  route 1.172ns (62.006%))
  Logic Levels:           1  (LUT2=1)
  Clock Path Skew:        -0.025ns (DCD - SCD + CPR)
    Destination Clock Delay (DCD):    5.292ns = ( 1000005.375 - 1000000.062 ) 
    Source Clock Delay      (SCD):    5.607ns
    Clock Pessimism Removal (CPR):    0.290ns
  Clock Uncertainty:      0.035ns  ((TSJ^2 + TIJ^2)^1/2 + DJ) / 2 + PE
    Total System Jitter     (TSJ):    0.071ns
    Total Input Jitter      (TIJ):    0.000ns
    Discrete Jitter          (DJ):    0.000ns
    Phase Error              (PE):    0.000ns

    Location             Delay type                Incr(ns)  Path(ns)    Netlist Resource(s)
  -------------------------------------------------------------------    -------------------
                         (clock trainer_1khz rise edge)
                                                      0.000     0.000 r  <hidden>
    B6                                                0.000     0.000 r  clk
                         net (fo=0)                   0.000     0.000    clk
    B6                   IBUF (Prop_ibuf_I_O)         1.500     1.500 r  clk_IBUF_inst/O
                         net (fo=1, routed)           2.315     3.815    clk_IBUF
    BUFGCTRL_X0Y16       BUFG (Prop_bufg_I_O)         0.096     3.911 r  clk_IBUF_BUFG_inst/O
                         net (fo=35, routed)          1.696     5.607    inputs/CLK
    SLICE_X83Y112        FDCE                                         r  inputs/sw_sync_reg[0]/C
  -------------------------------------------------------------------    -------------------
    SLICE_X83Y112        FDCE (Prop_fdce_C_Q)         0.419     6.026 r  inputs/sw_sync_reg[0]/Q
                         net (fo=1, routed)           0.849     6.875    inputs/sw_sync[0]
    SLICE_X83Y112        LUT2 (Prop_lut2_I1_O)        0.299     7.174 r  inputs/stored[3]_i_1/O
                         net (fo=8, routed)           0.323     7.497    core/E[0]
    SLICE_X84Y112        FDRE                                         r  core/stored_reg[3]/CE
  -------------------------------------------------------------------    -------------------

                         (clock trainer_1khz rise edge)
                                                  1000000.062 1000000.062 r  <hidden>
    B6                                                0.000 1000000.062 r  clk
                         net (fo=0)                   0.000 1000000.062    clk
    B6                   IBUF (Prop_ibuf_I_O)         1.429 1000001.500 r  clk_IBUF_inst/O
                         net (fo=1, routed)           2.196 1000003.688    clk_IBUF
    BUFGCTRL_X0Y16       BUFG (Prop_bufg_I_O)         0.091 1000003.750 r  clk_IBUF_BUFG_inst/O
                         net (fo=35, routed)          1.576 1000005.312    core/CLK
    SLICE_X84Y112        FDRE                                         r  core/stored_reg[3]/C
                         clock pessimism              0.290 1000005.625    <hidden>
                         clock uncertainty           -0.035 1000005.562    <hidden>
    SLICE_X84Y112        FDRE (Setup_fdre_C_CE)      -0.169 1000005.375    core/stored_reg[3]
  -------------------------------------------------------------------
                         required time                      1000005.375    <hidden>
                         arrival time                          -7.497    <hidden>
  -------------------------------------------------------------------
                         slack                              999997.938    <hidden>

Slack (MET) :             999997.938ns  (required time - arrival time)
  Source:                 inputs/sw_sync_reg[0]/C
                            (rising edge-triggered cell FDCE clocked by trainer_1khz  {rise@0.000ns fall@500000.031ns period=1000000.000ns})
  Destination:            core/stored_reg[3]_lopt_replica/CE
                            (rising edge-triggered cell FDRE clocked by trainer_1khz  {rise@0.000ns fall@500000.031ns period=1000000.000ns})
  Path Group:             trainer_1khz
  Path Type:              Setup (Max at Slow Process Corner)
  Requirement:            1000000.062ns  (trainer_1khz rise@1000000.062ns - trainer_1khz rise@0.000ns)
  Data Path Delay:        1.890ns  (logic 0.718ns (37.994%)  route 1.172ns (62.006%))
  Logic Levels:           1  (LUT2=1)
  Clock Path Skew:        -0.025ns (DCD - SCD + CPR)
    Destination Clock Delay (DCD):    5.292ns = ( 1000005.375 - 1000000.062 ) 
    Source Clock Delay      (SCD):    5.607ns
    Clock Pessimism Removal (CPR):    0.290ns
  Clock Uncertainty:      0.035ns  ((TSJ^2 + TIJ^2)^1/2 + DJ) / 2 + PE
    Total System Jitter     (TSJ):    0.071ns
    Total Input Jitter      (TIJ):    0.000ns
    Discrete Jitter          (DJ):    0.000ns
    Phase Error              (PE):    0.000ns

    Location             Delay type                Incr(ns)  Path(ns)    Netlist Resource(s)
  -------------------------------------------------------------------    -------------------
                         (clock trainer_1khz rise edge)
                                                      0.000     0.000 r  <hidden>
    B6                                                0.000     0.000 r  clk
                         net (fo=0)                   0.000     0.000    clk
    B6                   IBUF (Prop_ibuf_I_O)         1.500     1.500 r  clk_IBUF_inst/O
                         net (fo=1, routed)           2.315     3.815    clk_IBUF
    BUFGCTRL_X0Y16       BUFG (Prop_bufg_I_O)         0.096     3.911 r  clk_IBUF_BUFG_inst/O
                         net (fo=35, routed)          1.696     5.607    inputs/CLK
    SLICE_X83Y112        FDCE                                         r  inputs/sw_sync_reg[0]/C
  -------------------------------------------------------------------    -------------------
    SLICE_X83Y112        FDCE (Prop_fdce_C_Q)         0.419     6.026 r  inputs/sw_sync_reg[0]/Q
                         net (fo=1, routed)           0.849     6.875    inputs/sw_sync[0]
    SLICE_X83Y112        LUT2 (Prop_lut2_I1_O)        0.299     7.174 r  inputs/stored[3]_i_1/O
                         net (fo=8, routed)           0.323     7.497    core/E[0]
    SLICE_X84Y112        FDRE                                         r  core/stored_reg[3]_lopt_replica/CE
  -------------------------------------------------------------------    -------------------

                         (clock trainer_1khz rise edge)
                                                  1000000.062 1000000.062 r  <hidden>
    B6                                                0.000 1000000.062 r  clk
                         net (fo=0)                   0.000 1000000.062    clk
    B6                   IBUF (Prop_ibuf_I_O)         1.429 1000001.500 r  clk_IBUF_inst/O
                         net (fo=1, routed)           2.196 1000003.688    clk_IBUF
    BUFGCTRL_X0Y16       BUFG (Prop_bufg_I_O)         0.091 1000003.750 r  clk_IBUF_BUFG_inst/O
                         net (fo=35, routed)          1.576 1000005.312    core/CLK
    SLICE_X84Y112        FDRE                                         r  core/stored_reg[3]_lopt_replica/C
                         clock pessimism              0.290 1000005.625    <hidden>
                         clock uncertainty           -0.035 1000005.562    <hidden>
    SLICE_X84Y112        FDRE (Setup_fdre_C_CE)      -0.169 1000005.375    core/stored_reg[3]_lopt_replica
  -------------------------------------------------------------------
                         required time                      1000005.375    <hidden>
                         arrival time                          -7.497    <hidden>
  -------------------------------------------------------------------
                         slack                              999997.938    <hidden>

Slack (MET) :             999997.938ns  (required time - arrival time)
  Source:                 inputs/button_sync_reg/C
                            (rising edge-triggered cell FDCE clocked by trainer_1khz  {rise@0.000ns fall@500000.031ns period=1000000.000ns})
  Destination:            inputs/count_reg[0]/D
                            (rising edge-triggered cell FDCE clocked by trainer_1khz  {rise@0.000ns fall@500000.031ns period=1000000.000ns})
  Path Group:             trainer_1khz
  Path Type:              Setup (Max at Slow Process Corner)
  Requirement:            1000000.062ns  (trainer_1khz rise@1000000.062ns - trainer_1khz rise@0.000ns)
  Data Path Delay:        1.978ns  (logic 0.842ns (42.559%)  route 1.136ns (57.441%))
  Logic Levels:           2  (LUT2=2)
  Clock Path Skew:        -0.025ns (DCD - SCD + CPR)
    Destination Clock Delay (DCD):    5.293ns = ( 1000005.375 - 1000000.062 ) 
    Source Clock Delay      (SCD):    5.608ns
    Clock Pessimism Removal (CPR):    0.290ns
  Clock Uncertainty:      0.035ns  ((TSJ^2 + TIJ^2)^1/2 + DJ) / 2 + PE
    Total System Jitter     (TSJ):    0.071ns
    Total Input Jitter      (TIJ):    0.000ns
    Discrete Jitter          (DJ):    0.000ns
    Phase Error              (PE):    0.000ns

    Location             Delay type                Incr(ns)  Path(ns)    Netlist Resource(s)
  -------------------------------------------------------------------    -------------------
                         (clock trainer_1khz rise edge)
                                                      0.000     0.000 r  <hidden>
    B6                                                0.000     0.000 r  clk
                         net (fo=0)                   0.000     0.000    clk
    B6                   IBUF (Prop_ibuf_I_O)         1.500     1.500 r  clk_IBUF_inst/O
                         net (fo=1, routed)           2.315     3.815    clk_IBUF
    BUFGCTRL_X0Y16       BUFG (Prop_bufg_I_O)         0.096     3.911 r  clk_IBUF_BUFG_inst/O
                         net (fo=35, routed)          1.697     5.608    inputs/CLK
    SLICE_X83Y111        FDCE                                         r  inputs/button_sync_reg/C
  -------------------------------------------------------------------    -------------------
    SLICE_X83Y111        FDCE (Prop_fdce_C_Q)         0.419     6.027 r  inputs/button_sync_reg/Q
                         net (fo=3, routed)           0.183     6.210    inputs/button_sync
    SLICE_X83Y111        LUT2 (Prop_lut2_I1_O)        0.299     6.509 f  inputs/count[4]_i_2/O
                         net (fo=5, routed)           0.433     6.942    inputs/count1
    SLICE_X84Y111        LUT2 (Prop_lut2_I1_O)        0.124     7.066 r  inputs/count[0]_i_1/O
                         net (fo=1, routed)           0.521     7.587    inputs/p_0_in__0[0]
    SLICE_X85Y111        FDCE                                         r  inputs/count_reg[0]/D
  -------------------------------------------------------------------    -------------------

                         (clock trainer_1khz rise edge)
                                                  1000000.062 1000000.062 r  <hidden>
    B6                                                0.000 1000000.062 r  clk
                         net (fo=0)                   0.000 1000000.062    clk
    B6                   IBUF (Prop_ibuf_I_O)         1.429 1000001.500 r  clk_IBUF_inst/O
                         net (fo=1, routed)           2.196 1000003.688    clk_IBUF
    BUFGCTRL_X0Y16       BUFG (Prop_bufg_I_O)         0.091 1000003.750 r  clk_IBUF_BUFG_inst/O
                         net (fo=35, routed)          1.577 1000005.312    inputs/CLK
    SLICE_X85Y111        FDCE                                         r  inputs/count_reg[0]/C
                         clock pessimism              0.290 1000005.625    <hidden>
                         clock uncertainty           -0.035 1000005.562    <hidden>
    SLICE_X85Y111        FDCE (Setup_fdce_C_D)       -0.043 1000005.500    inputs/count_reg[0]
  -------------------------------------------------------------------
                         required time                      1000005.500    <hidden>
                         arrival time                          -7.587    <hidden>
  -------------------------------------------------------------------
                         slack                              999997.938    <hidden>





Min Delay Paths
--------------------------------------------------------------------------------------
Slack (MET) :             0.119ns  (arrival time - required time)
  Source:                 inputs/sw_meta_reg[4]/C
                            (rising edge-triggered cell FDCE clocked by trainer_1khz  {rise@0.000ns fall@500000.031ns period=1000000.000ns})
  Destination:            inputs/sw_sync_reg[4]/D
                            (rising edge-triggered cell FDCE clocked by trainer_1khz  {rise@0.000ns fall@500000.031ns period=1000000.000ns})
  Path Group:             trainer_1khz
  Path Type:              Hold (Min at Fast Process Corner)
  Requirement:            0.000ns  (trainer_1khz rise@0.000ns - trainer_1khz rise@0.000ns)
  Data Path Delay:        0.197ns  (logic 0.141ns (71.611%)  route 0.056ns (28.389%))
  Logic Levels:           0  
  Clock Path Skew:        0.000ns (DCD - SCD - CPR)
    Destination Clock Delay (DCD):    2.218ns
    Source Clock Delay      (SCD):    1.693ns
    Clock Pessimism Removal (CPR):    0.525ns

    Location             Delay type                Incr(ns)  Path(ns)    Netlist Resource(s)
  -------------------------------------------------------------------    -------------------
                         (clock trainer_1khz rise edge)
                                                      0.000     0.000 r  <hidden>
    B6                                                0.000     0.000 r  clk
                         net (fo=0)                   0.000     0.000    clk
    B6                   IBUF (Prop_ibuf_I_O)         0.268     0.268 r  clk_IBUF_inst/O
                         net (fo=1, routed)           0.808     1.075    clk_IBUF
    BUFGCTRL_X0Y16       BUFG (Prop_bufg_I_O)         0.026     1.101 r  clk_IBUF_BUFG_inst/O
                         net (fo=35, routed)          0.592     1.693    inputs/CLK
    SLICE_X85Y112        FDCE                                         r  inputs/sw_meta_reg[4]/C
  -------------------------------------------------------------------    -------------------
    SLICE_X85Y112        FDCE (Prop_fdce_C_Q)         0.141     1.834 r  inputs/sw_meta_reg[4]/Q
                         net (fo=1, routed)           0.056     1.890    inputs/sw_meta[4]
    SLICE_X85Y112        FDCE                                         r  inputs/sw_sync_reg[4]/D
  -------------------------------------------------------------------    -------------------

                         (clock trainer_1khz rise edge)
                                                      0.000     0.000 r  <hidden>
    B6                                                0.000     0.000 r  clk
                         net (fo=0)                   0.000     0.000    clk
    B6                   IBUF (Prop_ibuf_I_O)         0.456     0.456 r  clk_IBUF_inst/O
                         net (fo=1, routed)           0.871     1.327    clk_IBUF
    BUFGCTRL_X0Y16       BUFG (Prop_bufg_I_O)         0.029     1.356 r  clk_IBUF_BUFG_inst/O
                         net (fo=35, routed)          0.863     2.218    inputs/CLK
    SLICE_X85Y112        FDCE                                         r  inputs/sw_sync_reg[4]/C
                         clock pessimism             -0.525     1.693    <hidden>
    SLICE_X85Y112        FDCE (Hold_fdce_C_D)         0.078     1.771    inputs/sw_sync_reg[4]
  -------------------------------------------------------------------
                         required time                         -1.771    <hidden>
                         arrival time                           1.890    <hidden>
  -------------------------------------------------------------------
                         slack                                  0.119    <hidden>

Slack (MET) :             0.121ns  (arrival time - required time)
  Source:                 inputs/sw_meta_reg[7]/C
                            (rising edge-triggered cell FDCE clocked by trainer_1khz  {rise@0.000ns fall@500000.031ns period=1000000.000ns})
  Destination:            inputs/sw_sync_reg[7]/D
                            (rising edge-triggered cell FDCE clocked by trainer_1khz  {rise@0.000ns fall@500000.031ns period=1000000.000ns})
  Path Group:             trainer_1khz
  Path Type:              Hold (Min at Fast Process Corner)
  Requirement:            0.000ns  (trainer_1khz rise@0.000ns - trainer_1khz rise@0.000ns)
  Data Path Delay:        0.197ns  (logic 0.141ns (71.611%)  route 0.056ns (28.389%))
  Logic Levels:           0  
  Clock Path Skew:        0.000ns (DCD - SCD - CPR)
    Destination Clock Delay (DCD):    2.218ns
    Source Clock Delay      (SCD):    1.693ns
    Clock Pessimism Removal (CPR):    0.525ns

    Location             Delay type                Incr(ns)  Path(ns)    Netlist Resource(s)
  -------------------------------------------------------------------    -------------------
                         (clock trainer_1khz rise edge)
                                                      0.000     0.000 r  <hidden>
    B6                                                0.000     0.000 r  clk
                         net (fo=0)                   0.000     0.000    clk
    B6                   IBUF (Prop_ibuf_I_O)         0.268     0.268 r  clk_IBUF_inst/O
                         net (fo=1, routed)           0.808     1.075    clk_IBUF
    BUFGCTRL_X0Y16       BUFG (Prop_bufg_I_O)         0.026     1.101 r  clk_IBUF_BUFG_inst/O
                         net (fo=35, routed)          0.592     1.693    inputs/CLK
    SLICE_X85Y112        FDCE                                         r  inputs/sw_meta_reg[7]/C
  -------------------------------------------------------------------    -------------------
    SLICE_X85Y112        FDCE (Prop_fdce_C_Q)         0.141     1.834 r  inputs/sw_meta_reg[7]/Q
                         net (fo=1, routed)           0.056     1.890    inputs/sw_meta[7]
    SLICE_X85Y112        FDCE                                         r  inputs/sw_sync_reg[7]/D
  -------------------------------------------------------------------    -------------------

                         (clock trainer_1khz rise edge)
                                                      0.000     0.000 r  <hidden>
    B6                                                0.000     0.000 r  clk
                         net (fo=0)                   0.000     0.000    clk
    B6                   IBUF (Prop_ibuf_I_O)         0.456     0.456 r  clk_IBUF_inst/O
                         net (fo=1, routed)           0.871     1.327    clk_IBUF
    BUFGCTRL_X0Y16       BUFG (Prop_bufg_I_O)         0.029     1.356 r  clk_IBUF_BUFG_inst/O
                         net (fo=35, routed)          0.863     2.218    inputs/CLK
    SLICE_X85Y112        FDCE                                         r  inputs/sw_sync_reg[7]/C
                         clock pessimism             -0.525     1.693    <hidden>
    SLICE_X85Y112        FDCE (Hold_fdce_C_D)         0.076     1.769    inputs/sw_sync_reg[7]
  -------------------------------------------------------------------
                         required time                         -1.769    <hidden>
                         arrival time                           1.890    <hidden>
  -------------------------------------------------------------------
                         slack                                  0.121    <hidden>

Slack (MET) :             0.122ns  (arrival time - required time)
  Source:                 inputs/sw_meta_reg[0]/C
                            (rising edge-triggered cell FDCE clocked by trainer_1khz  {rise@0.000ns fall@500000.031ns period=1000000.000ns})
  Destination:            inputs/sw_sync_reg[0]/D
                            (rising edge-triggered cell FDCE clocked by trainer_1khz  {rise@0.000ns fall@500000.031ns period=1000000.000ns})
  Path Group:             trainer_1khz
  Path Type:              Hold (Min at Fast Process Corner)
  Requirement:            0.000ns  (trainer_1khz rise@0.000ns - trainer_1khz rise@0.000ns)
  Data Path Delay:        0.197ns  (logic 0.141ns (71.611%)  route 0.056ns (28.389%))
  Logic Levels:           0  
  Clock Path Skew:        0.000ns (DCD - SCD - CPR)
    Destination Clock Delay (DCD):    2.218ns
    Source Clock Delay      (SCD):    1.693ns
    Clock Pessimism Removal (CPR):    0.525ns

    Location             Delay type                Incr(ns)  Path(ns)    Netlist Resource(s)
  -------------------------------------------------------------------    -------------------
                         (clock trainer_1khz rise edge)
                                                      0.000     0.000 r  <hidden>
    B6                                                0.000     0.000 r  clk
                         net (fo=0)                   0.000     0.000    clk
    B6                   IBUF (Prop_ibuf_I_O)         0.268     0.268 r  clk_IBUF_inst/O
                         net (fo=1, routed)           0.808     1.075    clk_IBUF
    BUFGCTRL_X0Y16       BUFG (Prop_bufg_I_O)         0.026     1.101 r  clk_IBUF_BUFG_inst/O
                         net (fo=35, routed)          0.592     1.693    inputs/CLK
    SLICE_X83Y112        FDCE                                         r  inputs/sw_meta_reg[0]/C
  -------------------------------------------------------------------    -------------------
    SLICE_X83Y112        FDCE (Prop_fdce_C_Q)         0.141     1.834 r  inputs/sw_meta_reg[0]/Q
                         net (fo=1, routed)           0.056     1.890    inputs/sw_meta[0]
    SLICE_X83Y112        FDCE                                         r  inputs/sw_sync_reg[0]/D
  -------------------------------------------------------------------    -------------------

                         (clock trainer_1khz rise edge)
                                                      0.000     0.000 r  <hidden>
    B6                                                0.000     0.000 r  clk
                         net (fo=0)                   0.000     0.000    clk
    B6                   IBUF (Prop_ibuf_I_O)         0.456     0.456 r  clk_IBUF_inst/O
                         net (fo=1, routed)           0.871     1.327    clk_IBUF
    BUFGCTRL_X0Y16       BUFG (Prop_bufg_I_O)         0.029     1.356 r  clk_IBUF_BUFG_inst/O
                         net (fo=35, routed)          0.863     2.218    inputs/CLK
    SLICE_X83Y112        FDCE                                         r  inputs/sw_sync_reg[0]/C
                         clock pessimism             -0.525     1.693    <hidden>
    SLICE_X83Y112        FDCE (Hold_fdce_C_D)         0.075     1.768    inputs/sw_sync_reg[0]
  -------------------------------------------------------------------
                         required time                         -1.768    <hidden>
                         arrival time                           1.890    <hidden>
  -------------------------------------------------------------------
                         slack                                  0.122    <hidden>

Slack (MET) :             0.122ns  (arrival time - required time)
  Source:                 inputs/sw_meta_reg[5]/C
                            (rising edge-triggered cell FDCE clocked by trainer_1khz  {rise@0.000ns fall@500000.031ns period=1000000.000ns})
  Destination:            inputs/sw_sync_reg[5]/D
                            (rising edge-triggered cell FDCE clocked by trainer_1khz  {rise@0.000ns fall@500000.031ns period=1000000.000ns})
  Path Group:             trainer_1khz
  Path Type:              Hold (Min at Fast Process Corner)
  Requirement:            0.000ns  (trainer_1khz rise@0.000ns - trainer_1khz rise@0.000ns)
  Data Path Delay:        0.197ns  (logic 0.141ns (71.611%)  route 0.056ns (28.389%))
  Logic Levels:           0  
  Clock Path Skew:        0.000ns (DCD - SCD - CPR)
    Destination Clock Delay (DCD):    2.218ns
    Source Clock Delay      (SCD):    1.693ns
    Clock Pessimism Removal (CPR):    0.525ns

    Location             Delay type                Incr(ns)  Path(ns)    Netlist Resource(s)
  -------------------------------------------------------------------    -------------------
                         (clock trainer_1khz rise edge)
                                                      0.000     0.000 r  <hidden>
    B6                                                0.000     0.000 r  clk
                         net (fo=0)                   0.000     0.000    clk
    B6                   IBUF (Prop_ibuf_I_O)         0.268     0.268 r  clk_IBUF_inst/O
                         net (fo=1, routed)           0.808     1.075    clk_IBUF
    BUFGCTRL_X0Y16       BUFG (Prop_bufg_I_O)         0.026     1.101 r  clk_IBUF_BUFG_inst/O
                         net (fo=35, routed)          0.592     1.693    inputs/CLK
    SLICE_X85Y112        FDCE                                         r  inputs/sw_meta_reg[5]/C
  -------------------------------------------------------------------    -------------------
    SLICE_X85Y112        FDCE (Prop_fdce_C_Q)         0.141     1.834 r  inputs/sw_meta_reg[5]/Q
                         net (fo=1, routed)           0.056     1.890    inputs/sw_meta[5]
    SLICE_X85Y112        FDCE                                         r  inputs/sw_sync_reg[5]/D
  -------------------------------------------------------------------    -------------------

                         (clock trainer_1khz rise edge)
                                                      0.000     0.000 r  <hidden>
    B6                                                0.000     0.000 r  clk
                         net (fo=0)                   0.000     0.000    clk
    B6                   IBUF (Prop_ibuf_I_O)         0.456     0.456 r  clk_IBUF_inst/O
                         net (fo=1, routed)           0.871     1.327    clk_IBUF
    BUFGCTRL_X0Y16       BUFG (Prop_bufg_I_O)         0.029     1.356 r  clk_IBUF_BUFG_inst/O
                         net (fo=35, routed)          0.863     2.218    inputs/CLK
    SLICE_X85Y112        FDCE                                         r  inputs/sw_sync_reg[5]/C
                         clock pessimism             -0.525     1.693    <hidden>
    SLICE_X85Y112        FDCE (Hold_fdce_C_D)         0.075     1.768    inputs/sw_sync_reg[5]
  -------------------------------------------------------------------
                         required time                         -1.768    <hidden>
                         arrival time                           1.890    <hidden>
  -------------------------------------------------------------------
                         slack                                  0.122    <hidden>

Slack (MET) :             0.126ns  (arrival time - required time)
  Source:                 inputs/sw_meta_reg[1]/C
                            (rising edge-triggered cell FDCE clocked by trainer_1khz  {rise@0.000ns fall@500000.031ns period=1000000.000ns})
  Destination:            inputs/sw_sync_reg[1]/D
                            (rising edge-triggered cell FDCE clocked by trainer_1khz  {rise@0.000ns fall@500000.031ns period=1000000.000ns})
  Path Group:             trainer_1khz
  Path Type:              Hold (Min at Fast Process Corner)
  Requirement:            0.000ns  (trainer_1khz rise@0.000ns - trainer_1khz rise@0.000ns)
  Data Path Delay:        0.197ns  (logic 0.141ns (71.611%)  route 0.056ns (28.389%))
  Logic Levels:           0  
  Clock Path Skew:        0.000ns (DCD - SCD - CPR)
    Destination Clock Delay (DCD):    2.220ns
    Source Clock Delay      (SCD):    1.694ns
    Clock Pessimism Removal (CPR):    0.526ns

    Location             Delay type                Incr(ns)  Path(ns)    Netlist Resource(s)
  -------------------------------------------------------------------    -------------------
                         (clock trainer_1khz rise edge)
                                                      0.000     0.000 r  <hidden>
    B6                                                0.000     0.000 r  clk
                         net (fo=0)                   0.000     0.000    clk
    B6                   IBUF (Prop_ibuf_I_O)         0.268     0.268 r  clk_IBUF_inst/O
                         net (fo=1, routed)           0.808     1.075    clk_IBUF
    BUFGCTRL_X0Y16       BUFG (Prop_bufg_I_O)         0.026     1.101 r  clk_IBUF_BUFG_inst/O
                         net (fo=35, routed)          0.593     1.694    inputs/CLK
    SLICE_X85Y110        FDCE                                         r  inputs/sw_meta_reg[1]/C
  -------------------------------------------------------------------    -------------------
    SLICE_X85Y110        FDCE (Prop_fdce_C_Q)         0.141     1.835 r  inputs/sw_meta_reg[1]/Q
                         net (fo=1, routed)           0.056     1.891    inputs/sw_meta[1]
    SLICE_X85Y110        FDCE                                         r  inputs/sw_sync_reg[1]/D
  -------------------------------------------------------------------    -------------------

                         (clock trainer_1khz rise edge)
                                                      0.000     0.000 r  <hidden>
    B6                                                0.000     0.000 r  clk
                         net (fo=0)                   0.000     0.000    clk
    B6                   IBUF (Prop_ibuf_I_O)         0.456     0.456 r  clk_IBUF_inst/O
                         net (fo=1, routed)           0.871     1.327    clk_IBUF
    BUFGCTRL_X0Y16       BUFG (Prop_bufg_I_O)         0.029     1.356 r  clk_IBUF_BUFG_inst/O
                         net (fo=35, routed)          0.865     2.220    inputs/CLK
    SLICE_X85Y110        FDCE                                         r  inputs/sw_sync_reg[1]/C
                         clock pessimism             -0.526     1.694    <hidden>
    SLICE_X85Y110        FDCE (Hold_fdce_C_D)         0.071     1.765    inputs/sw_sync_reg[1]
  -------------------------------------------------------------------
                         required time                         -1.765    <hidden>
                         arrival time                           1.891    <hidden>
  -------------------------------------------------------------------
                         slack                                  0.126    <hidden>

Slack (MET) :             0.126ns  (arrival time - required time)
  Source:                 inputs/sw_meta_reg[6]/C
                            (rising edge-triggered cell FDCE clocked by trainer_1khz  {rise@0.000ns fall@500000.031ns period=1000000.000ns})
  Destination:            inputs/sw_sync_reg[6]/D
                            (rising edge-triggered cell FDCE clocked by trainer_1khz  {rise@0.000ns fall@500000.031ns period=1000000.000ns})
  Path Group:             trainer_1khz
  Path Type:              Hold (Min at Fast Process Corner)
  Requirement:            0.000ns  (trainer_1khz rise@0.000ns - trainer_1khz rise@0.000ns)
  Data Path Delay:        0.197ns  (logic 0.141ns (71.611%)  route 0.056ns (28.389%))
  Logic Levels:           0  
  Clock Path Skew:        0.000ns (DCD - SCD - CPR)
    Destination Clock Delay (DCD):    2.218ns
    Source Clock Delay      (SCD):    1.693ns
    Clock Pessimism Removal (CPR):    0.525ns

    Location             Delay type                Incr(ns)  Path(ns)    Netlist Resource(s)
  -------------------------------------------------------------------    -------------------
                         (clock trainer_1khz rise edge)
                                                      0.000     0.000 r  <hidden>
    B6                                                0.000     0.000 r  clk
                         net (fo=0)                   0.000     0.000    clk
    B6                   IBUF (Prop_ibuf_I_O)         0.268     0.268 r  clk_IBUF_inst/O
                         net (fo=1, routed)           0.808     1.075    clk_IBUF
    BUFGCTRL_X0Y16       BUFG (Prop_bufg_I_O)         0.026     1.101 r  clk_IBUF_BUFG_inst/O
                         net (fo=35, routed)          0.592     1.693    inputs/CLK
    SLICE_X85Y112        FDCE                                         r  inputs/sw_meta_reg[6]/C
  -------------------------------------------------------------------    -------------------
    SLICE_X85Y112        FDCE (Prop_fdce_C_Q)         0.141     1.834 r  inputs/sw_meta_reg[6]/Q
                         net (fo=1, routed)           0.056     1.890    inputs/sw_meta[6]
    SLICE_X85Y112        FDCE                                         r  inputs/sw_sync_reg[6]/D
  -------------------------------------------------------------------    -------------------

                         (clock trainer_1khz rise edge)
                                                      0.000     0.000 r  <hidden>
    B6                                                0.000     0.000 r  clk
                         net (fo=0)                   0.000     0.000    clk
    B6                   IBUF (Prop_ibuf_I_O)         0.456     0.456 r  clk_IBUF_inst/O
                         net (fo=1, routed)           0.871     1.327    clk_IBUF
    BUFGCTRL_X0Y16       BUFG (Prop_bufg_I_O)         0.029     1.356 r  clk_IBUF_BUFG_inst/O
                         net (fo=35, routed)          0.863     2.218    inputs/CLK
    SLICE_X85Y112        FDCE                                         r  inputs/sw_sync_reg[6]/C
                         clock pessimism             -0.525     1.693    <hidden>
    SLICE_X85Y112        FDCE (Hold_fdce_C_D)         0.071     1.764    inputs/sw_sync_reg[6]
  -------------------------------------------------------------------
                         required time                         -1.764    <hidden>
                         arrival time                           1.890    <hidden>
  -------------------------------------------------------------------
                         slack                                  0.126    <hidden>

Slack (MET) :             0.160ns  (arrival time - required time)
  Source:                 inputs/reset_pipe_reg[0]/C
                            (rising edge-triggered cell FDPE clocked by trainer_1khz  {rise@0.000ns fall@500000.031ns period=1000000.000ns})
  Destination:            inputs/reset_pipe_reg[1]/D
                            (rising edge-triggered cell FDPE clocked by trainer_1khz  {rise@0.000ns fall@500000.031ns period=1000000.000ns})
  Path Group:             trainer_1khz
  Path Type:              Hold (Min at Fast Process Corner)
  Requirement:            0.000ns  (trainer_1khz rise@0.000ns - trainer_1khz rise@0.000ns)
  Data Path Delay:        0.220ns  (logic 0.164ns (74.580%)  route 0.056ns (25.420%))
  Logic Levels:           0  
  Clock Path Skew:        0.000ns (DCD - SCD - CPR)
    Destination Clock Delay (DCD):    2.220ns
    Source Clock Delay      (SCD):    1.694ns
    Clock Pessimism Removal (CPR):    0.526ns

    Location             Delay type                Incr(ns)  Path(ns)    Netlist Resource(s)
  -------------------------------------------------------------------    -------------------
                         (clock trainer_1khz rise edge)
                                                      0.000     0.000 r  <hidden>
    B6                                                0.000     0.000 r  clk
                         net (fo=0)                   0.000     0.000    clk
    B6                   IBUF (Prop_ibuf_I_O)         0.268     0.268 r  clk_IBUF_inst/O
                         net (fo=1, routed)           0.808     1.075    clk_IBUF
    BUFGCTRL_X0Y16       BUFG (Prop_bufg_I_O)         0.026     1.101 r  clk_IBUF_BUFG_inst/O
                         net (fo=35, routed)          0.593     1.694    inputs/CLK
    SLICE_X84Y111        FDPE                                         r  inputs/reset_pipe_reg[0]/C
  -------------------------------------------------------------------    -------------------
    SLICE_X84Y111        FDPE (Prop_fdpe_C_Q)         0.164     1.858 r  inputs/reset_pipe_reg[0]/Q
                         net (fo=1, routed)           0.056     1.914    inputs/reset_pipe[0]
    SLICE_X84Y111        FDPE                                         r  inputs/reset_pipe_reg[1]/D
  -------------------------------------------------------------------    -------------------

                         (clock trainer_1khz rise edge)
                                                      0.000     0.000 r  <hidden>
    B6                                                0.000     0.000 r  clk
                         net (fo=0)                   0.000     0.000    clk
    B6                   IBUF (Prop_ibuf_I_O)         0.456     0.456 r  clk_IBUF_inst/O
                         net (fo=1, routed)           0.871     1.327    clk_IBUF
    BUFGCTRL_X0Y16       BUFG (Prop_bufg_I_O)         0.029     1.356 r  clk_IBUF_BUFG_inst/O
                         net (fo=35, routed)          0.865     2.220    inputs/CLK
    SLICE_X84Y111        FDPE                                         r  inputs/reset_pipe_reg[1]/C
                         clock pessimism             -0.526     1.694    <hidden>
    SLICE_X84Y111        FDPE (Hold_fdpe_C_D)         0.060     1.754    inputs/reset_pipe_reg[1]
  -------------------------------------------------------------------
                         required time                         -1.754    <hidden>
                         arrival time                           1.914    <hidden>
  -------------------------------------------------------------------
                         slack                                  0.160    <hidden>

Slack (MET) :             0.204ns  (arrival time - required time)
  Source:                 core/stored_reg[0]/C
                            (rising edge-triggered cell FDRE clocked by trainer_1khz  {rise@0.000ns fall@500000.031ns period=1000000.000ns})
  Destination:            core/value_reg[0]/D
                            (rising edge-triggered cell FDRE clocked by trainer_1khz  {rise@0.000ns fall@500000.031ns period=1000000.000ns})
  Path Group:             trainer_1khz
  Path Type:              Hold (Min at Fast Process Corner)
  Requirement:            0.000ns  (trainer_1khz rise@0.000ns - trainer_1khz rise@0.000ns)
  Data Path Delay:        0.280ns  (logic 0.164ns (58.521%)  route 0.116ns (41.479%))
  Logic Levels:           0  
  Clock Path Skew:        0.017ns (DCD - SCD - CPR)
    Destination Clock Delay (DCD):    2.220ns
    Source Clock Delay      (SCD):    1.693ns
    Clock Pessimism Removal (CPR):    0.510ns

    Location             Delay type                Incr(ns)  Path(ns)    Netlist Resource(s)
  -------------------------------------------------------------------    -------------------
                         (clock trainer_1khz rise edge)
                                                      0.000     0.000 r  <hidden>
    B6                                                0.000     0.000 r  clk
                         net (fo=0)                   0.000     0.000    clk
    B6                   IBUF (Prop_ibuf_I_O)         0.268     0.268 r  clk_IBUF_inst/O
                         net (fo=1, routed)           0.808     1.075    clk_IBUF
    BUFGCTRL_X0Y16       BUFG (Prop_bufg_I_O)         0.026     1.101 r  clk_IBUF_BUFG_inst/O
                         net (fo=35, routed)          0.592     1.693    core/CLK
    SLICE_X84Y112        FDRE                                         r  core/stored_reg[0]/C
  -------------------------------------------------------------------    -------------------
    SLICE_X84Y112        FDRE (Prop_fdre_C_Q)         0.164     1.857 r  core/stored_reg[0]/Q
                         net (fo=1, routed)           0.116     1.973    core/led_OBUF[4]
    SLICE_X84Y110        FDRE                                         r  core/value_reg[0]/D
  -------------------------------------------------------------------    -------------------

                         (clock trainer_1khz rise edge)
                                                      0.000     0.000 r  <hidden>
    B6                                                0.000     0.000 r  clk
                         net (fo=0)                   0.000     0.000    clk
    B6                   IBUF (Prop_ibuf_I_O)         0.456     0.456 r  clk_IBUF_inst/O
                         net (fo=1, routed)           0.871     1.327    clk_IBUF
    BUFGCTRL_X0Y16       BUFG (Prop_bufg_I_O)         0.029     1.356 r  clk_IBUF_BUFG_inst/O
                         net (fo=35, routed)          0.865     2.220    core/CLK
    SLICE_X84Y110        FDRE                                         r  core/value_reg[0]/C
                         clock pessimism             -0.510     1.710    <hidden>
    SLICE_X84Y110        FDRE (Hold_fdre_C_D)         0.059     1.769    core/value_reg[0]
  -------------------------------------------------------------------
                         required time                         -1.769    <hidden>
                         arrival time                           1.973    <hidden>
  -------------------------------------------------------------------
                         slack                                  0.204    <hidden>

Slack (MET) :             0.220ns  (arrival time - required time)
  Source:                 inputs/sw_sync_reg[5]/C
                            (rising edge-triggered cell FDCE clocked by trainer_1khz  {rise@0.000ns fall@500000.031ns period=1000000.000ns})
  Destination:            core/stored_reg[1]_lopt_replica/D
                            (rising edge-triggered cell FDRE clocked by trainer_1khz  {rise@0.000ns fall@500000.031ns period=1000000.000ns})
  Path Group:             trainer_1khz
  Path Type:              Hold (Min at Fast Process Corner)
  Requirement:            0.000ns  (trainer_1khz rise@0.000ns - trainer_1khz rise@0.000ns)
  Data Path Delay:        0.255ns  (logic 0.128ns (50.175%)  route 0.127ns (49.825%))
  Logic Levels:           0  
  Clock Path Skew:        0.013ns (DCD - SCD - CPR)
    Destination Clock Delay (DCD):    2.218ns
    Source Clock Delay      (SCD):    1.693ns
    Clock Pessimism Removal (CPR):    0.512ns

    Location             Delay type                Incr(ns)  Path(ns)    Netlist Resource(s)
  -------------------------------------------------------------------    -------------------
                         (clock trainer_1khz rise edge)
                                                      0.000     0.000 r  <hidden>
    B6                                                0.000     0.000 r  clk
                         net (fo=0)                   0.000     0.000    clk
    B6                   IBUF (Prop_ibuf_I_O)         0.268     0.268 r  clk_IBUF_inst/O
                         net (fo=1, routed)           0.808     1.075    clk_IBUF
    BUFGCTRL_X0Y16       BUFG (Prop_bufg_I_O)         0.026     1.101 r  clk_IBUF_BUFG_inst/O
                         net (fo=35, routed)          0.592     1.693    inputs/CLK
    SLICE_X85Y112        FDCE                                         r  inputs/sw_sync_reg[5]/C
  -------------------------------------------------------------------    -------------------
    SLICE_X85Y112        FDCE (Prop_fdce_C_Q)         0.128     1.821 r  inputs/sw_sync_reg[5]/Q
                         net (fo=2, routed)           0.127     1.948    core/D[1]
    SLICE_X84Y112        FDRE                                         r  core/stored_reg[1]_lopt_replica/D
  -------------------------------------------------------------------    -------------------

                         (clock trainer_1khz rise edge)
                                                      0.000     0.000 r  <hidden>
    B6                                                0.000     0.000 r  clk
                         net (fo=0)                   0.000     0.000    clk
    B6                   IBUF (Prop_ibuf_I_O)         0.456     0.456 r  clk_IBUF_inst/O
                         net (fo=1, routed)           0.871     1.327    clk_IBUF
    BUFGCTRL_X0Y16       BUFG (Prop_bufg_I_O)         0.029     1.356 r  clk_IBUF_BUFG_inst/O
                         net (fo=35, routed)          0.863     2.218    core/CLK
    SLICE_X84Y112        FDRE                                         r  core/stored_reg[1]_lopt_replica/C
                         clock pessimism             -0.512     1.706    <hidden>
    SLICE_X84Y112        FDRE (Hold_fdre_C_D)         0.022     1.728    core/stored_reg[1]_lopt_replica
  -------------------------------------------------------------------
                         required time                         -1.728    <hidden>
                         arrival time                           1.948    <hidden>
  -------------------------------------------------------------------
                         slack                                  0.220    <hidden>

Slack (MET) :             0.222ns  (arrival time - required time)
  Source:                 inputs/sw_sync_reg[5]/C
                            (rising edge-triggered cell FDCE clocked by trainer_1khz  {rise@0.000ns fall@500000.031ns period=1000000.000ns})
  Destination:            core/stored_reg[1]/D
                            (rising edge-triggered cell FDRE clocked by trainer_1khz  {rise@0.000ns fall@500000.031ns period=1000000.000ns})
  Path Group:             trainer_1khz
  Path Type:              Hold (Min at Fast Process Corner)
  Requirement:            0.000ns  (trainer_1khz rise@0.000ns - trainer_1khz rise@0.000ns)
  Data Path Delay:        0.257ns  (logic 0.128ns (49.785%)  route 0.129ns (50.215%))
  Logic Levels:           0  
  Clock Path Skew:        0.013ns (DCD - SCD - CPR)
    Destination Clock Delay (DCD):    2.218ns
    Source Clock Delay      (SCD):    1.693ns
    Clock Pessimism Removal (CPR):    0.512ns

    Location             Delay type                Incr(ns)  Path(ns)    Netlist Resource(s)
  -------------------------------------------------------------------    -------------------
                         (clock trainer_1khz rise edge)
                                                      0.000     0.000 r  <hidden>
    B6                                                0.000     0.000 r  clk
                         net (fo=0)                   0.000     0.000    clk
    B6                   IBUF (Prop_ibuf_I_O)         0.268     0.268 r  clk_IBUF_inst/O
                         net (fo=1, routed)           0.808     1.075    clk_IBUF
    BUFGCTRL_X0Y16       BUFG (Prop_bufg_I_O)         0.026     1.101 r  clk_IBUF_BUFG_inst/O
                         net (fo=35, routed)          0.592     1.693    inputs/CLK
    SLICE_X85Y112        FDCE                                         r  inputs/sw_sync_reg[5]/C
  -------------------------------------------------------------------    -------------------
    SLICE_X85Y112        FDCE (Prop_fdce_C_Q)         0.128     1.821 r  inputs/sw_sync_reg[5]/Q
                         net (fo=2, routed)           0.129     1.950    core/D[1]
    SLICE_X84Y112        FDRE                                         r  core/stored_reg[1]/D
  -------------------------------------------------------------------    -------------------

                         (clock trainer_1khz rise edge)
                                                      0.000     0.000 r  <hidden>
    B6                                                0.000     0.000 r  clk
                         net (fo=0)                   0.000     0.000    clk
    B6                   IBUF (Prop_ibuf_I_O)         0.456     0.456 r  clk_IBUF_inst/O
                         net (fo=1, routed)           0.871     1.327    clk_IBUF
    BUFGCTRL_X0Y16       BUFG (Prop_bufg_I_O)         0.029     1.356 r  clk_IBUF_BUFG_inst/O
                         net (fo=35, routed)          0.863     2.218    core/CLK
    SLICE_X84Y112        FDRE                                         r  core/stored_reg[1]/C
                         clock pessimism             -0.512     1.706    <hidden>
    SLICE_X84Y112        FDRE (Hold_fdre_C_D)         0.022     1.728    core/stored_reg[1]
  -------------------------------------------------------------------
                         required time                         -1.728    <hidden>
                         arrival time                           1.950    <hidden>
  -------------------------------------------------------------------
                         slack                                  0.222    <hidden>





Pulse Width Checks
--------------------------------------------------------------------------------------
Clock Name:         trainer_1khz
Waveform(ns):       { 0.000 500000.031 }
Period(ns):         1000000.062
Sources:            { clk }

Check Type        Corner  Lib Pin  Reference Pin  Required(ns)  Actual(ns)   Slack(ns)   Location        Pin
Min Period        n/a     BUFG/I   n/a            2.155         1000000.047  999997.836  BUFGCTRL_X0Y16  clk_IBUF_BUFG_inst/I
Min Period        n/a     FDRE/C   n/a            1.000         1000000.047  999999.000  SLICE_X84Y112   core/stored_reg[0]/C
Min Period        n/a     FDRE/C   n/a            1.000         1000000.047  999999.000  SLICE_X84Y112   core/stored_reg[0]_lopt_replica/C
Min Period        n/a     FDRE/C   n/a            1.000         1000000.047  999999.000  SLICE_X84Y112   core/stored_reg[1]/C
Min Period        n/a     FDRE/C   n/a            1.000         1000000.047  999999.000  SLICE_X84Y112   core/stored_reg[1]_lopt_replica/C
Min Period        n/a     FDRE/C   n/a            1.000         1000000.047  999999.000  SLICE_X84Y112   core/stored_reg[2]/C
Min Period        n/a     FDRE/C   n/a            1.000         1000000.047  999999.000  SLICE_X84Y112   core/stored_reg[2]_lopt_replica/C
Min Period        n/a     FDRE/C   n/a            1.000         1000000.047  999999.000  SLICE_X84Y112   core/stored_reg[3]/C
Min Period        n/a     FDRE/C   n/a            1.000         1000000.047  999999.000  SLICE_X84Y112   core/stored_reg[3]_lopt_replica/C
Min Period        n/a     FDRE/C   n/a            1.000         1000000.047  999999.000  SLICE_X84Y110   core/value_reg[0]/C
Low Pulse Width   Slow    FDRE/C   n/a            0.500         499999.907   499999.383  SLICE_X84Y112   core/stored_reg[0]/C
Low Pulse Width   Slow    FDRE/C   n/a            0.500         499999.907   499999.383  SLICE_X84Y112   core/stored_reg[0]_lopt_replica/C
Low Pulse Width   Slow    FDRE/C   n/a            0.500         499999.907   499999.383  SLICE_X84Y112   core/stored_reg[1]/C
Low Pulse Width   Slow    FDRE/C   n/a            0.500         499999.907   499999.383  SLICE_X84Y112   core/stored_reg[1]_lopt_replica/C
Low Pulse Width   Slow    FDRE/C   n/a            0.500         499999.907   499999.383  SLICE_X84Y112   core/stored_reg[2]/C
Low Pulse Width   Slow    FDRE/C   n/a            0.500         499999.907   499999.383  SLICE_X84Y112   core/stored_reg[2]_lopt_replica/C
Low Pulse Width   Slow    FDRE/C   n/a            0.500         499999.907   499999.383  SLICE_X84Y112   core/stored_reg[3]/C
Low Pulse Width   Slow    FDRE/C   n/a            0.500         499999.907   499999.383  SLICE_X84Y112   core/stored_reg[3]_lopt_replica/C
Low Pulse Width   Slow    FDRE/C   n/a            0.500         499999.907   499999.383  SLICE_X84Y110   core/value_reg[0]/C
Low Pulse Width   Slow    FDRE/C   n/a            0.500         499999.907   499999.383  SLICE_X84Y110   core/value_reg[1]/C
High Pulse Width  Fast    FDRE/C   n/a            0.500         500000.024   499999.500  SLICE_X84Y112   core/stored_reg[0]/C
High Pulse Width  Fast    FDRE/C   n/a            0.500         500000.024   499999.500  SLICE_X84Y112   core/stored_reg[0]_lopt_replica/C
High Pulse Width  Fast    FDRE/C   n/a            0.500         500000.024   499999.500  SLICE_X84Y112   core/stored_reg[1]/C
High Pulse Width  Fast    FDRE/C   n/a            0.500         500000.024   499999.500  SLICE_X84Y112   core/stored_reg[1]_lopt_replica/C
High Pulse Width  Fast    FDRE/C   n/a            0.500         500000.024   499999.500  SLICE_X84Y112   core/stored_reg[2]/C
High Pulse Width  Fast    FDRE/C   n/a            0.500         500000.024   499999.500  SLICE_X84Y112   core/stored_reg[2]_lopt_replica/C
High Pulse Width  Fast    FDRE/C   n/a            0.500         500000.024   499999.500  SLICE_X84Y112   core/stored_reg[3]/C
High Pulse Width  Fast    FDRE/C   n/a            0.500         500000.024   499999.500  SLICE_X84Y112   core/stored_reg[3]_lopt_replica/C
High Pulse Width  Fast    FDRE/C   n/a            0.500         500000.024   499999.500  SLICE_X84Y110   core/value_reg[0]/C
High Pulse Width  Fast    FDRE/C   n/a            0.500         500000.024   499999.500  SLICE_X84Y110   core/value_reg[1]/C



---------------------------------------------------------------------------------------------------
Path Group:  **async_default**
From Clock:  trainer_1khz
  To Clock:  trainer_1khz

Setup :            0  Failing Endpoints,  Worst Slack   999998.188ns,  Total Violation        0.000ns
Hold  :            0  Failing Endpoints,  Worst Slack        0.451ns,  Total Violation        0.000ns
---------------------------------------------------------------------------------------------------


Max Delay Paths
--------------------------------------------------------------------------------------
Slack (MET) :             999998.188ns  (required time - arrival time)
  Source:                 inputs/reset_pipe_reg[1]/C
                            (rising edge-triggered cell FDPE clocked by trainer_1khz  {rise@0.000ns fall@500000.031ns period=1000000.000ns})
  Destination:            inputs/accepted_reg/CLR
                            (recovery check against rising-edge clock trainer_1khz  {rise@0.000ns fall@500000.031ns period=1000000.000ns})
  Path Group:             **async_default**
  Path Type:              Recovery (Max at Slow Process Corner)
  Requirement:            1000000.062ns  (trainer_1khz rise@1000000.062ns - trainer_1khz rise@0.000ns)
  Data Path Delay:        1.167ns  (logic 0.478ns (40.954%)  route 0.689ns (59.046%))
  Logic Levels:           0  
  Clock Path Skew:        -0.025ns (DCD - SCD + CPR)
    Destination Clock Delay (DCD):    5.293ns = ( 1000005.375 - 1000000.062 ) 
    Source Clock Delay      (SCD):    5.608ns
    Clock Pessimism Removal (CPR):    0.290ns
  Clock Uncertainty:      0.035ns  ((TSJ^2 + TIJ^2)^1/2 + DJ) / 2 + PE
    Total System Jitter     (TSJ):    0.071ns
    Total Input Jitter      (TIJ):    0.000ns
    Discrete Jitter          (DJ):    0.000ns
    Phase Error              (PE):    0.000ns

    Location             Delay type                Incr(ns)  Path(ns)    Netlist Resource(s)
  -------------------------------------------------------------------    -------------------
                         (clock trainer_1khz rise edge)
                                                      0.000     0.000 r  <hidden>
    B6                                                0.000     0.000 r  clk
                         net (fo=0)                   0.000     0.000    clk
    B6                   IBUF (Prop_ibuf_I_O)         1.500     1.500 r  clk_IBUF_inst/O
                         net (fo=1, routed)           2.315     3.815    clk_IBUF
    BUFGCTRL_X0Y16       BUFG (Prop_bufg_I_O)         0.096     3.911 r  clk_IBUF_BUFG_inst/O
                         net (fo=35, routed)          1.697     5.608    inputs/CLK
    SLICE_X84Y111        FDPE                                         r  inputs/reset_pipe_reg[1]/C
  -------------------------------------------------------------------    -------------------
    SLICE_X84Y111        FDPE (Prop_fdpe_C_Q)         0.478     6.086 f  inputs/reset_pipe_reg[1]/Q
                         net (fo=33, routed)          0.689     6.775    inputs/reset_pipe[1]
    SLICE_X82Y111        FDCE                                         f  inputs/accepted_reg/CLR
  -------------------------------------------------------------------    -------------------

                         (clock trainer_1khz rise edge)
                                                  1000000.062 1000000.062 r  <hidden>
    B6                                                0.000 1000000.062 r  clk
                         net (fo=0)                   0.000 1000000.062    clk
    B6                   IBUF (Prop_ibuf_I_O)         1.429 1000001.500 r  clk_IBUF_inst/O
                         net (fo=1, routed)           2.196 1000003.688    clk_IBUF
    BUFGCTRL_X0Y16       BUFG (Prop_bufg_I_O)         0.091 1000003.750 r  clk_IBUF_BUFG_inst/O
                         net (fo=35, routed)          1.577 1000005.312    inputs/CLK
    SLICE_X82Y111        FDCE                                         r  inputs/accepted_reg/C
                         clock pessimism              0.290 1000005.625    <hidden>
                         clock uncertainty           -0.035 1000005.562    <hidden>
    SLICE_X82Y111        FDCE (Recov_fdce_C_CLR)     -0.576 1000005.000    inputs/accepted_reg
  -------------------------------------------------------------------
                         required time                      1000004.938    <hidden>
                         arrival time                          -6.775    <hidden>
  -------------------------------------------------------------------
                         slack                              999998.188    <hidden>

Slack (MET) :             999998.188ns  (required time - arrival time)
  Source:                 inputs/reset_pipe_reg[1]/C
                            (rising edge-triggered cell FDPE clocked by trainer_1khz  {rise@0.000ns fall@500000.031ns period=1000000.000ns})
  Destination:            inputs/button_meta_reg/CLR
                            (recovery check against rising-edge clock trainer_1khz  {rise@0.000ns fall@500000.031ns period=1000000.000ns})
  Path Group:             **async_default**
  Path Type:              Recovery (Max at Slow Process Corner)
  Requirement:            1000000.062ns  (trainer_1khz rise@1000000.062ns - trainer_1khz rise@0.000ns)
  Data Path Delay:        1.163ns  (logic 0.478ns (41.108%)  route 0.685ns (58.892%))
  Logic Levels:           0  
  Clock Path Skew:        -0.025ns (DCD - SCD + CPR)
    Destination Clock Delay (DCD):    5.293ns = ( 1000005.375 - 1000000.062 ) 
    Source Clock Delay      (SCD):    5.608ns
    Clock Pessimism Removal (CPR):    0.290ns
  Clock Uncertainty:      0.035ns  ((TSJ^2 + TIJ^2)^1/2 + DJ) / 2 + PE
    Total System Jitter     (TSJ):    0.071ns
    Total Input Jitter      (TIJ):    0.000ns
    Discrete Jitter          (DJ):    0.000ns
    Phase Error              (PE):    0.000ns

    Location             Delay type                Incr(ns)  Path(ns)    Netlist Resource(s)
  -------------------------------------------------------------------    -------------------
                         (clock trainer_1khz rise edge)
                                                      0.000     0.000 r  <hidden>
    B6                                                0.000     0.000 r  clk
                         net (fo=0)                   0.000     0.000    clk
    B6                   IBUF (Prop_ibuf_I_O)         1.500     1.500 r  clk_IBUF_inst/O
                         net (fo=1, routed)           2.315     3.815    clk_IBUF
    BUFGCTRL_X0Y16       BUFG (Prop_bufg_I_O)         0.096     3.911 r  clk_IBUF_BUFG_inst/O
                         net (fo=35, routed)          1.697     5.608    inputs/CLK
    SLICE_X84Y111        FDPE                                         r  inputs/reset_pipe_reg[1]/C
  -------------------------------------------------------------------    -------------------
    SLICE_X84Y111        FDPE (Prop_fdpe_C_Q)         0.478     6.086 f  inputs/reset_pipe_reg[1]/Q
                         net (fo=33, routed)          0.685     6.771    inputs/reset_pipe[1]
    SLICE_X83Y111        FDCE                                         f  inputs/button_meta_reg/CLR
  -------------------------------------------------------------------    -------------------

                         (clock trainer_1khz rise edge)
                                                  1000000.062 1000000.062 r  <hidden>
    B6                                                0.000 1000000.062 r  clk
                         net (fo=0)                   0.000 1000000.062    clk
    B6                   IBUF (Prop_ibuf_I_O)         1.429 1000001.500 r  clk_IBUF_inst/O
                         net (fo=1, routed)           2.196 1000003.688    clk_IBUF
    BUFGCTRL_X0Y16       BUFG (Prop_bufg_I_O)         0.091 1000003.750 r  clk_IBUF_BUFG_inst/O
                         net (fo=35, routed)          1.577 1000005.312    inputs/CLK
    SLICE_X83Y111        FDCE                                         r  inputs/button_meta_reg/C
                         clock pessimism              0.290 1000005.625    <hidden>
                         clock uncertainty           -0.035 1000005.562    <hidden>
    SLICE_X83Y111        FDCE (Recov_fdce_C_CLR)     -0.576 1000005.000    inputs/button_meta_reg
  -------------------------------------------------------------------
                         required time                      1000004.938    <hidden>
                         arrival time                          -6.771    <hidden>
  -------------------------------------------------------------------
                         slack                              999998.188    <hidden>

Slack (MET) :             999998.188ns  (required time - arrival time)
  Source:                 inputs/reset_pipe_reg[1]/C
                            (rising edge-triggered cell FDPE clocked by trainer_1khz  {rise@0.000ns fall@500000.031ns period=1000000.000ns})
  Destination:            inputs/button_sync_reg/CLR
                            (recovery check against rising-edge clock trainer_1khz  {rise@0.000ns fall@500000.031ns period=1000000.000ns})
  Path Group:             **async_default**
  Path Type:              Recovery (Max at Slow Process Corner)
  Requirement:            1000000.062ns  (trainer_1khz rise@1000000.062ns - trainer_1khz rise@0.000ns)
  Data Path Delay:        1.163ns  (logic 0.478ns (41.108%)  route 0.685ns (58.892%))
  Logic Levels:           0  
  Clock Path Skew:        -0.025ns (DCD - SCD + CPR)
    Destination Clock Delay (DCD):    5.293ns = ( 1000005.375 - 1000000.062 ) 
    Source Clock Delay      (SCD):    5.608ns
    Clock Pessimism Removal (CPR):    0.290ns
  Clock Uncertainty:      0.035ns  ((TSJ^2 + TIJ^2)^1/2 + DJ) / 2 + PE
    Total System Jitter     (TSJ):    0.071ns
    Total Input Jitter      (TIJ):    0.000ns
    Discrete Jitter          (DJ):    0.000ns
    Phase Error              (PE):    0.000ns

    Location             Delay type                Incr(ns)  Path(ns)    Netlist Resource(s)
  -------------------------------------------------------------------    -------------------
                         (clock trainer_1khz rise edge)
                                                      0.000     0.000 r  <hidden>
    B6                                                0.000     0.000 r  clk
                         net (fo=0)                   0.000     0.000    clk
    B6                   IBUF (Prop_ibuf_I_O)         1.500     1.500 r  clk_IBUF_inst/O
                         net (fo=1, routed)           2.315     3.815    clk_IBUF
    BUFGCTRL_X0Y16       BUFG (Prop_bufg_I_O)         0.096     3.911 r  clk_IBUF_BUFG_inst/O
                         net (fo=35, routed)          1.697     5.608    inputs/CLK
    SLICE_X84Y111        FDPE                                         r  inputs/reset_pipe_reg[1]/C
  -------------------------------------------------------------------    -------------------
    SLICE_X84Y111        FDPE (Prop_fdpe_C_Q)         0.478     6.086 f  inputs/reset_pipe_reg[1]/Q
                         net (fo=33, routed)          0.685     6.771    inputs/reset_pipe[1]
    SLICE_X83Y111        FDCE                                         f  inputs/button_sync_reg/CLR
  -------------------------------------------------------------------    -------------------

                         (clock trainer_1khz rise edge)
                                                  1000000.062 1000000.062 r  <hidden>
    B6                                                0.000 1000000.062 r  clk
                         net (fo=0)                   0.000 1000000.062    clk
    B6                   IBUF (Prop_ibuf_I_O)         1.429 1000001.500 r  clk_IBUF_inst/O
                         net (fo=1, routed)           2.196 1000003.688    clk_IBUF
    BUFGCTRL_X0Y16       BUFG (Prop_bufg_I_O)         0.091 1000003.750 r  clk_IBUF_BUFG_inst/O
                         net (fo=35, routed)          1.577 1000005.312    inputs/CLK
    SLICE_X83Y111        FDCE                                         r  inputs/button_sync_reg/C
                         clock pessimism              0.290 1000005.625    <hidden>
                         clock uncertainty           -0.035 1000005.562    <hidden>
    SLICE_X83Y111        FDCE (Recov_fdce_C_CLR)     -0.576 1000005.000    inputs/button_sync_reg
  -------------------------------------------------------------------
                         required time                      1000004.938    <hidden>
                         arrival time                          -6.771    <hidden>
  -------------------------------------------------------------------
                         slack                              999998.188    <hidden>

Slack (MET) :             999998.188ns  (required time - arrival time)
  Source:                 inputs/reset_pipe_reg[1]/C
                            (rising edge-triggered cell FDPE clocked by trainer_1khz  {rise@0.000ns fall@500000.031ns period=1000000.000ns})
  Destination:            inputs/press_reg/CLR
                            (recovery check against rising-edge clock trainer_1khz  {rise@0.000ns fall@500000.031ns period=1000000.000ns})
  Path Group:             **async_default**
  Path Type:              Recovery (Max at Slow Process Corner)
  Requirement:            1000000.062ns  (trainer_1khz rise@1000000.062ns - trainer_1khz rise@0.000ns)
  Data Path Delay:        1.163ns  (logic 0.478ns (41.108%)  route 0.685ns (58.892%))
  Logic Levels:           0  
  Clock Path Skew:        -0.025ns (DCD - SCD + CPR)
    Destination Clock Delay (DCD):    5.293ns = ( 1000005.375 - 1000000.062 ) 
    Source Clock Delay      (SCD):    5.608ns
    Clock Pessimism Removal (CPR):    0.290ns
  Clock Uncertainty:      0.035ns  ((TSJ^2 + TIJ^2)^1/2 + DJ) / 2 + PE
    Total System Jitter     (TSJ):    0.071ns
    Total Input Jitter      (TIJ):    0.000ns
    Discrete Jitter          (DJ):    0.000ns
    Phase Error              (PE):    0.000ns

    Location             Delay type                Incr(ns)  Path(ns)    Netlist Resource(s)
  -------------------------------------------------------------------    -------------------
                         (clock trainer_1khz rise edge)
                                                      0.000     0.000 r  <hidden>
    B6                                                0.000     0.000 r  clk
                         net (fo=0)                   0.000     0.000    clk
    B6                   IBUF (Prop_ibuf_I_O)         1.500     1.500 r  clk_IBUF_inst/O
                         net (fo=1, routed)           2.315     3.815    clk_IBUF
    BUFGCTRL_X0Y16       BUFG (Prop_bufg_I_O)         0.096     3.911 r  clk_IBUF_BUFG_inst/O
                         net (fo=35, routed)          1.697     5.608    inputs/CLK
    SLICE_X84Y111        FDPE                                         r  inputs/reset_pipe_reg[1]/C
  -------------------------------------------------------------------    -------------------
    SLICE_X84Y111        FDPE (Prop_fdpe_C_Q)         0.478     6.086 f  inputs/reset_pipe_reg[1]/Q
                         net (fo=33, routed)          0.685     6.771    inputs/reset_pipe[1]
    SLICE_X83Y111        FDCE                                         f  inputs/press_reg/CLR
  -------------------------------------------------------------------    -------------------

                         (clock trainer_1khz rise edge)
                                                  1000000.062 1000000.062 r  <hidden>
    B6                                                0.000 1000000.062 r  clk
                         net (fo=0)                   0.000 1000000.062    clk
    B6                   IBUF (Prop_ibuf_I_O)         1.429 1000001.500 r  clk_IBUF_inst/O
                         net (fo=1, routed)           2.196 1000003.688    clk_IBUF
    BUFGCTRL_X0Y16       BUFG (Prop_bufg_I_O)         0.091 1000003.750 r  clk_IBUF_BUFG_inst/O
                         net (fo=35, routed)          1.577 1000005.312    inputs/CLK
    SLICE_X83Y111        FDCE                                         r  inputs/press_reg/C
                         clock pessimism              0.290 1000005.625    <hidden>
                         clock uncertainty           -0.035 1000005.562    <hidden>
    SLICE_X83Y111        FDCE (Recov_fdce_C_CLR)     -0.576 1000005.000    inputs/press_reg
  -------------------------------------------------------------------
                         required time                      1000004.938    <hidden>
                         arrival time                          -6.771    <hidden>
  -------------------------------------------------------------------
                         slack                              999998.188    <hidden>

Slack (MET) :             999998.312ns  (required time - arrival time)
  Source:                 inputs/reset_pipe_reg[1]/C
                            (rising edge-triggered cell FDPE clocked by trainer_1khz  {rise@0.000ns fall@500000.031ns period=1000000.000ns})
  Destination:            inputs/count_reg[0]/CLR
                            (recovery check against rising-edge clock trainer_1khz  {rise@0.000ns fall@500000.031ns period=1000000.000ns})
  Path Group:             **async_default**
  Path Type:              Recovery (Max at Slow Process Corner)
  Requirement:            1000000.062ns  (trainer_1khz rise@1000000.062ns - trainer_1khz rise@0.000ns)
  Data Path Delay:        1.104ns  (logic 0.478ns (43.278%)  route 0.626ns (56.722%))
  Logic Levels:           0  
  Clock Path Skew:        -0.022ns (DCD - SCD + CPR)
    Destination Clock Delay (DCD):    5.293ns = ( 1000005.375 - 1000000.062 ) 
    Source Clock Delay      (SCD):    5.608ns
    Clock Pessimism Removal (CPR):    0.293ns
  Clock Uncertainty:      0.035ns  ((TSJ^2 + TIJ^2)^1/2 + DJ) / 2 + PE
    Total System Jitter     (TSJ):    0.071ns
    Total Input Jitter      (TIJ):    0.000ns
    Discrete Jitter          (DJ):    0.000ns
    Phase Error              (PE):    0.000ns

    Location             Delay type                Incr(ns)  Path(ns)    Netlist Resource(s)
  -------------------------------------------------------------------    -------------------
                         (clock trainer_1khz rise edge)
                                                      0.000     0.000 r  <hidden>
    B6                                                0.000     0.000 r  clk
                         net (fo=0)                   0.000     0.000    clk
    B6                   IBUF (Prop_ibuf_I_O)         1.500     1.500 r  clk_IBUF_inst/O
                         net (fo=1, routed)           2.315     3.815    clk_IBUF
    BUFGCTRL_X0Y16       BUFG (Prop_bufg_I_O)         0.096     3.911 r  clk_IBUF_BUFG_inst/O
                         net (fo=35, routed)          1.697     5.608    inputs/CLK
    SLICE_X84Y111        FDPE                                         r  inputs/reset_pipe_reg[1]/C
  -------------------------------------------------------------------    -------------------
    SLICE_X84Y111        FDPE (Prop_fdpe_C_Q)         0.478     6.086 f  inputs/reset_pipe_reg[1]/Q
                         net (fo=33, routed)          0.626     6.713    inputs/reset_pipe[1]
    SLICE_X85Y111        FDCE                                         f  inputs/count_reg[0]/CLR
  -------------------------------------------------------------------    -------------------

                         (clock trainer_1khz rise edge)
                                                  1000000.062 1000000.062 r  <hidden>
    B6                                                0.000 1000000.062 r  clk
                         net (fo=0)                   0.000 1000000.062    clk
    B6                   IBUF (Prop_ibuf_I_O)         1.429 1000001.500 r  clk_IBUF_inst/O
                         net (fo=1, routed)           2.196 1000003.688    clk_IBUF
    BUFGCTRL_X0Y16       BUFG (Prop_bufg_I_O)         0.091 1000003.750 r  clk_IBUF_BUFG_inst/O
                         net (fo=35, routed)          1.577 1000005.312    inputs/CLK
    SLICE_X85Y111        FDCE                                         r  inputs/count_reg[0]/C
                         clock pessimism              0.293 1000005.625    <hidden>
                         clock uncertainty           -0.035 1000005.562    <hidden>
    SLICE_X85Y111        FDCE (Recov_fdce_C_CLR)     -0.576 1000005.000    inputs/count_reg[0]
  -------------------------------------------------------------------
                         required time                      1000005.062    <hidden>
                         arrival time                          -6.713    <hidden>
  -------------------------------------------------------------------
                         slack                              999998.312    <hidden>

Slack (MET) :             999998.312ns  (required time - arrival time)
  Source:                 inputs/reset_pipe_reg[1]/C
                            (rising edge-triggered cell FDPE clocked by trainer_1khz  {rise@0.000ns fall@500000.031ns period=1000000.000ns})
  Destination:            inputs/count_reg[1]/CLR
                            (recovery check against rising-edge clock trainer_1khz  {rise@0.000ns fall@500000.031ns period=1000000.000ns})
  Path Group:             **async_default**
  Path Type:              Recovery (Max at Slow Process Corner)
  Requirement:            1000000.062ns  (trainer_1khz rise@1000000.062ns - trainer_1khz rise@0.000ns)
  Data Path Delay:        1.015ns  (logic 0.478ns (47.107%)  route 0.537ns (52.893%))
  Logic Levels:           0  
  Clock Path Skew:        -0.024ns (DCD - SCD + CPR)
    Destination Clock Delay (DCD):    5.294ns = ( 1000005.375 - 1000000.062 ) 
    Source Clock Delay      (SCD):    5.608ns
    Clock Pessimism Removal (CPR):    0.290ns
  Clock Uncertainty:      0.035ns  ((TSJ^2 + TIJ^2)^1/2 + DJ) / 2 + PE
    Total System Jitter     (TSJ):    0.071ns
    Total Input Jitter      (TIJ):    0.000ns
    Discrete Jitter          (DJ):    0.000ns
    Phase Error              (PE):    0.000ns

    Location             Delay type                Incr(ns)  Path(ns)    Netlist Resource(s)
  -------------------------------------------------------------------    -------------------
                         (clock trainer_1khz rise edge)
                                                      0.000     0.000 r  <hidden>
    B6                                                0.000     0.000 r  clk
                         net (fo=0)                   0.000     0.000    clk
    B6                   IBUF (Prop_ibuf_I_O)         1.500     1.500 r  clk_IBUF_inst/O
                         net (fo=1, routed)           2.315     3.815    clk_IBUF
    BUFGCTRL_X0Y16       BUFG (Prop_bufg_I_O)         0.096     3.911 r  clk_IBUF_BUFG_inst/O
                         net (fo=35, routed)          1.697     5.608    inputs/CLK
    SLICE_X84Y111        FDPE                                         r  inputs/reset_pipe_reg[1]/C
  -------------------------------------------------------------------    -------------------
    SLICE_X84Y111        FDPE (Prop_fdpe_C_Q)         0.478     6.086 f  inputs/reset_pipe_reg[1]/Q
                         net (fo=33, routed)          0.537     6.623    inputs/reset_pipe[1]
    SLICE_X85Y110        FDCE                                         f  inputs/count_reg[1]/CLR
  -------------------------------------------------------------------    -------------------

                         (clock trainer_1khz rise edge)
                                                  1000000.062 1000000.062 r  <hidden>
    B6                                                0.000 1000000.062 r  clk
                         net (fo=0)                   0.000 1000000.062    clk
    B6                   IBUF (Prop_ibuf_I_O)         1.429 1000001.500 r  clk_IBUF_inst/O
                         net (fo=1, routed)           2.196 1000003.688    clk_IBUF
    BUFGCTRL_X0Y16       BUFG (Prop_bufg_I_O)         0.091 1000003.750 r  clk_IBUF_BUFG_inst/O
                         net (fo=35, routed)          1.578 1000005.312    inputs/CLK
    SLICE_X85Y110        FDCE                                         r  inputs/count_reg[1]/C
                         clock pessimism              0.290 1000005.625    <hidden>
                         clock uncertainty           -0.035 1000005.562    <hidden>
    SLICE_X85Y110        FDCE (Recov_fdce_C_CLR)     -0.576 1000005.000    inputs/count_reg[1]
  -------------------------------------------------------------------
                         required time                      1000004.938    <hidden>
                         arrival time                          -6.623    <hidden>
  -------------------------------------------------------------------
                         slack                              999998.312    <hidden>

Slack (MET) :             999998.312ns  (required time - arrival time)
  Source:                 inputs/reset_pipe_reg[1]/C
                            (rising edge-triggered cell FDPE clocked by trainer_1khz  {rise@0.000ns fall@500000.031ns period=1000000.000ns})
  Destination:            inputs/count_reg[2]/CLR
                            (recovery check against rising-edge clock trainer_1khz  {rise@0.000ns fall@500000.031ns period=1000000.000ns})
  Path Group:             **async_default**
  Path Type:              Recovery (Max at Slow Process Corner)
  Requirement:            1000000.062ns  (trainer_1khz rise@1000000.062ns - trainer_1khz rise@0.000ns)
  Data Path Delay:        1.104ns  (logic 0.478ns (43.278%)  route 0.626ns (56.722%))
  Logic Levels:           0  
  Clock Path Skew:        -0.022ns (DCD - SCD + CPR)
    Destination Clock Delay (DCD):    5.293ns = ( 1000005.375 - 1000000.062 ) 
    Source Clock Delay      (SCD):    5.608ns
    Clock Pessimism Removal (CPR):    0.293ns
  Clock Uncertainty:      0.035ns  ((TSJ^2 + TIJ^2)^1/2 + DJ) / 2 + PE
    Total System Jitter     (TSJ):    0.071ns
    Total Input Jitter      (TIJ):    0.000ns
    Discrete Jitter          (DJ):    0.000ns
    Phase Error              (PE):    0.000ns

    Location             Delay type                Incr(ns)  Path(ns)    Netlist Resource(s)
  -------------------------------------------------------------------    -------------------
                         (clock trainer_1khz rise edge)
                                                      0.000     0.000 r  <hidden>
    B6                                                0.000     0.000 r  clk
                         net (fo=0)                   0.000     0.000    clk
    B6                   IBUF (Prop_ibuf_I_O)         1.500     1.500 r  clk_IBUF_inst/O
                         net (fo=1, routed)           2.315     3.815    clk_IBUF
    BUFGCTRL_X0Y16       BUFG (Prop_bufg_I_O)         0.096     3.911 r  clk_IBUF_BUFG_inst/O
                         net (fo=35, routed)          1.697     5.608    inputs/CLK
    SLICE_X84Y111        FDPE                                         r  inputs/reset_pipe_reg[1]/C
  -------------------------------------------------------------------    -------------------
    SLICE_X84Y111        FDPE (Prop_fdpe_C_Q)         0.478     6.086 f  inputs/reset_pipe_reg[1]/Q
                         net (fo=33, routed)          0.626     6.713    inputs/reset_pipe[1]
    SLICE_X85Y111        FDCE                                         f  inputs/count_reg[2]/CLR
  -------------------------------------------------------------------    -------------------

                         (clock trainer_1khz rise edge)
                                                  1000000.062 1000000.062 r  <hidden>
    B6                                                0.000 1000000.062 r  clk
                         net (fo=0)                   0.000 1000000.062    clk
    B6                   IBUF (Prop_ibuf_I_O)         1.429 1000001.500 r  clk_IBUF_inst/O
                         net (fo=1, routed)           2.196 1000003.688    clk_IBUF
    BUFGCTRL_X0Y16       BUFG (Prop_bufg_I_O)         0.091 1000003.750 r  clk_IBUF_BUFG_inst/O
                         net (fo=35, routed)          1.577 1000005.312    inputs/CLK
    SLICE_X85Y111        FDCE                                         r  inputs/count_reg[2]/C
                         clock pessimism              0.293 1000005.625    <hidden>
                         clock uncertainty           -0.035 1000005.562    <hidden>
    SLICE_X85Y111        FDCE (Recov_fdce_C_CLR)     -0.576 1000005.000    inputs/count_reg[2]
  -------------------------------------------------------------------
                         required time                      1000005.062    <hidden>
                         arrival time                          -6.713    <hidden>
  -------------------------------------------------------------------
                         slack                              999998.312    <hidden>

Slack (MET) :             999998.312ns  (required time - arrival time)
  Source:                 inputs/reset_pipe_reg[1]/C
                            (rising edge-triggered cell FDPE clocked by trainer_1khz  {rise@0.000ns fall@500000.031ns period=1000000.000ns})
  Destination:            inputs/count_reg[3]/CLR
                            (recovery check against rising-edge clock trainer_1khz  {rise@0.000ns fall@500000.031ns period=1000000.000ns})
  Path Group:             **async_default**
  Path Type:              Recovery (Max at Slow Process Corner)
  Requirement:            1000000.062ns  (trainer_1khz rise@1000000.062ns - trainer_1khz rise@0.000ns)
  Data Path Delay:        1.015ns  (logic 0.478ns (47.107%)  route 0.537ns (52.893%))
  Logic Levels:           0  
  Clock Path Skew:        -0.024ns (DCD - SCD + CPR)
    Destination Clock Delay (DCD):    5.294ns = ( 1000005.375 - 1000000.062 ) 
    Source Clock Delay      (SCD):    5.608ns
    Clock Pessimism Removal (CPR):    0.290ns
  Clock Uncertainty:      0.035ns  ((TSJ^2 + TIJ^2)^1/2 + DJ) / 2 + PE
    Total System Jitter     (TSJ):    0.071ns
    Total Input Jitter      (TIJ):    0.000ns
    Discrete Jitter          (DJ):    0.000ns
    Phase Error              (PE):    0.000ns

    Location             Delay type                Incr(ns)  Path(ns)    Netlist Resource(s)
  -------------------------------------------------------------------    -------------------
                         (clock trainer_1khz rise edge)
                                                      0.000     0.000 r  <hidden>
    B6                                                0.000     0.000 r  clk
                         net (fo=0)                   0.000     0.000    clk
    B6                   IBUF (Prop_ibuf_I_O)         1.500     1.500 r  clk_IBUF_inst/O
                         net (fo=1, routed)           2.315     3.815    clk_IBUF
    BUFGCTRL_X0Y16       BUFG (Prop_bufg_I_O)         0.096     3.911 r  clk_IBUF_BUFG_inst/O
                         net (fo=35, routed)          1.697     5.608    inputs/CLK
    SLICE_X84Y111        FDPE                                         r  inputs/reset_pipe_reg[1]/C
  -------------------------------------------------------------------    -------------------
    SLICE_X84Y111        FDPE (Prop_fdpe_C_Q)         0.478     6.086 f  inputs/reset_pipe_reg[1]/Q
                         net (fo=33, routed)          0.537     6.623    inputs/reset_pipe[1]
    SLICE_X85Y110        FDCE                                         f  inputs/count_reg[3]/CLR
  -------------------------------------------------------------------    -------------------

                         (clock trainer_1khz rise edge)
                                                  1000000.062 1000000.062 r  <hidden>
    B6                                                0.000 1000000.062 r  clk
                         net (fo=0)                   0.000 1000000.062    clk
    B6                   IBUF (Prop_ibuf_I_O)         1.429 1000001.500 r  clk_IBUF_inst/O
                         net (fo=1, routed)           2.196 1000003.688    clk_IBUF
    BUFGCTRL_X0Y16       BUFG (Prop_bufg_I_O)         0.091 1000003.750 r  clk_IBUF_BUFG_inst/O
                         net (fo=35, routed)          1.578 1000005.312    inputs/CLK
    SLICE_X85Y110        FDCE                                         r  inputs/count_reg[3]/C
                         clock pessimism              0.290 1000005.625    <hidden>
                         clock uncertainty           -0.035 1000005.562    <hidden>
    SLICE_X85Y110        FDCE (Recov_fdce_C_CLR)     -0.576 1000005.000    inputs/count_reg[3]
  -------------------------------------------------------------------
                         required time                      1000004.938    <hidden>
                         arrival time                          -6.623    <hidden>
  -------------------------------------------------------------------
                         slack                              999998.312    <hidden>

Slack (MET) :             999998.312ns  (required time - arrival time)
  Source:                 inputs/reset_pipe_reg[1]/C
                            (rising edge-triggered cell FDPE clocked by trainer_1khz  {rise@0.000ns fall@500000.031ns period=1000000.000ns})
  Destination:            inputs/count_reg[4]/CLR
                            (recovery check against rising-edge clock trainer_1khz  {rise@0.000ns fall@500000.031ns period=1000000.000ns})
  Path Group:             **async_default**
  Path Type:              Recovery (Max at Slow Process Corner)
  Requirement:            1000000.062ns  (trainer_1khz rise@1000000.062ns - trainer_1khz rise@0.000ns)
  Data Path Delay:        1.104ns  (logic 0.478ns (43.278%)  route 0.626ns (56.722%))
  Logic Levels:           0  
  Clock Path Skew:        -0.022ns (DCD - SCD + CPR)
    Destination Clock Delay (DCD):    5.293ns = ( 1000005.375 - 1000000.062 ) 
    Source Clock Delay      (SCD):    5.608ns
    Clock Pessimism Removal (CPR):    0.293ns
  Clock Uncertainty:      0.035ns  ((TSJ^2 + TIJ^2)^1/2 + DJ) / 2 + PE
    Total System Jitter     (TSJ):    0.071ns
    Total Input Jitter      (TIJ):    0.000ns
    Discrete Jitter          (DJ):    0.000ns
    Phase Error              (PE):    0.000ns

    Location             Delay type                Incr(ns)  Path(ns)    Netlist Resource(s)
  -------------------------------------------------------------------    -------------------
                         (clock trainer_1khz rise edge)
                                                      0.000     0.000 r  <hidden>
    B6                                                0.000     0.000 r  clk
                         net (fo=0)                   0.000     0.000    clk
    B6                   IBUF (Prop_ibuf_I_O)         1.500     1.500 r  clk_IBUF_inst/O
                         net (fo=1, routed)           2.315     3.815    clk_IBUF
    BUFGCTRL_X0Y16       BUFG (Prop_bufg_I_O)         0.096     3.911 r  clk_IBUF_BUFG_inst/O
                         net (fo=35, routed)          1.697     5.608    inputs/CLK
    SLICE_X84Y111        FDPE                                         r  inputs/reset_pipe_reg[1]/C
  -------------------------------------------------------------------    -------------------
    SLICE_X84Y111        FDPE (Prop_fdpe_C_Q)         0.478     6.086 f  inputs/reset_pipe_reg[1]/Q
                         net (fo=33, routed)          0.626     6.713    inputs/reset_pipe[1]
    SLICE_X85Y111        FDCE                                         f  inputs/count_reg[4]/CLR
  -------------------------------------------------------------------    -------------------

                         (clock trainer_1khz rise edge)
                                                  1000000.062 1000000.062 r  <hidden>
    B6                                                0.000 1000000.062 r  clk
                         net (fo=0)                   0.000 1000000.062    clk
    B6                   IBUF (Prop_ibuf_I_O)         1.429 1000001.500 r  clk_IBUF_inst/O
                         net (fo=1, routed)           2.196 1000003.688    clk_IBUF
    BUFGCTRL_X0Y16       BUFG (Prop_bufg_I_O)         0.091 1000003.750 r  clk_IBUF_BUFG_inst/O
                         net (fo=35, routed)          1.577 1000005.312    inputs/CLK
    SLICE_X85Y111        FDCE                                         r  inputs/count_reg[4]/C
                         clock pessimism              0.293 1000005.625    <hidden>
                         clock uncertainty           -0.035 1000005.562    <hidden>
    SLICE_X85Y111        FDCE (Recov_fdce_C_CLR)     -0.576 1000005.000    inputs/count_reg[4]
  -------------------------------------------------------------------
                         required time                      1000005.062    <hidden>
                         arrival time                          -6.713    <hidden>
  -------------------------------------------------------------------
                         slack                              999998.312    <hidden>

Slack (MET) :             999998.312ns  (required time - arrival time)
  Source:                 inputs/reset_pipe_reg[1]/C
                            (rising edge-triggered cell FDPE clocked by trainer_1khz  {rise@0.000ns fall@500000.031ns period=1000000.000ns})
  Destination:            inputs/sw_meta_reg[0]/CLR
                            (recovery check against rising-edge clock trainer_1khz  {rise@0.000ns fall@500000.031ns period=1000000.000ns})
  Path Group:             **async_default**
  Path Type:              Recovery (Max at Slow Process Corner)
  Requirement:            1000000.062ns  (trainer_1khz rise@1000000.062ns - trainer_1khz rise@0.000ns)
  Data Path Delay:        1.008ns  (logic 0.478ns (47.422%)  route 0.530ns (52.578%))
  Logic Levels:           0  
  Clock Path Skew:        -0.026ns (DCD - SCD + CPR)
    Destination Clock Delay (DCD):    5.292ns = ( 1000005.375 - 1000000.062 ) 
    Source Clock Delay      (SCD):    5.608ns
    Clock Pessimism Removal (CPR):    0.290ns
  Clock Uncertainty:      0.035ns  ((TSJ^2 + TIJ^2)^1/2 + DJ) / 2 + PE
    Total System Jitter     (TSJ):    0.071ns
    Total Input Jitter      (TIJ):    0.000ns
    Discrete Jitter          (DJ):    0.000ns
    Phase Error              (PE):    0.000ns

    Location             Delay type                Incr(ns)  Path(ns)    Netlist Resource(s)
  -------------------------------------------------------------------    -------------------
                         (clock trainer_1khz rise edge)
                                                      0.000     0.000 r  <hidden>
    B6                                                0.000     0.000 r  clk
                         net (fo=0)                   0.000     0.000    clk
    B6                   IBUF (Prop_ibuf_I_O)         1.500     1.500 r  clk_IBUF_inst/O
                         net (fo=1, routed)           2.315     3.815    clk_IBUF
    BUFGCTRL_X0Y16       BUFG (Prop_bufg_I_O)         0.096     3.911 r  clk_IBUF_BUFG_inst/O
                         net (fo=35, routed)          1.697     5.608    inputs/CLK
    SLICE_X84Y111        FDPE                                         r  inputs/reset_pipe_reg[1]/C
  -------------------------------------------------------------------    -------------------
    SLICE_X84Y111        FDPE (Prop_fdpe_C_Q)         0.478     6.086 f  inputs/reset_pipe_reg[1]/Q
                         net (fo=33, routed)          0.530     6.616    inputs/reset_pipe[1]
    SLICE_X83Y112        FDCE                                         f  inputs/sw_meta_reg[0]/CLR
  -------------------------------------------------------------------    -------------------

                         (clock trainer_1khz rise edge)
                                                  1000000.062 1000000.062 r  <hidden>
    B6                                                0.000 1000000.062 r  clk
                         net (fo=0)                   0.000 1000000.062    clk
    B6                   IBUF (Prop_ibuf_I_O)         1.429 1000001.500 r  clk_IBUF_inst/O
                         net (fo=1, routed)           2.196 1000003.688    clk_IBUF
    BUFGCTRL_X0Y16       BUFG (Prop_bufg_I_O)         0.091 1000003.750 r  clk_IBUF_BUFG_inst/O
                         net (fo=35, routed)          1.576 1000005.312    inputs/CLK
    SLICE_X83Y112        FDCE                                         r  inputs/sw_meta_reg[0]/C
                         clock pessimism              0.290 1000005.625    <hidden>
                         clock uncertainty           -0.035 1000005.562    <hidden>
    SLICE_X83Y112        FDCE (Recov_fdce_C_CLR)     -0.576 1000005.000    inputs/sw_meta_reg[0]
  -------------------------------------------------------------------
                         required time                      1000004.938    <hidden>
                         arrival time                          -6.616    <hidden>
  -------------------------------------------------------------------
                         slack                              999998.312    <hidden>





Min Delay Paths
--------------------------------------------------------------------------------------
Slack (MET) :             0.451ns  (arrival time - required time)
  Source:                 inputs/reset_pipe_reg[1]/C
                            (rising edge-triggered cell FDPE clocked by trainer_1khz  {rise@0.000ns fall@500000.031ns period=1000000.000ns})
  Destination:            inputs/sw_meta_reg[4]/CLR
                            (removal check against rising-edge clock trainer_1khz  {rise@0.000ns fall@500000.031ns period=1000000.000ns})
  Path Group:             **async_default**
  Path Type:              Removal (Min at Fast Process Corner)
  Requirement:            0.000ns  (trainer_1khz rise@0.000ns - trainer_1khz rise@0.000ns)
  Data Path Delay:        0.320ns  (logic 0.148ns (46.303%)  route 0.172ns (53.697%))
  Logic Levels:           0  
  Clock Path Skew:        0.014ns (DCD - SCD - CPR)
    Destination Clock Delay (DCD):    2.218ns
    Source Clock Delay      (SCD):    1.694ns
    Clock Pessimism Removal (CPR):    0.510ns

    Location             Delay type                Incr(ns)  Path(ns)    Netlist Resource(s)
  -------------------------------------------------------------------    -------------------
                         (clock trainer_1khz rise edge)
                                                      0.000     0.000 r  <hidden>
    B6                                                0.000     0.000 r  clk
                         net (fo=0)                   0.000     0.000    clk
    B6                   IBUF (Prop_ibuf_I_O)         0.268     0.268 r  clk_IBUF_inst/O
                         net (fo=1, routed)           0.808     1.075    clk_IBUF
    BUFGCTRL_X0Y16       BUFG (Prop_bufg_I_O)         0.026     1.101 r  clk_IBUF_BUFG_inst/O
                         net (fo=35, routed)          0.593     1.694    inputs/CLK
    SLICE_X84Y111        FDPE                                         r  inputs/reset_pipe_reg[1]/C
  -------------------------------------------------------------------    -------------------
    SLICE_X84Y111        FDPE (Prop_fdpe_C_Q)         0.148     1.842 f  inputs/reset_pipe_reg[1]/Q
                         net (fo=33, routed)          0.172     2.014    inputs/reset_pipe[1]
    SLICE_X85Y112        FDCE                                         f  inputs/sw_meta_reg[4]/CLR
  -------------------------------------------------------------------    -------------------

                         (clock trainer_1khz rise edge)
                                                      0.000     0.000 r  <hidden>
    B6                                                0.000     0.000 r  clk
                         net (fo=0)                   0.000     0.000    clk
    B6                   IBUF (Prop_ibuf_I_O)         0.456     0.456 r  clk_IBUF_inst/O
                         net (fo=1, routed)           0.871     1.327    clk_IBUF
    BUFGCTRL_X0Y16       BUFG (Prop_bufg_I_O)         0.029     1.356 r  clk_IBUF_BUFG_inst/O
                         net (fo=35, routed)          0.863     2.218    inputs/CLK
    SLICE_X85Y112        FDCE                                         r  inputs/sw_meta_reg[4]/C
                         clock pessimism             -0.510     1.708    <hidden>
    SLICE_X85Y112        FDCE (Remov_fdce_C_CLR)     -0.145     1.563    inputs/sw_meta_reg[4]
  -------------------------------------------------------------------
                         required time                         -1.563    <hidden>
                         arrival time                           2.014    <hidden>
  -------------------------------------------------------------------
                         slack                                  0.451    <hidden>

Slack (MET) :             0.451ns  (arrival time - required time)
  Source:                 inputs/reset_pipe_reg[1]/C
                            (rising edge-triggered cell FDPE clocked by trainer_1khz  {rise@0.000ns fall@500000.031ns period=1000000.000ns})
  Destination:            inputs/sw_meta_reg[5]/CLR
                            (removal check against rising-edge clock trainer_1khz  {rise@0.000ns fall@500000.031ns period=1000000.000ns})
  Path Group:             **async_default**
  Path Type:              Removal (Min at Fast Process Corner)
  Requirement:            0.000ns  (trainer_1khz rise@0.000ns - trainer_1khz rise@0.000ns)
  Data Path Delay:        0.320ns  (logic 0.148ns (46.303%)  route 0.172ns (53.697%))
  Logic Levels:           0  
  Clock Path Skew:        0.014ns (DCD - SCD - CPR)
    Destination Clock Delay (DCD):    2.218ns
    Source Clock Delay      (SCD):    1.694ns
    Clock Pessimism Removal (CPR):    0.510ns

    Location             Delay type                Incr(ns)  Path(ns)    Netlist Resource(s)
  -------------------------------------------------------------------    -------------------
                         (clock trainer_1khz rise edge)
                                                      0.000     0.000 r  <hidden>
    B6                                                0.000     0.000 r  clk
                         net (fo=0)                   0.000     0.000    clk
    B6                   IBUF (Prop_ibuf_I_O)         0.268     0.268 r  clk_IBUF_inst/O
                         net (fo=1, routed)           0.808     1.075    clk_IBUF
    BUFGCTRL_X0Y16       BUFG (Prop_bufg_I_O)         0.026     1.101 r  clk_IBUF_BUFG_inst/O
                         net (fo=35, routed)          0.593     1.694    inputs/CLK
    SLICE_X84Y111        FDPE                                         r  inputs/reset_pipe_reg[1]/C
  -------------------------------------------------------------------    -------------------
    SLICE_X84Y111        FDPE (Prop_fdpe_C_Q)         0.148     1.842 f  inputs/reset_pipe_reg[1]/Q
                         net (fo=33, routed)          0.172     2.014    inputs/reset_pipe[1]
    SLICE_X85Y112        FDCE                                         f  inputs/sw_meta_reg[5]/CLR
  -------------------------------------------------------------------    -------------------

                         (clock trainer_1khz rise edge)
                                                      0.000     0.000 r  <hidden>
    B6                                                0.000     0.000 r  clk
                         net (fo=0)                   0.000     0.000    clk
    B6                   IBUF (Prop_ibuf_I_O)         0.456     0.456 r  clk_IBUF_inst/O
                         net (fo=1, routed)           0.871     1.327    clk_IBUF
    BUFGCTRL_X0Y16       BUFG (Prop_bufg_I_O)         0.029     1.356 r  clk_IBUF_BUFG_inst/O
                         net (fo=35, routed)          0.863     2.218    inputs/CLK
    SLICE_X85Y112        FDCE                                         r  inputs/sw_meta_reg[5]/C
                         clock pessimism             -0.510     1.708    <hidden>
    SLICE_X85Y112        FDCE (Remov_fdce_C_CLR)     -0.145     1.563    inputs/sw_meta_reg[5]
  -------------------------------------------------------------------
                         required time                         -1.563    <hidden>
                         arrival time                           2.014    <hidden>
  -------------------------------------------------------------------
                         slack                                  0.451    <hidden>

Slack (MET) :             0.451ns  (arrival time - required time)
  Source:                 inputs/reset_pipe_reg[1]/C
                            (rising edge-triggered cell FDPE clocked by trainer_1khz  {rise@0.000ns fall@500000.031ns period=1000000.000ns})
  Destination:            inputs/sw_meta_reg[6]/CLR
                            (removal check against rising-edge clock trainer_1khz  {rise@0.000ns fall@500000.031ns period=1000000.000ns})
  Path Group:             **async_default**
  Path Type:              Removal (Min at Fast Process Corner)
  Requirement:            0.000ns  (trainer_1khz rise@0.000ns - trainer_1khz rise@0.000ns)
  Data Path Delay:        0.320ns  (logic 0.148ns (46.303%)  route 0.172ns (53.697%))
  Logic Levels:           0  
  Clock Path Skew:        0.014ns (DCD - SCD - CPR)
    Destination Clock Delay (DCD):    2.218ns
    Source Clock Delay      (SCD):    1.694ns
    Clock Pessimism Removal (CPR):    0.510ns

    Location             Delay type                Incr(ns)  Path(ns)    Netlist Resource(s)
  -------------------------------------------------------------------    -------------------
                         (clock trainer_1khz rise edge)
                                                      0.000     0.000 r  <hidden>
    B6                                                0.000     0.000 r  clk
                         net (fo=0)                   0.000     0.000    clk
    B6                   IBUF (Prop_ibuf_I_O)         0.268     0.268 r  clk_IBUF_inst/O
                         net (fo=1, routed)           0.808     1.075    clk_IBUF
    BUFGCTRL_X0Y16       BUFG (Prop_bufg_I_O)         0.026     1.101 r  clk_IBUF_BUFG_inst/O
                         net (fo=35, routed)          0.593     1.694    inputs/CLK
    SLICE_X84Y111        FDPE                                         r  inputs/reset_pipe_reg[1]/C
  -------------------------------------------------------------------    -------------------
    SLICE_X84Y111        FDPE (Prop_fdpe_C_Q)         0.148     1.842 f  inputs/reset_pipe_reg[1]/Q
                         net (fo=33, routed)          0.172     2.014    inputs/reset_pipe[1]
    SLICE_X85Y112        FDCE                                         f  inputs/sw_meta_reg[6]/CLR
  -------------------------------------------------------------------    -------------------

                         (clock trainer_1khz rise edge)
                                                      0.000     0.000 r  <hidden>
    B6                                                0.000     0.000 r  clk
                         net (fo=0)                   0.000     0.000    clk
    B6                   IBUF (Prop_ibuf_I_O)         0.456     0.456 r  clk_IBUF_inst/O
                         net (fo=1, routed)           0.871     1.327    clk_IBUF
    BUFGCTRL_X0Y16       BUFG (Prop_bufg_I_O)         0.029     1.356 r  clk_IBUF_BUFG_inst/O
                         net (fo=35, routed)          0.863     2.218    inputs/CLK
    SLICE_X85Y112        FDCE                                         r  inputs/sw_meta_reg[6]/C
                         clock pessimism             -0.510     1.708    <hidden>
    SLICE_X85Y112        FDCE (Remov_fdce_C_CLR)     -0.145     1.563    inputs/sw_meta_reg[6]
  -------------------------------------------------------------------
                         required time                         -1.563    <hidden>
                         arrival time                           2.014    <hidden>
  -------------------------------------------------------------------
                         slack                                  0.451    <hidden>

Slack (MET) :             0.451ns  (arrival time - required time)
  Source:                 inputs/reset_pipe_reg[1]/C
                            (rising edge-triggered cell FDPE clocked by trainer_1khz  {rise@0.000ns fall@500000.031ns period=1000000.000ns})
  Destination:            inputs/sw_meta_reg[7]/CLR
                            (removal check against rising-edge clock trainer_1khz  {rise@0.000ns fall@500000.031ns period=1000000.000ns})
  Path Group:             **async_default**
  Path Type:              Removal (Min at Fast Process Corner)
  Requirement:            0.000ns  (trainer_1khz rise@0.000ns - trainer_1khz rise@0.000ns)
  Data Path Delay:        0.320ns  (logic 0.148ns (46.303%)  route 0.172ns (53.697%))
  Logic Levels:           0  
  Clock Path Skew:        0.014ns (DCD - SCD - CPR)
    Destination Clock Delay (DCD):    2.218ns
    Source Clock Delay      (SCD):    1.694ns
    Clock Pessimism Removal (CPR):    0.510ns

    Location             Delay type                Incr(ns)  Path(ns)    Netlist Resource(s)
  -------------------------------------------------------------------    -------------------
                         (clock trainer_1khz rise edge)
                                                      0.000     0.000 r  <hidden>
    B6                                                0.000     0.000 r  clk
                         net (fo=0)                   0.000     0.000    clk
    B6                   IBUF (Prop_ibuf_I_O)         0.268     0.268 r  clk_IBUF_inst/O
                         net (fo=1, routed)           0.808     1.075    clk_IBUF
    BUFGCTRL_X0Y16       BUFG (Prop_bufg_I_O)         0.026     1.101 r  clk_IBUF_BUFG_inst/O
                         net (fo=35, routed)          0.593     1.694    inputs/CLK
    SLICE_X84Y111        FDPE                                         r  inputs/reset_pipe_reg[1]/C
  -------------------------------------------------------------------    -------------------
    SLICE_X84Y111        FDPE (Prop_fdpe_C_Q)         0.148     1.842 f  inputs/reset_pipe_reg[1]/Q
                         net (fo=33, routed)          0.172     2.014    inputs/reset_pipe[1]
    SLICE_X85Y112        FDCE                                         f  inputs/sw_meta_reg[7]/CLR
  -------------------------------------------------------------------    -------------------

                         (clock trainer_1khz rise edge)
                                                      0.000     0.000 r  <hidden>
    B6                                                0.000     0.000 r  clk
                         net (fo=0)                   0.000     0.000    clk
    B6                   IBUF (Prop_ibuf_I_O)         0.456     0.456 r  clk_IBUF_inst/O
                         net (fo=1, routed)           0.871     1.327    clk_IBUF
    BUFGCTRL_X0Y16       BUFG (Prop_bufg_I_O)         0.029     1.356 r  clk_IBUF_BUFG_inst/O
                         net (fo=35, routed)          0.863     2.218    inputs/CLK
    SLICE_X85Y112        FDCE                                         r  inputs/sw_meta_reg[7]/C
                         clock pessimism             -0.510     1.708    <hidden>
    SLICE_X85Y112        FDCE (Remov_fdce_C_CLR)     -0.145     1.563    inputs/sw_meta_reg[7]
  -------------------------------------------------------------------
                         required time                         -1.563    <hidden>
                         arrival time                           2.014    <hidden>
  -------------------------------------------------------------------
                         slack                                  0.451    <hidden>

Slack (MET) :             0.451ns  (arrival time - required time)
  Source:                 inputs/reset_pipe_reg[1]/C
                            (rising edge-triggered cell FDPE clocked by trainer_1khz  {rise@0.000ns fall@500000.031ns period=1000000.000ns})
  Destination:            inputs/sw_sync_reg[4]/CLR
                            (removal check against rising-edge clock trainer_1khz  {rise@0.000ns fall@500000.031ns period=1000000.000ns})
  Path Group:             **async_default**
  Path Type:              Removal (Min at Fast Process Corner)
  Requirement:            0.000ns  (trainer_1khz rise@0.000ns - trainer_1khz rise@0.000ns)
  Data Path Delay:        0.320ns  (logic 0.148ns (46.303%)  route 0.172ns (53.697%))
  Logic Levels:           0  
  Clock Path Skew:        0.014ns (DCD - SCD - CPR)
    Destination Clock Delay (DCD):    2.218ns
    Source Clock Delay      (SCD):    1.694ns
    Clock Pessimism Removal (CPR):    0.510ns

    Location             Delay type                Incr(ns)  Path(ns)    Netlist Resource(s)
  -------------------------------------------------------------------    -------------------
                         (clock trainer_1khz rise edge)
                                                      0.000     0.000 r  <hidden>
    B6                                                0.000     0.000 r  clk
                         net (fo=0)                   0.000     0.000    clk
    B6                   IBUF (Prop_ibuf_I_O)         0.268     0.268 r  clk_IBUF_inst/O
                         net (fo=1, routed)           0.808     1.075    clk_IBUF
    BUFGCTRL_X0Y16       BUFG (Prop_bufg_I_O)         0.026     1.101 r  clk_IBUF_BUFG_inst/O
                         net (fo=35, routed)          0.593     1.694    inputs/CLK
    SLICE_X84Y111        FDPE                                         r  inputs/reset_pipe_reg[1]/C
  -------------------------------------------------------------------    -------------------
    SLICE_X84Y111        FDPE (Prop_fdpe_C_Q)         0.148     1.842 f  inputs/reset_pipe_reg[1]/Q
                         net (fo=33, routed)          0.172     2.014    inputs/reset_pipe[1]
    SLICE_X85Y112        FDCE                                         f  inputs/sw_sync_reg[4]/CLR
  -------------------------------------------------------------------    -------------------

                         (clock trainer_1khz rise edge)
                                                      0.000     0.000 r  <hidden>
    B6                                                0.000     0.000 r  clk
                         net (fo=0)                   0.000     0.000    clk
    B6                   IBUF (Prop_ibuf_I_O)         0.456     0.456 r  clk_IBUF_inst/O
                         net (fo=1, routed)           0.871     1.327    clk_IBUF
    BUFGCTRL_X0Y16       BUFG (Prop_bufg_I_O)         0.029     1.356 r  clk_IBUF_BUFG_inst/O
                         net (fo=35, routed)          0.863     2.218    inputs/CLK
    SLICE_X85Y112        FDCE                                         r  inputs/sw_sync_reg[4]/C
                         clock pessimism             -0.510     1.708    <hidden>
    SLICE_X85Y112        FDCE (Remov_fdce_C_CLR)     -0.145     1.563    inputs/sw_sync_reg[4]
  -------------------------------------------------------------------
                         required time                         -1.563    <hidden>
                         arrival time                           2.014    <hidden>
  -------------------------------------------------------------------
                         slack                                  0.451    <hidden>

Slack (MET) :             0.451ns  (arrival time - required time)
  Source:                 inputs/reset_pipe_reg[1]/C
                            (rising edge-triggered cell FDPE clocked by trainer_1khz  {rise@0.000ns fall@500000.031ns period=1000000.000ns})
  Destination:            inputs/sw_sync_reg[5]/CLR
                            (removal check against rising-edge clock trainer_1khz  {rise@0.000ns fall@500000.031ns period=1000000.000ns})
  Path Group:             **async_default**
  Path Type:              Removal (Min at Fast Process Corner)
  Requirement:            0.000ns  (trainer_1khz rise@0.000ns - trainer_1khz rise@0.000ns)
  Data Path Delay:        0.320ns  (logic 0.148ns (46.303%)  route 0.172ns (53.697%))
  Logic Levels:           0  
  Clock Path Skew:        0.014ns (DCD - SCD - CPR)
    Destination Clock Delay (DCD):    2.218ns
    Source Clock Delay      (SCD):    1.694ns
    Clock Pessimism Removal (CPR):    0.510ns

    Location             Delay type                Incr(ns)  Path(ns)    Netlist Resource(s)
  -------------------------------------------------------------------    -------------------
                         (clock trainer_1khz rise edge)
                                                      0.000     0.000 r  <hidden>
    B6                                                0.000     0.000 r  clk
                         net (fo=0)                   0.000     0.000    clk
    B6                   IBUF (Prop_ibuf_I_O)         0.268     0.268 r  clk_IBUF_inst/O
                         net (fo=1, routed)           0.808     1.075    clk_IBUF
    BUFGCTRL_X0Y16       BUFG (Prop_bufg_I_O)         0.026     1.101 r  clk_IBUF_BUFG_inst/O
                         net (fo=35, routed)          0.593     1.694    inputs/CLK
    SLICE_X84Y111        FDPE                                         r  inputs/reset_pipe_reg[1]/C
  -------------------------------------------------------------------    -------------------
    SLICE_X84Y111        FDPE (Prop_fdpe_C_Q)         0.148     1.842 f  inputs/reset_pipe_reg[1]/Q
                         net (fo=33, routed)          0.172     2.014    inputs/reset_pipe[1]
    SLICE_X85Y112        FDCE                                         f  inputs/sw_sync_reg[5]/CLR
  -------------------------------------------------------------------    -------------------

                         (clock trainer_1khz rise edge)
                                                      0.000     0.000 r  <hidden>
    B6                                                0.000     0.000 r  clk
                         net (fo=0)                   0.000     0.000    clk
    B6                   IBUF (Prop_ibuf_I_O)         0.456     0.456 r  clk_IBUF_inst/O
                         net (fo=1, routed)           0.871     1.327    clk_IBUF
    BUFGCTRL_X0Y16       BUFG (Prop_bufg_I_O)         0.029     1.356 r  clk_IBUF_BUFG_inst/O
                         net (fo=35, routed)          0.863     2.218    inputs/CLK
    SLICE_X85Y112        FDCE                                         r  inputs/sw_sync_reg[5]/C
                         clock pessimism             -0.510     1.708    <hidden>
    SLICE_X85Y112        FDCE (Remov_fdce_C_CLR)     -0.145     1.563    inputs/sw_sync_reg[5]
  -------------------------------------------------------------------
                         required time                         -1.563    <hidden>
                         arrival time                           2.014    <hidden>
  -------------------------------------------------------------------
                         slack                                  0.451    <hidden>

Slack (MET) :             0.451ns  (arrival time - required time)
  Source:                 inputs/reset_pipe_reg[1]/C
                            (rising edge-triggered cell FDPE clocked by trainer_1khz  {rise@0.000ns fall@500000.031ns period=1000000.000ns})
  Destination:            inputs/sw_sync_reg[6]/CLR
                            (removal check against rising-edge clock trainer_1khz  {rise@0.000ns fall@500000.031ns period=1000000.000ns})
  Path Group:             **async_default**
  Path Type:              Removal (Min at Fast Process Corner)
  Requirement:            0.000ns  (trainer_1khz rise@0.000ns - trainer_1khz rise@0.000ns)
  Data Path Delay:        0.320ns  (logic 0.148ns (46.303%)  route 0.172ns (53.697%))
  Logic Levels:           0  
  Clock Path Skew:        0.014ns (DCD - SCD - CPR)
    Destination Clock Delay (DCD):    2.218ns
    Source Clock Delay      (SCD):    1.694ns
    Clock Pessimism Removal (CPR):    0.510ns

    Location             Delay type                Incr(ns)  Path(ns)    Netlist Resource(s)
  -------------------------------------------------------------------    -------------------
                         (clock trainer_1khz rise edge)
                                                      0.000     0.000 r  <hidden>
    B6                                                0.000     0.000 r  clk
                         net (fo=0)                   0.000     0.000    clk
    B6                   IBUF (Prop_ibuf_I_O)         0.268     0.268 r  clk_IBUF_inst/O
                         net (fo=1, routed)           0.808     1.075    clk_IBUF
    BUFGCTRL_X0Y16       BUFG (Prop_bufg_I_O)         0.026     1.101 r  clk_IBUF_BUFG_inst/O
                         net (fo=35, routed)          0.593     1.694    inputs/CLK
    SLICE_X84Y111        FDPE                                         r  inputs/reset_pipe_reg[1]/C
  -------------------------------------------------------------------    -------------------
    SLICE_X84Y111        FDPE (Prop_fdpe_C_Q)         0.148     1.842 f  inputs/reset_pipe_reg[1]/Q
                         net (fo=33, routed)          0.172     2.014    inputs/reset_pipe[1]
    SLICE_X85Y112        FDCE                                         f  inputs/sw_sync_reg[6]/CLR
  -------------------------------------------------------------------    -------------------

                         (clock trainer_1khz rise edge)
                                                      0.000     0.000 r  <hidden>
    B6                                                0.000     0.000 r  clk
                         net (fo=0)                   0.000     0.000    clk
    B6                   IBUF (Prop_ibuf_I_O)         0.456     0.456 r  clk_IBUF_inst/O
                         net (fo=1, routed)           0.871     1.327    clk_IBUF
    BUFGCTRL_X0Y16       BUFG (Prop_bufg_I_O)         0.029     1.356 r  clk_IBUF_BUFG_inst/O
                         net (fo=35, routed)          0.863     2.218    inputs/CLK
    SLICE_X85Y112        FDCE                                         r  inputs/sw_sync_reg[6]/C
                         clock pessimism             -0.510     1.708    <hidden>
    SLICE_X85Y112        FDCE (Remov_fdce_C_CLR)     -0.145     1.563    inputs/sw_sync_reg[6]
  -------------------------------------------------------------------
                         required time                         -1.563    <hidden>
                         arrival time                           2.014    <hidden>
  -------------------------------------------------------------------
                         slack                                  0.451    <hidden>

Slack (MET) :             0.451ns  (arrival time - required time)
  Source:                 inputs/reset_pipe_reg[1]/C
                            (rising edge-triggered cell FDPE clocked by trainer_1khz  {rise@0.000ns fall@500000.031ns period=1000000.000ns})
  Destination:            inputs/sw_sync_reg[7]/CLR
                            (removal check against rising-edge clock trainer_1khz  {rise@0.000ns fall@500000.031ns period=1000000.000ns})
  Path Group:             **async_default**
  Path Type:              Removal (Min at Fast Process Corner)
  Requirement:            0.000ns  (trainer_1khz rise@0.000ns - trainer_1khz rise@0.000ns)
  Data Path Delay:        0.320ns  (logic 0.148ns (46.303%)  route 0.172ns (53.697%))
  Logic Levels:           0  
  Clock Path Skew:        0.014ns (DCD - SCD - CPR)
    Destination Clock Delay (DCD):    2.218ns
    Source Clock Delay      (SCD):    1.694ns
    Clock Pessimism Removal (CPR):    0.510ns

    Location             Delay type                Incr(ns)  Path(ns)    Netlist Resource(s)
  -------------------------------------------------------------------    -------------------
                         (clock trainer_1khz rise edge)
                                                      0.000     0.000 r  <hidden>
    B6                                                0.000     0.000 r  clk
                         net (fo=0)                   0.000     0.000    clk
    B6                   IBUF (Prop_ibuf_I_O)         0.268     0.268 r  clk_IBUF_inst/O
                         net (fo=1, routed)           0.808     1.075    clk_IBUF
    BUFGCTRL_X0Y16       BUFG (Prop_bufg_I_O)         0.026     1.101 r  clk_IBUF_BUFG_inst/O
                         net (fo=35, routed)          0.593     1.694    inputs/CLK
    SLICE_X84Y111        FDPE                                         r  inputs/reset_pipe_reg[1]/C
  -------------------------------------------------------------------    -------------------
    SLICE_X84Y111        FDPE (Prop_fdpe_C_Q)         0.148     1.842 f  inputs/reset_pipe_reg[1]/Q
                         net (fo=33, routed)          0.172     2.014    inputs/reset_pipe[1]
    SLICE_X85Y112        FDCE                                         f  inputs/sw_sync_reg[7]/CLR
  -------------------------------------------------------------------    -------------------

                         (clock trainer_1khz rise edge)
                                                      0.000     0.000 r  <hidden>
    B6                                                0.000     0.000 r  clk
                         net (fo=0)                   0.000     0.000    clk
    B6                   IBUF (Prop_ibuf_I_O)         0.456     0.456 r  clk_IBUF_inst/O
                         net (fo=1, routed)           0.871     1.327    clk_IBUF
    BUFGCTRL_X0Y16       BUFG (Prop_bufg_I_O)         0.029     1.356 r  clk_IBUF_BUFG_inst/O
                         net (fo=35, routed)          0.863     2.218    inputs/CLK
    SLICE_X85Y112        FDCE                                         r  inputs/sw_sync_reg[7]/C
                         clock pessimism             -0.510     1.708    <hidden>
    SLICE_X85Y112        FDCE (Remov_fdce_C_CLR)     -0.145     1.563    inputs/sw_sync_reg[7]
  -------------------------------------------------------------------
                         required time                         -1.563    <hidden>
                         arrival time                           2.014    <hidden>
  -------------------------------------------------------------------
                         slack                                  0.451    <hidden>

Slack (MET) :             0.496ns  (arrival time - required time)
  Source:                 inputs/reset_pipe_reg[1]/C
                            (rising edge-triggered cell FDPE clocked by trainer_1khz  {rise@0.000ns fall@500000.031ns period=1000000.000ns})
  Destination:            inputs/sw_meta_reg[0]/CLR
                            (removal check against rising-edge clock trainer_1khz  {rise@0.000ns fall@500000.031ns period=1000000.000ns})
  Path Group:             **async_default**
  Path Type:              Removal (Min at Fast Process Corner)
  Requirement:            0.000ns  (trainer_1khz rise@0.000ns - trainer_1khz rise@0.000ns)
  Data Path Delay:        0.365ns  (logic 0.148ns (40.550%)  route 0.217ns (59.449%))
  Logic Levels:           0  
  Clock Path Skew:        0.014ns (DCD - SCD - CPR)
    Destination Clock Delay (DCD):    2.218ns
    Source Clock Delay      (SCD):    1.694ns
    Clock Pessimism Removal (CPR):    0.510ns

    Location             Delay type                Incr(ns)  Path(ns)    Netlist Resource(s)
  -------------------------------------------------------------------    -------------------
                         (clock trainer_1khz rise edge)
                                                      0.000     0.000 r  <hidden>
    B6                                                0.000     0.000 r  clk
                         net (fo=0)                   0.000     0.000    clk
    B6                   IBUF (Prop_ibuf_I_O)         0.268     0.268 r  clk_IBUF_inst/O
                         net (fo=1, routed)           0.808     1.075    clk_IBUF
    BUFGCTRL_X0Y16       BUFG (Prop_bufg_I_O)         0.026     1.101 r  clk_IBUF_BUFG_inst/O
                         net (fo=35, routed)          0.593     1.694    inputs/CLK
    SLICE_X84Y111        FDPE                                         r  inputs/reset_pipe_reg[1]/C
  -------------------------------------------------------------------    -------------------
    SLICE_X84Y111        FDPE (Prop_fdpe_C_Q)         0.148     1.842 f  inputs/reset_pipe_reg[1]/Q
                         net (fo=33, routed)          0.217     2.059    inputs/reset_pipe[1]
    SLICE_X83Y112        FDCE                                         f  inputs/sw_meta_reg[0]/CLR
  -------------------------------------------------------------------    -------------------

                         (clock trainer_1khz rise edge)
                                                      0.000     0.000 r  <hidden>
    B6                                                0.000     0.000 r  clk
                         net (fo=0)                   0.000     0.000    clk
    B6                   IBUF (Prop_ibuf_I_O)         0.456     0.456 r  clk_IBUF_inst/O
                         net (fo=1, routed)           0.871     1.327    clk_IBUF
    BUFGCTRL_X0Y16       BUFG (Prop_bufg_I_O)         0.029     1.356 r  clk_IBUF_BUFG_inst/O
                         net (fo=35, routed)          0.863     2.218    inputs/CLK
    SLICE_X83Y112        FDCE                                         r  inputs/sw_meta_reg[0]/C
                         clock pessimism             -0.510     1.708    <hidden>
    SLICE_X83Y112        FDCE (Remov_fdce_C_CLR)     -0.145     1.563    inputs/sw_meta_reg[0]
  -------------------------------------------------------------------
                         required time                         -1.563    <hidden>
                         arrival time                           2.059    <hidden>
  -------------------------------------------------------------------
                         slack                                  0.496    <hidden>

Slack (MET) :             0.496ns  (arrival time - required time)
  Source:                 inputs/reset_pipe_reg[1]/C
                            (rising edge-triggered cell FDPE clocked by trainer_1khz  {rise@0.000ns fall@500000.031ns period=1000000.000ns})
  Destination:            inputs/sw_sync_reg[0]/CLR
                            (removal check against rising-edge clock trainer_1khz  {rise@0.000ns fall@500000.031ns period=1000000.000ns})
  Path Group:             **async_default**
  Path Type:              Removal (Min at Fast Process Corner)
  Requirement:            0.000ns  (trainer_1khz rise@0.000ns - trainer_1khz rise@0.000ns)
  Data Path Delay:        0.365ns  (logic 0.148ns (40.550%)  route 0.217ns (59.449%))
  Logic Levels:           0  
  Clock Path Skew:        0.014ns (DCD - SCD - CPR)
    Destination Clock Delay (DCD):    2.218ns
    Source Clock Delay      (SCD):    1.694ns
    Clock Pessimism Removal (CPR):    0.510ns

    Location             Delay type                Incr(ns)  Path(ns)    Netlist Resource(s)
  -------------------------------------------------------------------    -------------------
                         (clock trainer_1khz rise edge)
                                                      0.000     0.000 r  <hidden>
    B6                                                0.000     0.000 r  clk
                         net (fo=0)                   0.000     0.000    clk
    B6                   IBUF (Prop_ibuf_I_O)         0.268     0.268 r  clk_IBUF_inst/O
                         net (fo=1, routed)           0.808     1.075    clk_IBUF
    BUFGCTRL_X0Y16       BUFG (Prop_bufg_I_O)         0.026     1.101 r  clk_IBUF_BUFG_inst/O
                         net (fo=35, routed)          0.593     1.694    inputs/CLK
    SLICE_X84Y111        FDPE                                         r  inputs/reset_pipe_reg[1]/C
  -------------------------------------------------------------------    -------------------
    SLICE_X84Y111        FDPE (Prop_fdpe_C_Q)         0.148     1.842 f  inputs/reset_pipe_reg[1]/Q
                         net (fo=33, routed)          0.217     2.059    inputs/reset_pipe[1]
    SLICE_X83Y112        FDCE                                         f  inputs/sw_sync_reg[0]/CLR
  -------------------------------------------------------------------    -------------------

                         (clock trainer_1khz rise edge)
                                                      0.000     0.000 r  <hidden>
    B6                                                0.000     0.000 r  clk
                         net (fo=0)                   0.000     0.000    clk
    B6                   IBUF (Prop_ibuf_I_O)         0.456     0.456 r  clk_IBUF_inst/O
                         net (fo=1, routed)           0.871     1.327    clk_IBUF
    BUFGCTRL_X0Y16       BUFG (Prop_bufg_I_O)         0.029     1.356 r  clk_IBUF_BUFG_inst/O
                         net (fo=35, routed)          0.863     2.218    inputs/CLK
    SLICE_X83Y112        FDCE                                         r  inputs/sw_sync_reg[0]/C
                         clock pessimism             -0.510     1.708    <hidden>
    SLICE_X83Y112        FDCE (Remov_fdce_C_CLR)     -0.145     1.563    inputs/sw_sync_reg[0]
  -------------------------------------------------------------------
                         required time                         -1.563    <hidden>
                         arrival time                           2.059    <hidden>
  -------------------------------------------------------------------
                         slack                                  0.496    <hidden>





--------------------------------------------------------------------------------------
Path Group:  (none)
From Clock:  
  To Clock:  trainer_1khz

Max Delay             9 Endpoints
Min Delay             9 Endpoints
--------------------------------------------------------------------------------------


Max Delay Paths
--------------------------------------------------------------------------------------
Slack:                    inf
  Source:                 sw[4]
                            (input port)
  Destination:            inputs/sw_meta_reg[4]/D
                            (rising edge-triggered cell FDCE clocked by trainer_1khz  {rise@0.000ns fall@500000.031ns period=1000000.000ns})
  Path Group:             (none)
  Path Type:              Setup (Max at Slow Process Corner)
  Data Path Delay:        4.008ns  (logic 1.496ns (37.324%)  route 2.512ns (62.676%))
  Logic Levels:           1  (IBUF=1)
  Clock Path Skew:        5.292ns (DCD - SCD + CPR)
    Destination Clock Delay (DCD):    5.292ns
    Source Clock Delay      (SCD):    0.000ns
    Clock Pessimism Removal (CPR):    0.000ns
  Clock Uncertainty:      0.025ns  ((TSJ^2 + TIJ^2)^1/2 + DJ) / 2 + PE
    Total System Jitter     (TSJ):    0.050ns
    Total Input Jitter      (TIJ):    0.000ns
    Discrete Jitter          (DJ):    0.000ns
    Phase Error              (PE):    0.000ns
  Timing Exception:       False Path

    Location             Delay type                Incr(ns)  Path(ns)    Netlist Resource(s)
  -------------------------------------------------------------------    -------------------
    T1                                                0.000     0.000 r  sw[4]
                         net (fo=0)                   0.000     0.000    sw[4]
    T1                   IBUF (Prop_ibuf_I_O)         1.496     1.496 r  sw_IBUF[4]_inst/O
                         net (fo=1, routed)           2.512     4.008    inputs/D[4]
    SLICE_X85Y112        FDCE                                         r  inputs/sw_meta_reg[4]/D
  -------------------------------------------------------------------    -------------------

                         (clock trainer_1khz rise edge)
                                                      0.000     0.000 r  <hidden>
    B6                                                0.000     0.000 r  clk
                         net (fo=0)                   0.000     0.000    clk
    B6                   IBUF (Prop_ibuf_I_O)         1.429     1.429 r  clk_IBUF_inst/O
                         net (fo=1, routed)           2.196     3.625    clk_IBUF
    BUFGCTRL_X0Y16       BUFG (Prop_bufg_I_O)         0.091     3.716 r  clk_IBUF_BUFG_inst/O
                         net (fo=35, routed)          1.576     5.292    inputs/CLK
    SLICE_X85Y112        FDCE                                         r  inputs/sw_meta_reg[4]/C

Slack:                    inf
  Source:                 sw[0]
                            (input port)
  Destination:            inputs/sw_meta_reg[0]/D
                            (rising edge-triggered cell FDCE clocked by trainer_1khz  {rise@0.000ns fall@500000.031ns period=1000000.000ns})
  Path Group:             (none)
  Path Type:              Setup (Max at Slow Process Corner)
  Data Path Delay:        3.693ns  (logic 1.491ns (40.385%)  route 2.201ns (59.615%))
  Logic Levels:           1  (IBUF=1)
  Clock Path Skew:        5.292ns (DCD - SCD + CPR)
    Destination Clock Delay (DCD):    5.292ns
    Source Clock Delay      (SCD):    0.000ns
    Clock Pessimism Removal (CPR):    0.000ns
  Clock Uncertainty:      0.025ns  ((TSJ^2 + TIJ^2)^1/2 + DJ) / 2 + PE
    Total System Jitter     (TSJ):    0.050ns
    Total Input Jitter      (TIJ):    0.000ns
    Discrete Jitter          (DJ):    0.000ns
    Phase Error              (PE):    0.000ns
  Timing Exception:       False Path

    Location             Delay type                Incr(ns)  Path(ns)    Netlist Resource(s)
  -------------------------------------------------------------------    -------------------
    U4                                                0.000     0.000 r  sw[0]
                         net (fo=0)                   0.000     0.000    sw[0]
    U4                   IBUF (Prop_ibuf_I_O)         1.491     1.491 r  sw_IBUF[0]_inst/O
                         net (fo=1, routed)           2.201     3.693    inputs/D[0]
    SLICE_X83Y112        FDCE                                         r  inputs/sw_meta_reg[0]/D
  -------------------------------------------------------------------    -------------------

                         (clock trainer_1khz rise edge)
                                                      0.000     0.000 r  <hidden>
    B6                                                0.000     0.000 r  clk
                         net (fo=0)                   0.000     0.000    clk
    B6                   IBUF (Prop_ibuf_I_O)         1.429     1.429 r  clk_IBUF_inst/O
                         net (fo=1, routed)           2.196     3.625    clk_IBUF
    BUFGCTRL_X0Y16       BUFG (Prop_bufg_I_O)         0.091     3.716 r  clk_IBUF_BUFG_inst/O
                         net (fo=35, routed)          1.576     5.292    inputs/CLK
    SLICE_X83Y112        FDCE                                         r  inputs/sw_meta_reg[0]/C

Slack:                    inf
  Source:                 sw[7]
                            (input port)
  Destination:            inputs/sw_meta_reg[7]/D
                            (rising edge-triggered cell FDCE clocked by trainer_1khz  {rise@0.000ns fall@500000.031ns period=1000000.000ns})
  Path Group:             (none)
  Path Type:              Setup (Max at Slow Process Corner)
  Data Path Delay:        3.364ns  (logic 1.524ns (45.304%)  route 1.840ns (54.696%))
  Logic Levels:           1  (IBUF=1)
  Clock Path Skew:        5.292ns (DCD - SCD + CPR)
    Destination Clock Delay (DCD):    5.292ns
    Source Clock Delay      (SCD):    0.000ns
    Clock Pessimism Removal (CPR):    0.000ns
  Clock Uncertainty:      0.025ns  ((TSJ^2 + TIJ^2)^1/2 + DJ) / 2 + PE
    Total System Jitter     (TSJ):    0.050ns
    Total Input Jitter      (TIJ):    0.000ns
    Discrete Jitter          (DJ):    0.000ns
    Phase Error              (PE):    0.000ns
  Timing Exception:       False Path

    Location             Delay type                Incr(ns)  Path(ns)    Netlist Resource(s)
  -------------------------------------------------------------------    -------------------
    Y1                                                0.000     0.000 r  sw[7]
                         net (fo=0)                   0.000     0.000    sw[7]
    Y1                   IBUF (Prop_ibuf_I_O)         1.524     1.524 r  sw_IBUF[7]_inst/O
                         net (fo=1, routed)           1.840     3.364    inputs/D[7]
    SLICE_X85Y112        FDCE                                         r  inputs/sw_meta_reg[7]/D
  -------------------------------------------------------------------    -------------------

                         (clock trainer_1khz rise edge)
                                                      0.000     0.000 r  <hidden>
    B6                                                0.000     0.000 r  clk
                         net (fo=0)                   0.000     0.000    clk
    B6                   IBUF (Prop_ibuf_I_O)         1.429     1.429 r  clk_IBUF_inst/O
                         net (fo=1, routed)           2.196     3.625    clk_IBUF
    BUFGCTRL_X0Y16       BUFG (Prop_bufg_I_O)         0.091     3.716 r  clk_IBUF_BUFG_inst/O
                         net (fo=35, routed)          1.576     5.292    inputs/CLK
    SLICE_X85Y112        FDCE                                         r  inputs/sw_meta_reg[7]/C

Slack:                    inf
  Source:                 sw[5]
                            (input port)
  Destination:            inputs/sw_meta_reg[5]/D
                            (rising edge-triggered cell FDCE clocked by trainer_1khz  {rise@0.000ns fall@500000.031ns period=1000000.000ns})
  Path Group:             (none)
  Path Type:              Setup (Max at Slow Process Corner)
  Data Path Delay:        3.304ns  (logic 1.503ns (45.498%)  route 1.801ns (54.502%))
  Logic Levels:           1  (IBUF=1)
  Clock Path Skew:        5.292ns (DCD - SCD + CPR)
    Destination Clock Delay (DCD):    5.292ns
    Source Clock Delay      (SCD):    0.000ns
    Clock Pessimism Removal (CPR):    0.000ns
  Clock Uncertainty:      0.025ns  ((TSJ^2 + TIJ^2)^1/2 + DJ) / 2 + PE
    Total System Jitter     (TSJ):    0.050ns
    Total Input Jitter      (TIJ):    0.000ns
    Discrete Jitter          (DJ):    0.000ns
    Phase Error              (PE):    0.000ns
  Timing Exception:       False Path

    Location             Delay type                Incr(ns)  Path(ns)    Netlist Resource(s)
  -------------------------------------------------------------------    -------------------
    U2                                                0.000     0.000 r  sw[5]
                         net (fo=0)                   0.000     0.000    sw[5]
    U2                   IBUF (Prop_ibuf_I_O)         1.503     1.503 r  sw_IBUF[5]_inst/O
                         net (fo=1, routed)           1.801     3.304    inputs/D[5]
    SLICE_X85Y112        FDCE                                         r  inputs/sw_meta_reg[5]/D
  -------------------------------------------------------------------    -------------------

                         (clock trainer_1khz rise edge)
                                                      0.000     0.000 r  <hidden>
    B6                                                0.000     0.000 r  clk
                         net (fo=0)                   0.000     0.000    clk
    B6                   IBUF (Prop_ibuf_I_O)         1.429     1.429 r  clk_IBUF_inst/O
                         net (fo=1, routed)           2.196     3.625    clk_IBUF
    BUFGCTRL_X0Y16       BUFG (Prop_bufg_I_O)         0.091     3.716 r  clk_IBUF_BUFG_inst/O
                         net (fo=35, routed)          1.576     5.292    inputs/CLK
    SLICE_X85Y112        FDCE                                         r  inputs/sw_meta_reg[5]/C

Slack:                    inf
  Source:                 sw[6]
                            (input port)
  Destination:            inputs/sw_meta_reg[6]/D
                            (rising edge-triggered cell FDCE clocked by trainer_1khz  {rise@0.000ns fall@500000.031ns period=1000000.000ns})
  Path Group:             (none)
  Path Type:              Setup (Max at Slow Process Corner)
  Data Path Delay:        3.143ns  (logic 1.514ns (48.173%)  route 1.629ns (51.827%))
  Logic Levels:           1  (IBUF=1)
  Clock Path Skew:        5.292ns (DCD - SCD + CPR)
    Destination Clock Delay (DCD):    5.292ns
    Source Clock Delay      (SCD):    0.000ns
    Clock Pessimism Removal (CPR):    0.000ns
  Clock Uncertainty:      0.025ns  ((TSJ^2 + TIJ^2)^1/2 + DJ) / 2 + PE
    Total System Jitter     (TSJ):    0.050ns
    Total Input Jitter      (TIJ):    0.000ns
    Discrete Jitter          (DJ):    0.000ns
    Phase Error              (PE):    0.000ns
  Timing Exception:       False Path

    Location             Delay type                Incr(ns)  Path(ns)    Netlist Resource(s)
  -------------------------------------------------------------------    -------------------
    W3                                                0.000     0.000 r  sw[6]
                         net (fo=0)                   0.000     0.000    sw[6]
    W3                   IBUF (Prop_ibuf_I_O)         1.514     1.514 r  sw_IBUF[6]_inst/O
                         net (fo=1, routed)           1.629     3.143    inputs/D[6]
    SLICE_X85Y112        FDCE                                         r  inputs/sw_meta_reg[6]/D
  -------------------------------------------------------------------    -------------------

                         (clock trainer_1khz rise edge)
                                                      0.000     0.000 r  <hidden>
    B6                                                0.000     0.000 r  clk
                         net (fo=0)                   0.000     0.000    clk
    B6                   IBUF (Prop_ibuf_I_O)         1.429     1.429 r  clk_IBUF_inst/O
                         net (fo=1, routed)           2.196     3.625    clk_IBUF
    BUFGCTRL_X0Y16       BUFG (Prop_bufg_I_O)         0.091     3.716 r  clk_IBUF_BUFG_inst/O
                         net (fo=35, routed)          1.576     5.292    inputs/CLK
    SLICE_X85Y112        FDCE                                         r  inputs/sw_meta_reg[6]/C

Slack:                    inf
  Source:                 rst
                            (input port)
  Destination:            inputs/reset_pipe_reg[0]/PRE
                            (recovery check against rising-edge clock trainer_1khz  {rise@0.000ns fall@500000.031ns period=1000000.000ns})
  Path Group:             (none)
  Path Type:              Recovery (Max at Slow Process Corner)
  Data Path Delay:        3.008ns  (logic 1.468ns (48.813%)  route 1.540ns (51.187%))
  Logic Levels:           1  (IBUF=1)
  Clock Path Skew:        5.293ns (DCD - SCD + CPR)
    Destination Clock Delay (DCD):    5.293ns
    Source Clock Delay      (SCD):    0.000ns
    Clock Pessimism Removal (CPR):    0.000ns
  Clock Uncertainty:      0.025ns  ((TSJ^2 + TIJ^2)^1/2 + DJ) / 2 + PE
    Total System Jitter     (TSJ):    0.050ns
    Total Input Jitter      (TIJ):    0.000ns
    Discrete Jitter          (DJ):    0.000ns
    Phase Error              (PE):    0.000ns
  Timing Exception:       False Path

    Location             Delay type                Incr(ns)  Path(ns)    Netlist Resource(s)
  -------------------------------------------------------------------    -------------------
    K4                                                0.000     0.000 f  rst
                         net (fo=0)                   0.000     0.000    rst
    K4                   IBUF (Prop_ibuf_I_O)         1.468     1.468 f  rst_IBUF_inst/O
                         net (fo=2, routed)           1.540     3.008    inputs/AS[0]
    SLICE_X84Y111        FDPE                                         f  inputs/reset_pipe_reg[0]/PRE
  -------------------------------------------------------------------    -------------------

                         (clock trainer_1khz rise edge)
                                                      0.000     0.000 r  <hidden>
    B6                                                0.000     0.000 r  clk
                         net (fo=0)                   0.000     0.000    clk
    B6                   IBUF (Prop_ibuf_I_O)         1.429     1.429 r  clk_IBUF_inst/O
                         net (fo=1, routed)           2.196     3.625    clk_IBUF
    BUFGCTRL_X0Y16       BUFG (Prop_bufg_I_O)         0.091     3.716 r  clk_IBUF_BUFG_inst/O
                         net (fo=35, routed)          1.577     5.293    inputs/CLK
    SLICE_X84Y111        FDPE                                         r  inputs/reset_pipe_reg[0]/C

Slack:                    inf
  Source:                 rst
                            (input port)
  Destination:            inputs/reset_pipe_reg[1]/PRE
                            (recovery check against rising-edge clock trainer_1khz  {rise@0.000ns fall@500000.031ns period=1000000.000ns})
  Path Group:             (none)
  Path Type:              Recovery (Max at Slow Process Corner)
  Data Path Delay:        3.008ns  (logic 1.468ns (48.813%)  route 1.540ns (51.187%))
  Logic Levels:           1  (IBUF=1)
  Clock Path Skew:        5.293ns (DCD - SCD + CPR)
    Destination Clock Delay (DCD):    5.293ns
    Source Clock Delay      (SCD):    0.000ns
    Clock Pessimism Removal (CPR):    0.000ns
  Clock Uncertainty:      0.025ns  ((TSJ^2 + TIJ^2)^1/2 + DJ) / 2 + PE
    Total System Jitter     (TSJ):    0.050ns
    Total Input Jitter      (TIJ):    0.000ns
    Discrete Jitter          (DJ):    0.000ns
    Phase Error              (PE):    0.000ns
  Timing Exception:       False Path

    Location             Delay type                Incr(ns)  Path(ns)    Netlist Resource(s)
  -------------------------------------------------------------------    -------------------
    K4                                                0.000     0.000 f  rst
                         net (fo=0)                   0.000     0.000    rst
    K4                   IBUF (Prop_ibuf_I_O)         1.468     1.468 f  rst_IBUF_inst/O
                         net (fo=2, routed)           1.540     3.008    inputs/AS[0]
    SLICE_X84Y111        FDPE                                         f  inputs/reset_pipe_reg[1]/PRE
  -------------------------------------------------------------------    -------------------

                         (clock trainer_1khz rise edge)
                                                      0.000     0.000 r  <hidden>
    B6                                                0.000     0.000 r  clk
                         net (fo=0)                   0.000     0.000    clk
    B6                   IBUF (Prop_ibuf_I_O)         1.429     1.429 r  clk_IBUF_inst/O
                         net (fo=1, routed)           2.196     3.625    clk_IBUF
    BUFGCTRL_X0Y16       BUFG (Prop_bufg_I_O)         0.091     3.716 r  clk_IBUF_BUFG_inst/O
                         net (fo=35, routed)          1.577     5.293    inputs/CLK
    SLICE_X84Y111        FDPE                                         r  inputs/reset_pipe_reg[1]/C

Slack:                    inf
  Source:                 sw[1]
                            (input port)
  Destination:            inputs/sw_meta_reg[1]/D
                            (rising edge-triggered cell FDCE clocked by trainer_1khz  {rise@0.000ns fall@500000.031ns period=1000000.000ns})
  Path Group:             (none)
  Path Type:              Setup (Max at Slow Process Corner)
  Data Path Delay:        2.966ns  (logic 1.529ns (51.542%)  route 1.437ns (48.458%))
  Logic Levels:           1  (IBUF=1)
  Clock Path Skew:        5.294ns (DCD - SCD + CPR)
    Destination Clock Delay (DCD):    5.294ns
    Source Clock Delay      (SCD):    0.000ns
    Clock Pessimism Removal (CPR):    0.000ns
  Clock Uncertainty:      0.025ns  ((TSJ^2 + TIJ^2)^1/2 + DJ) / 2 + PE
    Total System Jitter     (TSJ):    0.050ns
    Total Input Jitter      (TIJ):    0.000ns
    Discrete Jitter          (DJ):    0.000ns
    Phase Error              (PE):    0.000ns
  Timing Exception:       False Path

    Location             Delay type                Incr(ns)  Path(ns)    Netlist Resource(s)
  -------------------------------------------------------------------    -------------------
    V4                                                0.000     0.000 r  sw[1]
                         net (fo=0)                   0.000     0.000    sw[1]
    V4                   IBUF (Prop_ibuf_I_O)         1.529     1.529 r  sw_IBUF[1]_inst/O
                         net (fo=1, routed)           1.437     2.966    inputs/D[1]
    SLICE_X85Y110        FDCE                                         r  inputs/sw_meta_reg[1]/D
  -------------------------------------------------------------------    -------------------

                         (clock trainer_1khz rise edge)
                                                      0.000     0.000 r  <hidden>
    B6                                                0.000     0.000 r  clk
                         net (fo=0)                   0.000     0.000    clk
    B6                   IBUF (Prop_ibuf_I_O)         1.429     1.429 r  clk_IBUF_inst/O
                         net (fo=1, routed)           2.196     3.625    clk_IBUF
    BUFGCTRL_X0Y16       BUFG (Prop_bufg_I_O)         0.091     3.716 r  clk_IBUF_BUFG_inst/O
                         net (fo=35, routed)          1.578     5.294    inputs/CLK
    SLICE_X85Y110        FDCE                                         r  inputs/sw_meta_reg[1]/C

Slack:                    inf
  Source:                 button
                            (input port)
  Destination:            inputs/button_meta_reg/D
                            (rising edge-triggered cell FDCE clocked by trainer_1khz  {rise@0.000ns fall@500000.031ns period=1000000.000ns})
  Path Group:             (none)
  Path Type:              Setup (Max at Slow Process Corner)
  Data Path Delay:        2.524ns  (logic 1.477ns (58.518%)  route 1.047ns (41.482%))
  Logic Levels:           1  (IBUF=1)
  Clock Path Skew:        5.293ns (DCD - SCD + CPR)
    Destination Clock Delay (DCD):    5.293ns
    Source Clock Delay      (SCD):    0.000ns
    Clock Pessimism Removal (CPR):    0.000ns
  Clock Uncertainty:      0.025ns  ((TSJ^2 + TIJ^2)^1/2 + DJ) / 2 + PE
    Total System Jitter     (TSJ):    0.050ns
    Total Input Jitter      (TIJ):    0.000ns
    Discrete Jitter          (DJ):    0.000ns
    Phase Error              (PE):    0.000ns
  Timing Exception:       False Path

    Location             Delay type                Incr(ns)  Path(ns)    Netlist Resource(s)
  -------------------------------------------------------------------    -------------------
    N8                                                0.000     0.000 r  button
                         net (fo=0)                   0.000     0.000    button
    N8                   IBUF (Prop_ibuf_I_O)         1.477     1.477 r  button_IBUF_inst/O
                         net (fo=1, routed)           1.047     2.524    inputs/button_IBUF
    SLICE_X83Y111        FDCE                                         r  inputs/button_meta_reg/D
  -------------------------------------------------------------------    -------------------

                         (clock trainer_1khz rise edge)
                                                      0.000     0.000 r  <hidden>
    B6                                                0.000     0.000 r  clk
                         net (fo=0)                   0.000     0.000    clk
    B6                   IBUF (Prop_ibuf_I_O)         1.429     1.429 r  clk_IBUF_inst/O
                         net (fo=1, routed)           2.196     3.625    clk_IBUF
    BUFGCTRL_X0Y16       BUFG (Prop_bufg_I_O)         0.091     3.716 r  clk_IBUF_BUFG_inst/O
                         net (fo=35, routed)          1.577     5.293    inputs/CLK
    SLICE_X83Y111        FDCE                                         r  inputs/button_meta_reg/C





Min Delay Paths
--------------------------------------------------------------------------------------
Slack:                    inf
  Source:                 button
                            (input port)
  Destination:            inputs/button_meta_reg/D
                            (rising edge-triggered cell FDCE clocked by trainer_1khz  {rise@0.000ns fall@500000.031ns period=1000000.000ns})
  Path Group:             (none)
  Path Type:              Hold (Min at Fast Process Corner)
  Data Path Delay:        0.640ns  (logic 0.245ns (38.281%)  route 0.395ns (61.719%))
  Logic Levels:           1  (IBUF=1)
  Clock Path Skew:        2.220ns (DCD - SCD - CPR)
    Destination Clock Delay (DCD):    2.220ns
    Source Clock Delay      (SCD):    0.000ns
    Clock Pessimism Removal (CPR):    -0.000ns
  Timing Exception:       False Path

    Location             Delay type                Incr(ns)  Path(ns)    Netlist Resource(s)
  -------------------------------------------------------------------    -------------------
    N8                                                0.000     0.000 r  button
                         net (fo=0)                   0.000     0.000    button
    N8                   IBUF (Prop_ibuf_I_O)         0.245     0.245 r  button_IBUF_inst/O
                         net (fo=1, routed)           0.395     0.640    inputs/button_IBUF
    SLICE_X83Y111        FDCE                                         r  inputs/button_meta_reg/D
  -------------------------------------------------------------------    -------------------

                         (clock trainer_1khz rise edge)
                                                      0.000     0.000 r  <hidden>
    B6                                                0.000     0.000 r  clk
                         net (fo=0)                   0.000     0.000    clk
    B6                   IBUF (Prop_ibuf_I_O)         0.456     0.456 r  clk_IBUF_inst/O
                         net (fo=1, routed)           0.871     1.327    clk_IBUF
    BUFGCTRL_X0Y16       BUFG (Prop_bufg_I_O)         0.029     1.356 r  clk_IBUF_BUFG_inst/O
                         net (fo=35, routed)          0.865     2.220    inputs/CLK
    SLICE_X83Y111        FDCE                                         r  inputs/button_meta_reg/C

Slack:                    inf
  Source:                 rst
                            (input port)
  Destination:            inputs/reset_pipe_reg[0]/PRE
                            (removal check against rising-edge clock trainer_1khz  {rise@0.000ns fall@500000.031ns period=1000000.000ns})
  Path Group:             (none)
  Path Type:              Removal (Min at Fast Process Corner)
  Data Path Delay:        0.870ns  (logic 0.236ns (27.163%)  route 0.634ns (72.837%))
  Logic Levels:           1  (IBUF=1)
  Clock Path Skew:        2.220ns (DCD - SCD - CPR)
    Destination Clock Delay (DCD):    2.220ns
    Source Clock Delay      (SCD):    0.000ns
    Clock Pessimism Removal (CPR):    -0.000ns
  Timing Exception:       False Path

    Location             Delay type                Incr(ns)  Path(ns)    Netlist Resource(s)
  -------------------------------------------------------------------    -------------------
    K4                                                0.000     0.000 f  rst
                         net (fo=0)                   0.000     0.000    rst
    K4                   IBUF (Prop_ibuf_I_O)         0.236     0.236 f  rst_IBUF_inst/O
                         net (fo=2, routed)           0.634     0.870    inputs/AS[0]
    SLICE_X84Y111        FDPE                                         f  inputs/reset_pipe_reg[0]/PRE
  -------------------------------------------------------------------    -------------------

                         (clock trainer_1khz rise edge)
                                                      0.000     0.000 r  <hidden>
    B6                                                0.000     0.000 r  clk
                         net (fo=0)                   0.000     0.000    clk
    B6                   IBUF (Prop_ibuf_I_O)         0.456     0.456 r  clk_IBUF_inst/O
                         net (fo=1, routed)           0.871     1.327    clk_IBUF
    BUFGCTRL_X0Y16       BUFG (Prop_bufg_I_O)         0.029     1.356 r  clk_IBUF_BUFG_inst/O
                         net (fo=35, routed)          0.865     2.220    inputs/CLK
    SLICE_X84Y111        FDPE                                         r  inputs/reset_pipe_reg[0]/C

Slack:                    inf
  Source:                 rst
                            (input port)
  Destination:            inputs/reset_pipe_reg[1]/PRE
                            (removal check against rising-edge clock trainer_1khz  {rise@0.000ns fall@500000.031ns period=1000000.000ns})
  Path Group:             (none)
  Path Type:              Removal (Min at Fast Process Corner)
  Data Path Delay:        0.870ns  (logic 0.236ns (27.163%)  route 0.634ns (72.837%))
  Logic Levels:           1  (IBUF=1)
  Clock Path Skew:        2.220ns (DCD - SCD - CPR)
    Destination Clock Delay (DCD):    2.220ns
    Source Clock Delay      (SCD):    0.000ns
    Clock Pessimism Removal (CPR):    -0.000ns
  Timing Exception:       False Path

    Location             Delay type                Incr(ns)  Path(ns)    Netlist Resource(s)
  -------------------------------------------------------------------    -------------------
    K4                                                0.000     0.000 f  rst
                         net (fo=0)                   0.000     0.000    rst
    K4                   IBUF (Prop_ibuf_I_O)         0.236     0.236 f  rst_IBUF_inst/O
                         net (fo=2, routed)           0.634     0.870    inputs/AS[0]
    SLICE_X84Y111        FDPE                                         f  inputs/reset_pipe_reg[1]/PRE
  -------------------------------------------------------------------    -------------------

                         (clock trainer_1khz rise edge)
                                                      0.000     0.000 r  <hidden>
    B6                                                0.000     0.000 r  clk
                         net (fo=0)                   0.000     0.000    clk
    B6                   IBUF (Prop_ibuf_I_O)         0.456     0.456 r  clk_IBUF_inst/O
                         net (fo=1, routed)           0.871     1.327    clk_IBUF
    BUFGCTRL_X0Y16       BUFG (Prop_bufg_I_O)         0.029     1.356 r  clk_IBUF_BUFG_inst/O
                         net (fo=35, routed)          0.865     2.220    inputs/CLK
    SLICE_X84Y111        FDPE                                         r  inputs/reset_pipe_reg[1]/C

Slack:                    inf
  Source:                 sw[1]
                            (input port)
  Destination:            inputs/sw_meta_reg[1]/D
                            (rising edge-triggered cell FDCE clocked by trainer_1khz  {rise@0.000ns fall@500000.031ns period=1000000.000ns})
  Path Group:             (none)
  Path Type:              Hold (Min at Fast Process Corner)
  Data Path Delay:        0.883ns  (logic 0.296ns (33.519%)  route 0.587ns (66.481%))
  Logic Levels:           1  (IBUF=1)
  Clock Path Skew:        2.220ns (DCD - SCD - CPR)
    Destination Clock Delay (DCD):    2.220ns
    Source Clock Delay      (SCD):    0.000ns
    Clock Pessimism Removal (CPR):    -0.000ns
  Timing Exception:       False Path

    Location             Delay type                Incr(ns)  Path(ns)    Netlist Resource(s)
  -------------------------------------------------------------------    -------------------
    V4                                                0.000     0.000 r  sw[1]
                         net (fo=0)                   0.000     0.000    sw[1]
    V4                   IBUF (Prop_ibuf_I_O)         0.296     0.296 r  sw_IBUF[1]_inst/O
                         net (fo=1, routed)           0.587     0.883    inputs/D[1]
    SLICE_X85Y110        FDCE                                         r  inputs/sw_meta_reg[1]/D
  -------------------------------------------------------------------    -------------------

                         (clock trainer_1khz rise edge)
                                                      0.000     0.000 r  <hidden>
    B6                                                0.000     0.000 r  clk
                         net (fo=0)                   0.000     0.000    clk
    B6                   IBUF (Prop_ibuf_I_O)         0.456     0.456 r  clk_IBUF_inst/O
                         net (fo=1, routed)           0.871     1.327    clk_IBUF
    BUFGCTRL_X0Y16       BUFG (Prop_bufg_I_O)         0.029     1.356 r  clk_IBUF_BUFG_inst/O
                         net (fo=35, routed)          0.865     2.220    inputs/CLK
    SLICE_X85Y110        FDCE                                         r  inputs/sw_meta_reg[1]/C

Slack:                    inf
  Source:                 sw[6]
                            (input port)
  Destination:            inputs/sw_meta_reg[6]/D
                            (rising edge-triggered cell FDCE clocked by trainer_1khz  {rise@0.000ns fall@500000.031ns period=1000000.000ns})
  Path Group:             (none)
  Path Type:              Hold (Min at Fast Process Corner)
  Data Path Delay:        0.938ns  (logic 0.282ns (30.034%)  route 0.656ns (69.966%))
  Logic Levels:           1  (IBUF=1)
  Clock Path Skew:        2.218ns (DCD - SCD - CPR)
    Destination Clock Delay (DCD):    2.218ns
    Source Clock Delay      (SCD):    0.000ns
    Clock Pessimism Removal (CPR):    -0.000ns
  Timing Exception:       False Path

    Location             Delay type                Incr(ns)  Path(ns)    Netlist Resource(s)
  -------------------------------------------------------------------    -------------------
    W3                                                0.000     0.000 r  sw[6]
                         net (fo=0)                   0.000     0.000    sw[6]
    W3                   IBUF (Prop_ibuf_I_O)         0.282     0.282 r  sw_IBUF[6]_inst/O
                         net (fo=1, routed)           0.656     0.938    inputs/D[6]
    SLICE_X85Y112        FDCE                                         r  inputs/sw_meta_reg[6]/D
  -------------------------------------------------------------------    -------------------

                         (clock trainer_1khz rise edge)
                                                      0.000     0.000 r  <hidden>
    B6                                                0.000     0.000 r  clk
                         net (fo=0)                   0.000     0.000    clk
    B6                   IBUF (Prop_ibuf_I_O)         0.456     0.456 r  clk_IBUF_inst/O
                         net (fo=1, routed)           0.871     1.327    clk_IBUF
    BUFGCTRL_X0Y16       BUFG (Prop_bufg_I_O)         0.029     1.356 r  clk_IBUF_BUFG_inst/O
                         net (fo=35, routed)          0.863     2.218    inputs/CLK
    SLICE_X85Y112        FDCE                                         r  inputs/sw_meta_reg[6]/C

Slack:                    inf
  Source:                 sw[7]
                            (input port)
  Destination:            inputs/sw_meta_reg[7]/D
                            (rising edge-triggered cell FDCE clocked by trainer_1khz  {rise@0.000ns fall@500000.031ns period=1000000.000ns})
  Path Group:             (none)
  Path Type:              Hold (Min at Fast Process Corner)
  Data Path Delay:        1.052ns  (logic 0.291ns (27.687%)  route 0.761ns (72.313%))
  Logic Levels:           1  (IBUF=1)
  Clock Path Skew:        2.218ns (DCD - SCD - CPR)
    Destination Clock Delay (DCD):    2.218ns
    Source Clock Delay      (SCD):    0.000ns
    Clock Pessimism Removal (CPR):    -0.000ns
  Timing Exception:       False Path

    Location             Delay type                Incr(ns)  Path(ns)    Netlist Resource(s)
  -------------------------------------------------------------------    -------------------
    Y1                                                0.000     0.000 r  sw[7]
                         net (fo=0)                   0.000     0.000    sw[7]
    Y1                   IBUF (Prop_ibuf_I_O)         0.291     0.291 r  sw_IBUF[7]_inst/O
                         net (fo=1, routed)           0.761     1.052    inputs/D[7]
    SLICE_X85Y112        FDCE                                         r  inputs/sw_meta_reg[7]/D
  -------------------------------------------------------------------    -------------------

                         (clock trainer_1khz rise edge)
                                                      0.000     0.000 r  <hidden>
    B6                                                0.000     0.000 r  clk
                         net (fo=0)                   0.000     0.000    clk
    B6                   IBUF (Prop_ibuf_I_O)         0.456     0.456 r  clk_IBUF_inst/O
                         net (fo=1, routed)           0.871     1.327    clk_IBUF
    BUFGCTRL_X0Y16       BUFG (Prop_bufg_I_O)         0.029     1.356 r  clk_IBUF_BUFG_inst/O
                         net (fo=35, routed)          0.863     2.218    inputs/CLK
    SLICE_X85Y112        FDCE                                         r  inputs/sw_meta_reg[7]/C

Slack:                    inf
  Source:                 sw[5]
                            (input port)
  Destination:            inputs/sw_meta_reg[5]/D
                            (rising edge-triggered cell FDCE clocked by trainer_1khz  {rise@0.000ns fall@500000.031ns period=1000000.000ns})
  Path Group:             (none)
  Path Type:              Hold (Min at Fast Process Corner)
  Data Path Delay:        1.059ns  (logic 0.271ns (25.585%)  route 0.788ns (74.415%))
  Logic Levels:           1  (IBUF=1)
  Clock Path Skew:        2.218ns (DCD - SCD - CPR)
    Destination Clock Delay (DCD):    2.218ns
    Source Clock Delay      (SCD):    0.000ns
    Clock Pessimism Removal (CPR):    -0.000ns
  Timing Exception:       False Path

    Location             Delay type                Incr(ns)  Path(ns)    Netlist Resource(s)
  -------------------------------------------------------------------    -------------------
    U2                                                0.000     0.000 r  sw[5]
                         net (fo=0)                   0.000     0.000    sw[5]
    U2                   IBUF (Prop_ibuf_I_O)         0.271     0.271 r  sw_IBUF[5]_inst/O
                         net (fo=1, routed)           0.788     1.059    inputs/D[5]
    SLICE_X85Y112        FDCE                                         r  inputs/sw_meta_reg[5]/D
  -------------------------------------------------------------------    -------------------

                         (clock trainer_1khz rise edge)
                                                      0.000     0.000 r  <hidden>
    B6                                                0.000     0.000 r  clk
                         net (fo=0)                   0.000     0.000    clk
    B6                   IBUF (Prop_ibuf_I_O)         0.456     0.456 r  clk_IBUF_inst/O
                         net (fo=1, routed)           0.871     1.327    clk_IBUF
    BUFGCTRL_X0Y16       BUFG (Prop_bufg_I_O)         0.029     1.356 r  clk_IBUF_BUFG_inst/O
                         net (fo=35, routed)          0.863     2.218    inputs/CLK
    SLICE_X85Y112        FDCE                                         r  inputs/sw_meta_reg[5]/C

Slack:                    inf
  Source:                 sw[0]
                            (input port)
  Destination:            inputs/sw_meta_reg[0]/D
                            (rising edge-triggered cell FDCE clocked by trainer_1khz  {rise@0.000ns fall@500000.031ns period=1000000.000ns})
  Path Group:             (none)
  Path Type:              Hold (Min at Fast Process Corner)
  Data Path Delay:        1.113ns  (logic 0.259ns (23.261%)  route 0.854ns (76.739%))
  Logic Levels:           1  (IBUF=1)
  Clock Path Skew:        2.218ns (DCD - SCD - CPR)
    Destination Clock Delay (DCD):    2.218ns
    Source Clock Delay      (SCD):    0.000ns
    Clock Pessimism Removal (CPR):    -0.000ns
  Timing Exception:       False Path

    Location             Delay type                Incr(ns)  Path(ns)    Netlist Resource(s)
  -------------------------------------------------------------------    -------------------
    U4                                                0.000     0.000 r  sw[0]
                         net (fo=0)                   0.000     0.000    sw[0]
    U4                   IBUF (Prop_ibuf_I_O)         0.259     0.259 r  sw_IBUF[0]_inst/O
                         net (fo=1, routed)           0.854     1.113    inputs/D[0]
    SLICE_X83Y112        FDCE                                         r  inputs/sw_meta_reg[0]/D
  -------------------------------------------------------------------    -------------------

                         (clock trainer_1khz rise edge)
                                                      0.000     0.000 r  <hidden>
    B6                                                0.000     0.000 r  clk
                         net (fo=0)                   0.000     0.000    clk
    B6                   IBUF (Prop_ibuf_I_O)         0.456     0.456 r  clk_IBUF_inst/O
                         net (fo=1, routed)           0.871     1.327    clk_IBUF
    BUFGCTRL_X0Y16       BUFG (Prop_bufg_I_O)         0.029     1.356 r  clk_IBUF_BUFG_inst/O
                         net (fo=35, routed)          0.863     2.218    inputs/CLK
    SLICE_X83Y112        FDCE                                         r  inputs/sw_meta_reg[0]/C

Slack:                    inf
  Source:                 sw[4]
                            (input port)
  Destination:            inputs/sw_meta_reg[4]/D
                            (rising edge-triggered cell FDCE clocked by trainer_1khz  {rise@0.000ns fall@500000.031ns period=1000000.000ns})
  Path Group:             (none)
  Path Type:              Hold (Min at Fast Process Corner)
  Data Path Delay:        1.260ns  (logic 0.264ns (20.928%)  route 0.996ns (79.072%))
  Logic Levels:           1  (IBUF=1)
  Clock Path Skew:        2.218ns (DCD - SCD - CPR)
    Destination Clock Delay (DCD):    2.218ns
    Source Clock Delay      (SCD):    0.000ns
    Clock Pessimism Removal (CPR):    -0.000ns
  Timing Exception:       False Path

    Location             Delay type                Incr(ns)  Path(ns)    Netlist Resource(s)
  -------------------------------------------------------------------    -------------------
    T1                                                0.000     0.000 r  sw[4]
                         net (fo=0)                   0.000     0.000    sw[4]
    T1                   IBUF (Prop_ibuf_I_O)         0.264     0.264 r  sw_IBUF[4]_inst/O
                         net (fo=1, routed)           0.996     1.260    inputs/D[4]
    SLICE_X85Y112        FDCE                                         r  inputs/sw_meta_reg[4]/D
  -------------------------------------------------------------------    -------------------

                         (clock trainer_1khz rise edge)
                                                      0.000     0.000 r  <hidden>
    B6                                                0.000     0.000 r  clk
                         net (fo=0)                   0.000     0.000    clk
    B6                   IBUF (Prop_ibuf_I_O)         0.456     0.456 r  clk_IBUF_inst/O
                         net (fo=1, routed)           0.871     1.327    clk_IBUF
    BUFGCTRL_X0Y16       BUFG (Prop_bufg_I_O)         0.029     1.356 r  clk_IBUF_BUFG_inst/O
                         net (fo=35, routed)          0.863     2.218    inputs/CLK
    SLICE_X85Y112        FDCE                                         r  inputs/sw_meta_reg[4]/C





--------------------------------------------------------------------------------------
Path Group:  (none)
From Clock:  trainer_1khz
  To Clock:  

Max Delay             8 Endpoints
Min Delay             8 Endpoints
--------------------------------------------------------------------------------------


Max Delay Paths
--------------------------------------------------------------------------------------
Slack:                    inf
  Source:                 core/value_reg[3]/C
                            (rising edge-triggered cell FDRE clocked by trainer_1khz  {rise@0.000ns fall@500000.031ns period=1000000.000ns})
  Destination:            led[3]
                            (output port)
  Path Group:             (none)
  Path Type:              Max at Slow Process Corner
  Data Path Delay:        6.338ns  (logic 4.042ns (63.780%)  route 2.296ns (36.220%))
  Logic Levels:           1  (OBUF=1)
  Clock Uncertainty:      0.025ns  ((TSJ^2 + TIJ^2)^1/2 + DJ) / 2 + PE
    Total System Jitter     (TSJ):    0.050ns
    Total Input Jitter      (TIJ):    0.000ns
    Discrete Jitter          (DJ):    0.000ns
    Phase Error              (PE):    0.000ns

    Location             Delay type                Incr(ns)  Path(ns)    Netlist Resource(s)
  -------------------------------------------------------------------    -------------------
                         (clock trainer_1khz rise edge)
                                                      0.000     0.000 r  <hidden>
    B6                                                0.000     0.000 r  clk
                         net (fo=0)                   0.000     0.000    clk
    B6                   IBUF (Prop_ibuf_I_O)         1.500     1.500 r  clk_IBUF_inst/O
                         net (fo=1, routed)           2.315     3.815    clk_IBUF
    BUFGCTRL_X0Y16       BUFG (Prop_bufg_I_O)         0.096     3.911 r  clk_IBUF_BUFG_inst/O
                         net (fo=35, routed)          1.698     5.609    core/CLK
    SLICE_X84Y110        FDRE                                         r  core/value_reg[3]/C
  -------------------------------------------------------------------    -------------------
    SLICE_X84Y110        FDRE (Prop_fdre_C_Q)         0.518     6.127 r  core/value_reg[3]/Q
                         net (fo=1, routed)           2.296     8.423    led_OBUF[3]
    M7                   OBUF (Prop_obuf_I_O)         3.524    11.947 r  led_OBUF[3]_inst/O
                         net (fo=0)                   0.000    11.947    led[3]
    M7                                                                r  led[3]
  -------------------------------------------------------------------    -------------------

Slack:                    inf
  Source:                 core/stored_reg[3]_lopt_replica/C
                            (rising edge-triggered cell FDRE clocked by trainer_1khz  {rise@0.000ns fall@500000.031ns period=1000000.000ns})
  Destination:            led[7]
                            (output port)
  Path Group:             (none)
  Path Type:              Max at Slow Process Corner
  Data Path Delay:        6.325ns  (logic 4.179ns (66.072%)  route 2.146ns (33.928%))
  Logic Levels:           1  (OBUF=1)
  Clock Uncertainty:      0.025ns  ((TSJ^2 + TIJ^2)^1/2 + DJ) / 2 + PE
    Total System Jitter     (TSJ):    0.050ns
    Total Input Jitter      (TIJ):    0.000ns
    Discrete Jitter          (DJ):    0.000ns
    Phase Error              (PE):    0.000ns

    Location             Delay type                Incr(ns)  Path(ns)    Netlist Resource(s)
  -------------------------------------------------------------------    -------------------
                         (clock trainer_1khz rise edge)
                                                      0.000     0.000 r  <hidden>
    B6                                                0.000     0.000 r  clk
                         net (fo=0)                   0.000     0.000    clk
    B6                   IBUF (Prop_ibuf_I_O)         1.500     1.500 r  clk_IBUF_inst/O
                         net (fo=1, routed)           2.315     3.815    clk_IBUF
    BUFGCTRL_X0Y16       BUFG (Prop_bufg_I_O)         0.096     3.911 r  clk_IBUF_BUFG_inst/O
                         net (fo=35, routed)          1.696     5.607    core/CLK
    SLICE_X84Y112        FDRE                                         r  core/stored_reg[3]_lopt_replica/C
  -------------------------------------------------------------------    -------------------
    SLICE_X84Y112        FDRE (Prop_fdre_C_Q)         0.478     6.085 r  core/stored_reg[3]_lopt_replica/Q
                         net (fo=1, routed)           2.146     8.231    lopt_3
    L4                   OBUF (Prop_obuf_I_O)         3.701    11.933 r  led_OBUF[7]_inst/O
                         net (fo=0)                   0.000    11.933    led[7]
    L4                                                                r  led[7]
  -------------------------------------------------------------------    -------------------

Slack:                    inf
  Source:                 core/stored_reg[2]_lopt_replica/C
                            (rising edge-triggered cell FDRE clocked by trainer_1khz  {rise@0.000ns fall@500000.031ns period=1000000.000ns})
  Destination:            led[6]
                            (output port)
  Path Group:             (none)
  Path Type:              Max at Slow Process Corner
  Data Path Delay:        6.249ns  (logic 4.183ns (66.948%)  route 2.065ns (33.052%))
  Logic Levels:           1  (OBUF=1)
  Clock Uncertainty:      0.025ns  ((TSJ^2 + TIJ^2)^1/2 + DJ) / 2 + PE
    Total System Jitter     (TSJ):    0.050ns
    Total Input Jitter      (TIJ):    0.000ns
    Discrete Jitter          (DJ):    0.000ns
    Phase Error              (PE):    0.000ns

    Location             Delay type                Incr(ns)  Path(ns)    Netlist Resource(s)
  -------------------------------------------------------------------    -------------------
                         (clock trainer_1khz rise edge)
                                                      0.000     0.000 r  <hidden>
    B6                                                0.000     0.000 r  clk
                         net (fo=0)                   0.000     0.000    clk
    B6                   IBUF (Prop_ibuf_I_O)         1.500     1.500 r  clk_IBUF_inst/O
                         net (fo=1, routed)           2.315     3.815    clk_IBUF
    BUFGCTRL_X0Y16       BUFG (Prop_bufg_I_O)         0.096     3.911 r  clk_IBUF_BUFG_inst/O
                         net (fo=35, routed)          1.696     5.607    core/CLK
    SLICE_X84Y112        FDRE                                         r  core/stored_reg[2]_lopt_replica/C
  -------------------------------------------------------------------    -------------------
    SLICE_X84Y112        FDRE (Prop_fdre_C_Q)         0.478     6.085 r  core/stored_reg[2]_lopt_replica/Q
                         net (fo=1, routed)           2.065     8.151    lopt_2
    M4                   OBUF (Prop_obuf_I_O)         3.705    11.856 r  led_OBUF[6]_inst/O
                         net (fo=0)                   0.000    11.856    led[6]
    M4                                                                r  led[6]
  -------------------------------------------------------------------    -------------------

Slack:                    inf
  Source:                 core/value_reg[2]/C
                            (rising edge-triggered cell FDRE clocked by trainer_1khz  {rise@0.000ns fall@500000.031ns period=1000000.000ns})
  Destination:            led[2]
                            (output port)
  Path Group:             (none)
  Path Type:              Max at Slow Process Corner
  Data Path Delay:        6.109ns  (logic 4.046ns (66.232%)  route 2.063ns (33.768%))
  Logic Levels:           1  (OBUF=1)
  Clock Uncertainty:      0.025ns  ((TSJ^2 + TIJ^2)^1/2 + DJ) / 2 + PE
    Total System Jitter     (TSJ):    0.050ns
    Total Input Jitter      (TIJ):    0.000ns
    Discrete Jitter          (DJ):    0.000ns
    Phase Error              (PE):    0.000ns

    Location             Delay type                Incr(ns)  Path(ns)    Netlist Resource(s)
  -------------------------------------------------------------------    -------------------
                         (clock trainer_1khz rise edge)
                                                      0.000     0.000 r  <hidden>
    B6                                                0.000     0.000 r  clk
                         net (fo=0)                   0.000     0.000    clk
    B6                   IBUF (Prop_ibuf_I_O)         1.500     1.500 r  clk_IBUF_inst/O
                         net (fo=1, routed)           2.315     3.815    clk_IBUF
    BUFGCTRL_X0Y16       BUFG (Prop_bufg_I_O)         0.096     3.911 r  clk_IBUF_BUFG_inst/O
                         net (fo=35, routed)          1.698     5.609    core/CLK
    SLICE_X84Y110        FDRE                                         r  core/value_reg[2]/C
  -------------------------------------------------------------------    -------------------
    SLICE_X84Y110        FDRE (Prop_fdre_C_Q)         0.518     6.127 r  core/value_reg[2]/Q
                         net (fo=1, routed)           2.063     8.190    led_OBUF[2]
    M3                   OBUF (Prop_obuf_I_O)         3.528    11.718 r  led_OBUF[2]_inst/O
                         net (fo=0)                   0.000    11.718    led[2]
    M3                                                                r  led[2]
  -------------------------------------------------------------------    -------------------

Slack:                    inf
  Source:                 core/stored_reg[1]_lopt_replica/C
                            (rising edge-triggered cell FDRE clocked by trainer_1khz  {rise@0.000ns fall@500000.031ns period=1000000.000ns})
  Destination:            led[5]
                            (output port)
  Path Group:             (none)
  Path Type:              Max at Slow Process Corner
  Data Path Delay:        6.063ns  (logic 4.061ns (66.973%)  route 2.002ns (33.027%))
  Logic Levels:           1  (OBUF=1)
  Clock Uncertainty:      0.025ns  ((TSJ^2 + TIJ^2)^1/2 + DJ) / 2 + PE
    Total System Jitter     (TSJ):    0.050ns
    Total Input Jitter      (TIJ):    0.000ns
    Discrete Jitter          (DJ):    0.000ns
    Phase Error              (PE):    0.000ns

    Location             Delay type                Incr(ns)  Path(ns)    Netlist Resource(s)
  -------------------------------------------------------------------    -------------------
                         (clock trainer_1khz rise edge)
                                                      0.000     0.000 r  <hidden>
    B6                                                0.000     0.000 r  clk
                         net (fo=0)                   0.000     0.000    clk
    B6                   IBUF (Prop_ibuf_I_O)         1.500     1.500 r  clk_IBUF_inst/O
                         net (fo=1, routed)           2.315     3.815    clk_IBUF
    BUFGCTRL_X0Y16       BUFG (Prop_bufg_I_O)         0.096     3.911 r  clk_IBUF_BUFG_inst/O
                         net (fo=35, routed)          1.696     5.607    core/CLK
    SLICE_X84Y112        FDRE                                         r  core/stored_reg[1]_lopt_replica/C
  -------------------------------------------------------------------    -------------------
    SLICE_X84Y112        FDRE (Prop_fdre_C_Q)         0.518     6.125 r  core/stored_reg[1]_lopt_replica/Q
                         net (fo=1, routed)           2.002     8.128    lopt_1
    M2                   OBUF (Prop_obuf_I_O)         3.543    11.670 r  led_OBUF[5]_inst/O
                         net (fo=0)                   0.000    11.670    led[5]
    M2                                                                r  led[5]
  -------------------------------------------------------------------    -------------------

Slack:                    inf
  Source:                 core/value_reg[1]/C
                            (rising edge-triggered cell FDRE clocked by trainer_1khz  {rise@0.000ns fall@500000.031ns period=1000000.000ns})
  Destination:            led[1]
                            (output port)
  Path Group:             (none)
  Path Type:              Max at Slow Process Corner
  Data Path Delay:        5.975ns  (logic 4.059ns (67.937%)  route 1.916ns (32.063%))
  Logic Levels:           1  (OBUF=1)
  Clock Uncertainty:      0.025ns  ((TSJ^2 + TIJ^2)^1/2 + DJ) / 2 + PE
    Total System Jitter     (TSJ):    0.050ns
    Total Input Jitter      (TIJ):    0.000ns
    Discrete Jitter          (DJ):    0.000ns
    Phase Error              (PE):    0.000ns

    Location             Delay type                Incr(ns)  Path(ns)    Netlist Resource(s)
  -------------------------------------------------------------------    -------------------
                         (clock trainer_1khz rise edge)
                                                      0.000     0.000 r  <hidden>
    B6                                                0.000     0.000 r  clk
                         net (fo=0)                   0.000     0.000    clk
    B6                   IBUF (Prop_ibuf_I_O)         1.500     1.500 r  clk_IBUF_inst/O
                         net (fo=1, routed)           2.315     3.815    clk_IBUF
    BUFGCTRL_X0Y16       BUFG (Prop_bufg_I_O)         0.096     3.911 r  clk_IBUF_BUFG_inst/O
                         net (fo=35, routed)          1.698     5.609    core/CLK
    SLICE_X84Y110        FDRE                                         r  core/value_reg[1]/C
  -------------------------------------------------------------------    -------------------
    SLICE_X84Y110        FDRE (Prop_fdre_C_Q)         0.518     6.127 r  core/value_reg[1]/Q
                         net (fo=1, routed)           1.916     8.043    led_OBUF[1]
    M1                   OBUF (Prop_obuf_I_O)         3.541    11.585 r  led_OBUF[1]_inst/O
                         net (fo=0)                   0.000    11.585    led[1]
    M1                                                                r  led[1]
  -------------------------------------------------------------------    -------------------

Slack:                    inf
  Source:                 core/stored_reg[0]_lopt_replica/C
                            (rising edge-triggered cell FDRE clocked by trainer_1khz  {rise@0.000ns fall@500000.031ns period=1000000.000ns})
  Destination:            led[4]
                            (output port)
  Path Group:             (none)
  Path Type:              Max at Slow Process Corner
  Data Path Delay:        5.914ns  (logic 4.042ns (68.354%)  route 1.871ns (31.646%))
  Logic Levels:           1  (OBUF=1)
  Clock Uncertainty:      0.025ns  ((TSJ^2 + TIJ^2)^1/2 + DJ) / 2 + PE
    Total System Jitter     (TSJ):    0.050ns
    Total Input Jitter      (TIJ):    0.000ns
    Discrete Jitter          (DJ):    0.000ns
    Phase Error              (PE):    0.000ns

    Location             Delay type                Incr(ns)  Path(ns)    Netlist Resource(s)
  -------------------------------------------------------------------    -------------------
                         (clock trainer_1khz rise edge)
                                                      0.000     0.000 r  <hidden>
    B6                                                0.000     0.000 r  clk
                         net (fo=0)                   0.000     0.000    clk
    B6                   IBUF (Prop_ibuf_I_O)         1.500     1.500 r  clk_IBUF_inst/O
                         net (fo=1, routed)           2.315     3.815    clk_IBUF
    BUFGCTRL_X0Y16       BUFG (Prop_bufg_I_O)         0.096     3.911 r  clk_IBUF_BUFG_inst/O
                         net (fo=35, routed)          1.696     5.607    core/CLK
    SLICE_X84Y112        FDRE                                         r  core/stored_reg[0]_lopt_replica/C
  -------------------------------------------------------------------    -------------------
    SLICE_X84Y112        FDRE (Prop_fdre_C_Q)         0.518     6.125 r  core/stored_reg[0]_lopt_replica/Q
                         net (fo=1, routed)           1.871     7.997    lopt
    N7                   OBUF (Prop_obuf_I_O)         3.524    11.521 r  led_OBUF[4]_inst/O
                         net (fo=0)                   0.000    11.521    led[4]
    N7                                                                r  led[4]
  -------------------------------------------------------------------    -------------------

Slack:                    inf
  Source:                 core/value_reg[0]/C
                            (rising edge-triggered cell FDRE clocked by trainer_1khz  {rise@0.000ns fall@500000.031ns period=1000000.000ns})
  Destination:            led[0]
                            (output port)
  Path Group:             (none)
  Path Type:              Max at Slow Process Corner
  Data Path Delay:        5.724ns  (logic 4.059ns (70.907%)  route 1.665ns (29.093%))
  Logic Levels:           1  (OBUF=1)
  Clock Uncertainty:      0.025ns  ((TSJ^2 + TIJ^2)^1/2 + DJ) / 2 + PE
    Total System Jitter     (TSJ):    0.050ns
    Total Input Jitter      (TIJ):    0.000ns
    Discrete Jitter          (DJ):    0.000ns
    Phase Error              (PE):    0.000ns

    Location             Delay type                Incr(ns)  Path(ns)    Netlist Resource(s)
  -------------------------------------------------------------------    -------------------
                         (clock trainer_1khz rise edge)
                                                      0.000     0.000 r  <hidden>
    B6                                                0.000     0.000 r  clk
                         net (fo=0)                   0.000     0.000    clk
    B6                   IBUF (Prop_ibuf_I_O)         1.500     1.500 r  clk_IBUF_inst/O
                         net (fo=1, routed)           2.315     3.815    clk_IBUF
    BUFGCTRL_X0Y16       BUFG (Prop_bufg_I_O)         0.096     3.911 r  clk_IBUF_BUFG_inst/O
                         net (fo=35, routed)          1.698     5.609    core/CLK
    SLICE_X84Y110        FDRE                                         r  core/value_reg[0]/C
  -------------------------------------------------------------------    -------------------
    SLICE_X84Y110        FDRE (Prop_fdre_C_Q)         0.518     6.127 r  core/value_reg[0]/Q
                         net (fo=1, routed)           1.665     7.793    led_OBUF[0]
    N5                   OBUF (Prop_obuf_I_O)         3.541    11.333 r  led_OBUF[0]_inst/O
                         net (fo=0)                   0.000    11.333    led[0]
    N5                                                                r  led[0]
  -------------------------------------------------------------------    -------------------





Min Delay Paths
--------------------------------------------------------------------------------------
Slack:                    inf
  Source:                 core/value_reg[0]/C
                            (rising edge-triggered cell FDRE clocked by trainer_1khz  {rise@0.000ns fall@500000.031ns period=1000000.000ns})
  Destination:            led[0]
                            (output port)
  Path Group:             (none)
  Path Type:              Min at Fast Process Corner
  Data Path Delay:        1.738ns  (logic 1.406ns (80.879%)  route 0.332ns (19.121%))
  Logic Levels:           1  (OBUF=1)
  Clock Uncertainty:      0.025ns  ((TSJ^2 + TIJ^2)^1/2 + DJ) / 2 + PE
    Total System Jitter     (TSJ):    0.050ns
    Total Input Jitter      (TIJ):    0.000ns
    Discrete Jitter          (DJ):    0.000ns
    Phase Error              (PE):    0.000ns

    Location             Delay type                Incr(ns)  Path(ns)    Netlist Resource(s)
  -------------------------------------------------------------------    -------------------
                         (clock trainer_1khz rise edge)
                                                      0.000     0.000 r  <hidden>
    B6                                                0.000     0.000 r  clk
                         net (fo=0)                   0.000     0.000    clk
    B6                   IBUF (Prop_ibuf_I_O)         0.268     0.268 r  clk_IBUF_inst/O
                         net (fo=1, routed)           0.808     1.075    clk_IBUF
    BUFGCTRL_X0Y16       BUFG (Prop_bufg_I_O)         0.026     1.101 r  clk_IBUF_BUFG_inst/O
                         net (fo=35, routed)          0.593     1.694    core/CLK
    SLICE_X84Y110        FDRE                                         r  core/value_reg[0]/C
  -------------------------------------------------------------------    -------------------
    SLICE_X84Y110        FDRE (Prop_fdre_C_Q)         0.164     1.858 r  core/value_reg[0]/Q
                         net (fo=1, routed)           0.332     2.190    led_OBUF[0]
    N5                   OBUF (Prop_obuf_I_O)         1.242     3.432 r  led_OBUF[0]_inst/O
                         net (fo=0)                   0.000     3.432    led[0]
    N5                                                                r  led[0]
  -------------------------------------------------------------------    -------------------

Slack:                    inf
  Source:                 core/stored_reg[0]_lopt_replica/C
                            (rising edge-triggered cell FDRE clocked by trainer_1khz  {rise@0.000ns fall@500000.031ns period=1000000.000ns})
  Destination:            led[4]
                            (output port)
  Path Group:             (none)
  Path Type:              Min at Fast Process Corner
  Data Path Delay:        1.810ns  (logic 1.389ns (76.767%)  route 0.420ns (23.234%))
  Logic Levels:           1  (OBUF=1)
  Clock Uncertainty:      0.025ns  ((TSJ^2 + TIJ^2)^1/2 + DJ) / 2 + PE
    Total System Jitter     (TSJ):    0.050ns
    Total Input Jitter      (TIJ):    0.000ns
    Discrete Jitter          (DJ):    0.000ns
    Phase Error              (PE):    0.000ns

    Location             Delay type                Incr(ns)  Path(ns)    Netlist Resource(s)
  -------------------------------------------------------------------    -------------------
                         (clock trainer_1khz rise edge)
                                                      0.000     0.000 r  <hidden>
    B6                                                0.000     0.000 r  clk
                         net (fo=0)                   0.000     0.000    clk
    B6                   IBUF (Prop_ibuf_I_O)         0.268     0.268 r  clk_IBUF_inst/O
                         net (fo=1, routed)           0.808     1.075    clk_IBUF
    BUFGCTRL_X0Y16       BUFG (Prop_bufg_I_O)         0.026     1.101 r  clk_IBUF_BUFG_inst/O
                         net (fo=35, routed)          0.592     1.693    core/CLK
    SLICE_X84Y112        FDRE                                         r  core/stored_reg[0]_lopt_replica/C
  -------------------------------------------------------------------    -------------------
    SLICE_X84Y112        FDRE (Prop_fdre_C_Q)         0.164     1.857 r  core/stored_reg[0]_lopt_replica/Q
                         net (fo=1, routed)           0.420     2.278    lopt
    N7                   OBUF (Prop_obuf_I_O)         1.225     3.503 r  led_OBUF[4]_inst/O
                         net (fo=0)                   0.000     3.503    led[4]
    N7                                                                r  led[4]
  -------------------------------------------------------------------    -------------------

Slack:                    inf
  Source:                 core/value_reg[1]/C
                            (rising edge-triggered cell FDRE clocked by trainer_1khz  {rise@0.000ns fall@500000.031ns period=1000000.000ns})
  Destination:            led[1]
                            (output port)
  Path Group:             (none)
  Path Type:              Min at Fast Process Corner
  Data Path Delay:        1.837ns  (logic 1.406ns (76.545%)  route 0.431ns (23.455%))
  Logic Levels:           1  (OBUF=1)
  Clock Uncertainty:      0.025ns  ((TSJ^2 + TIJ^2)^1/2 + DJ) / 2 + PE
    Total System Jitter     (TSJ):    0.050ns
    Total Input Jitter      (TIJ):    0.000ns
    Discrete Jitter          (DJ):    0.000ns
    Phase Error              (PE):    0.000ns

    Location             Delay type                Incr(ns)  Path(ns)    Netlist Resource(s)
  -------------------------------------------------------------------    -------------------
                         (clock trainer_1khz rise edge)
                                                      0.000     0.000 r  <hidden>
    B6                                                0.000     0.000 r  clk
                         net (fo=0)                   0.000     0.000    clk
    B6                   IBUF (Prop_ibuf_I_O)         0.268     0.268 r  clk_IBUF_inst/O
                         net (fo=1, routed)           0.808     1.075    clk_IBUF
    BUFGCTRL_X0Y16       BUFG (Prop_bufg_I_O)         0.026     1.101 r  clk_IBUF_BUFG_inst/O
                         net (fo=35, routed)          0.593     1.694    core/CLK
    SLICE_X84Y110        FDRE                                         r  core/value_reg[1]/C
  -------------------------------------------------------------------    -------------------
    SLICE_X84Y110        FDRE (Prop_fdre_C_Q)         0.164     1.858 r  core/value_reg[1]/Q
                         net (fo=1, routed)           0.431     2.289    led_OBUF[1]
    M1                   OBUF (Prop_obuf_I_O)         1.242     3.531 r  led_OBUF[1]_inst/O
                         net (fo=0)                   0.000     3.531    led[1]
    M1                                                                r  led[1]
  -------------------------------------------------------------------    -------------------

Slack:                    inf
  Source:                 core/stored_reg[1]_lopt_replica/C
                            (rising edge-triggered cell FDRE clocked by trainer_1khz  {rise@0.000ns fall@500000.031ns period=1000000.000ns})
  Destination:            led[5]
                            (output port)
  Path Group:             (none)
  Path Type:              Min at Fast Process Corner
  Data Path Delay:        1.878ns  (logic 1.407ns (74.948%)  route 0.470ns (25.052%))
  Logic Levels:           1  (OBUF=1)
  Clock Uncertainty:      0.025ns  ((TSJ^2 + TIJ^2)^1/2 + DJ) / 2 + PE
    Total System Jitter     (TSJ):    0.050ns
    Total Input Jitter      (TIJ):    0.000ns
    Discrete Jitter          (DJ):    0.000ns
    Phase Error              (PE):    0.000ns

    Location             Delay type                Incr(ns)  Path(ns)    Netlist Resource(s)
  -------------------------------------------------------------------    -------------------
                         (clock trainer_1khz rise edge)
                                                      0.000     0.000 r  <hidden>
    B6                                                0.000     0.000 r  clk
                         net (fo=0)                   0.000     0.000    clk
    B6                   IBUF (Prop_ibuf_I_O)         0.268     0.268 r  clk_IBUF_inst/O
                         net (fo=1, routed)           0.808     1.075    clk_IBUF
    BUFGCTRL_X0Y16       BUFG (Prop_bufg_I_O)         0.026     1.101 r  clk_IBUF_BUFG_inst/O
                         net (fo=35, routed)          0.592     1.693    core/CLK
    SLICE_X84Y112        FDRE                                         r  core/stored_reg[1]_lopt_replica/C
  -------------------------------------------------------------------    -------------------
    SLICE_X84Y112        FDRE (Prop_fdre_C_Q)         0.164     1.857 r  core/stored_reg[1]_lopt_replica/Q
                         net (fo=1, routed)           0.470     2.328    lopt_1
    M2                   OBUF (Prop_obuf_I_O)         1.243     3.571 r  led_OBUF[5]_inst/O
                         net (fo=0)                   0.000     3.571    led[5]
    M2                                                                r  led[5]
  -------------------------------------------------------------------    -------------------

Slack:                    inf
  Source:                 core/value_reg[2]/C
                            (rising edge-triggered cell FDRE clocked by trainer_1khz  {rise@0.000ns fall@500000.031ns period=1000000.000ns})
  Destination:            led[2]
                            (output port)
  Path Group:             (none)
  Path Type:              Min at Fast Process Corner
  Data Path Delay:        1.897ns  (logic 1.393ns (73.401%)  route 0.505ns (26.599%))
  Logic Levels:           1  (OBUF=1)
  Clock Uncertainty:      0.025ns  ((TSJ^2 + TIJ^2)^1/2 + DJ) / 2 + PE
    Total System Jitter     (TSJ):    0.050ns
    Total Input Jitter      (TIJ):    0.000ns
    Discrete Jitter          (DJ):    0.000ns
    Phase Error              (PE):    0.000ns

    Location             Delay type                Incr(ns)  Path(ns)    Netlist Resource(s)
  -------------------------------------------------------------------    -------------------
                         (clock trainer_1khz rise edge)
                                                      0.000     0.000 r  <hidden>
    B6                                                0.000     0.000 r  clk
                         net (fo=0)                   0.000     0.000    clk
    B6                   IBUF (Prop_ibuf_I_O)         0.268     0.268 r  clk_IBUF_inst/O
                         net (fo=1, routed)           0.808     1.075    clk_IBUF
    BUFGCTRL_X0Y16       BUFG (Prop_bufg_I_O)         0.026     1.101 r  clk_IBUF_BUFG_inst/O
                         net (fo=35, routed)          0.593     1.694    core/CLK
    SLICE_X84Y110        FDRE                                         r  core/value_reg[2]/C
  -------------------------------------------------------------------    -------------------
    SLICE_X84Y110        FDRE (Prop_fdre_C_Q)         0.164     1.858 r  core/value_reg[2]/Q
                         net (fo=1, routed)           0.505     2.363    led_OBUF[2]
    M3                   OBUF (Prop_obuf_I_O)         1.229     3.592 r  led_OBUF[2]_inst/O
                         net (fo=0)                   0.000     3.592    led[2]
    M3                                                                r  led[2]
  -------------------------------------------------------------------    -------------------

Slack:                    inf
  Source:                 core/stored_reg[2]_lopt_replica/C
                            (rising edge-triggered cell FDRE clocked by trainer_1khz  {rise@0.000ns fall@500000.031ns period=1000000.000ns})
  Destination:            led[6]
                            (output port)
  Path Group:             (none)
  Path Type:              Min at Fast Process Corner
  Data Path Delay:        1.932ns  (logic 1.431ns (74.098%)  route 0.500ns (25.902%))
  Logic Levels:           1  (OBUF=1)
  Clock Uncertainty:      0.025ns  ((TSJ^2 + TIJ^2)^1/2 + DJ) / 2 + PE
    Total System Jitter     (TSJ):    0.050ns
    Total Input Jitter      (TIJ):    0.000ns
    Discrete Jitter          (DJ):    0.000ns
    Phase Error              (PE):    0.000ns

    Location             Delay type                Incr(ns)  Path(ns)    Netlist Resource(s)
  -------------------------------------------------------------------    -------------------
                         (clock trainer_1khz rise edge)
                                                      0.000     0.000 r  <hidden>
    B6                                                0.000     0.000 r  clk
                         net (fo=0)                   0.000     0.000    clk
    B6                   IBUF (Prop_ibuf_I_O)         0.268     0.268 r  clk_IBUF_inst/O
                         net (fo=1, routed)           0.808     1.075    clk_IBUF
    BUFGCTRL_X0Y16       BUFG (Prop_bufg_I_O)         0.026     1.101 r  clk_IBUF_BUFG_inst/O
                         net (fo=35, routed)          0.592     1.693    core/CLK
    SLICE_X84Y112        FDRE                                         r  core/stored_reg[2]_lopt_replica/C
  -------------------------------------------------------------------    -------------------
    SLICE_X84Y112        FDRE (Prop_fdre_C_Q)         0.148     1.841 r  core/stored_reg[2]_lopt_replica/Q
                         net (fo=1, routed)           0.500     2.341    lopt_2
    M4                   OBUF (Prop_obuf_I_O)         1.283     3.625 r  led_OBUF[6]_inst/O
                         net (fo=0)                   0.000     3.625    led[6]
    M4                                                                r  led[6]
  -------------------------------------------------------------------    -------------------

Slack:                    inf
  Source:                 core/stored_reg[3]_lopt_replica/C
                            (rising edge-triggered cell FDRE clocked by trainer_1khz  {rise@0.000ns fall@500000.031ns period=1000000.000ns})
  Destination:            led[7]
                            (output port)
  Path Group:             (none)
  Path Type:              Min at Fast Process Corner
  Data Path Delay:        1.991ns  (logic 1.429ns (71.773%)  route 0.562ns (28.227%))
  Logic Levels:           1  (OBUF=1)
  Clock Uncertainty:      0.025ns  ((TSJ^2 + TIJ^2)^1/2 + DJ) / 2 + PE
    Total System Jitter     (TSJ):    0.050ns
    Total Input Jitter      (TIJ):    0.000ns
    Discrete Jitter          (DJ):    0.000ns
    Phase Error              (PE):    0.000ns

    Location             Delay type                Incr(ns)  Path(ns)    Netlist Resource(s)
  -------------------------------------------------------------------    -------------------
                         (clock trainer_1khz rise edge)
                                                      0.000     0.000 r  <hidden>
    B6                                                0.000     0.000 r  clk
                         net (fo=0)                   0.000     0.000    clk
    B6                   IBUF (Prop_ibuf_I_O)         0.268     0.268 r  clk_IBUF_inst/O
                         net (fo=1, routed)           0.808     1.075    clk_IBUF
    BUFGCTRL_X0Y16       BUFG (Prop_bufg_I_O)         0.026     1.101 r  clk_IBUF_BUFG_inst/O
                         net (fo=35, routed)          0.592     1.693    core/CLK
    SLICE_X84Y112        FDRE                                         r  core/stored_reg[3]_lopt_replica/C
  -------------------------------------------------------------------    -------------------
    SLICE_X84Y112        FDRE (Prop_fdre_C_Q)         0.148     1.841 r  core/stored_reg[3]_lopt_replica/Q
                         net (fo=1, routed)           0.562     2.403    lopt_3
    L4                   OBUF (Prop_obuf_I_O)         1.281     3.684 r  led_OBUF[7]_inst/O
                         net (fo=0)                   0.000     3.684    led[7]
    L4                                                                r  led[7]
  -------------------------------------------------------------------    -------------------

Slack:                    inf
  Source:                 core/value_reg[3]/C
                            (rising edge-triggered cell FDRE clocked by trainer_1khz  {rise@0.000ns fall@500000.031ns period=1000000.000ns})
  Destination:            led[3]
                            (output port)
  Path Group:             (none)
  Path Type:              Min at Fast Process Corner
  Data Path Delay:        2.005ns  (logic 1.389ns (69.293%)  route 0.616ns (30.707%))
  Logic Levels:           1  (OBUF=1)
  Clock Uncertainty:      0.025ns  ((TSJ^2 + TIJ^2)^1/2 + DJ) / 2 + PE
    Total System Jitter     (TSJ):    0.050ns
    Total Input Jitter      (TIJ):    0.000ns
    Discrete Jitter          (DJ):    0.000ns
    Phase Error              (PE):    0.000ns

    Location             Delay type                Incr(ns)  Path(ns)    Netlist Resource(s)
  -------------------------------------------------------------------    -------------------
                         (clock trainer_1khz rise edge)
                                                      0.000     0.000 r  <hidden>
    B6                                                0.000     0.000 r  clk
                         net (fo=0)                   0.000     0.000    clk
    B6                   IBUF (Prop_ibuf_I_O)         0.268     0.268 r  clk_IBUF_inst/O
                         net (fo=1, routed)           0.808     1.075    clk_IBUF
    BUFGCTRL_X0Y16       BUFG (Prop_bufg_I_O)         0.026     1.101 r  clk_IBUF_BUFG_inst/O
                         net (fo=35, routed)          0.593     1.694    core/CLK
    SLICE_X84Y110        FDRE                                         r  core/value_reg[3]/C
  -------------------------------------------------------------------    -------------------
    SLICE_X84Y110        FDRE (Prop_fdre_C_Q)         0.164     1.858 r  core/value_reg[3]/Q
                         net (fo=1, routed)           0.616     2.474    led_OBUF[3]
    M7                   OBUF (Prop_obuf_I_O)         1.225     3.699 r  led_OBUF[3]_inst/O
                         net (fo=0)                   0.000     3.699    led[3]
    M7                                                                r  led[3]
  -------------------------------------------------------------------    -------------------





