$date
   Sun Sep  6 23:21:47 2026
$end

$version
  2026.1
  $dumpfile ("top_main.vcd") 
$end

$timescale
  1ps
$end

$scope module tb_top_main $end
$var reg 1 ! clk $end
$var reg 1 " rst $end
$var reg 1 # up $end
$var reg 8 $ key [7:0] $end
$var wire 4 % q [3:0] $end
$var wire 4 & phase [3:0] $end
$var wire 4 ' min_tens [3:0] $end
$var wire 4 ( min_ones [3:0] $end
$var wire 4 ) sec_tens [3:0] $end
$var wire 4 * sec_ones [3:0] $end
$var wire 1 + o_100 $end
$var wire 1 , o_50 $end
$var wire 1 - o_10 $end
$var wire 1 . o_2 $end
$var wire 1 / sound $end
$var wire 8 0 seg_data [7:0] $end
$var wire 8 1 seg_com [7:0] $end
$scope module dut $end
$var wire 1 2 clk $end
$var wire 1 3 rst $end
$var wire 1 4 up $end
$var wire 8 5 key [7:0] $end
$var wire 4 % q [3:0] $end
$var wire 4 & phase [3:0] $end
$var wire 1 + o_100 $end
$var wire 1 , o_50 $end
$var wire 1 - o_10 $end
$var wire 1 . o_2 $end
$var wire 1 / sound $end
$var wire 4 ' min_tens [3:0] $end
$var wire 4 ( min_ones [3:0] $end
$var wire 4 ) sec_tens [3:0] $end
$var wire 4 * sec_ones [3:0] $end
$var wire 8 0 seg_data [7:0] $end
$var wire 8 1 seg_com [7:0] $end
$scope module counter.circuit $end
$var wire 1 2 clk $end
$var wire 1 3 rst $end
$var wire 1 4 up $end
$var reg 4 6 q [3:0] $end
$upscope $end
$upscope $end
$upscope $end
$enddefinitions $end

#0
$dumpvars
0!
1"
1#
b10000000 $
b0 %
b0 &
b0 '
b0 (
b0 )
b0 *
0+
0,
0-
0.
0/
b0 0
b11111111 1
02
13
14
b10000000 5
b0 6
$end

#5000
1!
12

#10000
0!
02

#15000
1!
12

#20000
0!
0"
02
03

#25000
1!
b1 %
12
b1 6

#30000
0!
02

#35000
1!
b10 %
12
b10 6

#40000
0!
02

#45000
1!
b11 %
12
b11 6

#50000
0!
02

#55000
1!
b100 %
12
b100 6

#60000
0!
02

#65000
1!
b101 %
12
b101 6

#70000
0!
02

#75000
1!
b110 %
12
b110 6

#80000
0!
02

#85000
1!
b111 %
12
b111 6

#90000
0!
02

#95000
1!
b1000 %
12
b1000 6

#100000
0!
02

#105000
1!
b1001 %
12
b1001 6

#110000
0!
02

#115000
1!
b1010 %
12
b1010 6

#120000
0!
02

#125000
1!
b1011 %
12
b1011 6

#130000
0!
02

#135000
1!
b1100 %
12
b1100 6

#140000
0!
02

#145000
1!
b1101 %
12
b1101 6

#150000
0!
02

#155000
1!
b1110 %
12
b1110 6

#160000
0!
02

#165000
1!
b1111 %
12
b1111 6

#170000
0!
02

#175000
1!
b0 %
12
b0 6

#180000
0!
02

#185000
1!
b1 %
12
b1 6

#190000
0!
02

#195000
1!
b10 %
12
b10 6

#200000
0!
02

#205000
1!
b11 %
12
b11 6

#210000
0!
02

#215000
1!
b100 %
12
b100 6

#220000
0!
02

#225000
1!
b101 %
12
b101 6

#230000
0!
02

#235000
1!
b110 %
12
b110 6

#240000
0!
02

#245000
1!
b111 %
12
b111 6

#250000
0!
02

#255000
1!
b1000 %
12
b1000 6

#260000
0!
02

#265000
1!
b1001 %
12
b1001 6

#270000
0!
02

#275000
1!
b1010 %
12
b1010 6

#280000
0!
02

#285000
1!
b1011 %
12
b1011 6

#290000
0!
02

#295000
1!
b1100 %
12
b1100 6

#300000
0!
02

#305000
1!
b1101 %
12
b1101 6

#310000
0!
02

#315000
1!
b1110 %
12
b1110 6

#320000
0!
02

#325000
1!
b1111 %
12
b1111 6

#330000
0!
02

#335000
1!
b0 %
12
b0 6

#340000
0!
02

#345000
1!
b1 %
12
b1 6

#350000
0!
02

#355000
1!
b10 %
12
b10 6

#360000
0!
02

#365000
1!
b11 %
12
b11 6

#370000
0!
02

#375000
1!
b100 %
12
b100 6

#380000
0!
02

#385000
1!
b101 %
12
b101 6

#390000
0!
02

#395000
1!
b110 %
12
b110 6

#400000
0!
02

#405000
1!
b111 %
12
b111 6

#410000
0!
02

#415000
1!
b1000 %
12
b1000 6

#420000
0!
02

#425000
1!
b1001 %
12
b1001 6

#430000
0!
02

#435000
1!
b1010 %
12
b1010 6

#440000
0!
02

#445000
1!
b1011 %
12
b1011 6

#450000
0!
02

#455000
1!
b1100 %
12
b1100 6

#460000
0!
02

#465000
1!
b1101 %
12
b1101 6

#470000
0!
02

#475000
1!
b1110 %
12
b1110 6

#480000
0!
02

#485000
1!
b1111 %
12
b1111 6

#490000
0!
02

#495000
1!
b0 %
12
b0 6

#500000
0!
02

#505000
1!
b1 %
12
b1 6

#510000
0!
02

#515000
1!
b10 %
12
b10 6

#520000
0!
02

#525000
1!
b11 %
12
b11 6

#530000
0!
02

#535000
1!
b100 %
12
b100 6

#540000
0!
02

#545000
1!
b101 %
12
b101 6

#550000
0!
02

#555000
1!
b110 %
12
b110 6

#560000
0!
02

#565000
1!
b111 %
12
b111 6

#570000
0!
02

#575000
1!
b1000 %
12
b1000 6

#580000
0!
02

#585000
1!
b1001 %
12
b1001 6

#590000
0!
02

#595000
1!
b1010 %
12
b1010 6

#600000
0!
02

#605000
1!
b1011 %
12
b1011 6

#610000
0!
02

#615000
1!
b1100 %
12
b1100 6

#620000
0!
02

#625000
1!
b1101 %
12
b1101 6

#630000
0!
02

#635000
1!
b1110 %
12
b1110 6

#640000
0!
02

#645000
1!
b1111 %
12
b1111 6

#650000
0!
02

#655000
1!
b0 %
12
b0 6

#660000
0!
02

#665000
1!
b1 %
12
b1 6

#670000
0!
02

#675000
1!
b10 %
12
b10 6

#680000
0!
02

#685000
1!
b11 %
12
b11 6

#690000
0!
02

#695000
1!
b100 %
12
b100 6

#700000
0!
02

#705000
1!
b101 %
12
b101 6

#710000
0!
02

#715000
1!
b110 %
12
b110 6

#720000
0!
02

#725000
1!
b111 %
12
b111 6

#730000
0!
02

#735000
1!
b1000 %
12
b1000 6

#740000
0!
02

#745000
1!
b1001 %
12
b1001 6

#750000
0!
02

#755000
1!
b1010 %
12
b1010 6

#760000
0!
02

#765000
1!
b1011 %
12
b1011 6

#770000
0!
02

#775000
1!
b1100 %
12
b1100 6

#780000
0!
02

#785000
1!
b1101 %
12
b1101 6

#790000
0!
02

#795000
1!
b1110 %
12
b1110 6

#800000
0!
02

#805000
1!
b1111 %
12
b1111 6

#810000
0!
02

#815000
1!
b0 %
12
b0 6

#820000
0!
02

#825000
1!
b1 %
12
b1 6

#830000
0!
02

#835000
1!
b10 %
12
b10 6

#840000
0!
02

#845000
1!
b11 %
12
b11 6

#850000
0!
02

#855000
1!
b100 %
12
b100 6

#860000
0!
02

#865000
1!
b101 %
12
b101 6

#870000
0!
02

#875000
1!
b110 %
12
b110 6

#880000
0!
02

#885000
1!
b111 %
12
b111 6

#890000
0!
02

#895000
1!
b1000 %
12
b1000 6

#900000
0!
02

#905000
1!
b1001 %
12
b1001 6

#910000
0!
02

#915000
1!
b1010 %
12
b1010 6

#920000
0!
02

#925000
1!
b1011 %
12
b1011 6

#930000
0!
02

#935000
1!
b1100 %
12
b1100 6

#940000
0!
02

#945000
1!
b1101 %
12
b1101 6

#950000
0!
02

#955000
1!
b1110 %
12
b1110 6

#960000
0!
02

#965000
1!
b1111 %
12
b1111 6

#970000
0!
02

#975000
1!
b0 %
12
b0 6

#980000
0!
02

#985000
1!
b1 %
12
b1 6

#990000
0!
02

#995000
1!
b10 %
12
b10 6

#1000000
0!
02

#1005000
1!
b11 %
12
b11 6

#1010000
0!
02

#1015000
1!
b100 %
12
b100 6

#1020000
0!
02

#1025000
1!
b101 %
12
b101 6

#1030000
0!
02

#1035000
1!
b110 %
12
b110 6

#1040000
0!
02

#1045000
1!
b111 %
12
b111 6

#1050000
0!
02

#1055000
1!
b1000 %
12
b1000 6

#1060000
0!
02

#1065000
1!
b1001 %
12
b1001 6

#1070000
0!
02

#1075000
1!
b1010 %
12
b1010 6

#1080000
0!
02

#1085000
1!
b1011 %
12
b1011 6

#1090000
0!
02

#1095000
1!
b1100 %
12
b1100 6

#1100000
0!
02

#1105000
1!
b1101 %
12
b1101 6

#1110000
0!
02

#1115000
1!
b1110 %
12
b1110 6

#1120000
0!
02

#1125000
1!
b1111 %
12
b1111 6

#1130000
0!
02

#1135000
1!
b0 %
12
b0 6

#1140000
0!
02

#1145000
1!
b1 %
12
b1 6

#1150000
0!
02

#1155000
1!
b10 %
12
b10 6

#1160000
0!
02

#1165000
1!
b11 %
12
b11 6

#1170000
0!
02

#1175000
1!
b100 %
12
b100 6

#1180000
0!
02

#1185000
1!
b101 %
12
b101 6

#1190000
0!
02

#1195000
1!
b110 %
12
b110 6

#1200000
0!
02

#1205000
1!
b111 %
12
b111 6

#1210000
0!
02

#1215000
1!
b1000 %
12
b1000 6

#1220000
0!
02

#1225000
1!
b1001 %
12
b1001 6

#1230000
0!
02

#1235000
1!
b1010 %
12
b1010 6

#1240000
0!
02

#1245000
1!
b1011 %
12
b1011 6

#1250000
0!
02

#1255000
1!
b1100 %
12
b1100 6

#1260000
0!
02

#1265000
1!
b1101 %
12
b1101 6

#1270000
0!
02

#1275000
1!
b1110 %
12
b1110 6

#1280000
0!
02

#1285000
1!
b1111 %
12
b1111 6

#1290000
0!
02

#1295000
1!
b0 %
12
b0 6

#1300000
0!
02

#1305000
1!
b1 %
12
b1 6

#1310000
0!
02

#1315000
1!
b10 %
12
b10 6

#1320000
0!
02

#1325000
1!
b11 %
12
b11 6

#1330000
0!
02

#1335000
1!
b100 %
12
b100 6

#1340000
0!
02

#1345000
1!
b101 %
12
b101 6

#1350000
0!
02

#1355000
1!
b110 %
12
b110 6

#1360000
0!
02

#1365000
1!
b111 %
12
b111 6

#1370000
0!
02

#1375000
1!
b1000 %
12
b1000 6

#1380000
0!
02

#1385000
1!
b1001 %
12
b1001 6

#1390000
0!
02

#1395000
1!
b1010 %
12
b1010 6

#1400000
0!
02

#1405000
1!
b1011 %
12
b1011 6

#1410000
0!
02

#1415000
1!
b1100 %
12
b1100 6

#1420000
0!
02

#1425000
1!
b1101 %
12
b1101 6

#1430000
0!
02

#1435000
1!
b1110 %
12
b1110 6

#1440000
0!
02

#1445000
1!
b1111 %
12
b1111 6

#1450000
0!
02

#1455000
1!
b0 %
12
b0 6

#1460000
0!
02

#1465000
1!
b1 %
12
b1 6

#1470000
0!
02

#1475000
1!
b10 %
12
b10 6

#1480000
0!
02

#1485000
1!
b11 %
12
b11 6

#1490000
0!
02

#1495000
1!
b100 %
12
b100 6

#1500000
0!
02

#1505000
1!
b101 %
12
b101 6

#1510000
0!
02

#1515000
1!
b110 %
12
b110 6

#1520000
0!
02

#1525000
1!
b111 %
12
b111 6

#1530000
0!
02

#1535000
1!
b1000 %
12
b1000 6

#1540000
0!
02

#1545000
1!
b1001 %
12
b1001 6

#1550000
0!
02

#1555000
1!
b1010 %
12
b1010 6

#1560000
0!
02

#1565000
1!
b1011 %
12
b1011 6

#1570000
0!
02

#1575000
1!
b1100 %
12
b1100 6

#1580000
0!
02

#1585000
1!
b1101 %
12
b1101 6

#1590000
0!
02

#1595000
1!
b1110 %
12
b1110 6

#1600000
0!
02

#1605000
1!
b1111 %
12
b1111 6

#1610000
0!
02

#1615000
1!
b0 %
12
b0 6

#1620000
0!
02

#1625000
1!
b1 %
12
b1 6

#1630000
0!
02

#1635000
1!
b10 %
12
b10 6

#1640000
0!
02

#1645000
1!
b11 %
12
b11 6

#1650000
0!
02

#1655000
1!
b100 %
12
b100 6

#1660000
0!
02

#1665000
1!
b101 %
12
b101 6

#1670000
0!
02

#1675000
1!
b110 %
12
b110 6

#1680000
0!
02

#1685000
1!
b111 %
12
b111 6

#1690000
0!
02

#1695000
1!
b1000 %
12
b1000 6

#1700000
0!
02

#1705000
1!
b1001 %
12
b1001 6

#1710000
0!
02

#1715000
1!
b1010 %
12
b1010 6

#1720000
0!
02

#1725000
1!
b1011 %
12
b1011 6

#1730000
0!
02

#1735000
1!
b1100 %
12
b1100 6

#1740000
0!
02

#1745000
1!
b1101 %
12
b1101 6

#1750000
0!
02

#1755000
1!
b1110 %
12
b1110 6

#1760000
0!
02

#1765000
1!
b1111 %
12
b1111 6

#1770000
0!
02

#1775000
1!
b0 %
12
b0 6

#1780000
0!
02

#1785000
1!
b1 %
12
b1 6

#1790000
0!
02

#1795000
1!
b10 %
12
b10 6

#1800000
0!
02

#1805000
1!
b11 %
12
b11 6

#1810000
0!
02

#1815000
1!
b100 %
12
b100 6

#1820000
0!
02

#1825000
1!
b101 %
12
b101 6

#1830000
0!
02

#1835000
1!
b110 %
12
b110 6

#1840000
0!
02

#1845000
1!
b111 %
12
b111 6

#1850000
0!
02

#1855000
1!
b1000 %
12
b1000 6

#1860000
0!
02

#1865000
1!
b1001 %
12
b1001 6

#1870000
0!
02

#1875000
1!
b1010 %
12
b1010 6

#1880000
0!
02

#1885000
1!
b1011 %
12
b1011 6

#1890000
0!
02

#1895000
1!
b1100 %
12
b1100 6

#1900000
0!
02

#1905000
1!
b1101 %
12
b1101 6

#1910000
0!
02

#1915000
1!
b1110 %
12
b1110 6

#1920000
0!
02

#1925000
1!
b1111 %
12
b1111 6

#1930000
0!
02

#1935000
1!
b0 %
12
b0 6

#1940000
0!
02

#1945000
1!
b1 %
12
b1 6

#1950000
0!
02

#1955000
1!
b10 %
12
b10 6

#1960000
0!
02

#1965000
1!
b11 %
12
b11 6

#1970000
0!
02

#1975000
1!
b100 %
12
b100 6

#1980000
0!
02

#1985000
1!
b101 %
12
b101 6

#1990000
0!
02

#1995000
1!
b110 %
12
b110 6

#2000000
0!
02

#2005000
1!
b111 %
12
b111 6

#2010000
0!
02

#2015000
1!
b1000 %
12
b1000 6

#2020000
0!
02

#2025000
1!
b1001 %
12
b1001 6

#2030000
0!
02

#2035000
1!
b1010 %
12
b1010 6

#2040000
0!
02

#2045000
1!
b1011 %
12
b1011 6

#2050000
0!
02

#2055000
1!
b1100 %
12
b1100 6

#2060000
0!
02

#2065000
1!
b1101 %
12
b1101 6

#2070000
0!
02

#2075000
1!
b1110 %
12
b1110 6

#2080000
0!
02

#2085000
1!
b1111 %
12
b1111 6

#2090000
0!
02

#2095000
1!
b0 %
12
b0 6

#2100000
0!
02

#2105000
1!
b1 %
12
b1 6

#2110000
0!
02

#2115000
1!
b10 %
12
b10 6

#2120000
0!
02

#2125000
1!
b11 %
12
b11 6

#2130000
0!
02

#2135000
1!
b100 %
12
b100 6

#2140000
0!
02

#2145000
1!
b101 %
12
b101 6

#2150000
0!
02

#2155000
1!
b110 %
12
b110 6

#2160000
0!
02

#2165000
1!
b111 %
12
b111 6

#2170000
0!
02

#2175000
1!
b1000 %
12
b1000 6

#2180000
0!
02

#2185000
1!
b1001 %
12
b1001 6

#2190000
0!
02

#2195000
1!
b1010 %
12
b1010 6

#2200000
0!
02

#2205000
1!
b1011 %
12
b1011 6

#2210000
0!
02

#2215000
1!
b1100 %
12
b1100 6

#2220000
0!
02

#2225000
1!
b1101 %
12
b1101 6

#2230000
0!
02

#2235000
1!
b1110 %
12
b1110 6

#2240000
0!
02

#2245000
1!
b1111 %
12
b1111 6

#2250000
0!
02

#2255000
1!
b0 %
12
b0 6

#2260000
0!
02

#2265000
1!
b1 %
12
b1 6

#2270000
0!
02

#2275000
1!
b10 %
12
b10 6

#2280000
0!
02

#2285000
1!
b11 %
12
b11 6

#2290000
0!
02

#2295000
1!
b100 %
12
b100 6

#2300000
0!
02

#2305000
1!
b101 %
12
b101 6

#2310000
0!
02

#2315000
1!
b110 %
12
b110 6

#2320000
0!
02

#2325000
1!
b111 %
12
b111 6

#2330000
0!
02

#2335000
1!
b1000 %
12
b1000 6

#2340000
0!
02

#2345000
1!
b1001 %
12
b1001 6

#2350000
0!
02

#2355000
1!
b1010 %
12
b1010 6

#2360000
0!
02

#2365000
1!
b1011 %
12
b1011 6

#2370000
0!
02

#2375000
1!
b1100 %
12
b1100 6

#2380000
0!
02

#2385000
1!
b1101 %
12
b1101 6

#2390000
0!
02

#2395000
1!
b1110 %
12
b1110 6

#2400000
0!
02

#2405000
1!
b1111 %
12
b1111 6

#2410000
0!
02

#2415000
1!
b0 %
12
b0 6

#2420000
0!
02

#2425000
1!
b1 %
12
b1 6

#2430000
0!
02

#2435000
1!
b10 %
12
b10 6

#2440000
0!
02

#2445000
1!
b11 %
12
b11 6

#2450000
0!
02

#2455000
1!
b100 %
12
b100 6

#2460000
0!
02

#2465000
1!
b101 %
12
b101 6

#2470000
0!
02

#2475000
1!
b110 %
12
b110 6

#2480000
0!
02

#2485000
1!
b111 %
12
b111 6

#2490000
0!
02

#2495000
1!
b1000 %
12
b1000 6

#2500000
0!
02

#2505000
1!
b1001 %
12
b1001 6

#2510000
0!
02

#2515000
1!
b1010 %
12
b1010 6

#2520000
0!
02

#2525000
1!
b1011 %
12
b1011 6

#2530000
0!
02

#2535000
1!
b1100 %
12
b1100 6

#2540000
0!
02

#2545000
1!
b1101 %
12
b1101 6

#2550000
0!
02

#2555000
1!
b1110 %
12
b1110 6

#2560000
0!
02

#2565000
1!
b1111 %
12
b1111 6

#2570000
0!
02

#2575000
1!
b0 %
12
b0 6

#2580000
0!
02

#2585000
1!
b1 %
12
b1 6

#2590000
0!
02

#2595000
1!
b10 %
12
b10 6

#2600000
0!
02

#2605000
1!
b11 %
12
b11 6

#2610000
0!
02

#2615000
1!
b100 %
12
b100 6

#2620000
0!
02

#2625000
1!
b101 %
12
b101 6

#2630000
0!
02

#2635000
1!
b110 %
12
b110 6

#2640000
0!
02

#2645000
1!
b111 %
12
b111 6

#2650000
0!
02

#2655000
1!
b1000 %
12
b1000 6

#2660000
0!
02

#2665000
1!
b1001 %
12
b1001 6

#2670000
0!
02

#2675000
1!
b1010 %
12
b1010 6

#2680000
0!
02

#2685000
1!
b1011 %
12
b1011 6

#2690000
0!
02

#2695000
1!
b1100 %
12
b1100 6

#2700000
0!
02

#2705000
1!
b1101 %
12
b1101 6

#2710000
0!
02

#2715000
1!
b1110 %
12
b1110 6

#2720000
0!
02

#2725000
1!
b1111 %
12
b1111 6

#2730000
0!
02

#2735000
1!
b0 %
12
b0 6

#2740000
0!
02

#2745000
1!
b1 %
12
b1 6

#2750000
0!
02

#2755000
1!
b10 %
12
b10 6

#2760000
0!
02

#2765000
1!
b11 %
12
b11 6

#2770000
0!
02

#2775000
1!
b100 %
12
b100 6

#2780000
0!
02

#2785000
1!
b101 %
12
b101 6

#2790000
0!
02

#2795000
1!
b110 %
12
b110 6

#2800000
0!
02

#2805000
1!
b111 %
12
b111 6

#2810000
0!
02

#2815000
1!
b1000 %
12
b1000 6

#2820000
0!
02

#2825000
1!
b1001 %
12
b1001 6

#2830000
0!
02

#2835000
1!
b1010 %
12
b1010 6

#2840000
0!
02

#2845000
1!
b1011 %
12
b1011 6

#2850000
0!
02

#2855000
1!
b1100 %
12
b1100 6

#2860000
0!
02

#2865000
1!
b1101 %
12
b1101 6

#2870000
0!
02

#2875000
1!
b1110 %
12
b1110 6

#2880000
0!
02

#2885000
1!
b1111 %
12
b1111 6

#2890000
0!
02

#2895000
1!
b0 %
12
b0 6

#2900000
0!
02

#2905000
1!
b1 %
12
b1 6

#2910000
0!
02

#2915000
1!
b10 %
12
b10 6

#2920000
0!
02

#2925000
1!
b11 %
12
b11 6

#2930000
0!
02

#2935000
1!
b100 %
12
b100 6

#2940000
0!
02

#2945000
1!
b101 %
12
b101 6

#2950000
0!
02

#2955000
1!
b110 %
12
b110 6

#2960000
0!
02

#2965000
1!
b111 %
12
b111 6

#2970000
0!
02

#2975000
1!
b1000 %
12
b1000 6

#2980000
0!
02

#2985000
1!
b1001 %
12
b1001 6

#2990000
0!
02

#2995000
1!
b1010 %
12
b1010 6

#3000000
0!
02

#3005000
1!
b1011 %
12
b1011 6

#3010000
0!
02

#3015000
1!
b1100 %
12
b1100 6

#3020000
0!
02

#3025000
1!
b1101 %
12
b1101 6

#3030000
0!
02

#3035000
1!
b1110 %
12
b1110 6

#3040000
0!
02

#3045000
1!
b1111 %
12
b1111 6

#3050000
0!
02

#3055000
1!
b0 %
12
b0 6

#3060000
0!
02

#3065000
1!
b1 %
12
b1 6

#3070000
0!
02

#3075000
1!
b10 %
12
b10 6

#3080000
0!
02

#3085000
1!
b11 %
12
b11 6

#3090000
0!
02

#3095000
1!
b100 %
12
b100 6

#3100000
0!
02

#3105000
1!
b101 %
12
b101 6

#3110000
0!
02

#3115000
1!
b110 %
12
b110 6

#3120000
0!
02

#3125000
1!
b111 %
12
b111 6

#3130000
0!
02

#3135000
1!
b1000 %
12
b1000 6

#3140000
0!
02

#3145000
1!
b1001 %
12
b1001 6

#3150000
0!
02

#3155000
1!
b1010 %
12
b1010 6

#3160000
0!
02

#3165000
1!
b1011 %
12
b1011 6

#3170000
0!
02

#3175000
1!
b1100 %
12
b1100 6

#3180000
0!
02

#3185000
1!
b1101 %
12
b1101 6

#3190000
0!
02

#3195000
1!
b1110 %
12
b1110 6

#3200000
0!
02

#3205000
1!
b1111 %
12
b1111 6

#3210000
0!
02

#3215000
1!
b0 %
12
b0 6

#3220000
0!
02

#3225000
1!
b1 %
12
b1 6

#3230000
0!
02

#3235000
1!
b10 %
12
b10 6

#3240000
0!
02

#3245000
1!
b11 %
12
b11 6

#3250000
0!
02

#3255000
1!
b100 %
12
b100 6

#3260000
0!
02

#3265000
1!
b101 %
12
b101 6

#3270000
0!
02

#3275000
1!
b110 %
12
b110 6

#3280000
0!
02

#3285000
1!
b111 %
12
b111 6

#3290000
0!
02

#3295000
1!
b1000 %
12
b1000 6

#3300000
0!
02

#3305000
1!
b1001 %
12
b1001 6

#3310000
0!
02

#3315000
1!
b1010 %
12
b1010 6

#3320000
0!
02

#3325000
1!
b1011 %
12
b1011 6

#3330000
0!
02

#3335000
1!
b1100 %
12
b1100 6

#3340000
0!
02

#3345000
1!
b1101 %
12
b1101 6

#3350000
0!
02

#3355000
1!
b1110 %
12
b1110 6

#3360000
0!
02

#3365000
1!
b1111 %
12
b1111 6

#3370000
0!
02

#3375000
1!
b0 %
12
b0 6

#3380000
0!
02

#3385000
1!
b1 %
12
b1 6

#3390000
0!
02

#3395000
1!
b10 %
12
b10 6

#3400000
0!
02

#3405000
1!
b11 %
12
b11 6

#3410000
0!
02

#3415000
1!
b100 %
12
b100 6

#3420000
0!
02

#3425000
1!
b101 %
12
b101 6

#3430000
0!
02

#3435000
1!
b110 %
12
b110 6

#3440000
0!
02

#3445000
1!
b111 %
12
b111 6

#3450000
0!
02

#3455000
1!
b1000 %
12
b1000 6

#3460000
0!
02

#3465000
1!
b1001 %
12
b1001 6

#3470000
0!
02

#3475000
1!
b1010 %
12
b1010 6

#3480000
0!
02

#3485000
1!
b1011 %
12
b1011 6

#3490000
0!
02

#3495000
1!
b1100 %
12
b1100 6

#3500000
0!
02

#3505000
1!
b1101 %
12
b1101 6

#3510000
0!
02

#3515000
1!
b1110 %
12
b1110 6

#3520000
0!
02

#3525000
1!
b1111 %
12
b1111 6

#3530000
0!
02

#3535000
1!
b0 %
12
b0 6

#3540000
0!
02

#3545000
1!
b1 %
12
b1 6

#3550000
0!
02

#3555000
1!
b10 %
12
b10 6

#3560000
0!
02

#3565000
1!
b11 %
12
b11 6

#3570000
0!
02

#3575000
1!
b100 %
12
b100 6

#3580000
0!
02

#3585000
1!
b101 %
12
b101 6

#3590000
0!
02

#3595000
1!
b110 %
12
b110 6

#3600000
0!
02

#3605000
1!
b111 %
12
b111 6

#3610000
0!
02

#3615000
1!
b1000 %
12
b1000 6

#3620000
0!
02

#3625000
1!
b1001 %
12
b1001 6

#3630000
0!
02

#3635000
1!
b1010 %
12
b1010 6

#3640000
0!
02

#3645000
1!
b1011 %
12
b1011 6

#3650000
0!
02

#3655000
1!
b1100 %
12
b1100 6

#3660000
0!
02

#3665000
1!
b1101 %
12
b1101 6

#3670000
0!
02

#3675000
1!
b1110 %
12
b1110 6

#3680000
0!
02

#3685000
1!
b1111 %
12
b1111 6

#3690000
0!
02

#3695000
1!
b0 %
12
b0 6

#3700000
0!
02

#3705000
1!
b1 %
12
b1 6

#3710000
0!
02

#3715000
1!
b10 %
12
b10 6

#3720000
0!
02

#3725000
1!
b11 %
12
b11 6

#3730000
0!
02

#3735000
1!
b100 %
12
b100 6

#3740000
0!
02

#3745000
1!
b101 %
12
b101 6

#3750000
0!
02

#3755000
1!
b110 %
12
b110 6

#3760000
0!
02

#3765000
1!
b111 %
12
b111 6

#3770000
0!
02

#3775000
1!
b1000 %
12
b1000 6

#3780000
0!
02

#3785000
1!
b1001 %
12
b1001 6

#3790000
0!
02

#3795000
1!
b1010 %
12
b1010 6

#3800000
0!
02

#3805000
1!
b1011 %
12
b1011 6

#3810000
0!
02

#3815000
1!
b1100 %
12
b1100 6

#3820000
0!
02

#3825000
1!
b1101 %
12
b1101 6

#3830000
0!
02

#3835000
1!
b1110 %
12
b1110 6

#3840000
0!
02

#3845000
1!
b1111 %
12
b1111 6

#3850000
0!
02

#3855000
1!
b0 %
12
b0 6

#3860000
0!
02

#3865000
1!
b1 %
12
b1 6

#3870000
0!
02

#3875000
1!
b10 %
12
b10 6

#3880000
0!
02

#3885000
1!
b11 %
12
b11 6

#3890000
0!
02

#3895000
1!
b100 %
12
b100 6

#3900000
0!
02

#3905000
1!
b101 %
12
b101 6

#3910000
0!
02

#3915000
1!
b110 %
12
b110 6

#3920000
0!
02

#3925000
1!
b111 %
12
b111 6

#3930000
0!
02

#3935000
1!
b1000 %
12
b1000 6

#3940000
0!
02

#3945000
1!
b1001 %
12
b1001 6

#3950000
0!
02

#3955000
1!
b1010 %
12
b1010 6

#3960000
0!
02

#3965000
1!
b1011 %
12
b1011 6

#3970000
0!
02

#3975000
1!
b1100 %
12
b1100 6

#3980000
0!
02

#3985000
1!
b1101 %
12
b1101 6

#3990000
0!
02

#3995000
1!
b1110 %
12
b1110 6

#4000000
0!
02

#4005000
1!
b1111 %
12
b1111 6

#4010000
0!
02

#4015000
1!
b0 %
12
b0 6

#4020000
0!
02

#4025000
1!
b1 %
12
b1 6

#4030000
0!
02

#4035000
1!
b10 %
12
b10 6

#4040000
0!
02

#4045000
1!
b11 %
12
b11 6

#4050000
0!
02

#4055000
1!
b100 %
12
b100 6

#4060000
0!
02

#4065000
1!
b101 %
12
b101 6

#4070000
0!
02

#4075000
1!
b110 %
12
b110 6

#4080000
0!
02

#4085000
1!
b111 %
12
b111 6

#4090000
0!
02

#4095000
1!
b1000 %
12
b1000 6

#4100000
0!
02

#4105000
1!
b1001 %
12
b1001 6

#4110000
0!
02

#4115000
1!
b1010 %
12
b1010 6

#4120000
0!
02

#4125000
1!
b1011 %
12
b1011 6

#4130000
0!
02

#4135000
1!
b1100 %
12
b1100 6

#4140000
0!
02

#4145000
1!
b1101 %
12
b1101 6

#4150000
0!
02

#4155000
1!
b1110 %
12
b1110 6

#4160000
0!
02

#4165000
1!
b1111 %
12
b1111 6

#4170000
0!
02

#4175000
1!
b0 %
12
b0 6

#4180000
0!
02

#4185000
1!
b1 %
12
b1 6

#4190000
0!
02

#4195000
1!
b10 %
12
b10 6

#4200000
0!
02

#4205000
1!
b11 %
12
b11 6

#4210000
0!
02

#4215000
1!
b100 %
12
b100 6

#4220000
0!
02

#4225000
1!
b101 %
12
b101 6

#4230000
0!
02

#4235000
1!
b110 %
12
b110 6

#4240000
0!
02

#4245000
1!
b111 %
12
b111 6

#4250000
0!
02

#4255000
1!
b1000 %
12
b1000 6

#4260000
0!
02

#4265000
1!
b1001 %
12
b1001 6

#4270000
0!
02

#4275000
1!
b1010 %
12
b1010 6

#4280000
0!
02

#4285000
1!
b1011 %
12
b1011 6

#4290000
0!
02

#4295000
1!
b1100 %
12
b1100 6

#4300000
0!
02

#4305000
1!
b1101 %
12
b1101 6

#4310000
0!
02

#4315000
1!
b1110 %
12
b1110 6

#4320000
0!
02

#4325000
1!
b1111 %
12
b1111 6

#4330000
0!
02

#4335000
1!
b0 %
12
b0 6

#4340000
0!
02

#4345000
1!
b1 %
12
b1 6

#4350000
0!
02

#4355000
1!
b10 %
12
b10 6

#4360000
0!
02

#4365000
1!
b11 %
12
b11 6

#4370000
0!
02

#4375000
1!
b100 %
12
b100 6

#4380000
0!
02

#4385000
1!
b101 %
12
b101 6

#4390000
0!
02

#4395000
1!
b110 %
12
b110 6

#4400000
0!
02

#4405000
1!
b111 %
12
b111 6

#4410000
0!
02

#4415000
1!
b1000 %
12
b1000 6

#4420000
0!
02

#4425000
1!
b1001 %
12
b1001 6

#4430000
0!
02

#4435000
1!
b1010 %
12
b1010 6

#4440000
0!
02

#4445000
1!
b1011 %
12
b1011 6

#4450000
0!
02

#4455000
1!
b1100 %
12
b1100 6

#4460000
0!
02

#4465000
1!
b1101 %
12
b1101 6

#4470000
0!
02

#4475000
1!
b1110 %
12
b1110 6

#4480000
0!
02

#4485000
1!
b1111 %
12
b1111 6

#4490000
0!
02

#4495000
1!
b0 %
12
b0 6

#4500000
0!
02

#4505000
1!
b1 %
12
b1 6

#4510000
0!
02

#4515000
1!
b10 %
12
b10 6

#4520000
0!
02

#4525000
1!
b11 %
12
b11 6

#4530000
0!
02

#4535000
1!
b100 %
12
b100 6

#4540000
0!
02

#4545000
1!
b101 %
12
b101 6

#4550000
0!
02

#4555000
1!
b110 %
12
b110 6

#4560000
0!
02

#4565000
1!
b111 %
12
b111 6

#4570000
0!
02

#4575000
1!
b1000 %
12
b1000 6

#4580000
0!
02

#4585000
1!
b1001 %
12
b1001 6

#4590000
0!
02

#4595000
1!
b1010 %
12
b1010 6

#4600000
0!
02

#4605000
1!
b1011 %
12
b1011 6

#4610000
0!
02

#4615000
1!
b1100 %
12
b1100 6

#4620000
0!
02

#4625000
1!
b1101 %
12
b1101 6

#4630000
0!
02

#4635000
1!
b1110 %
12
b1110 6

#4640000
0!
02

#4645000
1!
b1111 %
12
b1111 6

#4650000
0!
02

#4655000
1!
b0 %
12
b0 6

#4660000
0!
02

#4665000
1!
b1 %
12
b1 6

#4670000
0!
02

#4675000
1!
b10 %
12
b10 6

#4680000
0!
02

#4685000
1!
b11 %
12
b11 6

#4690000
0!
02

#4695000
1!
b100 %
12
b100 6

#4700000
0!
02

#4705000
1!
b101 %
12
b101 6

#4710000
0!
02

#4715000
1!
b110 %
12
b110 6

#4720000
0!
02

#4725000
1!
b111 %
12
b111 6

#4730000
0!
02

#4735000
1!
b1000 %
12
b1000 6

#4740000
0!
02

#4745000
1!
b1001 %
12
b1001 6

#4750000
0!
02

#4755000
1!
b1010 %
12
b1010 6

#4760000
0!
02

#4765000
1!
b1011 %
12
b1011 6

#4770000
0!
02

#4775000
1!
b1100 %
12
b1100 6

#4780000
0!
02

#4785000
1!
b1101 %
12
b1101 6

#4790000
0!
02

#4795000
1!
b1110 %
12
b1110 6

#4800000
0!
02

#4805000
1!
b1111 %
12
b1111 6

#4810000
0!
02

#4815000
1!
b0 %
12
b0 6

#4820000
0!
02

#4825000
1!
b1 %
12
b1 6

#4830000
0!
02

#4835000
1!
b10 %
12
b10 6

#4840000
0!
02

#4845000
1!
b11 %
12
b11 6

#4850000
0!
02

#4855000
1!
b100 %
12
b100 6

#4860000
0!
02

#4865000
1!
b101 %
12
b101 6

#4870000
0!
02

#4875000
1!
b110 %
12
b110 6

#4880000
0!
02

#4885000
1!
b111 %
12
b111 6

#4890000
0!
02

#4895000
1!
b1000 %
12
b1000 6

#4900000
0!
02

#4905000
1!
b1001 %
12
b1001 6

#4910000
0!
02

#4915000
1!
b1010 %
12
b1010 6

#4920000
0!
02

#4925000
1!
b1011 %
12
b1011 6

#4930000
0!
02

#4935000
1!
b1100 %
12
b1100 6

#4940000
0!
02

#4945000
1!
b1101 %
12
b1101 6

#4950000
0!
02

#4955000
1!
b1110 %
12
b1110 6

#4960000
0!
02

#4965000
1!
b1111 %
12
b1111 6

#4970000
0!
02

#4975000
1!
b0 %
12
b0 6

#4980000
0!
02

#4985000
1!
b1 %
12
b1 6

#4990000
0!
02

#4995000
1!
b10 %
12
b10 6

#5000000
0!
02

#5005000
1!
b11 %
12
b11 6

#5010000
0!
02

#5015000
1!
b100 %
12
b100 6

#5020000
0!
02

#5025000
1!
b101 %
12
b101 6

#5030000
0!
02

#5035000
1!
b110 %
12
b110 6

#5040000
0!
02

#5045000
1!
b111 %
12
b111 6

#5050000
0!
02

#5055000
1!
b1000 %
12
b1000 6

#5060000
0!
02

#5065000
1!
b1001 %
12
b1001 6

#5070000
0!
02

#5075000
1!
b1010 %
12
b1010 6

#5080000
0!
02

#5085000
1!
b1011 %
12
b1011 6

#5090000
0!
02

#5095000
1!
b1100 %
12
b1100 6

#5100000
0!
02

#5105000
1!
b1101 %
12
b1101 6

#5110000
0!
02

#5115000
1!
b1110 %
12
b1110 6

#5120000
0!
02

#5125000
1!
b1111 %
12
b1111 6

#5130000
0!
02

#5135000
1!
b0 %
12
b0 6

#5140000
0!
02

#5145000
1!
b1 %
12
b1 6

#5150000
0!
02

#5155000
1!
b10 %
12
b10 6

#5160000
0!
02

#5165000
1!
b11 %
12
b11 6

#5170000
0!
02

#5175000
1!
b100 %
12
b100 6

#5180000
0!
02

#5185000
1!
b101 %
12
b101 6

#5190000
0!
02

#5195000
1!
b110 %
12
b110 6

#5200000
0!
02

#5205000
1!
b111 %
12
b111 6

#5210000
0!
02

#5215000
1!
b1000 %
12
b1000 6

#5220000
0!
02

#5225000
1!
b1001 %
12
b1001 6

#5230000
0!
02

#5235000
1!
b1010 %
12
b1010 6

#5240000
0!
02

#5245000
1!
b1011 %
12
b1011 6

#5250000
0!
02

#5255000
1!
b1100 %
12
b1100 6

#5260000
0!
02

#5265000
1!
b1101 %
12
b1101 6

#5270000
0!
02

#5275000
1!
b1110 %
12
b1110 6

#5280000
0!
02

#5285000
1!
b1111 %
12
b1111 6

#5290000
0!
02

#5295000
1!
b0 %
12
b0 6

#5300000
0!
02

#5305000
1!
b1 %
12
b1 6

#5310000
0!
02

#5315000
1!
b10 %
12
b10 6

#5320000
0!
02

#5325000
1!
b11 %
12
b11 6

#5330000
0!
02

#5335000
1!
b100 %
12
b100 6

#5340000
0!
02

#5345000
1!
b101 %
12
b101 6

#5350000
0!
02

#5355000
1!
b110 %
12
b110 6

#5360000
0!
02

#5365000
1!
b111 %
12
b111 6

#5370000
0!
02

#5375000
1!
b1000 %
12
b1000 6

#5380000
0!
02

#5385000
1!
b1001 %
12
b1001 6

#5390000
0!
02

#5395000
1!
b1010 %
12
b1010 6

#5400000
0!
02

#5405000
1!
b1011 %
12
b1011 6

#5410000
0!
02

#5415000
1!
b1100 %
12
b1100 6

#5420000
0!
02

#5425000
1!
b1101 %
12
b1101 6

#5430000
0!
02

#5435000
1!
b1110 %
12
b1110 6

#5440000
0!
02

#5445000
1!
b1111 %
12
b1111 6

#5450000
0!
02

#5455000
1!
b0 %
12
b0 6

#5460000
0!
02

#5465000
1!
b1 %
12
b1 6

#5470000
0!
02

#5475000
1!
b10 %
12
b10 6

#5480000
0!
02

#5485000
1!
b11 %
12
b11 6

#5490000
0!
02

#5495000
1!
b100 %
12
b100 6

#5500000
0!
02

#5505000
1!
b101 %
12
b101 6

#5510000
0!
02

#5515000
1!
b110 %
12
b110 6

#5520000
0!
02

#5525000
1!
b111 %
12
b111 6

#5530000
0!
02

#5535000
1!
b1000 %
12
b1000 6

#5540000
0!
02

#5545000
1!
b1001 %
12
b1001 6

#5550000
0!
02

#5555000
1!
b1010 %
12
b1010 6

#5560000
0!
02

#5565000
1!
b1011 %
12
b1011 6

#5570000
0!
02

#5575000
1!
b1100 %
12
b1100 6

#5580000
0!
02

#5585000
1!
b1101 %
12
b1101 6

#5590000
0!
02

#5595000
1!
b1110 %
12
b1110 6

#5600000
0!
02

#5605000
1!
b1111 %
12
b1111 6

#5610000
0!
02

#5615000
1!
b0 %
12
b0 6

#5620000
0!
02

#5625000
1!
b1 %
12
b1 6

#5630000
0!
02

#5635000
1!
b10 %
12
b10 6

#5640000
0!
02

#5645000
1!
b11 %
12
b11 6

#5650000
0!
02

#5655000
1!
b100 %
12
b100 6

#5660000
0!
02

#5665000
1!
b101 %
12
b101 6

#5670000
0!
02

#5675000
1!
b110 %
12
b110 6

#5680000
0!
02

#5685000
1!
b111 %
12
b111 6

#5690000
0!
02

#5695000
1!
b1000 %
12
b1000 6

#5700000
0!
02

#5705000
1!
b1001 %
12
b1001 6

#5710000
0!
02

#5715000
1!
b1010 %
12
b1010 6

#5720000
0!
02

#5725000
1!
b1011 %
12
b1011 6

#5730000
0!
02

#5735000
1!
b1100 %
12
b1100 6

#5740000
0!
02

#5745000
1!
b1101 %
12
b1101 6

#5750000
0!
02

#5755000
1!
b1110 %
12
b1110 6

#5760000
0!
02

#5765000
1!
b1111 %
12
b1111 6

#5770000
0!
02

#5775000
1!
b0 %
12
b0 6

#5780000
0!
02

#5785000
1!
b1 %
12
b1 6

#5790000
0!
02

#5795000
1!
b10 %
12
b10 6

#5800000
0!
02

#5805000
1!
b11 %
12
b11 6

#5810000
0!
02

#5815000
1!
b100 %
12
b100 6

#5820000
0!
02

#5825000
1!
b101 %
12
b101 6

#5830000
0!
02

#5835000
1!
b110 %
12
b110 6

#5840000
0!
02

#5845000
1!
b111 %
12
b111 6

#5850000
0!
02

#5855000
1!
b1000 %
12
b1000 6

#5860000
0!
02

#5865000
1!
b1001 %
12
b1001 6

#5870000
0!
02

#5875000
1!
b1010 %
12
b1010 6

#5880000
0!
02

#5885000
1!
b1011 %
12
b1011 6

#5890000
0!
02

#5895000
1!
b1100 %
12
b1100 6

#5900000
0!
02

#5905000
1!
b1101 %
12
b1101 6

#5910000
0!
02

#5915000
1!
b1110 %
12
b1110 6

#5920000
0!
02

#5925000
1!
b1111 %
12
b1111 6

#5930000
0!
02

#5935000
1!
b0 %
12
b0 6

#5940000
0!
02

#5945000
1!
b1 %
12
b1 6

#5950000
0!
02

#5955000
1!
b10 %
12
b10 6

#5960000
0!
02

#5965000
1!
b11 %
12
b11 6

#5970000
0!
02

#5975000
1!
b100 %
12
b100 6

#5980000
0!
02

#5985000
1!
b101 %
12
b101 6

#5990000
0!
02

#5995000
1!
b110 %
12
b110 6

#6000000
0!
02

#6005000
1!
b111 %
12
b111 6

#6010000
0!
02

#6015000
1!
b1000 %
12
b1000 6

#6020000
0!
02

#6025000
1!
b1001 %
12
b1001 6

#6030000
0!
02

#6035000
1!
b1010 %
12
b1010 6

#6040000
0!
02

#6045000
1!
b1011 %
12
b1011 6

#6050000
0!
02

#6055000
1!
b1100 %
12
b1100 6

#6060000
0!
02

#6065000
1!
b1101 %
12
b1101 6

#6070000
0!
02

#6075000
1!
b1110 %
12
b1110 6

#6080000
0!
02

#6085000
1!
b1111 %
12
b1111 6

#6090000
0!
02

#6095000
1!
b0 %
12
b0 6

#6100000
0!
02

#6105000
1!
b1 %
12
b1 6

#6110000
0!
02

#6115000
1!
b10 %
12
b10 6

#6120000
0!
02

#6125000
1!
b11 %
12
b11 6

#6130000
0!
02

#6135000
1!
b100 %
12
b100 6

#6140000
0!
02

#6145000
1!
b101 %
12
b101 6

#6150000
0!
02

#6155000
1!
b110 %
12
b110 6

#6160000
0!
02

#6165000
1!
b111 %
12
b111 6

#6170000
0!
02

#6175000
1!
b1000 %
12
b1000 6

#6180000
0!
02

#6185000
1!
b1001 %
12
b1001 6

#6190000
0!
02

#6195000
1!
b1010 %
12
b1010 6

#6200000
0!
02

#6205000
1!
b1011 %
12
b1011 6

#6210000
0!
02

#6215000
1!
b1100 %
12
b1100 6

#6220000
0!
02

#6225000
1!
b1101 %
12
b1101 6

#6230000
0!
02

#6235000
1!
b1110 %
12
b1110 6

#6240000
0!
02

#6245000
1!
b1111 %
12
b1111 6

#6250000
0!
02

#6255000
1!
b0 %
12
b0 6

#6260000
0!
02

#6265000
1!
b1 %
12
b1 6

#6270000
0!
02

#6275000
1!
b10 %
12
b10 6

#6280000
0!
02

#6285000
1!
b11 %
12
b11 6

#6290000
0!
02

#6295000
1!
b100 %
12
b100 6

#6300000
0!
02

#6305000
1!
b101 %
12
b101 6

#6310000
0!
02

#6315000
1!
b110 %
12
b110 6

#6320000
0!
02

#6325000
1!
b111 %
12
b111 6

#6330000
0!
02

#6335000
1!
b1000 %
12
b1000 6

#6340000
0!
02

#6345000
1!
b1001 %
12
b1001 6

#6350000
0!
02

#6355000
1!
b1010 %
12
b1010 6

#6360000
0!
02

#6365000
1!
b1011 %
12
b1011 6

#6370000
0!
02

#6375000
1!
b1100 %
12
b1100 6

#6380000
0!
02

#6385000
1!
b1101 %
12
b1101 6

#6390000
0!
02

#6395000
1!
b1110 %
12
b1110 6

#6400000
0!
02

#6405000
1!
b1111 %
12
b1111 6

#6410000
0!
02

#6415000
1!
b0 %
12
b0 6

#6420000
0!
02

#6425000
1!
b1 %
12
b1 6

#6430000
0!
02

#6435000
1!
b10 %
12
b10 6

#6440000
0!
02

#6445000
1!
b11 %
12
b11 6

#6450000
0!
02

#6455000
1!
b100 %
12
b100 6

#6460000
0!
02

#6465000
1!
b101 %
12
b101 6

#6470000
0!
02

#6475000
1!
b110 %
12
b110 6

#6480000
0!
02

#6485000
1!
b111 %
12
b111 6

#6490000
0!
02

#6495000
1!
b1000 %
12
b1000 6

#6500000
0!
02

#6505000
1!
b1001 %
12
b1001 6

#6510000
0!
02

#6515000
1!
b1010 %
12
b1010 6

#6520000
0!
02

#6525000
1!
b1011 %
12
b1011 6

#6530000
0!
02

#6535000
1!
b1100 %
12
b1100 6

#6540000
0!
02

#6545000
1!
b1101 %
12
b1101 6

#6550000
0!
02

#6555000
1!
b1110 %
12
b1110 6

#6560000
0!
02

#6565000
1!
b1111 %
12
b1111 6

#6570000
0!
02

#6575000
1!
b0 %
12
b0 6

#6580000
0!
02

#6585000
1!
b1 %
12
b1 6

#6590000
0!
02

#6595000
1!
b10 %
12
b10 6

#6600000
0!
02

#6605000
1!
b11 %
12
b11 6

#6610000
0!
02

#6615000
1!
b100 %
12
b100 6

#6620000
0!
02

#6625000
1!
b101 %
12
b101 6

#6630000
0!
02

#6635000
1!
b110 %
12
b110 6

#6640000
0!
02

#6645000
1!
b111 %
12
b111 6

#6650000
0!
02

#6655000
1!
b1000 %
12
b1000 6

#6660000
0!
02

#6665000
1!
b1001 %
12
b1001 6

#6670000
0!
02

#6675000
1!
b1010 %
12
b1010 6

#6680000
0!
02

#6685000
1!
b1011 %
12
b1011 6

#6690000
0!
02

#6695000
1!
b1100 %
12
b1100 6

#6700000
0!
02

#6705000
1!
b1101 %
12
b1101 6

#6710000
0!
02

#6715000
1!
b1110 %
12
b1110 6

#6720000
0!
02

#6725000
1!
b1111 %
12
b1111 6

#6730000
0!
02

#6735000
1!
b0 %
12
b0 6

#6740000
0!
02

#6745000
1!
b1 %
12
b1 6

#6750000
0!
02

#6755000
1!
b10 %
12
b10 6

#6760000
0!
02

#6765000
1!
b11 %
12
b11 6

#6770000
0!
02

#6775000
1!
b100 %
12
b100 6

#6780000
0!
02

#6785000
1!
b101 %
12
b101 6

#6790000
0!
02

#6795000
1!
b110 %
12
b110 6

#6800000
0!
02

#6805000
1!
b111 %
12
b111 6

#6810000
0!
02

#6815000
1!
b1000 %
12
b1000 6

#6820000
0!
02

#6825000
1!
b1001 %
12
b1001 6

#6830000
0!
02

#6835000
1!
b1010 %
12
b1010 6

#6840000
0!
02

#6845000
1!
b1011 %
12
b1011 6

#6850000
0!
02

#6855000
1!
b1100 %
12
b1100 6

#6860000
0!
02

#6865000
1!
b1101 %
12
b1101 6

#6870000
0!
02

#6875000
1!
b1110 %
12
b1110 6

#6880000
0!
02

#6885000
1!
b1111 %
12
b1111 6

#6890000
0!
02

#6895000
1!
b0 %
12
b0 6

#6900000
0!
02

#6905000
1!
b1 %
12
b1 6

#6910000
0!
02

#6915000
1!
b10 %
12
b10 6

#6920000
0!
02

#6925000
1!
b11 %
12
b11 6

#6930000
0!
02

#6935000
1!
b100 %
12
b100 6

#6940000
0!
02

#6945000
1!
b101 %
12
b101 6

#6950000
0!
02

#6955000
1!
b110 %
12
b110 6

#6960000
0!
02

#6965000
1!
b111 %
12
b111 6

#6970000
0!
02

#6975000
1!
b1000 %
12
b1000 6

#6980000
0!
02

#6985000
1!
b1001 %
12
b1001 6

#6990000
0!
02

#6995000
1!
b1010 %
12
b1010 6

#7000000
0!
02

#7005000
1!
b1011 %
12
b1011 6

#7010000
0!
02

#7015000
1!
b1100 %
12
b1100 6

#7020000
0!
02

#7025000
1!
b1101 %
12
b1101 6

#7030000
0!
02

#7035000
1!
b1110 %
12
b1110 6

#7040000
0!
02

#7045000
1!
b1111 %
12
b1111 6

#7050000
0!
02

#7055000
1!
b0 %
12
b0 6

#7060000
0!
02

#7065000
1!
b1 %
12
b1 6

#7070000
0!
02

#7075000
1!
b10 %
12
b10 6

#7080000
0!
02

#7085000
1!
b11 %
12
b11 6

#7090000
0!
02

#7095000
1!
b100 %
12
b100 6

#7100000
0!
02

#7105000
1!
b101 %
12
b101 6

#7110000
0!
02

#7115000
1!
b110 %
12
b110 6

#7120000
0!
02

#7125000
1!
b111 %
12
b111 6

#7130000
0!
02

#7135000
1!
b1000 %
12
b1000 6

#7140000
0!
02

#7145000
1!
b1001 %
12
b1001 6

#7150000
0!
02

#7155000
1!
b1010 %
12
b1010 6

#7160000
0!
02

#7165000
1!
b1011 %
12
b1011 6

#7170000
0!
02

#7175000
1!
b1100 %
12
b1100 6

#7180000
0!
02

#7185000
1!
b1101 %
12
b1101 6

#7190000
0!
02

#7195000
1!
b1110 %
12
b1110 6

#7200000
0!
02

#7205000
1!
b1111 %
12
b1111 6

#7210000
0!
02

#7215000
1!
b0 %
12
b0 6

#7220000
0!
02

#7225000
1!
b1 %
12
b1 6

#7230000
0!
02

#7235000
1!
b10 %
12
b10 6

#7240000
0!
02

#7245000
1!
b11 %
12
b11 6

#7250000
0!
02

#7255000
1!
b100 %
12
b100 6

#7260000
0!
02

#7265000
1!
b101 %
12
b101 6

#7270000
0!
02

#7275000
1!
b110 %
12
b110 6

#7280000
0!
02

#7285000
1!
b111 %
12
b111 6

#7290000
0!
02

#7295000
1!
b1000 %
12
b1000 6

#7300000
0!
02

#7305000
1!
b1001 %
12
b1001 6

#7310000
0!
02

#7315000
1!
b1010 %
12
b1010 6

#7320000
0!
02

#7325000
1!
b1011 %
12
b1011 6

#7330000
0!
02

#7335000
1!
b1100 %
12
b1100 6

#7340000
0!
02

#7345000
1!
b1101 %
12
b1101 6

#7350000
0!
02

#7355000
1!
b1110 %
12
b1110 6

#7360000
0!
02

#7365000
1!
b1111 %
12
b1111 6

#7370000
0!
02

#7375000
1!
b0 %
12
b0 6

#7380000
0!
02

#7385000
1!
b1 %
12
b1 6

#7390000
0!
02

#7395000
1!
b10 %
12
b10 6

#7400000
0!
02

#7405000
1!
b11 %
12
b11 6

#7410000
0!
02

#7415000
1!
b100 %
12
b100 6

#7420000
0!
02

#7425000
1!
b101 %
12
b101 6

#7430000
0!
02

#7435000
1!
b110 %
12
b110 6

#7440000
0!
02

#7445000
1!
b111 %
12
b111 6

#7450000
0!
02

#7455000
1!
b1000 %
12
b1000 6

#7460000
0!
02

#7465000
1!
b1001 %
12
b1001 6

#7470000
0!
02

#7475000
1!
b1010 %
12
b1010 6

#7480000
0!
02

#7485000
1!
b1011 %
12
b1011 6

#7490000
0!
02

#7495000
1!
b1100 %
12
b1100 6

#7500000
0!
02

#7505000
1!
b1101 %
12
b1101 6

#7510000
0!
02

#7515000
1!
b1110 %
12
b1110 6

#7520000
0!
02

#7525000
1!
b1111 %
12
b1111 6

#7530000
0!
02

#7535000
1!
b0 %
12
b0 6

#7540000
0!
02

#7545000
1!
b1 %
12
b1 6

#7550000
0!
02

#7555000
1!
b10 %
12
b10 6

#7560000
0!
02

#7565000
1!
b11 %
12
b11 6

#7570000
0!
02

#7575000
1!
b100 %
12
b100 6

#7580000
0!
02

#7585000
1!
b101 %
12
b101 6

#7590000
0!
02

#7595000
1!
b110 %
12
b110 6

#7600000
0!
02

#7605000
1!
b111 %
12
b111 6

#7610000
0!
02

#7615000
1!
b1000 %
12
b1000 6

#7620000
0!
02

#7625000
1!
b1001 %
12
b1001 6

#7630000
0!
02

#7635000
1!
b1010 %
12
b1010 6

#7640000
0!
02

#7645000
1!
b1011 %
12
b1011 6

#7650000
0!
02

#7655000
1!
b1100 %
12
b1100 6

#7660000
0!
02

#7665000
1!
b1101 %
12
b1101 6

#7670000
0!
02

#7675000
1!
b1110 %
12
b1110 6

#7680000
0!
02

#7685000
1!
b1111 %
12
b1111 6

#7690000
0!
02

#7695000
1!
b0 %
12
b0 6

#7700000
0!
02

#7705000
1!
b1 %
12
b1 6

#7710000
0!
02

#7715000
1!
b10 %
12
b10 6

#7720000
0!
02

#7725000
1!
b11 %
12
b11 6

#7730000
0!
02

#7735000
1!
b100 %
12
b100 6

#7740000
0!
02

#7745000
1!
b101 %
12
b101 6

#7750000
0!
02

#7755000
1!
b110 %
12
b110 6

#7760000
0!
02

#7765000
1!
b111 %
12
b111 6

#7770000
0!
02

#7775000
1!
b1000 %
12
b1000 6

#7780000
0!
02

#7785000
1!
b1001 %
12
b1001 6

#7790000
0!
02

#7795000
1!
b1010 %
12
b1010 6

#7800000
0!
02

#7805000
1!
b1011 %
12
b1011 6

#7810000
0!
02

#7815000
1!
b1100 %
12
b1100 6

#7820000
0!
02

#7825000
1!
b1101 %
12
b1101 6

#7830000
0!
02

#7835000
1!
b1110 %
12
b1110 6

#7840000
0!
02

#7845000
1!
b1111 %
12
b1111 6

#7850000
0!
02

#7855000
1!
b0 %
12
b0 6

#7860000
0!
02

#7865000
1!
b1 %
12
b1 6

#7870000
0!
02

#7875000
1!
b10 %
12
b10 6

#7880000
0!
02

#7885000
1!
b11 %
12
b11 6

#7890000
0!
02

#7895000
1!
b100 %
12
b100 6

#7900000
0!
02

#7905000
1!
b101 %
12
b101 6

#7910000
0!
02

#7915000
1!
b110 %
12
b110 6

#7920000
0!
02

#7925000
1!
b111 %
12
b111 6

#7930000
0!
02

#7935000
1!
b1000 %
12
b1000 6

#7940000
0!
02

#7945000
1!
b1001 %
12
b1001 6

#7950000
0!
02

#7955000
1!
b1010 %
12
b1010 6

#7960000
0!
02

#7965000
1!
b1011 %
12
b1011 6

#7970000
0!
02

#7975000
1!
b1100 %
12
b1100 6

#7980000
0!
02

#7985000
1!
b1101 %
12
b1101 6

#7990000
0!
02

#7995000
1!
b1110 %
12
b1110 6

#8000000
0!
02

#8005000
1!
b1111 %
12
b1111 6

#8010000
0!
02

#8015000
1!
b0 %
12
b0 6

#8020000
0!
02

#8025000
1!
b1 %
12
b1 6

#8030000
0!
02

#8035000
1!
b10 %
12
b10 6

#8040000
0!
02

#8045000
1!
b11 %
12
b11 6

#8050000
0!
02

#8055000
1!
b100 %
12
b100 6

#8060000
0!
02

#8065000
1!
b101 %
12
b101 6

#8070000
0!
02

#8075000
1!
b110 %
12
b110 6

#8080000
0!
02

#8085000
1!
b111 %
12
b111 6

#8090000
0!
02

#8095000
1!
b1000 %
12
b1000 6

#8100000
0!
02

#8105000
1!
b1001 %
12
b1001 6

#8110000
0!
02

#8115000
1!
b1010 %
12
b1010 6

#8120000
0!
02

#8125000
1!
b1011 %
12
b1011 6

#8130000
0!
02

#8135000
1!
b1100 %
12
b1100 6

#8140000
0!
02

#8145000
1!
b1101 %
12
b1101 6

#8150000
0!
02

#8155000
1!
b1110 %
12
b1110 6

#8160000
0!
02

#8165000
1!
b1111 %
12
b1111 6

#8170000
0!
02

#8175000
1!
b0 %
12
b0 6

#8180000
0!
02

#8185000
1!
b1 %
12
b1 6

#8190000
0!
02

#8195000
1!
b10 %
12
b10 6

#8200000
0!
02

#8205000
1!
b11 %
12
b11 6

#8210000
0!
02

#8215000
1!
b100 %
12
b100 6

#8220000
0!
02

#8225000
1!
b101 %
12
b101 6

#8230000
0!
02

#8235000
1!
b110 %
12
b110 6

#8240000
0!
02

#8245000
1!
b111 %
12
b111 6

#8250000
0!
02

#8255000
1!
b1000 %
12
b1000 6

#8260000
0!
02

#8265000
1!
b1001 %
12
b1001 6

#8270000
0!
02

#8275000
1!
b1010 %
12
b1010 6

#8280000
0!
02

#8285000
1!
b1011 %
12
b1011 6

#8290000
0!
02

#8295000
1!
b1100 %
12
b1100 6

#8300000
0!
02

#8305000
1!
b1101 %
12
b1101 6

#8310000
0!
02

#8315000
1!
b1110 %
12
b1110 6

#8320000
0!
02

#8325000
1!
b1111 %
12
b1111 6

#8330000
0!
02

#8335000
1!
b0 %
12
b0 6

#8340000
0!
02

#8345000
1!
b1 %
12
b1 6

#8350000
0!
02

#8355000
1!
b10 %
12
b10 6

#8360000
0!
02

#8365000
1!
b11 %
12
b11 6

#8370000
0!
02

#8375000
1!
b100 %
12
b100 6

#8380000
0!
02

#8385000
1!
b101 %
12
b101 6

#8390000
0!
02

#8395000
1!
b110 %
12
b110 6

#8400000
0!
02

#8405000
1!
b111 %
12
b111 6

#8410000
0!
02

#8415000
1!
b1000 %
12
b1000 6

#8420000
0!
02

#8425000
1!
b1001 %
12
b1001 6

#8430000
0!
02

#8435000
1!
b1010 %
12
b1010 6

#8440000
0!
02

#8445000
1!
b1011 %
12
b1011 6

#8450000
0!
02

#8455000
1!
b1100 %
12
b1100 6

#8460000
0!
02

#8465000
1!
b1101 %
12
b1101 6

#8470000
0!
02

#8475000
1!
b1110 %
12
b1110 6

#8480000
0!
02

#8485000
1!
b1111 %
12
b1111 6

#8490000
0!
02

#8495000
1!
b0 %
12
b0 6

#8500000
0!
02

#8505000
1!
b1 %
12
b1 6

#8510000
0!
02

#8515000
1!
b10 %
12
b10 6

#8520000
0!
02

#8525000
1!
b11 %
12
b11 6

#8530000
0!
02

#8535000
1!
b100 %
12
b100 6

#8540000
0!
02

#8545000
1!
b101 %
12
b101 6

#8550000
0!
02

#8555000
1!
b110 %
12
b110 6

#8560000
0!
02

#8565000
1!
b111 %
12
b111 6

#8570000
0!
02

#8575000
1!
b1000 %
12
b1000 6

#8580000
0!
02

#8585000
1!
b1001 %
12
b1001 6

#8590000
0!
02

#8595000
1!
b1010 %
12
b1010 6

#8600000
0!
02

#8605000
1!
b1011 %
12
b1011 6

#8610000
0!
02

#8615000
1!
b1100 %
12
b1100 6

#8620000
0!
02

#8625000
1!
b1101 %
12
b1101 6

#8630000
0!
02

#8635000
1!
b1110 %
12
b1110 6

#8640000
0!
02

#8645000
1!
b1111 %
12
b1111 6

#8650000
0!
02

#8655000
1!
b0 %
12
b0 6

#8660000
0!
02

#8665000
1!
b1 %
12
b1 6

#8670000
0!
02

#8675000
1!
b10 %
12
b10 6

#8680000
0!
02

#8685000
1!
b11 %
12
b11 6

#8690000
0!
02

#8695000
1!
b100 %
12
b100 6

#8700000
0!
02

#8705000
1!
b101 %
12
b101 6

#8710000
0!
02

#8715000
1!
b110 %
12
b110 6

#8720000
0!
02

#8725000
1!
b111 %
12
b111 6

#8730000
0!
02

#8735000
1!
b1000 %
12
b1000 6

#8740000
0!
02

#8745000
1!
b1001 %
12
b1001 6

#8750000
0!
02

#8755000
1!
b1010 %
12
b1010 6

#8760000
0!
02

#8765000
1!
b1011 %
12
b1011 6

#8770000
0!
02

#8775000
1!
b1100 %
12
b1100 6

#8780000
0!
02

#8785000
1!
b1101 %
12
b1101 6

#8790000
0!
02

#8795000
1!
b1110 %
12
b1110 6

#8800000
0!
02

#8805000
1!
b1111 %
12
b1111 6

#8810000
0!
02

#8815000
1!
b0 %
12
b0 6

#8820000
0!
02

#8825000
1!
b1 %
12
b1 6

#8830000
0!
02

#8835000
1!
b10 %
12
b10 6

#8840000
0!
02

#8845000
1!
b11 %
12
b11 6

#8850000
0!
02

#8855000
1!
b100 %
12
b100 6

#8860000
0!
02

#8865000
1!
b101 %
12
b101 6

#8870000
0!
02

#8875000
1!
b110 %
12
b110 6

#8880000
0!
02

#8885000
1!
b111 %
12
b111 6

#8890000
0!
02

#8895000
1!
b1000 %
12
b1000 6

#8900000
0!
02

#8905000
1!
b1001 %
12
b1001 6

#8910000
0!
02

#8915000
1!
b1010 %
12
b1010 6

#8920000
0!
02

#8925000
1!
b1011 %
12
b1011 6

#8930000
0!
02

#8935000
1!
b1100 %
12
b1100 6

#8940000
0!
02

#8945000
1!
b1101 %
12
b1101 6

#8950000
0!
02

#8955000
1!
b1110 %
12
b1110 6

#8960000
0!
02

#8965000
1!
b1111 %
12
b1111 6

#8970000
0!
02

#8975000
1!
b0 %
12
b0 6

#8980000
0!
02

#8985000
1!
b1 %
12
b1 6

#8990000
0!
02

#8995000
1!
b10 %
12
b10 6

#9000000
0!
02

#9005000
1!
b11 %
12
b11 6

#9010000
0!
02

#9015000
1!
b100 %
12
b100 6

#9020000
0!
02

#9025000
1!
b101 %
12
b101 6

#9030000
0!
02

#9035000
1!
b110 %
12
b110 6

#9040000
0!
02

#9045000
1!
b111 %
12
b111 6

#9050000
0!
02

#9055000
1!
b1000 %
12
b1000 6

#9060000
0!
02

#9065000
1!
b1001 %
12
b1001 6

#9070000
0!
02

#9075000
1!
b1010 %
12
b1010 6

#9080000
0!
02

#9085000
1!
b1011 %
12
b1011 6

#9090000
0!
02

#9095000
1!
b1100 %
12
b1100 6

#9100000
0!
02

#9105000
1!
b1101 %
12
b1101 6

#9110000
0!
02

#9115000
1!
b1110 %
12
b1110 6

#9120000
0!
02

#9125000
1!
b1111 %
12
b1111 6

#9130000
0!
02

#9135000
1!
b0 %
12
b0 6

#9140000
0!
02

#9145000
1!
b1 %
12
b1 6

#9150000
0!
02

#9155000
1!
b10 %
12
b10 6

#9160000
0!
02

#9165000
1!
b11 %
12
b11 6

#9170000
0!
02

#9175000
1!
b100 %
12
b100 6

#9180000
0!
02

#9185000
1!
b101 %
12
b101 6

#9190000
0!
02

#9195000
1!
b110 %
12
b110 6

#9200000
0!
02

#9205000
1!
b111 %
12
b111 6

#9210000
0!
02

#9215000
1!
b1000 %
12
b1000 6

#9220000
0!
02

#9225000
1!
b1001 %
12
b1001 6

#9230000
0!
02

#9235000
1!
b1010 %
12
b1010 6

#9240000
0!
02

#9245000
1!
b1011 %
12
b1011 6

#9250000
0!
02

#9255000
1!
b1100 %
12
b1100 6

#9260000
0!
02

#9265000
1!
b1101 %
12
b1101 6

#9270000
0!
02

#9275000
1!
b1110 %
12
b1110 6

#9280000
0!
02

#9285000
1!
b1111 %
12
b1111 6

#9290000
0!
02

#9295000
1!
b0 %
12
b0 6

#9300000
0!
02

#9305000
1!
b1 %
12
b1 6

#9310000
0!
02

#9315000
1!
b10 %
12
b10 6

#9320000
0!
02

#9325000
1!
b11 %
12
b11 6

#9330000
0!
02

#9335000
1!
b100 %
12
b100 6

#9340000
0!
02

#9345000
1!
b101 %
12
b101 6

#9350000
0!
02

#9355000
1!
b110 %
12
b110 6

#9360000
0!
02

#9365000
1!
b111 %
12
b111 6

#9370000
0!
02

#9375000
1!
b1000 %
12
b1000 6

#9380000
0!
02

#9385000
1!
b1001 %
12
b1001 6

#9390000
0!
02

#9395000
1!
b1010 %
12
b1010 6

#9400000
0!
02

#9405000
1!
b1011 %
12
b1011 6

#9410000
0!
02

#9415000
1!
b1100 %
12
b1100 6

#9420000
0!
02

#9425000
1!
b1101 %
12
b1101 6

#9430000
0!
02

#9435000
1!
b1110 %
12
b1110 6

#9440000
0!
02

#9445000
1!
b1111 %
12
b1111 6

#9450000
0!
02

#9455000
1!
b0 %
12
b0 6

#9460000
0!
02

#9465000
1!
b1 %
12
b1 6

#9470000
0!
02

#9475000
1!
b10 %
12
b10 6

#9480000
0!
02

#9485000
1!
b11 %
12
b11 6

#9490000
0!
02

#9495000
1!
b100 %
12
b100 6

#9500000
0!
02

#9505000
1!
b101 %
12
b101 6

#9510000
0!
02

#9515000
1!
b110 %
12
b110 6

#9520000
0!
02

#9525000
1!
b111 %
12
b111 6

#9530000
0!
02

#9535000
1!
b1000 %
12
b1000 6

#9540000
0!
02

#9545000
1!
b1001 %
12
b1001 6

#9550000
0!
02

#9555000
1!
b1010 %
12
b1010 6

#9560000
0!
02

#9565000
1!
b1011 %
12
b1011 6

#9570000
0!
02

#9575000
1!
b1100 %
12
b1100 6

#9580000
0!
02

#9585000
1!
b1101 %
12
b1101 6

#9590000
0!
02

#9595000
1!
b1110 %
12
b1110 6

#9600000
0!
02

#9605000
1!
b1111 %
12
b1111 6

#9610000
0!
02

#9615000
1!
b0 %
12
b0 6

#9620000
0!
02

#9625000
1!
b1 %
12
b1 6

#9630000
0!
02

#9635000
1!
b10 %
12
b10 6

#9640000
0!
02

#9645000
1!
b11 %
12
b11 6

#9650000
0!
02

#9655000
1!
b100 %
12
b100 6

#9660000
0!
02

#9665000
1!
b101 %
12
b101 6

#9670000
0!
02

#9675000
1!
b110 %
12
b110 6

#9680000
0!
02

#9685000
1!
b111 %
12
b111 6

#9690000
0!
02

#9695000
1!
b1000 %
12
b1000 6

#9700000
0!
02

#9705000
1!
b1001 %
12
b1001 6

#9710000
0!
02

#9715000
1!
b1010 %
12
b1010 6

#9720000
0!
02

#9725000
1!
b1011 %
12
b1011 6

#9730000
0!
02

#9735000
1!
b1100 %
12
b1100 6

#9740000
0!
02

#9745000
1!
b1101 %
12
b1101 6

#9750000
0!
02

#9755000
1!
b1110 %
12
b1110 6

#9760000
0!
02

#9765000
1!
b1111 %
12
b1111 6

#9770000
0!
02

#9775000
1!
b0 %
12
b0 6

#9780000
0!
02

#9785000
1!
b1 %
12
b1 6

#9790000
0!
02

#9795000
1!
b10 %
12
b10 6

#9800000
0!
02

#9805000
1!
b11 %
12
b11 6

#9810000
0!
02

#9815000
1!
b100 %
12
b100 6

#9820000
0!
02

#9825000
1!
b101 %
12
b101 6

#9830000
0!
02

#9835000
1!
b110 %
12
b110 6

#9840000
0!
02

#9845000
1!
b111 %
12
b111 6

#9850000
0!
02

#9855000
1!
b1000 %
12
b1000 6

#9860000
0!
02

#9865000
1!
b1001 %
12
b1001 6

#9870000
0!
02

#9875000
1!
b1010 %
12
b1010 6

#9880000
0!
02

#9885000
1!
b1011 %
12
b1011 6

#9890000
0!
02

#9895000
1!
b1100 %
12
b1100 6

#9900000
0!
02

#9905000
1!
b1101 %
12
b1101 6

#9910000
0!
02

#9915000
1!
b1110 %
12
b1110 6

#9920000
0!
02

#9925000
1!
b1111 %
12
b1111 6

#9930000
0!
02

#9935000
1!
b0 %
12
b0 6

#9940000
0!
02

#9945000
1!
b1 %
12
b1 6

#9950000
0!
02

#9955000
1!
b10 %
12
b10 6

#9960000
0!
02

#9965000
1!
b11 %
12
b11 6

#9970000
0!
02

#9975000
1!
b100 %
12
b100 6

#9980000
0!
02

#9985000
1!
b101 %
12
b101 6

#9990000
0!
02

#9995000
1!
b110 %
12
b110 6

#10000000
0!
02

#10005000
1!
b111 %
12
b111 6

#10010000
0!
02

#10015000
1!
b1000 %
12
b1000 6

#10020000
0!
02

#10025000
1!
b1001 %
12
b1001 6

#10030000
0!
02

#10035000
1!
b1010 %
12
b1010 6

#10040000
0!
02

#10045000
1!
b1011 %
12
b1011 6

#10050000
0!
02

#10055000
1!
b1100 %
12
b1100 6

#10060000
0!
02

#10065000
1!
b1101 %
12
b1101 6

#10070000
0!
02

#10075000
1!
b1110 %
12
b1110 6

#10080000
0!
02

#10085000
1!
b1111 %
12
b1111 6

#10090000
0!
02

#10095000
1!
b0 %
12
b0 6

#10100000
0!
02

#10105000
1!
b1 %
12
b1 6

#10110000
0!
02

#10115000
1!
b10 %
12
b10 6

#10120000
0!
02

#10125000
1!
b11 %
12
b11 6

#10130000
0!
02

#10135000
1!
b100 %
12
b100 6

#10140000
0!
02

#10145000
1!
b101 %
12
b101 6

#10150000
0!
02

#10155000
1!
b110 %
12
b110 6

#10160000
0!
02

#10165000
1!
b111 %
12
b111 6

#10170000
0!
02

#10175000
1!
b1000 %
12
b1000 6

#10180000
0!
02

#10185000
1!
b1001 %
12
b1001 6

#10190000
0!
02

#10195000
1!
b1010 %
12
b1010 6

#10200000
0!
02

#10205000
1!
b1011 %
12
b1011 6

#10210000
0!
02

#10215000
1!
b1100 %
12
b1100 6

#10220000
0!
02

#10225000
1!
b1101 %
12
b1101 6

#10230000
0!
02

#10235000
1!
b1110 %
12
b1110 6

#10240000
0!
02

#10245000
1!
b1111 %
12
b1111 6

#10250000
0!
02

#10255000
1!
b0 %
12
b0 6

#10260000
0!
02

#10265000
1!
b1 %
12
b1 6

#10270000
0!
02

#10275000
1!
b10 %
12
b10 6

#10280000
0!
02

#10285000
1!
b11 %
12
b11 6

#10290000
0!
02

#10295000
1!
b100 %
12
b100 6

#10300000
0!
02

#10305000
1!
b101 %
12
b101 6

#10310000
0!
02

#10315000
1!
b110 %
12
b110 6

#10320000
0!
02

#10325000
1!
b111 %
12
b111 6

#10330000
0!
02

#10335000
1!
b1000 %
12
b1000 6

#10340000
0!
02

#10345000
1!
b1001 %
12
b1001 6

#10350000
0!
02

#10355000
1!
b1010 %
12
b1010 6

#10360000
0!
02

#10365000
1!
b1011 %
12
b1011 6

#10370000
0!
02

#10375000
1!
b1100 %
12
b1100 6

#10380000
0!
02

#10385000
1!
b1101 %
12
b1101 6

#10390000
0!
02

#10395000
1!
b1110 %
12
b1110 6

#10400000
0!
02

#10405000
1!
b1111 %
12
b1111 6

#10410000
0!
02

#10415000
1!
b0 %
12
b0 6

#10420000
0!
02

#10425000
1!
b1 %
12
b1 6

#10430000
0!
02

#10435000
1!
b10 %
12
b10 6

#10440000
0!
02

#10445000
1!
b11 %
12
b11 6

#10450000
0!
02

#10455000
1!
b100 %
12
b100 6

#10460000
0!
02

#10465000
1!
b101 %
12
b101 6

#10470000
0!
02

#10475000
1!
b110 %
12
b110 6

#10480000
0!
02

#10485000
1!
b111 %
12
b111 6

#10490000
0!
02

#10495000
1!
b1000 %
12
b1000 6

#10500000
0!
02

#10505000
1!
b1001 %
12
b1001 6

#10510000
0!
02

#10515000
1!
b1010 %
12
b1010 6

#10520000
0!
02

#10525000
1!
b1011 %
12
b1011 6

#10530000
0!
02

#10535000
1!
b1100 %
12
b1100 6

#10540000
0!
02

#10545000
1!
b1101 %
12
b1101 6

#10550000
0!
02

#10555000
1!
b1110 %
12
b1110 6

#10560000
0!
02

#10565000
1!
b1111 %
12
b1111 6

#10570000
0!
02

#10575000
1!
b0 %
12
b0 6

#10580000
0!
02

#10585000
1!
b1 %
12
b1 6

#10590000
0!
02

#10595000
1!
b10 %
12
b10 6

#10600000
0!
02

#10605000
1!
b11 %
12
b11 6

#10610000
0!
02

#10615000
1!
b100 %
12
b100 6

#10620000
0!
02

#10625000
1!
b101 %
12
b101 6

#10630000
0!
02

#10635000
1!
b110 %
12
b110 6

#10640000
0!
02

#10645000
1!
b111 %
12
b111 6

#10650000
0!
02

#10655000
1!
b1000 %
12
b1000 6

#10660000
0!
02

#10665000
1!
b1001 %
12
b1001 6

#10670000
0!
02

#10675000
1!
b1010 %
12
b1010 6

#10680000
0!
02

#10685000
1!
b1011 %
12
b1011 6

#10690000
0!
02

#10695000
1!
b1100 %
12
b1100 6

#10700000
0!
02

#10705000
1!
b1101 %
12
b1101 6

#10710000
0!
02

#10715000
1!
b1110 %
12
b1110 6

#10720000
0!
02

#10725000
1!
b1111 %
12
b1111 6

#10730000
0!
02

#10735000
1!
b0 %
12
b0 6

#10740000
0!
02

#10745000
1!
b1 %
12
b1 6

#10750000
0!
02

#10755000
1!
b10 %
12
b10 6

#10760000
0!
02

#10765000
1!
b11 %
12
b11 6

#10770000
0!
02

#10775000
1!
b100 %
12
b100 6

#10780000
0!
02

#10785000
1!
b101 %
12
b101 6

#10790000
0!
02

#10795000
1!
b110 %
12
b110 6

#10800000
0!
02

#10805000
1!
b111 %
12
b111 6

#10810000
0!
02

#10815000
1!
b1000 %
12
b1000 6

#10820000
0!
02

#10825000
1!
b1001 %
12
b1001 6

#10830000
0!
02

#10835000
1!
b1010 %
12
b1010 6

#10840000
0!
02

#10845000
1!
b1011 %
12
b1011 6

#10850000
0!
02

#10855000
1!
b1100 %
12
b1100 6

#10860000
0!
02

#10865000
1!
b1101 %
12
b1101 6

#10870000
0!
02

#10875000
1!
b1110 %
12
b1110 6

#10880000
0!
02

#10885000
1!
b1111 %
12
b1111 6

#10890000
0!
02

#10895000
1!
b0 %
12
b0 6

#10900000
0!
02

#10905000
1!
b1 %
12
b1 6

#10910000
0!
02

#10915000
1!
b10 %
12
b10 6

#10920000
0!
02

#10925000
1!
b11 %
12
b11 6

#10930000
0!
02

#10935000
1!
b100 %
12
b100 6

#10940000
0!
02

#10945000
1!
b101 %
12
b101 6

#10950000
0!
02

#10955000
1!
b110 %
12
b110 6

#10960000
0!
02

#10965000
1!
b111 %
12
b111 6

#10970000
0!
02

#10975000
1!
b1000 %
12
b1000 6

#10980000
0!
02

#10985000
1!
b1001 %
12
b1001 6

#10990000
0!
02

#10995000
1!
b1010 %
12
b1010 6

#11000000
0!
02

#11005000
1!
b1011 %
12
b1011 6

#11010000
0!
02

#11015000
1!
b1100 %
12
b1100 6

#11020000
0!
02

#11025000
1!
b1101 %
12
b1101 6

#11030000
0!
02

#11035000
1!
b1110 %
12
b1110 6

#11040000
0!
02

#11045000
1!
b1111 %
12
b1111 6

#11050000
0!
02

#11055000
1!
b0 %
12
b0 6

#11060000
0!
02

#11065000
1!
b1 %
12
b1 6

#11070000
0!
02

#11075000
1!
b10 %
12
b10 6

#11080000
0!
02

#11085000
1!
b11 %
12
b11 6

#11090000
0!
02

#11095000
1!
b100 %
12
b100 6

#11100000
0!
02

#11105000
1!
b101 %
12
b101 6

#11110000
0!
02

#11115000
1!
b110 %
12
b110 6

#11120000
0!
02

#11125000
1!
b111 %
12
b111 6

#11130000
0!
02

#11135000
1!
b1000 %
12
b1000 6

#11140000
0!
02

#11145000
1!
b1001 %
12
b1001 6

#11150000
0!
02

#11155000
1!
b1010 %
12
b1010 6

#11160000
0!
02

#11165000
1!
b1011 %
12
b1011 6

#11170000
0!
02

#11175000
1!
b1100 %
12
b1100 6

#11180000
0!
02

#11185000
1!
b1101 %
12
b1101 6

#11190000
0!
02

#11195000
1!
b1110 %
12
b1110 6

#11200000
0!
02

#11205000
1!
b1111 %
12
b1111 6

#11210000
0!
02

#11215000
1!
b0 %
12
b0 6

#11220000
0!
02

#11225000
1!
b1 %
12
b1 6

#11230000
0!
02

#11235000
1!
b10 %
12
b10 6

#11240000
0!
02

#11245000
1!
b11 %
12
b11 6

#11250000
0!
02

#11255000
1!
b100 %
12
b100 6

#11260000
0!
02

#11265000
1!
b101 %
12
b101 6

#11270000
0!
02

#11275000
1!
b110 %
12
b110 6

#11280000
0!
02

#11285000
1!
b111 %
12
b111 6

#11290000
0!
02

#11295000
1!
b1000 %
12
b1000 6

#11300000
0!
02

#11305000
1!
b1001 %
12
b1001 6

#11310000
0!
02

#11315000
1!
b1010 %
12
b1010 6

#11320000
0!
02

#11325000
1!
b1011 %
12
b1011 6

#11330000
0!
02

#11335000
1!
b1100 %
12
b1100 6

#11340000
0!
02

#11345000
1!
b1101 %
12
b1101 6

#11350000
0!
02

#11355000
1!
b1110 %
12
b1110 6

#11360000
0!
02

#11365000
1!
b1111 %
12
b1111 6

#11370000
0!
02

#11375000
1!
b0 %
12
b0 6

#11380000
0!
02

#11385000
1!
b1 %
12
b1 6

#11390000
0!
02

#11395000
1!
b10 %
12
b10 6

#11400000
0!
02

#11405000
1!
b11 %
12
b11 6

#11410000
0!
02

#11415000
1!
b100 %
12
b100 6

#11420000
0!
02

#11425000
1!
b101 %
12
b101 6

#11430000
0!
02

#11435000
1!
b110 %
12
b110 6

#11440000
0!
02

#11445000
1!
b111 %
12
b111 6

#11450000
0!
02

#11455000
1!
b1000 %
12
b1000 6

#11460000
0!
02

#11465000
1!
b1001 %
12
b1001 6

#11470000
0!
02

#11475000
1!
b1010 %
12
b1010 6

#11480000
0!
02

#11485000
1!
b1011 %
12
b1011 6

#11490000
0!
02

#11495000
1!
b1100 %
12
b1100 6

#11500000
0!
02

#11505000
1!
b1101 %
12
b1101 6

#11510000
0!
02

#11515000
1!
b1110 %
12
b1110 6

#11520000
0!
02

#11525000
1!
b1111 %
12
b1111 6

#11530000
0!
02

#11535000
1!
b0 %
12
b0 6

#11540000
0!
02

#11545000
1!
b1 %
12
b1 6

#11550000
0!
02

#11555000
1!
b10 %
12
b10 6

#11560000
0!
02

#11565000
1!
b11 %
12
b11 6

#11570000
0!
02

#11575000
1!
b100 %
12
b100 6

#11580000
0!
02

#11585000
1!
b101 %
12
b101 6

#11590000
0!
02

#11595000
1!
b110 %
12
b110 6

#11600000
0!
02

#11605000
1!
b111 %
12
b111 6

#11610000
0!
02

#11615000
1!
b1000 %
12
b1000 6

#11620000
0!
02

#11625000
1!
b1001 %
12
b1001 6

#11630000
0!
02

#11635000
1!
b1010 %
12
b1010 6

#11640000
0!
02

#11645000
1!
b1011 %
12
b1011 6

#11650000
0!
02

#11655000
1!
b1100 %
12
b1100 6

#11660000
0!
02

#11665000
1!
b1101 %
12
b1101 6

#11670000
0!
02

#11675000
1!
b1110 %
12
b1110 6

#11680000
0!
02

#11685000
1!
b1111 %
12
b1111 6

#11690000
0!
02

#11695000
1!
b0 %
12
b0 6

#11700000
0!
02

#11705000
1!
b1 %
12
b1 6

#11710000
0!
02

#11715000
1!
b10 %
12
b10 6

#11720000
0!
02

#11725000
1!
b11 %
12
b11 6

#11730000
0!
02

#11735000
1!
b100 %
12
b100 6

#11740000
0!
02

#11745000
1!
b101 %
12
b101 6

#11750000
0!
02

#11755000
1!
b110 %
12
b110 6

#11760000
0!
02

#11765000
1!
b111 %
12
b111 6

#11770000
0!
02

#11775000
1!
b1000 %
12
b1000 6

#11780000
0!
02

#11785000
1!
b1001 %
12
b1001 6

#11790000
0!
02

#11795000
1!
b1010 %
12
b1010 6

#11800000
0!
02

#11805000
1!
b1011 %
12
b1011 6

#11810000
0!
02

#11815000
1!
b1100 %
12
b1100 6

#11820000
0!
02

#11825000
1!
b1101 %
12
b1101 6

#11830000
0!
02

#11835000
1!
b1110 %
12
b1110 6

#11840000
0!
02

#11845000
1!
b1111 %
12
b1111 6

#11850000
0!
02

#11855000
1!
b0 %
12
b0 6

#11860000
0!
02

#11865000
1!
b1 %
12
b1 6

#11870000
0!
02

#11875000
1!
b10 %
12
b10 6

#11880000
0!
02

#11885000
1!
b11 %
12
b11 6

#11890000
0!
02

#11895000
1!
b100 %
12
b100 6

#11900000
0!
02

#11905000
1!
b101 %
12
b101 6

#11910000
0!
02

#11915000
1!
b110 %
12
b110 6

#11920000
0!
02

#11925000
1!
b111 %
12
b111 6

#11930000
0!
02

#11935000
1!
b1000 %
12
b1000 6

#11940000
0!
02

#11945000
1!
b1001 %
12
b1001 6

#11950000
0!
02

#11955000
1!
b1010 %
12
b1010 6

#11960000
0!
02

#11965000
1!
b1011 %
12
b1011 6

#11970000
0!
02

#11975000
1!
b1100 %
12
b1100 6

#11980000
0!
02

#11985000
1!
b1101 %
12
b1101 6

#11990000
0!
02

#11995000
1!
b1110 %
12
b1110 6

#12000000
0!
02

#12005000
1!
b1111 %
12
b1111 6

#12010000
0!
02

#12015000
1!
b0 %
12
b0 6

#12020000
0!
02

#12025000
1!
b1 %
12
b1 6

#12030000
0!
02

#12035000
1!
b10 %
12
b10 6

#12040000
0!
02

#12045000
1!
b11 %
12
b11 6

#12050000
0!
02

#12055000
1!
b100 %
12
b100 6

#12060000
0!
02

#12065000
1!
b101 %
12
b101 6

#12070000
0!
02

#12075000
1!
b110 %
12
b110 6

#12080000
0!
02

#12085000
1!
b111 %
12
b111 6

#12090000
0!
02

#12095000
1!
b1000 %
12
b1000 6

#12100000
0!
02

#12105000
1!
b1001 %
12
b1001 6

#12110000
0!
02

#12115000
1!
b1010 %
12
b1010 6

#12120000
0!
02

#12125000
1!
b1011 %
12
b1011 6

#12130000
0!
02

#12135000
1!
b1100 %
12
b1100 6

#12140000
0!
02

#12145000
1!
b1101 %
12
b1101 6

#12150000
0!
02

#12155000
1!
b1110 %
12
b1110 6

#12160000
0!
02

#12165000
1!
b1111 %
12
b1111 6

#12170000
0!
02

#12175000
1!
b0 %
12
b0 6

#12180000
0!
02

#12185000
1!
b1 %
12
b1 6

#12190000
0!
02

#12195000
1!
b10 %
12
b10 6

#12200000
0!
02

#12205000
1!
b11 %
12
b11 6

#12210000
0!
02

#12215000
1!
b100 %
12
b100 6

#12220000
0!
02

#12225000
1!
b101 %
12
b101 6

#12230000
0!
02

#12235000
1!
b110 %
12
b110 6

#12240000
0!
02

#12245000
1!
b111 %
12
b111 6

#12250000
0!
02

#12255000
1!
b1000 %
12
b1000 6

#12260000
0!
02

#12265000
1!
b1001 %
12
b1001 6

#12270000
0!
02

#12275000
1!
b1010 %
12
b1010 6

#12280000
0!
02

#12285000
1!
b1011 %
12
b1011 6

#12290000
0!
02

#12295000
1!
b1100 %
12
b1100 6

#12300000
0!
02

#12305000
1!
b1101 %
12
b1101 6

#12310000
0!
02

#12315000
1!
b1110 %
12
b1110 6

#12320000
0!
02

#12325000
1!
b1111 %
12
b1111 6

#12330000
0!
02

#12335000
1!
b0 %
12
b0 6

#12340000
0!
02

#12345000
1!
b1 %
12
b1 6

#12350000
0!
02

#12355000
1!
b10 %
12
b10 6

#12360000
0!
02

#12365000
1!
b11 %
12
b11 6

#12370000
0!
02

#12375000
1!
b100 %
12
b100 6

#12380000
0!
02

#12385000
1!
b101 %
12
b101 6

#12390000
0!
02

#12395000
1!
b110 %
12
b110 6

#12400000
0!
02

#12405000
1!
b111 %
12
b111 6

#12410000
0!
02

#12415000
1!
b1000 %
12
b1000 6

#12420000
0!
02

#12425000
1!
b1001 %
12
b1001 6

#12430000
0!
02

#12435000
1!
b1010 %
12
b1010 6

#12440000
0!
02

#12445000
1!
b1011 %
12
b1011 6

#12450000
0!
02

#12455000
1!
b1100 %
12
b1100 6

#12460000
0!
02

#12465000
1!
b1101 %
12
b1101 6

#12470000
0!
02

#12475000
1!
b1110 %
12
b1110 6

#12480000
0!
02

#12485000
1!
b1111 %
12
b1111 6

#12490000
0!
02

#12495000
1!
b0 %
12
b0 6

#12500000
0!
02

#12505000
1!
b1 %
12
b1 6

#12510000
0!
02

#12515000
1!
b10 %
12
b10 6

#12520000
0!
02

#12525000
1!
b11 %
12
b11 6

#12530000
0!
02

#12535000
1!
b100 %
12
b100 6

#12540000
0!
02

#12545000
1!
b101 %
12
b101 6

#12550000
0!
02

#12555000
1!
b110 %
12
b110 6

#12560000
0!
02

#12565000
1!
b111 %
12
b111 6

#12570000
0!
02

#12575000
1!
b1000 %
12
b1000 6

#12580000
0!
02

#12585000
1!
b1001 %
12
b1001 6

#12590000
0!
02

#12595000
1!
b1010 %
12
b1010 6

#12600000
0!
02

#12605000
1!
b1011 %
12
b1011 6

#12610000
0!
02

#12615000
1!
b1100 %
12
b1100 6

#12620000
0!
02

#12625000
1!
b1101 %
12
b1101 6

#12630000
0!
02

#12635000
1!
b1110 %
12
b1110 6

#12640000
0!
02

#12645000
1!
b1111 %
12
b1111 6

#12650000
0!
02

#12655000
1!
b0 %
12
b0 6

#12660000
0!
02

#12665000
1!
b1 %
12
b1 6

#12670000
0!
02

#12675000
1!
b10 %
12
b10 6

#12680000
0!
02

#12685000
1!
b11 %
12
b11 6

#12690000
0!
02

#12695000
1!
b100 %
12
b100 6

#12700000
0!
02

#12705000
1!
b101 %
12
b101 6

#12710000
0!
02

#12715000
1!
b110 %
12
b110 6

#12720000
0!
02

#12725000
1!
b111 %
12
b111 6

#12730000
0!
02

#12735000
1!
b1000 %
12
b1000 6

#12740000
0!
02

#12745000
1!
b1001 %
12
b1001 6

#12750000
0!
02

#12755000
1!
b1010 %
12
b1010 6

#12760000
0!
02

#12765000
1!
b1011 %
12
b1011 6

#12770000
0!
02

#12775000
1!
b1100 %
12
b1100 6

#12780000
0!
02

#12785000
1!
b1101 %
12
b1101 6

#12790000
0!
02

#12795000
1!
b1110 %
12
b1110 6

#12800000
0!
02

#12805000
1!
b1111 %
12
b1111 6

#12810000
0!
02

#12815000
1!
b0 %
12
b0 6

#12820000
0!
02

#12825000
1!
b1 %
12
b1 6

#12830000
0!
02

#12835000
1!
b10 %
12
b10 6

#12840000
0!
02

#12845000
1!
b11 %
12
b11 6

#12850000
0!
02

#12855000
1!
b100 %
12
b100 6

#12860000
0!
02

#12865000
1!
b101 %
12
b101 6

#12870000
0!
02

#12875000
1!
b110 %
12
b110 6

#12880000
0!
02

#12885000
1!
b111 %
12
b111 6

#12890000
0!
02

#12895000
1!
b1000 %
12
b1000 6

#12900000
0!
02

#12905000
1!
b1001 %
12
b1001 6

#12910000
0!
02

#12915000
1!
b1010 %
12
b1010 6

#12920000
0!
02

#12925000
1!
b1011 %
12
b1011 6

#12930000
0!
02

#12935000
1!
b1100 %
12
b1100 6

#12940000
0!
02

#12945000
1!
b1101 %
12
b1101 6

#12950000
0!
02

#12955000
1!
b1110 %
12
b1110 6

#12960000
0!
02

#12965000
1!
b1111 %
12
b1111 6

#12970000
0!
02

#12975000
1!
b0 %
12
b0 6

#12980000
0!
02

#12985000
1!
b1 %
12
b1 6

#12990000
0!
02

#12995000
1!
b10 %
12
b10 6

#13000000
0!
02

#13005000
1!
b11 %
12
b11 6

#13010000
0!
02

#13015000
1!
b100 %
12
b100 6

#13020000
0!
02

#13025000
1!
b101 %
12
b101 6

#13030000
0!
02

#13035000
1!
b110 %
12
b110 6

#13040000
0!
02

#13045000
1!
b111 %
12
b111 6

#13050000
0!
02

#13055000
1!
b1000 %
12
b1000 6

#13060000
0!
02

#13065000
1!
b1001 %
12
b1001 6

#13070000
0!
02

#13075000
1!
b1010 %
12
b1010 6

#13080000
0!
02

#13085000
1!
b1011 %
12
b1011 6

#13090000
0!
02

#13095000
1!
b1100 %
12
b1100 6

#13100000
0!
02

#13105000
1!
b1101 %
12
b1101 6

#13110000
0!
02

#13115000
1!
b1110 %
12
b1110 6

#13120000
0!
02

#13125000
1!
b1111 %
12
b1111 6

#13130000
0!
02

#13135000
1!
b0 %
12
b0 6

#13140000
0!
02

#13145000
1!
b1 %
12
b1 6

#13150000
0!
02

#13155000
1!
b10 %
12
b10 6

#13160000
0!
02

#13165000
1!
b11 %
12
b11 6

#13170000
0!
02

#13175000
1!
b100 %
12
b100 6

#13180000
0!
02

#13185000
1!
b101 %
12
b101 6

#13190000
0!
02

#13195000
1!
b110 %
12
b110 6

#13200000
0!
02

#13205000
1!
b111 %
12
b111 6

#13210000
0!
02

#13215000
1!
b1000 %
12
b1000 6

#13220000
0!
02

#13225000
1!
b1001 %
12
b1001 6

#13230000
0!
02

#13235000
1!
b1010 %
12
b1010 6

#13240000
0!
02

#13245000
1!
b1011 %
12
b1011 6

#13250000
0!
02

#13255000
1!
b1100 %
12
b1100 6

#13260000
0!
02

#13265000
1!
b1101 %
12
b1101 6

#13270000
0!
02

#13275000
1!
b1110 %
12
b1110 6

#13280000
0!
02

#13285000
1!
b1111 %
12
b1111 6

#13290000
0!
02

#13295000
1!
b0 %
12
b0 6

#13300000
0!
02

#13305000
1!
b1 %
12
b1 6

#13310000
0!
02

#13315000
1!
b10 %
12
b10 6

#13320000
0!
02

#13325000
1!
b11 %
12
b11 6

#13330000
0!
02

#13335000
1!
b100 %
12
b100 6

#13340000
0!
02

#13345000
1!
b101 %
12
b101 6

#13350000
0!
02

#13355000
1!
b110 %
12
b110 6

#13360000
0!
02

#13365000
1!
b111 %
12
b111 6

#13370000
0!
02

#13375000
1!
b1000 %
12
b1000 6

#13380000
0!
02

#13385000
1!
b1001 %
12
b1001 6

#13390000
0!
02

#13395000
1!
b1010 %
12
b1010 6

#13400000
0!
02

#13405000
1!
b1011 %
12
b1011 6

#13410000
0!
02

#13415000
1!
b1100 %
12
b1100 6

#13420000
0!
02

#13425000
1!
b1101 %
12
b1101 6

#13430000
0!
02

#13435000
1!
b1110 %
12
b1110 6

#13440000
0!
02

#13445000
1!
b1111 %
12
b1111 6

#13450000
0!
02

#13455000
1!
b0 %
12
b0 6

#13460000
0!
02

#13465000
1!
b1 %
12
b1 6

#13470000
0!
02

#13475000
1!
b10 %
12
b10 6

#13480000
0!
02

#13485000
1!
b11 %
12
b11 6

#13490000
0!
02

#13495000
1!
b100 %
12
b100 6

#13500000
0!
02

#13505000
1!
b101 %
12
b101 6

#13510000
0!
02

#13515000
1!
b110 %
12
b110 6

#13520000
0!
02

#13525000
1!
b111 %
12
b111 6

#13530000
0!
02

#13535000
1!
b1000 %
12
b1000 6

#13540000
0!
02

#13545000
1!
b1001 %
12
b1001 6

#13550000
0!
02

#13555000
1!
b1010 %
12
b1010 6

#13560000
0!
02

#13565000
1!
b1011 %
12
b1011 6

#13570000
0!
02

#13575000
1!
b1100 %
12
b1100 6

#13580000
0!
02

#13585000
1!
b1101 %
12
b1101 6

#13590000
0!
02

#13595000
1!
b1110 %
12
b1110 6

#13600000
0!
02

#13605000
1!
b1111 %
12
b1111 6

#13610000
0!
02

#13615000
1!
b0 %
12
b0 6

#13620000
0!
02

#13625000
1!
b1 %
12
b1 6

#13630000
0!
02

#13635000
1!
b10 %
12
b10 6

#13640000
0!
02

#13645000
1!
b11 %
12
b11 6

#13650000
0!
02

#13655000
1!
b100 %
12
b100 6

#13660000
0!
02

#13665000
1!
b101 %
12
b101 6

#13670000
0!
02

#13675000
1!
b110 %
12
b110 6

#13680000
0!
02

#13685000
1!
b111 %
12
b111 6

#13690000
0!
02

#13695000
1!
b1000 %
12
b1000 6

#13700000
0!
02

#13705000
1!
b1001 %
12
b1001 6

#13710000
0!
02

#13715000
1!
b1010 %
12
b1010 6

#13720000
0!
02

#13725000
1!
b1011 %
12
b1011 6

#13730000
0!
02

#13735000
1!
b1100 %
12
b1100 6

#13740000
0!
02

#13745000
1!
b1101 %
12
b1101 6

#13750000
0!
02

#13755000
1!
b1110 %
12
b1110 6

#13760000
0!
02

#13765000
1!
b1111 %
12
b1111 6

#13770000
0!
02

#13775000
1!
b0 %
12
b0 6

#13780000
0!
02

#13785000
1!
b1 %
12
b1 6

#13790000
0!
02

#13795000
1!
b10 %
12
b10 6

#13800000
0!
02

#13805000
1!
b11 %
12
b11 6

#13810000
0!
02

#13815000
1!
b100 %
12
b100 6

#13820000
0!
02

#13825000
1!
b101 %
12
b101 6

#13830000
0!
02

#13835000
1!
b110 %
12
b110 6

#13840000
0!
02

#13845000
1!
b111 %
12
b111 6

#13850000
0!
02

#13855000
1!
b1000 %
12
b1000 6

#13860000
0!
02

#13865000
1!
b1001 %
12
b1001 6

#13870000
0!
02

#13875000
1!
b1010 %
12
b1010 6

#13880000
0!
02

#13885000
1!
b1011 %
12
b1011 6

#13890000
0!
02

#13895000
1!
b1100 %
12
b1100 6

#13900000
0!
02

#13905000
1!
b1101 %
12
b1101 6

#13910000
0!
02

#13915000
1!
b1110 %
12
b1110 6

#13920000
0!
02

#13925000
1!
b1111 %
12
b1111 6

#13930000
0!
02

#13935000
1!
b0 %
12
b0 6

#13940000
0!
02

#13945000
1!
b1 %
12
b1 6

#13950000
0!
02

#13955000
1!
b10 %
12
b10 6

#13960000
0!
02

#13965000
1!
b11 %
12
b11 6

#13970000
0!
02

#13975000
1!
b100 %
12
b100 6

#13980000
0!
02

#13985000
1!
b101 %
12
b101 6

#13990000
0!
02

#13995000
1!
b110 %
12
b110 6

#14000000
0!
02

#14005000
1!
b111 %
12
b111 6

#14010000
0!
02

#14015000
1!
b1000 %
12
b1000 6

#14020000
0!
02

#14025000
1!
b1001 %
12
b1001 6

#14030000
0!
02

#14035000
1!
b1010 %
12
b1010 6

#14040000
0!
02

#14045000
1!
b1011 %
12
b1011 6

#14050000
0!
02

#14055000
1!
b1100 %
12
b1100 6

#14060000
0!
02

#14065000
1!
b1101 %
12
b1101 6

#14070000
0!
02

#14075000
1!
b1110 %
12
b1110 6

#14080000
0!
02

#14085000
1!
b1111 %
12
b1111 6

#14090000
0!
02

#14095000
1!
b0 %
12
b0 6

#14100000
0!
02

#14105000
1!
b1 %
12
b1 6

#14110000
0!
02

#14115000
1!
b10 %
12
b10 6

#14120000
0!
02

#14125000
1!
b11 %
12
b11 6

#14130000
0!
02

#14135000
1!
b100 %
12
b100 6

#14140000
0!
02

#14145000
1!
b101 %
12
b101 6

#14150000
0!
02

#14155000
1!
b110 %
12
b110 6

#14160000
0!
02

#14165000
1!
b111 %
12
b111 6

#14170000
0!
02

#14175000
1!
b1000 %
12
b1000 6

#14180000
0!
02

#14185000
1!
b1001 %
12
b1001 6

#14190000
0!
02

#14195000
1!
b1010 %
12
b1010 6

#14200000
0!
02

#14205000
1!
b1011 %
12
b1011 6

#14210000
0!
02

#14215000
1!
b1100 %
12
b1100 6

#14220000
0!
02

#14225000
1!
b1101 %
12
b1101 6

#14230000
0!
02

#14235000
1!
b1110 %
12
b1110 6

#14240000
0!
02

#14245000
1!
b1111 %
12
b1111 6

#14250000
0!
02

#14255000
1!
b0 %
12
b0 6

#14260000
0!
02

#14265000
1!
b1 %
12
b1 6

#14270000
0!
02

#14275000
1!
b10 %
12
b10 6

#14280000
0!
02

#14285000
1!
b11 %
12
b11 6

#14290000
0!
02

#14295000
1!
b100 %
12
b100 6

#14300000
0!
02

#14305000
1!
b101 %
12
b101 6

#14310000
0!
02

#14315000
1!
b110 %
12
b110 6

#14320000
0!
02

#14325000
1!
b111 %
12
b111 6

#14330000
0!
02

#14335000
1!
b1000 %
12
b1000 6

#14340000
0!
02

#14345000
1!
b1001 %
12
b1001 6

#14350000
0!
02

#14355000
1!
b1010 %
12
b1010 6

#14360000
0!
02

#14365000
1!
b1011 %
12
b1011 6

#14370000
0!
02

#14375000
1!
b1100 %
12
b1100 6

#14380000
0!
02

#14385000
1!
b1101 %
12
b1101 6

#14390000
0!
02

#14395000
1!
b1110 %
12
b1110 6

#14400000
0!
02

#14405000
1!
b1111 %
12
b1111 6

#14410000
0!
02

#14415000
1!
b0 %
12
b0 6

#14420000
0!
02

#14425000
1!
b1 %
12
b1 6

#14430000
0!
02

#14435000
1!
b10 %
12
b10 6

#14440000
0!
02

#14445000
1!
b11 %
12
b11 6

#14450000
0!
02

#14455000
1!
b100 %
12
b100 6

#14460000
0!
02

#14465000
1!
b101 %
12
b101 6

#14470000
0!
02

#14475000
1!
b110 %
12
b110 6

#14480000
0!
02

#14485000
1!
b111 %
12
b111 6

#14490000
0!
02

#14495000
1!
b1000 %
12
b1000 6

#14500000
0!
02

#14505000
1!
b1001 %
12
b1001 6

#14510000
0!
02

#14515000
1!
b1010 %
12
b1010 6

#14520000
0!
02

#14525000
1!
b1011 %
12
b1011 6

#14530000
0!
02

#14535000
1!
b1100 %
12
b1100 6

#14540000
0!
02

#14545000
1!
b1101 %
12
b1101 6

#14550000
0!
02

#14555000
1!
b1110 %
12
b1110 6

#14560000
0!
02

#14565000
1!
b1111 %
12
b1111 6

#14570000
0!
02

#14575000
1!
b0 %
12
b0 6

#14580000
0!
02

#14585000
1!
b1 %
12
b1 6

#14590000
0!
02

#14595000
1!
b10 %
12
b10 6

#14600000
0!
02

#14605000
1!
b11 %
12
b11 6

#14610000
0!
02

#14615000
1!
b100 %
12
b100 6

#14620000
0!
02

#14625000
1!
b101 %
12
b101 6

#14630000
0!
02

#14635000
1!
b110 %
12
b110 6

#14640000
0!
02

#14645000
1!
b111 %
12
b111 6

#14650000
0!
02

#14655000
1!
b1000 %
12
b1000 6

#14660000
0!
02

#14665000
1!
b1001 %
12
b1001 6

#14670000
0!
02

#14675000
1!
b1010 %
12
b1010 6

#14680000
0!
02

#14685000
1!
b1011 %
12
b1011 6

#14690000
0!
02

#14695000
1!
b1100 %
12
b1100 6

#14700000
0!
02

#14705000
1!
b1101 %
12
b1101 6

#14710000
0!
02

#14715000
1!
b1110 %
12
b1110 6

#14720000
0!
02

#14725000
1!
b1111 %
12
b1111 6

#14730000
0!
02

#14735000
1!
b0 %
12
b0 6

#14740000
0!
02

#14745000
1!
b1 %
12
b1 6

#14750000
0!
02

#14755000
1!
b10 %
12
b10 6

#14760000
0!
02

#14765000
1!
b11 %
12
b11 6

#14770000
0!
02

#14775000
1!
b100 %
12
b100 6

#14780000
0!
02

#14785000
1!
b101 %
12
b101 6

#14790000
0!
02

#14795000
1!
b110 %
12
b110 6

#14800000
0!
02

#14805000
1!
b111 %
12
b111 6

#14810000
0!
02

#14815000
1!
b1000 %
12
b1000 6

#14820000
0!
02

#14825000
1!
b1001 %
12
b1001 6

#14830000
0!
02

#14835000
1!
b1010 %
12
b1010 6

#14840000
0!
02

#14845000
1!
b1011 %
12
b1011 6

#14850000
0!
02

#14855000
1!
b1100 %
12
b1100 6

#14860000
0!
02

#14865000
1!
b1101 %
12
b1101 6

#14870000
0!
02

#14875000
1!
b1110 %
12
b1110 6

#14880000
0!
02

#14885000
1!
b1111 %
12
b1111 6

#14890000
0!
02

#14895000
1!
b0 %
12
b0 6

#14900000
0!
02

#14905000
1!
b1 %
12
b1 6

#14910000
0!
02

#14915000
1!
b10 %
12
b10 6

#14920000
0!
02

#14925000
1!
b11 %
12
b11 6

#14930000
0!
02

#14935000
1!
b100 %
12
b100 6

#14940000
0!
02

#14945000
1!
b101 %
12
b101 6

#14950000
0!
02

#14955000
1!
b110 %
12
b110 6

#14960000
0!
02

#14965000
1!
b111 %
12
b111 6

#14970000
0!
02

#14975000
1!
b1000 %
12
b1000 6

#14980000
0!
02

#14985000
1!
b1001 %
12
b1001 6

#14990000
0!
02

#14995000
1!
b1010 %
12
b1010 6

#15000000
0!
02

#15005000
1!
b1011 %
12
b1011 6

#15010000
0!
02

#15015000
1!
b1100 %
12
b1100 6

#15020000
0!
02

#15025000
1!
b1101 %
12
b1101 6

#15030000
0!
02

#15035000
1!
b1110 %
12
b1110 6

#15040000
0!
02

#15045000
1!
b1111 %
12
b1111 6

#15050000
0!
02

#15055000
1!
b0 %
12
b0 6

#15060000
0!
02

#15065000
1!
b1 %
12
b1 6

#15070000
0!
02

#15075000
1!
b10 %
12
b10 6

#15080000
0!
02

#15085000
1!
b11 %
12
b11 6

#15090000
0!
02

#15095000
1!
b100 %
12
b100 6

#15100000
0!
02

#15105000
1!
b101 %
12
b101 6

#15110000
0!
02

#15115000
1!
b110 %
12
b110 6

#15120000
0!
02

#15125000
1!
b111 %
12
b111 6

#15130000
0!
02

#15135000
1!
b1000 %
12
b1000 6

#15140000
0!
02

#15145000
1!
b1001 %
12
b1001 6

#15150000
0!
02

#15155000
1!
b1010 %
12
b1010 6

#15160000
0!
02

#15165000
1!
b1011 %
12
b1011 6

#15170000
0!
02

#15175000
1!
b1100 %
12
b1100 6

#15180000
0!
02

#15185000
1!
b1101 %
12
b1101 6

#15190000
0!
02

#15195000
1!
b1110 %
12
b1110 6

#15200000
0!
02

#15205000
1!
b1111 %
12
b1111 6

#15210000
0!
02

#15215000
1!
b0 %
12
b0 6

#15220000
0!
02

#15225000
1!
b1 %
12
b1 6

#15230000
0!
02

#15235000
1!
b10 %
12
b10 6

#15240000
0!
02

#15245000
1!
b11 %
12
b11 6

#15250000
0!
02

#15255000
1!
b100 %
12
b100 6

#15260000
0!
02

#15265000
1!
b101 %
12
b101 6

#15270000
0!
02

#15275000
1!
b110 %
12
b110 6

#15280000
0!
02

#15285000
1!
b111 %
12
b111 6

#15290000
0!
02

#15295000
1!
b1000 %
12
b1000 6

#15300000
0!
02

#15305000
1!
b1001 %
12
b1001 6

#15310000
0!
02

#15315000
1!
b1010 %
12
b1010 6

#15320000
0!
02

#15325000
1!
b1011 %
12
b1011 6

#15330000
0!
02

#15335000
1!
b1100 %
12
b1100 6

#15340000
0!
02

#15345000
1!
b1101 %
12
b1101 6

#15350000
0!
02

#15355000
1!
b1110 %
12
b1110 6

#15360000
0!
02

#15365000
1!
b1111 %
12
b1111 6

#15370000
0!
02

#15375000
1!
b0 %
12
b0 6

#15380000
0!
02

#15385000
1!
b1 %
12
b1 6

#15390000
0!
02

#15395000
1!
b10 %
12
b10 6

#15400000
0!
02

#15405000
1!
b11 %
12
b11 6

#15410000
0!
02

#15415000
1!
b100 %
12
b100 6

#15420000
0!
02

#15425000
1!
b101 %
12
b101 6

#15430000
0!
02

#15435000
1!
b110 %
12
b110 6

#15440000
0!
02

#15445000
1!
b111 %
12
b111 6

#15450000
0!
02

#15455000
1!
b1000 %
12
b1000 6

#15460000
0!
02

#15465000
1!
b1001 %
12
b1001 6

#15470000
0!
02

#15475000
1!
b1010 %
12
b1010 6

#15480000
0!
02

#15485000
1!
b1011 %
12
b1011 6

#15490000
0!
02

#15495000
1!
b1100 %
12
b1100 6

#15500000
0!
02

#15505000
1!
b1101 %
12
b1101 6

#15510000
0!
02

#15515000
1!
b1110 %
12
b1110 6

#15520000
0!
02

#15525000
1!
b1111 %
12
b1111 6

#15530000
0!
02

#15535000
1!
b0 %
12
b0 6

#15540000
0!
02

#15545000
1!
b1 %
12
b1 6

#15550000
0!
02

#15555000
1!
b10 %
12
b10 6

#15560000
0!
02

#15565000
1!
b11 %
12
b11 6

#15570000
0!
02

#15575000
1!
b100 %
12
b100 6

#15580000
0!
02

#15585000
1!
b101 %
12
b101 6

#15590000
0!
02

#15595000
1!
b110 %
12
b110 6

#15600000
0!
02

#15605000
1!
b111 %
12
b111 6

#15610000
0!
02

#15615000
1!
b1000 %
12
b1000 6

#15620000
0!
02

#15625000
1!
b1001 %
12
b1001 6

#15630000
0!
02

#15635000
1!
b1010 %
12
b1010 6

#15640000
0!
02

#15645000
1!
b1011 %
12
b1011 6

#15650000
0!
02

#15655000
1!
b1100 %
12
b1100 6

#15660000
0!
02

#15665000
1!
b1101 %
12
b1101 6

#15670000
0!
02

#15675000
1!
b1110 %
12
b1110 6

#15680000
0!
02

#15685000
1!
b1111 %
12
b1111 6

#15690000
0!
02

#15695000
1!
b0 %
12
b0 6

#15700000
0!
02

#15705000
1!
b1 %
12
b1 6

#15710000
0!
02

#15715000
1!
b10 %
12
b10 6

#15720000
0!
02

#15725000
1!
b11 %
12
b11 6

#15730000
0!
02

#15735000
1!
b100 %
12
b100 6

#15740000
0!
02

#15745000
1!
b101 %
12
b101 6

#15750000
0!
02

#15755000
1!
b110 %
12
b110 6

#15760000
0!
02

#15765000
1!
b111 %
12
b111 6

#15770000
0!
02

#15775000
1!
b1000 %
12
b1000 6

#15780000
0!
02

#15785000
1!
b1001 %
12
b1001 6

#15790000
0!
02

#15795000
1!
b1010 %
12
b1010 6

#15800000
0!
02

#15805000
1!
b1011 %
12
b1011 6

#15810000
0!
02

#15815000
1!
b1100 %
12
b1100 6

#15820000
0!
02

#15825000
1!
b1101 %
12
b1101 6

#15830000
0!
02

#15835000
1!
b1110 %
12
b1110 6

#15840000
0!
02

#15845000
1!
b1111 %
12
b1111 6

#15850000
0!
02

#15855000
1!
b0 %
12
b0 6

#15860000
0!
02

#15865000
1!
b1 %
12
b1 6

#15870000
0!
02

#15875000
1!
b10 %
12
b10 6

#15880000
0!
02

#15885000
1!
b11 %
12
b11 6

#15890000
0!
02

#15895000
1!
b100 %
12
b100 6

#15900000
0!
02

#15905000
1!
b101 %
12
b101 6

#15910000
0!
02

#15915000
1!
b110 %
12
b110 6

#15920000
0!
02

#15925000
1!
b111 %
12
b111 6

#15930000
0!
02

#15935000
1!
b1000 %
12
b1000 6

#15940000
0!
02

#15945000
1!
b1001 %
12
b1001 6

#15950000
0!
02

#15955000
1!
b1010 %
12
b1010 6

#15960000
0!
02

#15965000
1!
b1011 %
12
b1011 6

#15970000
0!
02

#15975000
1!
b1100 %
12
b1100 6

#15980000
0!
02

#15985000
1!
b1101 %
12
b1101 6

#15990000
0!
02

#15995000
1!
b1110 %
12
b1110 6

#16000000
0!
02

#16005000
1!
b1111 %
12
b1111 6

#16010000
0!
02

#16015000
1!
b0 %
12
b0 6

#16020000
0!
02

#16025000
1!
b1 %
12
b1 6

#16030000
0!
02

#16035000
1!
b10 %
12
b10 6

#16040000
0!
02

#16045000
1!
b11 %
12
b11 6

#16050000
0!
02

#16055000
1!
b100 %
12
b100 6

#16060000
0!
02

#16065000
1!
b101 %
12
b101 6

#16070000
0!
02

#16075000
1!
b110 %
12
b110 6

#16080000
0!
02

#16085000
1!
b111 %
12
b111 6

#16090000
0!
02

#16095000
1!
b1000 %
12
b1000 6

#16100000
0!
02

#16105000
1!
b1001 %
12
b1001 6

#16110000
0!
02

#16115000
1!
b1010 %
12
b1010 6

#16120000
0!
02

#16125000
1!
b1011 %
12
b1011 6

#16130000
0!
02

#16135000
1!
b1100 %
12
b1100 6

#16140000
0!
02

#16145000
1!
b1101 %
12
b1101 6

#16150000
0!
02

#16155000
1!
b1110 %
12
b1110 6

#16160000
0!
02

#16165000
1!
b1111 %
12
b1111 6

#16170000
0!
02

#16175000
1!
b0 %
12
b0 6

#16180000
0!
02

#16185000
1!
b1 %
12
b1 6

#16190000
0!
02

#16195000
1!
b10 %
12
b10 6

#16200000
0!
02

#16205000
1!
b11 %
12
b11 6

#16210000
0!
02

#16215000
1!
b100 %
12
b100 6

#16220000
0!
02

#16225000
1!
b101 %
12
b101 6

#16230000
0!
02

#16235000
1!
b110 %
12
b110 6

#16240000
0!
02

#16245000
1!
b111 %
12
b111 6

#16250000
0!
02

#16255000
1!
b1000 %
12
b1000 6

#16260000
0!
02

#16265000
1!
b1001 %
12
b1001 6

#16270000
0!
02

#16275000
1!
b1010 %
12
b1010 6

#16280000
0!
02

#16285000
1!
b1011 %
12
b1011 6

#16290000
0!
02

#16295000
1!
b1100 %
12
b1100 6

#16300000
0!
02

#16305000
1!
b1101 %
12
b1101 6

#16310000
0!
02

#16315000
1!
b1110 %
12
b1110 6

#16320000
0!
02

#16325000
1!
b1111 %
12
b1111 6

#16330000
0!
02

#16335000
1!
b0 %
12
b0 6

#16340000
0!
02

#16345000
1!
b1 %
12
b1 6

#16350000
0!
02

#16355000
1!
b10 %
12
b10 6

#16360000
0!
02

#16365000
1!
b11 %
12
b11 6

#16370000
0!
02

#16375000
1!
b100 %
12
b100 6

#16380000
0!
02

#16385000
1!
b101 %
12
b101 6

#16390000
0!
02

#16395000
1!
b110 %
12
b110 6

#16400000
0!
02

#16405000
1!
b111 %
12
b111 6

#16410000
0!
02

#16415000
1!
b1000 %
12
b1000 6

#16420000
0!
02

#16425000
1!
b1001 %
12
b1001 6

#16430000
0!
02

#16435000
1!
b1010 %
12
b1010 6

#16440000
0!
02

#16445000
1!
b1011 %
12
b1011 6

#16450000
0!
02

#16455000
1!
b1100 %
12
b1100 6

#16460000
0!
02

#16465000
1!
b1101 %
12
b1101 6

#16470000
0!
02

#16475000
1!
b1110 %
12
b1110 6

#16480000
0!
02

#16485000
1!
b1111 %
12
b1111 6

#16490000
0!
02

#16495000
1!
b0 %
12
b0 6

#16500000
0!
02

#16505000
1!
b1 %
12
b1 6

#16510000
0!
02

#16515000
1!
b10 %
12
b10 6

#16520000
0!
02

#16525000
1!
b11 %
12
b11 6

#16530000
0!
02

#16535000
1!
b100 %
12
b100 6

#16540000
0!
02

#16545000
1!
b101 %
12
b101 6

#16550000
0!
02

#16555000
1!
b110 %
12
b110 6

#16560000
0!
02

#16565000
1!
b111 %
12
b111 6

#16570000
0!
02

#16575000
1!
b1000 %
12
b1000 6

#16580000
0!
02

#16585000
1!
b1001 %
12
b1001 6

#16590000
0!
02

#16595000
1!
b1010 %
12
b1010 6

#16600000
0!
02

#16605000
1!
b1011 %
12
b1011 6

#16610000
0!
02

#16615000
1!
b1100 %
12
b1100 6

#16620000
0!
02

#16625000
1!
b1101 %
12
b1101 6

#16630000
0!
02

#16635000
1!
b1110 %
12
b1110 6

#16640000
0!
02

#16645000
1!
b1111 %
12
b1111 6

#16650000
0!
02

#16655000
1!
b0 %
12
b0 6

#16660000
0!
02

#16665000
1!
b1 %
12
b1 6

#16670000
0!
02

#16675000
1!
b10 %
12
b10 6

#16680000
0!
02

#16685000
1!
b11 %
12
b11 6

#16690000
0!
02

#16695000
1!
b100 %
12
b100 6

#16700000
0!
02

#16705000
1!
b101 %
12
b101 6

#16710000
0!
02

#16715000
1!
b110 %
12
b110 6

#16720000
0!
02

#16725000
1!
b111 %
12
b111 6

#16730000
0!
02

#16735000
1!
b1000 %
12
b1000 6

#16740000
0!
02

#16745000
1!
b1001 %
12
b1001 6

#16750000
0!
02

#16755000
1!
b1010 %
12
b1010 6

#16760000
0!
02

#16765000
1!
b1011 %
12
b1011 6

#16770000
0!
02

#16775000
1!
b1100 %
12
b1100 6

#16780000
0!
02

#16785000
1!
b1101 %
12
b1101 6

#16790000
0!
02

#16795000
1!
b1110 %
12
b1110 6

#16800000
0!
02

#16805000
1!
b1111 %
12
b1111 6

#16810000
0!
02

#16815000
1!
b0 %
12
b0 6

#16820000
0!
02

#16825000
1!
b1 %
12
b1 6

#16830000
0!
02

#16835000
1!
b10 %
12
b10 6

#16840000
0!
02

#16845000
1!
b11 %
12
b11 6

#16850000
0!
02

#16855000
1!
b100 %
12
b100 6

#16860000
0!
02

#16865000
1!
b101 %
12
b101 6

#16870000
0!
02

#16875000
1!
b110 %
12
b110 6

#16880000
0!
02

#16885000
1!
b111 %
12
b111 6

#16890000
0!
02

#16895000
1!
b1000 %
12
b1000 6

#16900000
0!
02

#16905000
1!
b1001 %
12
b1001 6

#16910000
0!
02

#16915000
1!
b1010 %
12
b1010 6

#16920000
0!
02

#16925000
1!
b1011 %
12
b1011 6

#16930000
0!
02

#16935000
1!
b1100 %
12
b1100 6

#16940000
0!
02

#16945000
1!
b1101 %
12
b1101 6

#16950000
0!
02

#16955000
1!
b1110 %
12
b1110 6

#16960000
0!
02

#16965000
1!
b1111 %
12
b1111 6

#16970000
0!
02

#16975000
1!
b0 %
12
b0 6

#16980000
0!
02

#16985000
1!
b1 %
12
b1 6

#16990000
0!
02

#16995000
1!
b10 %
12
b10 6

#17000000
0!
02

#17005000
1!
b11 %
12
b11 6

#17010000
0!
02

#17015000
1!
b100 %
12
b100 6

#17020000
0!
02

#17025000
1!
b101 %
12
b101 6

#17030000
0!
02

#17035000
1!
b110 %
12
b110 6

#17040000
0!
02

#17045000
1!
b111 %
12
b111 6

#17050000
0!
02

#17055000
1!
b1000 %
12
b1000 6

#17060000
0!
02

#17065000
1!
b1001 %
12
b1001 6

#17070000
0!
02

#17075000
1!
b1010 %
12
b1010 6

#17080000
0!
02

#17085000
1!
b1011 %
12
b1011 6

#17090000
0!
02

#17095000
1!
b1100 %
12
b1100 6

#17100000
0!
02

#17105000
1!
b1101 %
12
b1101 6

#17110000
0!
02

#17115000
1!
b1110 %
12
b1110 6

#17120000
0!
02

#17125000
1!
b1111 %
12
b1111 6

#17130000
0!
02

#17135000
1!
b0 %
12
b0 6

#17140000
0!
02

#17145000
1!
b1 %
12
b1 6

#17150000
0!
02

#17155000
1!
b10 %
12
b10 6

#17160000
0!
02

#17165000
1!
b11 %
12
b11 6

#17170000
0!
02

#17175000
1!
b100 %
12
b100 6

#17180000
0!
02

#17185000
1!
b101 %
12
b101 6

#17190000
0!
02

#17195000
1!
b110 %
12
b110 6

#17200000
0!
02

#17205000
1!
b111 %
12
b111 6

#17210000
0!
02

#17215000
1!
b1000 %
12
b1000 6

#17220000
0!
02

#17225000
1!
b1001 %
12
b1001 6

#17230000
0!
02

#17235000
1!
b1010 %
12
b1010 6

#17240000
0!
02

#17245000
1!
b1011 %
12
b1011 6

#17250000
0!
02

#17255000
1!
b1100 %
12
b1100 6

#17260000
0!
02

#17265000
1!
b1101 %
12
b1101 6

#17270000
0!
02

#17275000
1!
b1110 %
12
b1110 6

#17280000
0!
02

#17285000
1!
b1111 %
12
b1111 6

#17290000
0!
02

#17295000
1!
b0 %
12
b0 6

#17300000
0!
02

#17305000
1!
b1 %
12
b1 6

#17310000
0!
02

#17315000
1!
b10 %
12
b10 6

#17320000
0!
02

#17325000
1!
b11 %
12
b11 6

#17330000
0!
02

#17335000
1!
b100 %
12
b100 6

#17340000
0!
02

#17345000
1!
b101 %
12
b101 6

#17350000
0!
02

#17355000
1!
b110 %
12
b110 6

#17360000
0!
02

#17365000
1!
b111 %
12
b111 6

#17370000
0!
02

#17375000
1!
b1000 %
12
b1000 6

#17380000
0!
02

#17385000
1!
b1001 %
12
b1001 6

#17390000
0!
02

#17395000
1!
b1010 %
12
b1010 6

#17400000
0!
02

#17405000
1!
b1011 %
12
b1011 6

#17410000
0!
02

#17415000
1!
b1100 %
12
b1100 6

#17420000
0!
02

#17425000
1!
b1101 %
12
b1101 6

#17430000
0!
02

#17435000
1!
b1110 %
12
b1110 6

#17440000
0!
02

#17445000
1!
b1111 %
12
b1111 6

#17450000
0!
02

#17455000
1!
b0 %
12
b0 6

#17460000
0!
02

#17465000
1!
b1 %
12
b1 6

#17470000
0!
02

#17475000
1!
b10 %
12
b10 6

#17480000
0!
02

#17485000
1!
b11 %
12
b11 6

#17490000
0!
02

#17495000
1!
b100 %
12
b100 6

#17500000
0!
02

#17505000
1!
b101 %
12
b101 6

#17510000
0!
02

#17515000
1!
b110 %
12
b110 6

#17520000
0!
02

#17525000
1!
b111 %
12
b111 6

#17530000
0!
02

#17535000
1!
b1000 %
12
b1000 6

#17540000
0!
02

#17545000
1!
b1001 %
12
b1001 6

#17550000
0!
02

#17555000
1!
b1010 %
12
b1010 6

#17560000
0!
02

#17565000
1!
b1011 %
12
b1011 6

#17570000
0!
02

#17575000
1!
b1100 %
12
b1100 6

#17580000
0!
02

#17585000
1!
b1101 %
12
b1101 6

#17590000
0!
02

#17595000
1!
b1110 %
12
b1110 6

#17600000
0!
02

#17605000
1!
b1111 %
12
b1111 6

#17610000
0!
02

#17615000
1!
b0 %
12
b0 6

#17620000
0!
02

#17625000
1!
b1 %
12
b1 6

#17630000
0!
02

#17635000
1!
b10 %
12
b10 6

#17640000
0!
02

#17645000
1!
b11 %
12
b11 6

#17650000
0!
02

#17655000
1!
b100 %
12
b100 6

#17660000
0!
02

#17665000
1!
b101 %
12
b101 6

#17670000
0!
02

#17675000
1!
b110 %
12
b110 6

#17680000
0!
02

#17685000
1!
b111 %
12
b111 6

#17690000
0!
02

#17695000
1!
b1000 %
12
b1000 6

#17700000
0!
02

#17705000
1!
b1001 %
12
b1001 6

#17710000
0!
02

#17715000
1!
b1010 %
12
b1010 6

#17720000
0!
02

#17725000
1!
b1011 %
12
b1011 6

#17730000
0!
02

#17735000
1!
b1100 %
12
b1100 6

#17740000
0!
02

#17745000
1!
b1101 %
12
b1101 6

#17750000
0!
02

#17755000
1!
b1110 %
12
b1110 6

#17760000
0!
02

#17765000
1!
b1111 %
12
b1111 6

#17770000
0!
02

#17775000
1!
b0 %
12
b0 6

#17780000
0!
02

#17785000
1!
b1 %
12
b1 6

#17790000
0!
02

#17795000
1!
b10 %
12
b10 6

#17800000
0!
02

#17805000
1!
b11 %
12
b11 6

#17810000
0!
02

#17815000
1!
b100 %
12
b100 6

#17820000
0!
02

#17825000
1!
b101 %
12
b101 6

#17830000
0!
02

#17835000
1!
b110 %
12
b110 6

#17840000
0!
02

#17845000
1!
b111 %
12
b111 6

#17850000
0!
02

#17855000
1!
b1000 %
12
b1000 6

#17860000
0!
02

#17865000
1!
b1001 %
12
b1001 6

#17870000
0!
02

#17875000
1!
b1010 %
12
b1010 6

#17880000
0!
02

#17885000
1!
b1011 %
12
b1011 6

#17890000
0!
02

#17895000
1!
b1100 %
12
b1100 6

#17900000
0!
02

#17905000
1!
b1101 %
12
b1101 6

#17910000
0!
02

#17915000
1!
b1110 %
12
b1110 6

#17920000
0!
02

#17925000
1!
b1111 %
12
b1111 6

#17930000
0!
02

#17935000
1!
b0 %
12
b0 6

#17940000
0!
02

#17945000
1!
b1 %
12
b1 6

#17950000
0!
02

#17955000
1!
b10 %
12
b10 6

#17960000
0!
02

#17965000
1!
b11 %
12
b11 6

#17970000
0!
02

#17975000
1!
b100 %
12
b100 6

#17980000
0!
02

#17985000
1!
b101 %
12
b101 6

#17990000
0!
02

#17995000
1!
b110 %
12
b110 6

#18000000
0!
02

#18005000
1!
b111 %
12
b111 6

#18010000
0!
02

#18015000
1!
b1000 %
12
b1000 6

#18020000
0!
02

#18025000
1!
b1001 %
12
b1001 6

#18030000
0!
02

#18035000
1!
b1010 %
12
b1010 6

#18040000
0!
02

#18045000
1!
b1011 %
12
b1011 6

#18050000
0!
02

#18055000
1!
b1100 %
12
b1100 6

#18060000
0!
02

#18065000
1!
b1101 %
12
b1101 6

#18070000
0!
02

#18075000
1!
b1110 %
12
b1110 6

#18080000
0!
02

#18085000
1!
b1111 %
12
b1111 6

#18090000
0!
02

#18095000
1!
b0 %
12
b0 6

#18100000
0!
02

#18105000
1!
b1 %
12
b1 6

#18110000
0!
02

#18115000
1!
b10 %
12
b10 6

#18120000
0!
02

#18125000
1!
b11 %
12
b11 6

#18130000
0!
02

#18135000
1!
b100 %
12
b100 6

#18140000
0!
02

#18145000
1!
b101 %
12
b101 6

#18150000
0!
02

#18155000
1!
b110 %
12
b110 6

#18160000
0!
02

#18165000
1!
b111 %
12
b111 6

#18170000
0!
02

#18175000
1!
b1000 %
12
b1000 6

#18180000
0!
02

#18185000
1!
b1001 %
12
b1001 6

#18190000
0!
02

#18195000
1!
b1010 %
12
b1010 6

#18200000
0!
02

#18205000
1!
b1011 %
12
b1011 6

#18210000
0!
02

#18215000
1!
b1100 %
12
b1100 6

#18220000
0!
02

#18225000
1!
b1101 %
12
b1101 6

#18230000
0!
02

#18235000
1!
b1110 %
12
b1110 6

#18240000
0!
02

#18245000
1!
b1111 %
12
b1111 6

#18250000
0!
02

#18255000
1!
b0 %
12
b0 6

#18260000
0!
02

#18265000
1!
b1 %
12
b1 6

#18270000
0!
02

#18275000
1!
b10 %
12
b10 6

#18280000
0!
02

#18285000
1!
b11 %
12
b11 6

#18290000
0!
02

#18295000
1!
b100 %
12
b100 6

#18300000
0!
02

#18305000
1!
b101 %
12
b101 6

#18310000
0!
02

#18315000
1!
b110 %
12
b110 6

#18320000
0!
02

#18325000
1!
b111 %
12
b111 6

#18330000
0!
02

#18335000
1!
b1000 %
12
b1000 6

#18340000
0!
02

#18345000
1!
b1001 %
12
b1001 6

#18350000
0!
02

#18355000
1!
b1010 %
12
b1010 6

#18360000
0!
02

#18365000
1!
b1011 %
12
b1011 6

#18370000
0!
02

#18375000
1!
b1100 %
12
b1100 6

#18380000
0!
02

#18385000
1!
b1101 %
12
b1101 6

#18390000
0!
02

#18395000
1!
b1110 %
12
b1110 6

#18400000
0!
02

#18405000
1!
b1111 %
12
b1111 6

#18410000
0!
02

#18415000
1!
b0 %
12
b0 6

#18420000
0!
02

#18425000
1!
b1 %
12
b1 6

#18430000
0!
02

#18435000
1!
b10 %
12
b10 6

#18440000
0!
02

#18445000
1!
b11 %
12
b11 6

#18450000
0!
02

#18455000
1!
b100 %
12
b100 6

#18460000
0!
02

#18465000
1!
b101 %
12
b101 6

#18470000
0!
02

#18475000
1!
b110 %
12
b110 6

#18480000
0!
02

#18485000
1!
b111 %
12
b111 6

#18490000
0!
02

#18495000
1!
b1000 %
12
b1000 6

#18500000
0!
02

#18505000
1!
b1001 %
12
b1001 6

#18510000
0!
02

#18515000
1!
b1010 %
12
b1010 6

#18520000
0!
02

#18525000
1!
b1011 %
12
b1011 6

#18530000
0!
02

#18535000
1!
b1100 %
12
b1100 6

#18540000
0!
02

#18545000
1!
b1101 %
12
b1101 6

#18550000
0!
02

#18555000
1!
b1110 %
12
b1110 6

#18560000
0!
02

#18565000
1!
b1111 %
12
b1111 6

#18570000
0!
02

#18575000
1!
b0 %
12
b0 6

#18580000
0!
02

#18585000
1!
b1 %
12
b1 6

#18590000
0!
02

#18595000
1!
b10 %
12
b10 6

#18600000
0!
02

#18605000
1!
b11 %
12
b11 6

#18610000
0!
02

#18615000
1!
b100 %
12
b100 6

#18620000
0!
02

#18625000
1!
b101 %
12
b101 6

#18630000
0!
02

#18635000
1!
b110 %
12
b110 6

#18640000
0!
02

#18645000
1!
b111 %
12
b111 6

#18650000
0!
02

#18655000
1!
b1000 %
12
b1000 6

#18660000
0!
02

#18665000
1!
b1001 %
12
b1001 6

#18670000
0!
02

#18675000
1!
b1010 %
12
b1010 6

#18680000
0!
02

#18685000
1!
b1011 %
12
b1011 6

#18690000
0!
02

#18695000
1!
b1100 %
12
b1100 6

#18700000
0!
02

#18705000
1!
b1101 %
12
b1101 6

#18710000
0!
02

#18715000
1!
b1110 %
12
b1110 6

#18720000
0!
02

#18725000
1!
b1111 %
12
b1111 6

#18730000
0!
02

#18735000
1!
b0 %
12
b0 6

#18740000
0!
02

#18745000
1!
b1 %
12
b1 6

#18750000
0!
02

#18755000
1!
b10 %
12
b10 6

#18760000
0!
02

#18765000
1!
b11 %
12
b11 6

#18770000
0!
02

#18775000
1!
b100 %
12
b100 6

#18780000
0!
02

#18785000
1!
b101 %
12
b101 6

#18790000
0!
02

#18795000
1!
b110 %
12
b110 6

#18800000
0!
02

#18805000
1!
b111 %
12
b111 6

#18810000
0!
02

#18815000
1!
b1000 %
12
b1000 6

#18820000
0!
02

#18825000
1!
b1001 %
12
b1001 6

#18830000
0!
02

#18835000
1!
b1010 %
12
b1010 6

#18840000
0!
02

#18845000
1!
b1011 %
12
b1011 6

#18850000
0!
02

#18855000
1!
b1100 %
12
b1100 6

#18860000
0!
02

#18865000
1!
b1101 %
12
b1101 6

#18870000
0!
02

#18875000
1!
b1110 %
12
b1110 6

#18880000
0!
02

#18885000
1!
b1111 %
12
b1111 6

#18890000
0!
02

#18895000
1!
b0 %
12
b0 6

#18900000
0!
02

#18905000
1!
b1 %
12
b1 6

#18910000
0!
02

#18915000
1!
b10 %
12
b10 6

#18920000
0!
02

#18925000
1!
b11 %
12
b11 6

#18930000
0!
02

#18935000
1!
b100 %
12
b100 6

#18940000
0!
02

#18945000
1!
b101 %
12
b101 6

#18950000
0!
02

#18955000
1!
b110 %
12
b110 6

#18960000
0!
02

#18965000
1!
b111 %
12
b111 6

#18970000
0!
02

#18975000
1!
b1000 %
12
b1000 6

#18980000
0!
02

#18985000
1!
b1001 %
12
b1001 6

#18990000
0!
02

#18995000
1!
b1010 %
12
b1010 6

#19000000
0!
02

#19005000
1!
b1011 %
12
b1011 6

#19010000
0!
02

#19015000
1!
b1100 %
12
b1100 6

#19020000
0!
02

#19025000
1!
b1101 %
12
b1101 6

#19030000
0!
02

#19035000
1!
b1110 %
12
b1110 6

#19040000
0!
02

#19045000
1!
b1111 %
12
b1111 6

#19050000
0!
02

#19055000
1!
b0 %
12
b0 6

#19060000
0!
02

#19065000
1!
b1 %
12
b1 6

#19070000
0!
02

#19075000
1!
b10 %
12
b10 6

#19080000
0!
02

#19085000
1!
b11 %
12
b11 6

#19090000
0!
02

#19095000
1!
b100 %
12
b100 6

#19100000
0!
02

#19105000
1!
b101 %
12
b101 6

#19110000
0!
02

#19115000
1!
b110 %
12
b110 6

#19120000
0!
02

#19125000
1!
b111 %
12
b111 6

#19130000
0!
02

#19135000
1!
b1000 %
12
b1000 6

#19140000
0!
02

#19145000
1!
b1001 %
12
b1001 6

#19150000
0!
02

#19155000
1!
b1010 %
12
b1010 6

#19160000
0!
02

#19165000
1!
b1011 %
12
b1011 6

#19170000
0!
02

#19175000
1!
b1100 %
12
b1100 6

#19180000
0!
02

#19185000
1!
b1101 %
12
b1101 6

#19190000
0!
02

#19195000
1!
b1110 %
12
b1110 6

#19200000
0!
02

#19205000
1!
b1111 %
12
b1111 6

#19210000
0!
02

#19215000
1!
b0 %
12
b0 6

#19220000
0!
02

#19225000
1!
b1 %
12
b1 6

#19230000
0!
02

#19235000
1!
b10 %
12
b10 6

#19240000
0!
02

#19245000
1!
b11 %
12
b11 6

#19250000
0!
02

#19255000
1!
b100 %
12
b100 6

#19260000
0!
02

#19265000
1!
b101 %
12
b101 6

#19270000
0!
02

#19275000
1!
b110 %
12
b110 6

#19280000
0!
02

#19285000
1!
b111 %
12
b111 6

#19290000
0!
02

#19295000
1!
b1000 %
12
b1000 6

#19300000
0!
02

#19305000
1!
b1001 %
12
b1001 6

#19310000
0!
02

#19315000
1!
b1010 %
12
b1010 6

#19320000
0!
02

#19325000
1!
b1011 %
12
b1011 6

#19330000
0!
02

#19335000
1!
b1100 %
12
b1100 6

#19340000
0!
02

#19345000
1!
b1101 %
12
b1101 6

#19350000
0!
02

#19355000
1!
b1110 %
12
b1110 6

#19360000
0!
02

#19365000
1!
b1111 %
12
b1111 6

#19370000
0!
02

#19375000
1!
b0 %
12
b0 6

#19380000
0!
02

#19385000
1!
b1 %
12
b1 6

#19390000
0!
02

#19395000
1!
b10 %
12
b10 6

#19400000
0!
02

#19405000
1!
b11 %
12
b11 6

#19410000
0!
02

#19415000
1!
b100 %
12
b100 6

#19420000
0!
02

#19425000
1!
b101 %
12
b101 6

#19430000
0!
02

#19435000
1!
b110 %
12
b110 6

#19440000
0!
02

#19445000
1!
b111 %
12
b111 6

#19450000
0!
02

#19455000
1!
b1000 %
12
b1000 6

#19460000
0!
02

#19465000
1!
b1001 %
12
b1001 6

#19470000
0!
02

#19475000
1!
b1010 %
12
b1010 6

#19480000
0!
02

#19485000
1!
b1011 %
12
b1011 6

#19490000
0!
02

#19495000
1!
b1100 %
12
b1100 6

#19500000
0!
02

#19505000
1!
b1101 %
12
b1101 6

#19510000
0!
02

#19515000
1!
b1110 %
12
b1110 6

#19520000
0!
02

#19525000
1!
b1111 %
12
b1111 6

#19530000
0!
02

#19535000
1!
b0 %
12
b0 6

#19540000
0!
02

#19545000
1!
b1 %
12
b1 6

#19550000
0!
02

#19555000
1!
b10 %
12
b10 6

#19560000
0!
02

#19565000
1!
b11 %
12
b11 6

#19570000
0!
02

#19575000
1!
b100 %
12
b100 6

#19580000
0!
02

#19585000
1!
b101 %
12
b101 6

#19590000
0!
02

#19595000
1!
b110 %
12
b110 6

#19600000
0!
02

#19605000
1!
b111 %
12
b111 6

#19610000
0!
02

#19615000
1!
b1000 %
12
b1000 6

#19620000
0!
02

#19625000
1!
b1001 %
12
b1001 6

#19630000
0!
02

#19635000
1!
b1010 %
12
b1010 6

#19640000
0!
02

#19645000
1!
b1011 %
12
b1011 6

#19650000
0!
02

#19655000
1!
b1100 %
12
b1100 6

#19660000
0!
02

#19665000
1!
b1101 %
12
b1101 6

#19670000
0!
02

#19675000
1!
b1110 %
12
b1110 6

#19680000
0!
02

#19685000
1!
b1111 %
12
b1111 6

#19690000
0!
02

#19695000
1!
b0 %
12
b0 6

#19700000
0!
02

#19705000
1!
b1 %
12
b1 6

#19710000
0!
02

#19715000
1!
b10 %
12
b10 6

#19720000
0!
02

#19725000
1!
b11 %
12
b11 6

#19730000
0!
02

#19735000
1!
b100 %
12
b100 6

#19740000
0!
02

#19745000
1!
b101 %
12
b101 6

#19750000
0!
02

#19755000
1!
b110 %
12
b110 6

#19760000
0!
02

#19765000
1!
b111 %
12
b111 6

#19770000
0!
02

#19775000
1!
b1000 %
12
b1000 6

#19780000
0!
02

#19785000
1!
b1001 %
12
b1001 6

#19790000
0!
02

#19795000
1!
b1010 %
12
b1010 6

#19800000
0!
02

#19805000
1!
b1011 %
12
b1011 6

#19810000
0!
02

#19815000
1!
b1100 %
12
b1100 6

#19820000
0!
02

#19825000
1!
b1101 %
12
b1101 6

#19830000
0!
02

#19835000
1!
b1110 %
12
b1110 6

#19840000
0!
02

#19845000
1!
b1111 %
12
b1111 6

#19850000
0!
02

#19855000
1!
b0 %
12
b0 6

#19860000
0!
02

#19865000
1!
b1 %
12
b1 6

#19870000
0!
02

#19875000
1!
b10 %
12
b10 6

#19880000
0!
02

#19885000
1!
b11 %
12
b11 6

#19890000
0!
02

#19895000
1!
b100 %
12
b100 6

#19900000
0!
02

#19905000
1!
b101 %
12
b101 6

#19910000
0!
02

#19915000
1!
b110 %
12
b110 6

#19920000
0!
02

#19925000
1!
b111 %
12
b111 6

#19930000
0!
02

#19935000
1!
b1000 %
12
b1000 6

#19940000
0!
02

#19945000
1!
b1001 %
12
b1001 6

#19950000
0!
02

#19955000
1!
b1010 %
12
b1010 6

#19960000
0!
02

#19965000
1!
b1011 %
12
b1011 6

#19970000
0!
02

#19975000
1!
b1100 %
12
b1100 6

#19980000
0!
02

#19985000
1!
b1101 %
12
b1101 6

#19990000
0!
02

#19995000
1!
b1110 %
12
b1110 6

#20000000
0!
02

#20005000
1!
b1111 %
12
b1111 6

#20010000
0!
02

#20015000
1!
b0 %
12
b0 6

#20020000
0!
02

#20025000
1!
b1 %
12
b1 6

#20030000
0!
02

#20035000
1!
b10 %
12
b10 6

#20040000
0!
02

#20045000
1!
b11 %
12
b11 6

#20050000
0!
02

#20055000
1!
b100 %
12
b100 6

#20060000
0!
02

#20065000
1!
b101 %
12
b101 6

#20070000
0!
02

#20075000
1!
b110 %
12
b110 6

#20080000
0!
02

#20085000
1!
b111 %
12
b111 6

#20090000
0!
02

#20095000
1!
b1000 %
12
b1000 6

#20100000
0!
02

#20105000
1!
b1001 %
12
b1001 6

#20110000
0!
02

#20115000
1!
b1010 %
12
b1010 6

#20120000
0!
02

#20125000
1!
b1011 %
12
b1011 6

#20130000
0!
02

#20135000
1!
b1100 %
12
b1100 6

#20140000
0!
02

#20145000
1!
b1101 %
12
b1101 6

#20150000
0!
02

#20155000
1!
b1110 %
12
b1110 6

#20160000
0!
02

#20165000
1!
b1111 %
12
b1111 6

#20170000
0!
02

#20175000
1!
b0 %
12
b0 6

#20180000
0!
02

#20185000
1!
b1 %
12
b1 6

#20190000
0!
02

#20195000
1!
b10 %
12
b10 6

#20200000
0!
02

#20205000
1!
b11 %
12
b11 6

#20210000
0!
02

#20215000
1!
b100 %
12
b100 6

#20220000
0!
02

#20225000
1!
b101 %
12
b101 6

#20230000
0!
02

#20235000
1!
b110 %
12
b110 6

#20240000
0!
02

#20245000
1!
b111 %
12
b111 6

#20250000
0!
02

#20255000
1!
b1000 %
12
b1000 6

#20260000
0!
02

#20265000
1!
b1001 %
12
b1001 6

#20270000
0!
02

#20275000
1!
b1010 %
12
b1010 6

#20280000
0!
02

#20285000
1!
b1011 %
12
b1011 6

#20290000
0!
02

#20295000
1!
b1100 %
12
b1100 6

#20300000
0!
02

#20305000
1!
b1101 %
12
b1101 6

#20310000
0!
02

#20315000
1!
b1110 %
12
b1110 6

#20320000
0!
02

#20325000
1!
b1111 %
12
b1111 6

#20330000
0!
02

#20335000
1!
b0 %
12
b0 6

#20340000
0!
02

#20345000
1!
b1 %
12
b1 6

#20350000
0!
02

#20355000
1!
b10 %
12
b10 6

#20360000
0!
02

#20365000
1!
b11 %
12
b11 6

#20370000
0!
02

#20375000
1!
b100 %
12
b100 6

#20380000
0!
02

#20385000
1!
b101 %
12
b101 6

#20390000
0!
02

#20395000
1!
b110 %
12
b110 6

#20400000
0!
02

#20405000
1!
b111 %
12
b111 6

#20410000
0!
02

#20415000
1!
b1000 %
12
b1000 6

#20420000
0!
02

#20425000
1!
b1001 %
12
b1001 6

#20430000
0!
02

#20435000
1!
b1010 %
12
b1010 6

#20440000
0!
02

#20445000
1!
b1011 %
12
b1011 6

#20450000
0!
02

#20455000
1!
b1100 %
12
b1100 6

#20460000
0!
02

#20465000
1!
b1101 %
12
b1101 6

#20470000
0!
02

#20475000
1!
b1110 %
12
b1110 6

#20480000
0!
02

#20485000
1!
b1111 %
12
b1111 6

#20490000
0!
02

#20495000
1!
b0 %
12
b0 6

#20500000
0!
02

#20505000
1!
b1 %
12
b1 6

#20510000
0!
02

#20515000
1!
b10 %
12
b10 6

#20520000
0!
02

#20525000
1!
b11 %
12
b11 6

#20530000
0!
02

#20535000
1!
b100 %
12
b100 6

#20540000
0!
02

#20545000
1!
b101 %
12
b101 6

#20550000
0!
02

#20555000
1!
b110 %
12
b110 6

#20560000
0!
02

#20565000
1!
b111 %
12
b111 6

#20570000
0!
02

#20575000
1!
b1000 %
12
b1000 6

#20580000
0!
02

#20585000
1!
b1001 %
12
b1001 6

#20590000
0!
02

#20595000
1!
b1010 %
12
b1010 6

#20600000
0!
02

#20605000
1!
b1011 %
12
b1011 6

#20610000
0!
02

#20615000
1!
b1100 %
12
b1100 6

#20620000
0!
02

#20625000
1!
b1101 %
12
b1101 6

#20630000
0!
02

#20635000
1!
b1110 %
12
b1110 6

#20640000
0!
02

#20645000
1!
b1111 %
12
b1111 6

#20650000
0!
02

#20655000
1!
b0 %
12
b0 6

#20660000
0!
02

#20665000
1!
b1 %
12
b1 6

#20670000
0!
02

#20675000
1!
b10 %
12
b10 6

#20680000
0!
02

#20685000
1!
b11 %
12
b11 6

#20690000
0!
02

#20695000
1!
b100 %
12
b100 6

#20700000
0!
02

#20705000
1!
b101 %
12
b101 6

#20710000
0!
02

#20715000
1!
b110 %
12
b110 6

#20720000
0!
02

#20725000
1!
b111 %
12
b111 6

#20730000
0!
02

#20735000
1!
b1000 %
12
b1000 6

#20740000
0!
02

#20745000
1!
b1001 %
12
b1001 6

#20750000
0!
02

#20755000
1!
b1010 %
12
b1010 6

#20760000
0!
02

#20765000
1!
b1011 %
12
b1011 6

#20770000
0!
02

#20775000
1!
b1100 %
12
b1100 6

#20780000
0!
02

#20785000
1!
b1101 %
12
b1101 6

#20790000
0!
02

#20795000
1!
b1110 %
12
b1110 6

#20800000
0!
02

#20805000
1!
b1111 %
12
b1111 6

#20810000
0!
02

#20815000
1!
b0 %
12
b0 6

#20820000
0!
02

#20825000
1!
b1 %
12
b1 6

#20830000
0!
02

#20835000
1!
b10 %
12
b10 6

#20840000
0!
02

#20845000
1!
b11 %
12
b11 6

#20850000
0!
02

#20855000
1!
b100 %
12
b100 6

#20860000
0!
02

#20865000
1!
b101 %
12
b101 6

#20870000
0!
02

#20875000
1!
b110 %
12
b110 6

#20880000
0!
02

#20885000
1!
b111 %
12
b111 6

#20890000
0!
02

#20895000
1!
b1000 %
12
b1000 6

#20900000
0!
02

#20905000
1!
b1001 %
12
b1001 6

#20910000
0!
02

#20915000
1!
b1010 %
12
b1010 6

#20920000
0!
02

#20925000
1!
b1011 %
12
b1011 6

#20930000
0!
02

#20935000
1!
b1100 %
12
b1100 6

#20940000
0!
02

#20945000
1!
b1101 %
12
b1101 6

#20950000
0!
02

#20955000
1!
b1110 %
12
b1110 6

#20960000
0!
02

#20965000
1!
b1111 %
12
b1111 6

#20970000
0!
02

#20975000
1!
b0 %
12
b0 6

#20980000
0!
02

#20985000
1!
b1 %
12
b1 6

#20990000
0!
02

#20995000
1!
b10 %
12
b10 6

#21000000
0!
02

#21005000
1!
b11 %
12
b11 6

#21010000
0!
02

#21015000
1!
b100 %
12
b100 6

#21020000
0!
02

#21025000
1!
b101 %
12
b101 6

#21030000
0!
02

#21035000
1!
b110 %
12
b110 6

#21040000
0!
02

#21045000
1!
b111 %
12
b111 6

#21050000
0!
02

#21055000
1!
b1000 %
12
b1000 6

#21060000
0!
02

#21065000
1!
b1001 %
12
b1001 6

#21070000
0!
02

#21075000
1!
b1010 %
12
b1010 6

#21080000
0!
02

#21085000
1!
b1011 %
12
b1011 6

#21090000
0!
02

#21095000
1!
b1100 %
12
b1100 6

#21100000
0!
02

#21105000
1!
b1101 %
12
b1101 6

#21110000
0!
02

#21115000
1!
b1110 %
12
b1110 6

#21120000
0!
02

#21125000
1!
b1111 %
12
b1111 6

#21130000
0!
02

#21135000
1!
b0 %
12
b0 6

#21140000
0!
02

#21145000
1!
b1 %
12
b1 6

#21150000
0!
02

#21155000
1!
b10 %
12
b10 6

#21160000
0!
02

#21165000
1!
b11 %
12
b11 6

#21170000
0!
02

#21175000
1!
b100 %
12
b100 6

#21180000
0!
02

#21185000
1!
b101 %
12
b101 6

#21190000
0!
02

#21195000
1!
b110 %
12
b110 6

#21200000
0!
02

#21205000
1!
b111 %
12
b111 6

#21210000
0!
02

#21215000
1!
b1000 %
12
b1000 6

#21220000
0!
02

#21225000
1!
b1001 %
12
b1001 6

#21230000
0!
02

#21235000
1!
b1010 %
12
b1010 6

#21240000
0!
02

#21245000
1!
b1011 %
12
b1011 6

#21250000
0!
02

#21255000
1!
b1100 %
12
b1100 6

#21260000
0!
02

#21265000
1!
b1101 %
12
b1101 6

#21270000
0!
02

#21275000
1!
b1110 %
12
b1110 6

#21280000
0!
02

#21285000
1!
b1111 %
12
b1111 6

#21290000
0!
02

#21295000
1!
b0 %
12
b0 6

#21300000
0!
02

#21305000
1!
b1 %
12
b1 6

#21310000
0!
02

#21315000
1!
b10 %
12
b10 6

#21320000
0!
02

#21325000
1!
b11 %
12
b11 6

#21330000
0!
02

#21335000
1!
b100 %
12
b100 6

#21340000
0!
02

#21345000
1!
b101 %
12
b101 6

#21350000
0!
02

#21355000
1!
b110 %
12
b110 6

#21360000
0!
02

#21365000
1!
b111 %
12
b111 6

#21370000
0!
02

#21375000
1!
b1000 %
12
b1000 6

#21380000
0!
02

#21385000
1!
b1001 %
12
b1001 6

#21390000
0!
02

#21395000
1!
b1010 %
12
b1010 6

#21400000
0!
02

#21405000
1!
b1011 %
12
b1011 6

#21410000
0!
02

#21415000
1!
b1100 %
12
b1100 6

#21420000
0!
02

#21425000
1!
b1101 %
12
b1101 6

#21430000
0!
02

#21435000
1!
b1110 %
12
b1110 6

#21440000
0!
02

#21445000
1!
b1111 %
12
b1111 6

#21450000
0!
02

#21455000
1!
b0 %
12
b0 6

#21460000
0!
02

#21465000
1!
b1 %
12
b1 6

#21470000
0!
02

#21475000
1!
b10 %
12
b10 6

#21480000
0!
02

#21485000
1!
b11 %
12
b11 6

#21490000
0!
02

#21495000
1!
b100 %
12
b100 6

#21500000
0!
02

#21505000
1!
b101 %
12
b101 6

#21510000
0!
02

#21515000
1!
b110 %
12
b110 6

#21520000
0!
02

#21525000
1!
b111 %
12
b111 6

#21530000
0!
02

#21535000
1!
b1000 %
12
b1000 6

#21540000
0!
02

#21545000
1!
b1001 %
12
b1001 6

#21550000
0!
02

#21555000
1!
b1010 %
12
b1010 6

#21560000
0!
02

#21565000
1!
b1011 %
12
b1011 6

#21570000
0!
02

#21575000
1!
b1100 %
12
b1100 6

#21580000
0!
02

#21585000
1!
b1101 %
12
b1101 6

#21590000
0!
02

#21595000
1!
b1110 %
12
b1110 6

#21600000
0!
02

#21605000
1!
b1111 %
12
b1111 6

#21610000
0!
02

#21615000
1!
b0 %
12
b0 6

#21620000
0!
02

#21625000
1!
b1 %
12
b1 6

#21630000
0!
02

#21635000
1!
b10 %
12
b10 6

#21640000
0!
02

#21645000
1!
b11 %
12
b11 6

#21650000
0!
02

#21655000
1!
b100 %
12
b100 6

#21660000
0!
02

#21665000
1!
b101 %
12
b101 6

#21670000
0!
02

#21675000
1!
b110 %
12
b110 6

#21680000
0!
02

#21685000
1!
b111 %
12
b111 6

#21690000
0!
02

#21695000
1!
b1000 %
12
b1000 6

#21700000
0!
02

#21705000
1!
b1001 %
12
b1001 6

#21710000
0!
02

#21715000
1!
b1010 %
12
b1010 6

#21720000
0!
02

#21725000
1!
b1011 %
12
b1011 6

#21730000
0!
02

#21735000
1!
b1100 %
12
b1100 6

#21740000
0!
02

#21745000
1!
b1101 %
12
b1101 6

#21750000
0!
02

#21755000
1!
b1110 %
12
b1110 6

#21760000
0!
02

#21765000
1!
b1111 %
12
b1111 6

#21770000
0!
02

#21775000
1!
b0 %
12
b0 6

#21780000
0!
02

#21785000
1!
b1 %
12
b1 6

#21790000
0!
02

#21795000
1!
b10 %
12
b10 6

#21800000
0!
02

#21805000
1!
b11 %
12
b11 6

#21810000
0!
02

#21815000
1!
b100 %
12
b100 6

#21820000
0!
02

#21825000
1!
b101 %
12
b101 6

#21830000
0!
02

#21835000
1!
b110 %
12
b110 6

#21840000
0!
02

#21845000
1!
b111 %
12
b111 6

#21850000
0!
02

#21855000
1!
b1000 %
12
b1000 6

#21860000
0!
02

#21865000
1!
b1001 %
12
b1001 6

#21870000
0!
02

#21875000
1!
b1010 %
12
b1010 6

#21880000
0!
02

#21885000
1!
b1011 %
12
b1011 6

#21890000
0!
02

#21895000
1!
b1100 %
12
b1100 6

#21900000
0!
02

#21905000
1!
b1101 %
12
b1101 6

#21910000
0!
02

#21915000
1!
b1110 %
12
b1110 6

#21920000
0!
02

#21925000
1!
b1111 %
12
b1111 6

#21930000
0!
02

#21935000
1!
b0 %
12
b0 6

#21940000
0!
02

#21945000
1!
b1 %
12
b1 6

#21950000
0!
02

#21955000
1!
b10 %
12
b10 6

#21960000
0!
02

#21965000
1!
b11 %
12
b11 6

#21970000
0!
02

#21975000
1!
b100 %
12
b100 6

#21980000
0!
02

#21985000
1!
b101 %
12
b101 6

#21990000
0!
02

#21995000
1!
b110 %
12
b110 6

#22000000
0!
02

#22005000
1!
b111 %
12
b111 6

#22010000
0!
02

#22015000
1!
b1000 %
12
b1000 6

#22020000
0!
02

#22025000
1!
b1001 %
12
b1001 6

#22030000
0!
02

#22035000
1!
b1010 %
12
b1010 6

#22040000
0!
02

#22045000
1!
b1011 %
12
b1011 6

#22050000
0!
02

#22055000
1!
b1100 %
12
b1100 6

#22060000
0!
02

#22065000
1!
b1101 %
12
b1101 6

#22070000
0!
02

#22075000
1!
b1110 %
12
b1110 6

#22080000
0!
02

#22085000
1!
b1111 %
12
b1111 6

#22090000
0!
02

#22095000
1!
b0 %
12
b0 6

#22100000
0!
02

#22105000
1!
b1 %
12
b1 6

#22110000
0!
02

#22115000
1!
b10 %
12
b10 6

#22120000
0!
02

#22125000
1!
b11 %
12
b11 6

#22130000
0!
02

#22135000
1!
b100 %
12
b100 6

#22140000
0!
02

#22145000
1!
b101 %
12
b101 6

#22150000
0!
02

#22155000
1!
b110 %
12
b110 6

#22160000
0!
02

#22165000
1!
b111 %
12
b111 6

#22170000
0!
02

#22175000
1!
b1000 %
12
b1000 6

#22180000
0!
02

#22185000
1!
b1001 %
12
b1001 6

#22190000
0!
02

#22195000
1!
b1010 %
12
b1010 6

#22200000
0!
02

#22205000
1!
b1011 %
12
b1011 6

#22210000
0!
02

#22215000
1!
b1100 %
12
b1100 6

#22220000
0!
02

#22225000
1!
b1101 %
12
b1101 6

#22230000
0!
02

#22235000
1!
b1110 %
12
b1110 6

#22240000
0!
02

#22245000
1!
b1111 %
12
b1111 6

#22250000
0!
02

#22255000
1!
b0 %
12
b0 6

#22260000
0!
02

#22265000
1!
b1 %
12
b1 6

#22270000
0!
02

#22275000
1!
b10 %
12
b10 6

#22280000
0!
02

#22285000
1!
b11 %
12
b11 6

#22290000
0!
02

#22295000
1!
b100 %
12
b100 6

#22300000
0!
02

#22305000
1!
b101 %
12
b101 6

#22310000
0!
02

#22315000
1!
b110 %
12
b110 6

#22320000
0!
02

#22325000
1!
b111 %
12
b111 6

#22330000
0!
02

#22335000
1!
b1000 %
12
b1000 6

#22340000
0!
02

#22345000
1!
b1001 %
12
b1001 6

#22350000
0!
02

#22355000
1!
b1010 %
12
b1010 6

#22360000
0!
02

#22365000
1!
b1011 %
12
b1011 6

#22370000
0!
02

#22375000
1!
b1100 %
12
b1100 6

#22380000
0!
02

#22385000
1!
b1101 %
12
b1101 6

#22390000
0!
02

#22395000
1!
b1110 %
12
b1110 6

#22400000
0!
02

#22405000
1!
b1111 %
12
b1111 6

#22410000
0!
02

#22415000
1!
b0 %
12
b0 6

#22420000
0!
02

#22425000
1!
b1 %
12
b1 6

#22430000
0!
02

#22435000
1!
b10 %
12
b10 6

#22440000
0!
02

#22445000
1!
b11 %
12
b11 6

#22450000
0!
02

#22455000
1!
b100 %
12
b100 6

#22460000
0!
02

#22465000
1!
b101 %
12
b101 6

#22470000
0!
02

#22475000
1!
b110 %
12
b110 6

#22480000
0!
02

#22485000
1!
b111 %
12
b111 6

#22490000
0!
02

#22495000
1!
b1000 %
12
b1000 6

#22500000
0!
02

#22505000
1!
b1001 %
12
b1001 6

#22510000
0!
02

#22515000
1!
b1010 %
12
b1010 6

#22520000
0!
02

#22525000
1!
b1011 %
12
b1011 6

#22530000
0!
02

#22535000
1!
b1100 %
12
b1100 6

#22540000
0!
02

#22545000
1!
b1101 %
12
b1101 6

#22550000
0!
02

#22555000
1!
b1110 %
12
b1110 6

#22560000
0!
02

#22565000
1!
b1111 %
12
b1111 6

#22570000
0!
02

#22575000
1!
b0 %
12
b0 6

#22580000
0!
02

#22585000
1!
b1 %
12
b1 6

#22590000
0!
02

#22595000
1!
b10 %
12
b10 6

#22600000
0!
02

#22605000
1!
b11 %
12
b11 6

#22610000
0!
02

#22615000
1!
b100 %
12
b100 6

#22620000
0!
02

#22625000
1!
b101 %
12
b101 6

#22630000
0!
02

#22635000
1!
b110 %
12
b110 6

#22640000
0!
02

#22645000
1!
b111 %
12
b111 6

#22650000
0!
02

#22655000
1!
b1000 %
12
b1000 6

#22660000
0!
02

#22665000
1!
b1001 %
12
b1001 6

#22670000
0!
02

#22675000
1!
b1010 %
12
b1010 6

#22680000
0!
02

#22685000
1!
b1011 %
12
b1011 6

#22690000
0!
02

#22695000
1!
b1100 %
12
b1100 6

#22700000
0!
02

#22705000
1!
b1101 %
12
b1101 6

#22710000
0!
02

#22715000
1!
b1110 %
12
b1110 6

#22720000
0!
02

#22725000
1!
b1111 %
12
b1111 6

#22730000
0!
02

#22735000
1!
b0 %
12
b0 6

#22740000
0!
02

#22745000
1!
b1 %
12
b1 6

#22750000
0!
02

#22755000
1!
b10 %
12
b10 6

#22760000
0!
02

#22765000
1!
b11 %
12
b11 6

#22770000
0!
02

#22775000
1!
b100 %
12
b100 6

#22780000
0!
02

#22785000
1!
b101 %
12
b101 6

#22790000
0!
02

#22795000
1!
b110 %
12
b110 6

#22800000
0!
02

#22805000
1!
b111 %
12
b111 6

#22810000
0!
02

#22815000
1!
b1000 %
12
b1000 6

#22820000
0!
02

#22825000
1!
b1001 %
12
b1001 6

#22830000
0!
02

#22835000
1!
b1010 %
12
b1010 6

#22840000
0!
02

#22845000
1!
b1011 %
12
b1011 6

#22850000
0!
02

#22855000
1!
b1100 %
12
b1100 6

#22860000
0!
02

#22865000
1!
b1101 %
12
b1101 6

#22870000
0!
02

#22875000
1!
b1110 %
12
b1110 6

#22880000
0!
02

#22885000
1!
b1111 %
12
b1111 6

#22890000
0!
02

#22895000
1!
b0 %
12
b0 6

#22900000
0!
02

#22905000
1!
b1 %
12
b1 6

#22910000
0!
02

#22915000
1!
b10 %
12
b10 6

#22920000
0!
02

#22925000
1!
b11 %
12
b11 6

#22930000
0!
02

#22935000
1!
b100 %
12
b100 6

#22940000
0!
02

#22945000
1!
b101 %
12
b101 6

#22950000
0!
02

#22955000
1!
b110 %
12
b110 6

#22960000
0!
02

#22965000
1!
b111 %
12
b111 6

#22970000
0!
02

#22975000
1!
b1000 %
12
b1000 6

#22980000
0!
02

#22985000
1!
b1001 %
12
b1001 6

#22990000
0!
02

#22995000
1!
b1010 %
12
b1010 6

#23000000
0!
02

#23005000
1!
b1011 %
12
b1011 6

#23010000
0!
02

#23015000
1!
b1100 %
12
b1100 6

#23020000
0!
02

#23025000
1!
b1101 %
12
b1101 6

#23030000
0!
02

#23035000
1!
b1110 %
12
b1110 6

#23040000
0!
02

#23045000
1!
b1111 %
12
b1111 6

#23050000
0!
02

#23055000
1!
b0 %
12
b0 6

#23060000
0!
02

#23065000
1!
b1 %
12
b1 6

#23070000
0!
02

#23075000
1!
b10 %
12
b10 6

#23080000
0!
02

#23085000
1!
b11 %
12
b11 6

#23090000
0!
02

#23095000
1!
b100 %
12
b100 6

#23100000
0!
02

#23105000
1!
b101 %
12
b101 6

#23110000
0!
02

#23115000
1!
b110 %
12
b110 6

#23120000
0!
02

#23125000
1!
b111 %
12
b111 6

#23130000
0!
02

#23135000
1!
b1000 %
12
b1000 6

#23140000
0!
02

#23145000
1!
b1001 %
12
b1001 6

#23150000
0!
02

#23155000
1!
b1010 %
12
b1010 6

#23160000
0!
02

#23165000
1!
b1011 %
12
b1011 6

#23170000
0!
02

#23175000
1!
b1100 %
12
b1100 6

#23180000
0!
02

#23185000
1!
b1101 %
12
b1101 6

#23190000
0!
02

#23195000
1!
b1110 %
12
b1110 6

#23200000
0!
02

#23205000
1!
b1111 %
12
b1111 6

#23210000
0!
02

#23215000
1!
b0 %
12
b0 6

#23220000
0!
02

#23225000
1!
b1 %
12
b1 6

#23230000
0!
02

#23235000
1!
b10 %
12
b10 6

#23240000
0!
02

#23245000
1!
b11 %
12
b11 6

#23250000
0!
02

#23255000
1!
b100 %
12
b100 6

#23260000
0!
02

#23265000
1!
b101 %
12
b101 6

#23270000
0!
02

#23275000
1!
b110 %
12
b110 6

#23280000
0!
02

#23285000
1!
b111 %
12
b111 6

#23290000
0!
02

#23295000
1!
b1000 %
12
b1000 6

#23300000
0!
02

#23305000
1!
b1001 %
12
b1001 6

#23310000
0!
02

#23315000
1!
b1010 %
12
b1010 6

#23320000
0!
02

#23325000
1!
b1011 %
12
b1011 6

#23330000
0!
02

#23335000
1!
b1100 %
12
b1100 6

#23340000
0!
02

#23345000
1!
b1101 %
12
b1101 6

#23350000
0!
02

#23355000
1!
b1110 %
12
b1110 6

#23360000
0!
02

#23365000
1!
b1111 %
12
b1111 6

#23370000
0!
02

#23375000
1!
b0 %
12
b0 6

#23380000
0!
02

#23385000
1!
b1 %
12
b1 6

#23390000
0!
02

#23395000
1!
b10 %
12
b10 6

#23400000
0!
02

#23405000
1!
b11 %
12
b11 6

#23410000
0!
02

#23415000
1!
b100 %
12
b100 6

#23420000
0!
02

#23425000
1!
b101 %
12
b101 6

#23430000
0!
02

#23435000
1!
b110 %
12
b110 6

#23440000
0!
02

#23445000
1!
b111 %
12
b111 6

#23450000
0!
02

#23455000
1!
b1000 %
12
b1000 6

#23460000
0!
02

#23465000
1!
b1001 %
12
b1001 6

#23470000
0!
02

#23475000
1!
b1010 %
12
b1010 6

#23480000
0!
02

#23485000
1!
b1011 %
12
b1011 6

#23490000
0!
02

#23495000
1!
b1100 %
12
b1100 6

#23500000
0!
02

#23505000
1!
b1101 %
12
b1101 6

#23510000
0!
02

#23515000
1!
b1110 %
12
b1110 6

#23520000
0!
02

#23525000
1!
b1111 %
12
b1111 6

#23530000
0!
02

#23535000
1!
b0 %
12
b0 6

#23540000
0!
02

#23545000
1!
b1 %
12
b1 6

#23550000
0!
02

#23555000
1!
b10 %
12
b10 6

#23560000
0!
02

#23565000
1!
b11 %
12
b11 6

#23570000
0!
02

#23575000
1!
b100 %
12
b100 6

#23580000
0!
02

#23585000
1!
b101 %
12
b101 6

#23590000
0!
02

#23595000
1!
b110 %
12
b110 6

#23600000
0!
02

#23605000
1!
b111 %
12
b111 6

#23610000
0!
02

#23615000
1!
b1000 %
12
b1000 6

#23620000
0!
02

#23625000
1!
b1001 %
12
b1001 6

#23630000
0!
02

#23635000
1!
b1010 %
12
b1010 6

#23640000
0!
02

#23645000
1!
b1011 %
12
b1011 6

#23650000
0!
02

#23655000
1!
b1100 %
12
b1100 6

#23660000
0!
02

#23665000
1!
b1101 %
12
b1101 6

#23670000
0!
02

#23675000
1!
b1110 %
12
b1110 6

#23680000
0!
02

#23685000
1!
b1111 %
12
b1111 6

#23690000
0!
02

#23695000
1!
b0 %
12
b0 6

#23700000
0!
02

#23705000
1!
b1 %
12
b1 6

#23710000
0!
02

#23715000
1!
b10 %
12
b10 6

#23720000
0!
02

#23725000
1!
b11 %
12
b11 6

#23730000
0!
02

#23735000
1!
b100 %
12
b100 6

#23740000
0!
02

#23745000
1!
b101 %
12
b101 6

#23750000
0!
02

#23755000
1!
b110 %
12
b110 6

#23760000
0!
02

#23765000
1!
b111 %
12
b111 6

#23770000
0!
02

#23775000
1!
b1000 %
12
b1000 6

#23780000
0!
02

#23785000
1!
b1001 %
12
b1001 6

#23790000
0!
02

#23795000
1!
b1010 %
12
b1010 6

#23800000
0!
02

#23805000
1!
b1011 %
12
b1011 6

#23810000
0!
02

#23815000
1!
b1100 %
12
b1100 6

#23820000
0!
02

#23825000
1!
b1101 %
12
b1101 6

#23830000
0!
02

#23835000
1!
b1110 %
12
b1110 6

#23840000
0!
02

#23845000
1!
b1111 %
12
b1111 6

#23850000
0!
02

#23855000
1!
b0 %
12
b0 6

#23860000
0!
02

#23865000
1!
b1 %
12
b1 6

#23870000
0!
02

#23875000
1!
b10 %
12
b10 6

#23880000
0!
02

#23885000
1!
b11 %
12
b11 6

#23890000
0!
02

#23895000
1!
b100 %
12
b100 6

#23900000
0!
02

#23905000
1!
b101 %
12
b101 6

#23910000
0!
02

#23915000
1!
b110 %
12
b110 6

#23920000
0!
02

#23925000
1!
b111 %
12
b111 6

#23930000
0!
02

#23935000
1!
b1000 %
12
b1000 6

#23940000
0!
02

#23945000
1!
b1001 %
12
b1001 6

#23950000
0!
02

#23955000
1!
b1010 %
12
b1010 6

#23960000
0!
02

#23965000
1!
b1011 %
12
b1011 6

#23970000
0!
02

#23975000
1!
b1100 %
12
b1100 6

#23980000
0!
02

#23985000
1!
b1101 %
12
b1101 6

#23990000
0!
02

#23995000
1!
b1110 %
12
b1110 6

#24000000
0!
02

#24005000
1!
b1111 %
12
b1111 6

#24010000
0!
02

#24015000
1!
b0 %
12
b0 6

#24020000
0!
02

#24025000
1!
b1 %
12
b1 6

#24030000
0!
02

#24035000
1!
b10 %
12
b10 6

#24040000
0!
02

#24045000
1!
b11 %
12
b11 6

#24050000
0!
02

#24055000
1!
b100 %
12
b100 6

#24060000
0!
02

#24065000
1!
b101 %
12
b101 6

#24070000
0!
02

#24075000
1!
b110 %
12
b110 6

#24080000
0!
02

#24085000
1!
b111 %
12
b111 6

#24090000
0!
02

#24095000
1!
b1000 %
12
b1000 6

#24100000
0!
02

#24105000
1!
b1001 %
12
b1001 6

#24110000
0!
02

#24115000
1!
b1010 %
12
b1010 6

#24120000
0!
02

#24125000
1!
b1011 %
12
b1011 6

#24130000
0!
02

#24135000
1!
b1100 %
12
b1100 6

#24140000
0!
02

#24145000
1!
b1101 %
12
b1101 6

#24150000
0!
02

#24155000
1!
b1110 %
12
b1110 6

#24160000
0!
02

#24165000
1!
b1111 %
12
b1111 6

#24170000
0!
02

#24175000
1!
b0 %
12
b0 6

#24180000
0!
02

#24185000
1!
b1 %
12
b1 6

#24190000
0!
02

#24195000
1!
b10 %
12
b10 6

#24200000
0!
02

#24205000
1!
b11 %
12
b11 6

#24210000
0!
02

#24215000
1!
b100 %
12
b100 6

#24220000
0!
02

#24225000
1!
b101 %
12
b101 6

#24230000
0!
02

#24235000
1!
b110 %
12
b110 6

#24240000
0!
02

#24245000
1!
b111 %
12
b111 6

#24250000
0!
02

#24255000
1!
b1000 %
12
b1000 6

#24260000
0!
02

#24265000
1!
b1001 %
12
b1001 6

#24270000
0!
02

#24275000
1!
b1010 %
12
b1010 6

#24280000
0!
02

#24285000
1!
b1011 %
12
b1011 6

#24290000
0!
02

#24295000
1!
b1100 %
12
b1100 6

#24300000
0!
02

#24305000
1!
b1101 %
12
b1101 6

#24310000
0!
02

#24315000
1!
b1110 %
12
b1110 6

#24320000
0!
02

#24325000
1!
b1111 %
12
b1111 6

#24330000
0!
02

#24335000
1!
b0 %
12
b0 6

#24340000
0!
02

#24345000
1!
b1 %
12
b1 6

#24350000
0!
02

#24355000
1!
b10 %
12
b10 6

#24360000
0!
02

#24365000
1!
b11 %
12
b11 6

#24370000
0!
02

#24375000
1!
b100 %
12
b100 6

#24380000
0!
02

#24385000
1!
b101 %
12
b101 6

#24390000
0!
02

#24395000
1!
b110 %
12
b110 6

#24400000
0!
02

#24405000
1!
b111 %
12
b111 6

#24410000
0!
02

#24415000
1!
b1000 %
12
b1000 6

#24420000
0!
02

#24425000
1!
b1001 %
12
b1001 6

#24430000
0!
02

#24435000
1!
b1010 %
12
b1010 6

#24440000
0!
02

#24445000
1!
b1011 %
12
b1011 6

#24450000
0!
02

#24455000
1!
b1100 %
12
b1100 6

#24460000
0!
02

#24465000
1!
b1101 %
12
b1101 6

#24470000
0!
02

#24475000
1!
b1110 %
12
b1110 6

#24480000
0!
02

#24485000
1!
b1111 %
12
b1111 6

#24490000
0!
02

#24495000
1!
b0 %
12
b0 6

#24500000
0!
02

#24505000
1!
b1 %
12
b1 6

#24510000
0!
02

#24515000
1!
b10 %
12
b10 6

#24520000
0!
02

#24525000
1!
b11 %
12
b11 6

#24530000
0!
02

#24535000
1!
b100 %
12
b100 6

#24540000
0!
02

#24545000
1!
b101 %
12
b101 6

#24550000
0!
02

#24555000
1!
b110 %
12
b110 6

#24560000
0!
02

#24565000
1!
b111 %
12
b111 6

#24570000
0!
02

#24575000
1!
b1000 %
12
b1000 6

#24580000
0!
02

#24585000
1!
b1001 %
12
b1001 6

#24590000
0!
02

#24595000
1!
b1010 %
12
b1010 6

#24600000
0!
02

#24605000
1!
b1011 %
12
b1011 6

#24610000
0!
02

#24615000
1!
b1100 %
12
b1100 6

#24620000
0!
02

#24625000
1!
b1101 %
12
b1101 6

#24630000
0!
02

#24635000
1!
b1110 %
12
b1110 6

#24640000
0!
02

#24645000
1!
b1111 %
12
b1111 6

#24650000
0!
02

#24655000
1!
b0 %
12
b0 6

#24660000
0!
02

#24665000
1!
b1 %
12
b1 6

#24670000
0!
02

#24675000
1!
b10 %
12
b10 6

#24680000
0!
02

#24685000
1!
b11 %
12
b11 6

#24690000
0!
02

#24695000
1!
b100 %
12
b100 6

#24700000
0!
02

#24705000
1!
b101 %
12
b101 6

#24710000
0!
02

#24715000
1!
b110 %
12
b110 6

#24720000
0!
02

#24725000
1!
b111 %
12
b111 6

#24730000
0!
02

#24735000
1!
b1000 %
12
b1000 6

#24740000
0!
02

#24745000
1!
b1001 %
12
b1001 6

#24750000
0!
02

#24755000
1!
b1010 %
12
b1010 6

#24760000
0!
02

#24765000
1!
b1011 %
12
b1011 6

#24770000
0!
02

#24775000
1!
b1100 %
12
b1100 6

#24780000
0!
02

#24785000
1!
b1101 %
12
b1101 6

#24790000
0!
02

#24795000
1!
b1110 %
12
b1110 6

#24800000
0!
02

#24805000
1!
b1111 %
12
b1111 6

#24810000
0!
02

#24815000
1!
b0 %
12
b0 6

#24820000
0!
02

#24825000
1!
b1 %
12
b1 6

#24830000
0!
02

#24835000
1!
b10 %
12
b10 6

#24840000
0!
02

#24845000
1!
b11 %
12
b11 6

#24850000
0!
02

#24855000
1!
b100 %
12
b100 6

#24860000
0!
02

#24865000
1!
b101 %
12
b101 6

#24870000
0!
02

#24875000
1!
b110 %
12
b110 6

#24880000
0!
02

#24885000
1!
b111 %
12
b111 6

#24890000
0!
02

#24895000
1!
b1000 %
12
b1000 6

#24900000
0!
02

#24905000
1!
b1001 %
12
b1001 6

#24910000
0!
02

#24915000
1!
b1010 %
12
b1010 6

#24920000
0!
02

#24925000
1!
b1011 %
12
b1011 6

#24930000
0!
02

#24935000
1!
b1100 %
12
b1100 6

#24940000
0!
02

#24945000
1!
b1101 %
12
b1101 6

#24950000
0!
02

#24955000
1!
b1110 %
12
b1110 6

#24960000
0!
02

#24965000
1!
b1111 %
12
b1111 6

#24970000
0!
02

#24975000
1!
b0 %
12
b0 6

#24980000
0!
02

#24985000
1!
b1 %
12
b1 6

#24990000
0!
02

#24995000
1!
b10 %
12
b10 6

#25000000
0!
02

#25005000
1!
b11 %
12
b11 6

#25010000
0!
02

#25015000
1!
b100 %
12
b100 6

#25020000
0!
02

#25025000
1!
b101 %
12
b101 6

#25030000
0!
02

#25035000
1!
b110 %
12
b110 6

#25040000
0!
02

#25045000
1!
b111 %
12
b111 6

#25050000
0!
02

#25055000
1!
b1000 %
12
b1000 6

#25060000
0!
02

#25065000
1!
b1001 %
12
b1001 6

#25070000
0!
02

#25075000
1!
b1010 %
12
b1010 6

#25080000
0!
02

#25085000
1!
b1011 %
12
b1011 6

#25090000
0!
02

#25095000
1!
b1100 %
12
b1100 6

#25100000
0!
02

#25105000
1!
b1101 %
12
b1101 6

#25110000
0!
02

#25115000
1!
b1110 %
12
b1110 6

#25120000
0!
02

#25125000
1!
b1111 %
12
b1111 6

#25130000
0!
02

#25135000
1!
b0 %
12
b0 6

#25140000
0!
02

#25145000
1!
b1 %
12
b1 6

#25150000
0!
02

#25155000
1!
b10 %
12
b10 6

#25160000
0!
02

#25165000
1!
b11 %
12
b11 6

#25170000
0!
02

#25175000
1!
b100 %
12
b100 6

#25180000
0!
02

#25185000
1!
b101 %
12
b101 6

#25190000
0!
02

#25195000
1!
b110 %
12
b110 6

#25200000
0!
02

#25205000
1!
b111 %
12
b111 6

#25210000
0!
02

#25215000
1!
b1000 %
12
b1000 6

#25220000
0!
02

#25225000
1!
b1001 %
12
b1001 6

#25230000
0!
02

#25235000
1!
b1010 %
12
b1010 6

#25240000
0!
02

#25245000
1!
b1011 %
12
b1011 6

#25250000
0!
02

#25255000
1!
b1100 %
12
b1100 6

#25260000
0!
02

#25265000
1!
b1101 %
12
b1101 6

#25270000
0!
02

#25275000
1!
b1110 %
12
b1110 6

#25280000
0!
02

#25285000
1!
b1111 %
12
b1111 6

#25290000
0!
02

#25295000
1!
b0 %
12
b0 6

#25300000
0!
02

#25305000
1!
b1 %
12
b1 6

#25310000
0!
02

#25315000
1!
b10 %
12
b10 6

#25320000
0!
02

#25325000
1!
b11 %
12
b11 6

#25330000
0!
02

#25335000
1!
b100 %
12
b100 6

#25340000
0!
02

#25345000
1!
b101 %
12
b101 6

#25350000
0!
02

#25355000
1!
b110 %
12
b110 6

#25360000
0!
02

#25365000
1!
b111 %
12
b111 6

#25370000
0!
02

#25375000
1!
b1000 %
12
b1000 6

#25380000
0!
02

#25385000
1!
b1001 %
12
b1001 6

#25390000
0!
02

#25395000
1!
b1010 %
12
b1010 6

#25400000
0!
02

#25405000
1!
b1011 %
12
b1011 6

#25410000
0!
02

#25415000
1!
b1100 %
12
b1100 6

#25420000
0!
02

#25425000
1!
b1101 %
12
b1101 6

#25430000
0!
02

#25435000
1!
b1110 %
12
b1110 6

#25440000
0!
02

#25445000
1!
b1111 %
12
b1111 6

#25450000
0!
02

#25455000
1!
b0 %
12
b0 6

#25460000
0!
02

#25465000
1!
b1 %
12
b1 6

#25470000
0!
02

#25475000
1!
b10 %
12
b10 6

#25480000
0!
02

#25485000
1!
b11 %
12
b11 6

#25490000
0!
02

#25495000
1!
b100 %
12
b100 6

#25500000
0!
02

#25505000
1!
b101 %
12
b101 6

#25510000
0!
02

#25515000
1!
b110 %
12
b110 6

#25520000
0!
02

#25525000
1!
b111 %
12
b111 6

#25530000
0!
02

#25535000
1!
b1000 %
12
b1000 6

#25540000
0!
02

#25545000
1!
b1001 %
12
b1001 6

#25550000
0!
02

#25555000
1!
b1010 %
12
b1010 6

#25560000
0!
02

#25565000
1!
b1011 %
12
b1011 6

#25570000
0!
02

#25575000
1!
b1100 %
12
b1100 6

#25580000
0!
02

#25585000
1!
b1101 %
12
b1101 6

#25590000
0!
02

#25595000
1!
b1110 %
12
b1110 6

#25600000
0!
02

#25605000
1!
b1111 %
12
b1111 6

#25610000
0!
02

#25615000
1!
b0 %
12
b0 6

#25620000
0!
02

#25625000
1!
b1 %
12
b1 6

#25630000
0!
02

#25635000
1!
b10 %
12
b10 6

#25640000
0!
02

#25645000
1!
b11 %
12
b11 6

#25650000
0!
02

#25655000
1!
b100 %
12
b100 6

#25660000
0!
02

#25665000
1!
b101 %
12
b101 6

#25670000
0!
02

#25675000
1!
b110 %
12
b110 6

#25680000
0!
02

#25685000
1!
b111 %
12
b111 6

#25690000
0!
02

#25695000
1!
b1000 %
12
b1000 6

#25700000
0!
02

#25705000
1!
b1001 %
12
b1001 6

#25710000
0!
02

#25715000
1!
b1010 %
12
b1010 6

#25720000
0!
02

#25725000
1!
b1011 %
12
b1011 6

#25730000
0!
02

#25735000
1!
b1100 %
12
b1100 6

#25740000
0!
02

#25745000
1!
b1101 %
12
b1101 6

#25750000
0!
02

#25755000
1!
b1110 %
12
b1110 6

#25760000
0!
02

#25765000
1!
b1111 %
12
b1111 6

#25770000
0!
02

#25775000
1!
b0 %
12
b0 6

#25780000
0!
02

#25785000
1!
b1 %
12
b1 6

#25790000
0!
02

#25795000
1!
b10 %
12
b10 6

#25800000
0!
02

#25805000
1!
b11 %
12
b11 6

#25810000
0!
02

#25815000
1!
b100 %
12
b100 6

#25820000
0!
02

#25825000
1!
b101 %
12
b101 6

#25830000
0!
02

#25835000
1!
b110 %
12
b110 6

#25840000
0!
02

#25845000
1!
b111 %
12
b111 6

#25850000
0!
02

#25855000
1!
b1000 %
12
b1000 6

#25860000
0!
02

#25865000
1!
b1001 %
12
b1001 6

#25870000
0!
02

#25875000
1!
b1010 %
12
b1010 6

#25880000
0!
02

#25885000
1!
b1011 %
12
b1011 6

#25890000
0!
02

#25895000
1!
b1100 %
12
b1100 6

#25900000
0!
02

#25905000
1!
b1101 %
12
b1101 6

#25910000
0!
02

#25915000
1!
b1110 %
12
b1110 6

#25920000
0!
02

#25925000
1!
b1111 %
12
b1111 6

#25930000
0!
02

#25935000
1!
b0 %
12
b0 6

#25940000
0!
02

#25945000
1!
b1 %
12
b1 6

#25950000
0!
02

#25955000
1!
b10 %
12
b10 6

#25960000
0!
02

#25965000
1!
b11 %
12
b11 6

#25970000
0!
02

#25975000
1!
b100 %
12
b100 6

#25980000
0!
02

#25985000
1!
b101 %
12
b101 6

#25990000
0!
02

#25995000
1!
b110 %
12
b110 6

#26000000
0!
02

#26005000
1!
b111 %
12
b111 6

#26010000
0!
02

#26015000
1!
b1000 %
12
b1000 6

#26020000
0!
02

#26025000
1!
b1001 %
12
b1001 6

#26030000
0!
02

#26035000
1!
b1010 %
12
b1010 6

#26040000
0!
02

#26045000
1!
b1011 %
12
b1011 6

#26050000
0!
02

#26055000
1!
b1100 %
12
b1100 6

#26060000
0!
02

#26065000
1!
b1101 %
12
b1101 6

#26070000
0!
02

#26075000
1!
b1110 %
12
b1110 6

#26080000
0!
02

#26085000
1!
b1111 %
12
b1111 6

#26090000
0!
02

#26095000
1!
b0 %
12
b0 6

#26100000
0!
02

#26105000
1!
b1 %
12
b1 6

#26110000
0!
02

#26115000
1!
b10 %
12
b10 6

#26120000
0!
02

#26125000
1!
b11 %
12
b11 6

#26130000
0!
02

#26135000
1!
b100 %
12
b100 6

#26140000
0!
02

#26145000
1!
b101 %
12
b101 6

#26150000
0!
02

#26155000
1!
b110 %
12
b110 6

#26160000
0!
02

#26165000
1!
b111 %
12
b111 6

#26170000
0!
02

#26175000
1!
b1000 %
12
b1000 6

#26180000
0!
02

#26185000
1!
b1001 %
12
b1001 6

#26190000
0!
02

#26195000
1!
b1010 %
12
b1010 6

#26200000
0!
02

#26205000
1!
b1011 %
12
b1011 6

#26210000
0!
02

#26215000
1!
b1100 %
12
b1100 6

#26220000
0!
02

#26225000
1!
b1101 %
12
b1101 6

#26230000
0!
02

#26235000
1!
b1110 %
12
b1110 6

#26240000
0!
02

#26245000
1!
b1111 %
12
b1111 6

#26250000
0!
02

#26255000
1!
b0 %
12
b0 6

#26260000
0!
02

#26265000
1!
b1 %
12
b1 6

#26270000
0!
02

#26275000
1!
b10 %
12
b10 6

#26280000
0!
02

#26285000
1!
b11 %
12
b11 6

#26290000
0!
02

#26295000
1!
b100 %
12
b100 6

#26300000
0!
02

#26305000
1!
b101 %
12
b101 6

#26310000
0!
02

#26315000
1!
b110 %
12
b110 6

#26320000
0!
02

#26325000
1!
b111 %
12
b111 6

#26330000
0!
02

#26335000
1!
b1000 %
12
b1000 6

#26340000
0!
02

#26345000
1!
b1001 %
12
b1001 6

#26350000
0!
02

#26355000
1!
b1010 %
12
b1010 6

#26360000
0!
02

#26365000
1!
b1011 %
12
b1011 6

#26370000
0!
02

#26375000
1!
b1100 %
12
b1100 6

#26380000
0!
02

#26385000
1!
b1101 %
12
b1101 6

#26390000
0!
02

#26395000
1!
b1110 %
12
b1110 6

#26400000
0!
02

#26405000
1!
b1111 %
12
b1111 6

#26410000
0!
02

#26415000
1!
b0 %
12
b0 6

#26420000
0!
02

#26425000
1!
b1 %
12
b1 6

#26430000
0!
02

#26435000
1!
b10 %
12
b10 6

#26440000
0!
02

#26445000
1!
b11 %
12
b11 6

#26450000
0!
02

#26455000
1!
b100 %
12
b100 6

#26460000
0!
02

#26465000
1!
b101 %
12
b101 6

#26470000
0!
02

#26475000
1!
b110 %
12
b110 6

#26480000
0!
02

#26485000
1!
b111 %
12
b111 6

#26490000
0!
02

#26495000
1!
b1000 %
12
b1000 6

#26500000
0!
02

#26505000
1!
b1001 %
12
b1001 6

#26510000
0!
02

#26515000
1!
b1010 %
12
b1010 6

#26520000
0!
02

#26525000
1!
b1011 %
12
b1011 6

#26530000
0!
02

#26535000
1!
b1100 %
12
b1100 6

#26540000
0!
02

#26545000
1!
b1101 %
12
b1101 6

#26550000
0!
02

#26555000
1!
b1110 %
12
b1110 6

#26560000
0!
02

#26565000
1!
b1111 %
12
b1111 6

#26570000
0!
02

#26575000
1!
b0 %
12
b0 6

#26580000
0!
02

#26585000
1!
b1 %
12
b1 6

#26590000
0!
02

#26595000
1!
b10 %
12
b10 6

#26600000
0!
02

#26605000
1!
b11 %
12
b11 6

#26610000
0!
02

#26615000
1!
b100 %
12
b100 6

#26620000
0!
02

#26625000
1!
b101 %
12
b101 6

#26630000
0!
02

#26635000
1!
b110 %
12
b110 6

#26640000
0!
02

#26645000
1!
b111 %
12
b111 6

#26650000
0!
02

#26655000
1!
b1000 %
12
b1000 6

#26660000
0!
02

#26665000
1!
b1001 %
12
b1001 6

#26670000
0!
02

#26675000
1!
b1010 %
12
b1010 6

#26680000
0!
02

#26685000
1!
b1011 %
12
b1011 6

#26690000
0!
02

#26695000
1!
b1100 %
12
b1100 6

#26700000
0!
02

#26705000
1!
b1101 %
12
b1101 6

#26710000
0!
02

#26715000
1!
b1110 %
12
b1110 6

#26720000
0!
02

#26725000
1!
b1111 %
12
b1111 6

#26730000
0!
02

#26735000
1!
b0 %
12
b0 6

#26740000
0!
02

#26745000
1!
b1 %
12
b1 6

#26750000
0!
02

#26755000
1!
b10 %
12
b10 6

#26760000
0!
02

#26765000
1!
b11 %
12
b11 6

#26770000
0!
02

#26775000
1!
b100 %
12
b100 6

#26780000
0!
02

#26785000
1!
b101 %
12
b101 6

#26790000
0!
02

#26795000
1!
b110 %
12
b110 6

#26800000
0!
02

#26805000
1!
b111 %
12
b111 6

#26810000
0!
02

#26815000
1!
b1000 %
12
b1000 6

#26820000
0!
02

#26825000
1!
b1001 %
12
b1001 6

#26830000
0!
02

#26835000
1!
b1010 %
12
b1010 6

#26840000
0!
02

#26845000
1!
b1011 %
12
b1011 6

#26850000
0!
02

#26855000
1!
b1100 %
12
b1100 6

#26860000
0!
02

#26865000
1!
b1101 %
12
b1101 6

#26870000
0!
02

#26875000
1!
b1110 %
12
b1110 6

#26880000
0!
02

#26885000
1!
b1111 %
12
b1111 6

#26890000
0!
02

#26895000
1!
b0 %
12
b0 6

#26900000
0!
02

#26905000
1!
b1 %
12
b1 6

#26910000
0!
02

#26915000
1!
b10 %
12
b10 6

#26920000
0!
02

#26925000
1!
b11 %
12
b11 6

#26930000
0!
02

#26935000
1!
b100 %
12
b100 6

#26940000
0!
02

#26945000
1!
b101 %
12
b101 6

#26950000
0!
02

#26955000
1!
b110 %
12
b110 6

#26960000
0!
02

#26965000
1!
b111 %
12
b111 6

#26970000
0!
02

#26975000
1!
b1000 %
12
b1000 6

#26980000
0!
02

#26985000
1!
b1001 %
12
b1001 6

#26990000
0!
02

#26995000
1!
b1010 %
12
b1010 6

#27000000
0!
02

#27005000
1!
b1011 %
12
b1011 6

#27010000
0!
02

#27015000
1!
b1100 %
12
b1100 6

#27020000
0!
02

#27025000
1!
b1101 %
12
b1101 6

#27030000
0!
02

#27035000
1!
b1110 %
12
b1110 6

#27040000
0!
02

#27045000
1!
b1111 %
12
b1111 6

#27050000
0!
02

#27055000
1!
b0 %
12
b0 6

#27060000
0!
02

#27065000
1!
b1 %
12
b1 6

#27070000
0!
02

#27075000
1!
b10 %
12
b10 6

#27080000
0!
02

#27085000
1!
b11 %
12
b11 6

#27090000
0!
02

#27095000
1!
b100 %
12
b100 6

#27100000
0!
02

#27105000
1!
b101 %
12
b101 6

#27110000
0!
02

#27115000
1!
b110 %
12
b110 6

#27120000
0!
02

#27125000
1!
b111 %
12
b111 6

#27130000
0!
02

#27135000
1!
b1000 %
12
b1000 6

#27140000
0!
02

#27145000
1!
b1001 %
12
b1001 6

#27150000
0!
02

#27155000
1!
b1010 %
12
b1010 6

#27160000
0!
02

#27165000
1!
b1011 %
12
b1011 6

#27170000
0!
02

#27175000
1!
b1100 %
12
b1100 6

#27180000
0!
02

#27185000
1!
b1101 %
12
b1101 6

#27190000
0!
02

#27195000
1!
b1110 %
12
b1110 6

#27200000
0!
02

#27205000
1!
b1111 %
12
b1111 6

#27210000
0!
02

#27215000
1!
b0 %
12
b0 6

#27220000
0!
02

#27225000
1!
b1 %
12
b1 6

#27230000
0!
02

#27235000
1!
b10 %
12
b10 6

#27240000
0!
02

#27245000
1!
b11 %
12
b11 6

#27250000
0!
02

#27255000
1!
b100 %
12
b100 6

#27260000
0!
02

#27265000
1!
b101 %
12
b101 6

#27270000
0!
02

#27275000
1!
b110 %
12
b110 6

#27280000
0!
02

#27285000
1!
b111 %
12
b111 6

#27290000
0!
02

#27295000
1!
b1000 %
12
b1000 6

#27300000
0!
02

#27305000
1!
b1001 %
12
b1001 6

#27310000
0!
02

#27315000
1!
b1010 %
12
b1010 6

#27320000
0!
02

#27325000
1!
b1011 %
12
b1011 6

#27330000
0!
02

#27335000
1!
b1100 %
12
b1100 6

#27340000
0!
02

#27345000
1!
b1101 %
12
b1101 6

#27350000
0!
02

#27355000
1!
b1110 %
12
b1110 6

#27360000
0!
02

#27365000
1!
b1111 %
12
b1111 6

#27370000
0!
02

#27375000
1!
b0 %
12
b0 6

#27380000
0!
02

#27385000
1!
b1 %
12
b1 6

#27390000
0!
02

#27395000
1!
b10 %
12
b10 6

#27400000
0!
02

#27405000
1!
b11 %
12
b11 6

#27410000
0!
02

#27415000
1!
b100 %
12
b100 6

#27420000
0!
02

#27425000
1!
b101 %
12
b101 6

#27430000
0!
02

#27435000
1!
b110 %
12
b110 6

#27440000
0!
02

#27445000
1!
b111 %
12
b111 6

#27450000
0!
02

#27455000
1!
b1000 %
12
b1000 6

#27460000
0!
02

#27465000
1!
b1001 %
12
b1001 6

#27470000
0!
02

#27475000
1!
b1010 %
12
b1010 6

#27480000
0!
02

#27485000
1!
b1011 %
12
b1011 6

#27490000
0!
02

#27495000
1!
b1100 %
12
b1100 6

#27500000
0!
02

#27505000
1!
b1101 %
12
b1101 6

#27510000
0!
02

#27515000
1!
b1110 %
12
b1110 6

#27520000
0!
02

#27525000
1!
b1111 %
12
b1111 6

#27530000
0!
02

#27535000
1!
b0 %
12
b0 6

#27540000
0!
02

#27545000
1!
b1 %
12
b1 6

#27550000
0!
02

#27555000
1!
b10 %
12
b10 6

#27560000
0!
02

#27565000
1!
b11 %
12
b11 6

#27570000
0!
02

#27575000
1!
b100 %
12
b100 6

#27580000
0!
02

#27585000
1!
b101 %
12
b101 6

#27590000
0!
02

#27595000
1!
b110 %
12
b110 6

#27600000
0!
02

#27605000
1!
b111 %
12
b111 6

#27610000
0!
02

#27615000
1!
b1000 %
12
b1000 6

#27620000
0!
02

#27625000
1!
b1001 %
12
b1001 6

#27630000
0!
02

#27635000
1!
b1010 %
12
b1010 6

#27640000
0!
02

#27645000
1!
b1011 %
12
b1011 6

#27650000
0!
02

#27655000
1!
b1100 %
12
b1100 6

#27660000
0!
02

#27665000
1!
b1101 %
12
b1101 6

#27670000
0!
02

#27675000
1!
b1110 %
12
b1110 6

#27680000
0!
02

#27685000
1!
b1111 %
12
b1111 6

#27690000
0!
02

#27695000
1!
b0 %
12
b0 6

#27700000
0!
02

#27705000
1!
b1 %
12
b1 6

#27710000
0!
02

#27715000
1!
b10 %
12
b10 6

#27720000
0!
02

#27725000
1!
b11 %
12
b11 6

#27730000
0!
02

#27735000
1!
b100 %
12
b100 6

#27740000
0!
02

#27745000
1!
b101 %
12
b101 6

#27750000
0!
02

#27755000
1!
b110 %
12
b110 6

#27760000
0!
02

#27765000
1!
b111 %
12
b111 6

#27770000
0!
02

#27775000
1!
b1000 %
12
b1000 6

#27780000
0!
02

#27785000
1!
b1001 %
12
b1001 6

#27790000
0!
02

#27795000
1!
b1010 %
12
b1010 6

#27800000
0!
02

#27805000
1!
b1011 %
12
b1011 6

#27810000
0!
02

#27815000
1!
b1100 %
12
b1100 6

#27820000
0!
02

#27825000
1!
b1101 %
12
b1101 6

#27830000
0!
02

#27835000
1!
b1110 %
12
b1110 6

#27840000
0!
02

#27845000
1!
b1111 %
12
b1111 6

#27850000
0!
02

#27855000
1!
b0 %
12
b0 6

#27860000
0!
02

#27865000
1!
b1 %
12
b1 6

#27870000
0!
02

#27875000
1!
b10 %
12
b10 6

#27880000
0!
02

#27885000
1!
b11 %
12
b11 6

#27890000
0!
02

#27895000
1!
b100 %
12
b100 6

#27900000
0!
02

#27905000
1!
b101 %
12
b101 6

#27910000
0!
02

#27915000
1!
b110 %
12
b110 6

#27920000
0!
02

#27925000
1!
b111 %
12
b111 6

#27930000
0!
02

#27935000
1!
b1000 %
12
b1000 6

#27940000
0!
02

#27945000
1!
b1001 %
12
b1001 6

#27950000
0!
02

#27955000
1!
b1010 %
12
b1010 6

#27960000
0!
02

#27965000
1!
b1011 %
12
b1011 6

#27970000
0!
02

#27975000
1!
b1100 %
12
b1100 6

#27980000
0!
02

#27985000
1!
b1101 %
12
b1101 6

#27990000
0!
02

#27995000
1!
b1110 %
12
b1110 6

#28000000
0!
02

#28005000
1!
b1111 %
12
b1111 6

#28010000
0!
02

#28015000
1!
b0 %
12
b0 6

#28020000
0!
02

#28025000
1!
b1 %
12
b1 6

#28030000
0!
02

#28035000
1!
b10 %
12
b10 6

#28040000
0!
02

#28045000
1!
b11 %
12
b11 6

#28050000
0!
02

#28055000
1!
b100 %
12
b100 6

#28060000
0!
02

#28065000
1!
b101 %
12
b101 6

#28070000
0!
02

#28075000
1!
b110 %
12
b110 6

#28080000
0!
02

#28085000
1!
b111 %
12
b111 6

#28090000
0!
02

#28095000
1!
b1000 %
12
b1000 6

#28100000
0!
02

#28105000
1!
b1001 %
12
b1001 6

#28110000
0!
02

#28115000
1!
b1010 %
12
b1010 6

#28120000
0!
02

#28125000
1!
b1011 %
12
b1011 6

#28130000
0!
02

#28135000
1!
b1100 %
12
b1100 6

#28140000
0!
02

#28145000
1!
b1101 %
12
b1101 6

#28150000
0!
02

#28155000
1!
b1110 %
12
b1110 6

#28160000
0!
02

#28165000
1!
b1111 %
12
b1111 6

#28170000
0!
02

#28175000
1!
b0 %
12
b0 6

#28180000
0!
02

#28185000
1!
b1 %
12
b1 6

#28190000
0!
02

#28195000
1!
b10 %
12
b10 6

#28200000
0!
02

#28205000
1!
b11 %
12
b11 6

#28210000
0!
02

#28215000
1!
b100 %
12
b100 6

#28220000
0!
02

#28225000
1!
b101 %
12
b101 6

#28230000
0!
02

#28235000
1!
b110 %
12
b110 6

#28240000
0!
02

#28245000
1!
b111 %
12
b111 6

#28250000
0!
02

#28255000
1!
b1000 %
12
b1000 6

#28260000
0!
02

#28265000
1!
b1001 %
12
b1001 6

#28270000
0!
02

#28275000
1!
b1010 %
12
b1010 6

#28280000
0!
02

#28285000
1!
b1011 %
12
b1011 6

#28290000
0!
02

#28295000
1!
b1100 %
12
b1100 6

#28300000
0!
02

#28305000
1!
b1101 %
12
b1101 6

#28310000
0!
02

#28315000
1!
b1110 %
12
b1110 6

#28320000
0!
02

#28325000
1!
b1111 %
12
b1111 6

#28330000
0!
02

#28335000
1!
b0 %
12
b0 6

#28340000
0!
02

#28345000
1!
b1 %
12
b1 6

#28350000
0!
02

#28355000
1!
b10 %
12
b10 6

#28360000
0!
02

#28365000
1!
b11 %
12
b11 6

#28370000
0!
02

#28375000
1!
b100 %
12
b100 6

#28380000
0!
02

#28385000
1!
b101 %
12
b101 6

#28390000
0!
02

#28395000
1!
b110 %
12
b110 6

#28400000
0!
02

#28405000
1!
b111 %
12
b111 6

#28410000
0!
02

#28415000
1!
b1000 %
12
b1000 6

#28420000
0!
02

#28425000
1!
b1001 %
12
b1001 6

#28430000
0!
02

#28435000
1!
b1010 %
12
b1010 6

#28440000
0!
02

#28445000
1!
b1011 %
12
b1011 6

#28450000
0!
02

#28455000
1!
b1100 %
12
b1100 6

#28460000
0!
02

#28465000
1!
b1101 %
12
b1101 6

#28470000
0!
02

#28475000
1!
b1110 %
12
b1110 6

#28480000
0!
02

#28485000
1!
b1111 %
12
b1111 6

#28490000
0!
02

#28495000
1!
b0 %
12
b0 6

#28500000
0!
02

#28505000
1!
b1 %
12
b1 6

#28510000
0!
02

#28515000
1!
b10 %
12
b10 6

#28520000
0!
02

#28525000
1!
b11 %
12
b11 6

#28530000
0!
02

#28535000
1!
b100 %
12
b100 6

#28540000
0!
02

#28545000
1!
b101 %
12
b101 6

#28550000
0!
02

#28555000
1!
b110 %
12
b110 6

#28560000
0!
02

#28565000
1!
b111 %
12
b111 6

#28570000
0!
02

#28575000
1!
b1000 %
12
b1000 6

#28580000
0!
02

#28585000
1!
b1001 %
12
b1001 6

#28590000
0!
02

#28595000
1!
b1010 %
12
b1010 6

#28600000
0!
02

#28605000
1!
b1011 %
12
b1011 6

#28610000
0!
02

#28615000
1!
b1100 %
12
b1100 6

#28620000
0!
02

#28625000
1!
b1101 %
12
b1101 6

#28630000
0!
02

#28635000
1!
b1110 %
12
b1110 6

#28640000
0!
02

#28645000
1!
b1111 %
12
b1111 6

#28650000
0!
02

#28655000
1!
b0 %
12
b0 6

#28660000
0!
02

#28665000
1!
b1 %
12
b1 6

#28670000
0!
02

#28675000
1!
b10 %
12
b10 6

#28680000
0!
02

#28685000
1!
b11 %
12
b11 6

#28690000
0!
02

#28695000
1!
b100 %
12
b100 6

#28700000
0!
02

#28705000
1!
b101 %
12
b101 6

#28710000
0!
02

#28715000
1!
b110 %
12
b110 6

#28720000
0!
02

#28725000
1!
b111 %
12
b111 6

#28730000
0!
02

#28735000
1!
b1000 %
12
b1000 6

#28740000
0!
02

#28745000
1!
b1001 %
12
b1001 6

#28750000
0!
02

#28755000
1!
b1010 %
12
b1010 6

#28760000
0!
02

#28765000
1!
b1011 %
12
b1011 6

#28770000
0!
02

#28775000
1!
b1100 %
12
b1100 6

#28780000
0!
02

#28785000
1!
b1101 %
12
b1101 6

#28790000
0!
02

#28795000
1!
b1110 %
12
b1110 6

#28800000
0!
02

#28805000
1!
b1111 %
12
b1111 6

#28810000
0!
02

#28815000
1!
b0 %
12
b0 6

#28820000
0!
02

#28825000
1!
b1 %
12
b1 6

#28830000
0!
02

#28835000
1!
b10 %
12
b10 6

#28840000
0!
02

#28845000
1!
b11 %
12
b11 6

#28850000
0!
02

#28855000
1!
b100 %
12
b100 6

#28860000
0!
02

#28865000
1!
b101 %
12
b101 6

#28870000
0!
02

#28875000
1!
b110 %
12
b110 6

#28880000
0!
02

#28885000
1!
b111 %
12
b111 6

#28890000
0!
02

#28895000
1!
b1000 %
12
b1000 6

#28900000
0!
02

#28905000
1!
b1001 %
12
b1001 6

#28910000
0!
02

#28915000
1!
b1010 %
12
b1010 6

#28920000
0!
02

#28925000
1!
b1011 %
12
b1011 6

#28930000
0!
02

#28935000
1!
b1100 %
12
b1100 6

#28940000
0!
02

#28945000
1!
b1101 %
12
b1101 6

#28950000
0!
02

#28955000
1!
b1110 %
12
b1110 6

#28960000
0!
02

#28965000
1!
b1111 %
12
b1111 6

#28970000
0!
02

#28975000
1!
b0 %
12
b0 6

#28980000
0!
02

#28985000
1!
b1 %
12
b1 6

#28990000
0!
02

#28995000
1!
b10 %
12
b10 6

#29000000
0!
02

#29005000
1!
b11 %
12
b11 6

#29010000
0!
02

#29015000
1!
b100 %
12
b100 6

#29020000
0!
02

#29025000
1!
b101 %
12
b101 6

#29030000
0!
02

#29035000
1!
b110 %
12
b110 6

#29040000
0!
02

#29045000
1!
b111 %
12
b111 6

#29050000
0!
02

#29055000
1!
b1000 %
12
b1000 6

#29060000
0!
02

#29065000
1!
b1001 %
12
b1001 6

#29070000
0!
02

#29075000
1!
b1010 %
12
b1010 6

#29080000
0!
02

#29085000
1!
b1011 %
12
b1011 6

#29090000
0!
02

#29095000
1!
b1100 %
12
b1100 6

#29100000
0!
02

#29105000
1!
b1101 %
12
b1101 6

#29110000
0!
02

#29115000
1!
b1110 %
12
b1110 6

#29120000
0!
02

#29125000
1!
b1111 %
12
b1111 6

#29130000
0!
02

#29135000
1!
b0 %
12
b0 6

#29140000
0!
02

#29145000
1!
b1 %
12
b1 6

#29150000
0!
02

#29155000
1!
b10 %
12
b10 6

#29160000
0!
02

#29165000
1!
b11 %
12
b11 6

#29170000
0!
02

#29175000
1!
b100 %
12
b100 6

#29180000
0!
02

#29185000
1!
b101 %
12
b101 6

#29190000
0!
02

#29195000
1!
b110 %
12
b110 6

#29200000
0!
02

#29205000
1!
b111 %
12
b111 6

#29210000
0!
02

#29215000
1!
b1000 %
12
b1000 6

#29220000
0!
02

#29225000
1!
b1001 %
12
b1001 6

#29230000
0!
02

#29235000
1!
b1010 %
12
b1010 6

#29240000
0!
02

#29245000
1!
b1011 %
12
b1011 6

#29250000
0!
02

#29255000
1!
b1100 %
12
b1100 6

#29260000
0!
02

#29265000
1!
b1101 %
12
b1101 6

#29270000
0!
02

#29275000
1!
b1110 %
12
b1110 6

#29280000
0!
02

#29285000
1!
b1111 %
12
b1111 6

#29290000
0!
02

#29295000
1!
b0 %
12
b0 6

#29300000
0!
02

#29305000
1!
b1 %
12
b1 6

#29310000
0!
02

#29315000
1!
b10 %
12
b10 6

#29320000
0!
02

#29325000
1!
b11 %
12
b11 6

#29330000
0!
02

#29335000
1!
b100 %
12
b100 6

#29340000
0!
02

#29345000
1!
b101 %
12
b101 6

#29350000
0!
02

#29355000
1!
b110 %
12
b110 6

#29360000
0!
02

#29365000
1!
b111 %
12
b111 6

#29370000
0!
02

#29375000
1!
b1000 %
12
b1000 6

#29380000
0!
02

#29385000
1!
b1001 %
12
b1001 6

#29390000
0!
02

#29395000
1!
b1010 %
12
b1010 6

#29400000
0!
02

#29405000
1!
b1011 %
12
b1011 6

#29410000
0!
02

#29415000
1!
b1100 %
12
b1100 6

#29420000
0!
02

#29425000
1!
b1101 %
12
b1101 6

#29430000
0!
02

#29435000
1!
b1110 %
12
b1110 6

#29440000
0!
02

#29445000
1!
b1111 %
12
b1111 6

#29450000
0!
02

#29455000
1!
b0 %
12
b0 6

#29460000
0!
02

#29465000
1!
b1 %
12
b1 6

#29470000
0!
02

#29475000
1!
b10 %
12
b10 6

#29480000
0!
02

#29485000
1!
b11 %
12
b11 6

#29490000
0!
02

#29495000
1!
b100 %
12
b100 6

#29500000
0!
02

#29505000
1!
b101 %
12
b101 6

#29510000
0!
02

#29515000
1!
b110 %
12
b110 6

#29520000
0!
02

#29525000
1!
b111 %
12
b111 6

#29530000
0!
02

#29535000
1!
b1000 %
12
b1000 6

#29540000
0!
02

#29545000
1!
b1001 %
12
b1001 6

#29550000
0!
02

#29555000
1!
b1010 %
12
b1010 6

#29560000
0!
02

#29565000
1!
b1011 %
12
b1011 6

#29570000
0!
02

#29575000
1!
b1100 %
12
b1100 6

#29580000
0!
02

#29585000
1!
b1101 %
12
b1101 6

#29590000
0!
02

#29595000
1!
b1110 %
12
b1110 6

#29600000
0!
02

#29605000
1!
b1111 %
12
b1111 6

#29610000
0!
02

#29615000
1!
b0 %
12
b0 6

#29620000
0!
02

#29625000
1!
b1 %
12
b1 6

#29630000
0!
02

#29635000
1!
b10 %
12
b10 6

#29640000
0!
02

#29645000
1!
b11 %
12
b11 6

#29650000
0!
02

#29655000
1!
b100 %
12
b100 6

#29660000
0!
02

#29665000
1!
b101 %
12
b101 6

#29670000
0!
02

#29675000
1!
b110 %
12
b110 6

#29680000
0!
02

#29685000
1!
b111 %
12
b111 6

#29690000
0!
02

#29695000
1!
b1000 %
12
b1000 6

#29700000
0!
02

#29705000
1!
b1001 %
12
b1001 6

#29710000
0!
02

#29715000
1!
b1010 %
12
b1010 6

#29720000
0!
02

#29725000
1!
b1011 %
12
b1011 6

#29730000
0!
02

#29735000
1!
b1100 %
12
b1100 6

#29740000
0!
02

#29745000
1!
b1101 %
12
b1101 6

#29750000
0!
02

#29755000
1!
b1110 %
12
b1110 6

#29760000
0!
02

#29765000
1!
b1111 %
12
b1111 6

#29770000
0!
02

#29775000
1!
b0 %
12
b0 6

#29780000
0!
02

#29785000
1!
b1 %
12
b1 6

#29790000
0!
02

#29795000
1!
b10 %
12
b10 6

#29800000
0!
02

#29805000
1!
b11 %
12
b11 6

#29810000
0!
02

#29815000
1!
b100 %
12
b100 6

#29820000
0!
02

#29825000
1!
b101 %
12
b101 6

#29830000
0!
02

#29835000
1!
b110 %
12
b110 6

#29840000
0!
02

#29845000
1!
b111 %
12
b111 6

#29850000
0!
02

#29855000
1!
b1000 %
12
b1000 6

#29860000
0!
02

#29865000
1!
b1001 %
12
b1001 6

#29870000
0!
02

#29875000
1!
b1010 %
12
b1010 6

#29880000
0!
02

#29885000
1!
b1011 %
12
b1011 6

#29890000
0!
02

#29895000
1!
b1100 %
12
b1100 6

#29900000
0!
02

#29905000
1!
b1101 %
12
b1101 6

#29910000
0!
02

#29915000
1!
b1110 %
12
b1110 6

#29920000
0!
02

#29925000
1!
b1111 %
12
b1111 6

#29930000
0!
02

#29935000
1!
b0 %
12
b0 6

#29940000
0!
02

#29945000
1!
b1 %
12
b1 6

#29950000
0!
02

#29955000
1!
b10 %
12
b10 6

#29960000
0!
02

#29965000
1!
b11 %
12
b11 6

#29970000
0!
02

#29975000
1!
b100 %
12
b100 6

#29980000
0!
02

#29985000
1!
b101 %
12
b101 6

#29990000
0!
02

#29995000
1!
b110 %
12
b110 6

#30000000
0!
02

#30005000
1!
b111 %
12
b111 6

#30010000
0!
02

#30015000
1!
b1000 %
12
b1000 6

#30020000
0!
02

#30025000
1!
b1001 %
12
b1001 6

#30030000
0!
02

#30035000
1!
b1010 %
12
b1010 6

#30040000
0!
02

#30045000
1!
b1011 %
12
b1011 6

#30050000
0!
02

#30055000
1!
b1100 %
12
b1100 6

#30060000
0!
02

#30065000
1!
b1101 %
12
b1101 6

#30070000
0!
02

#30075000
1!
b1110 %
12
b1110 6

#30080000
0!
02

#30085000
1!
b1111 %
12
b1111 6

#30090000
0!
02

#30095000
1!
b0 %
12
b0 6

#30100000
0!
02

#30105000
1!
b1 %
12
b1 6

#30110000
0!
02

#30115000
1!
b10 %
12
b10 6

#30120000
0!
02

#30125000
1!
b11 %
12
b11 6

#30130000
0!
02

#30135000
1!
b100 %
12
b100 6

#30140000
0!
02

#30145000
1!
b101 %
12
b101 6

#30150000
0!
02

#30155000
1!
b110 %
12
b110 6

#30160000
0!
02

#30165000
1!
b111 %
12
b111 6

#30170000
0!
02

#30175000
1!
b1000 %
12
b1000 6

#30180000
0!
02

#30185000
1!
b1001 %
12
b1001 6

#30190000
0!
02

#30195000
1!
b1010 %
12
b1010 6

#30200000
0!
02

#30205000
1!
b1011 %
12
b1011 6

#30210000
0!
02

#30215000
1!
b1100 %
12
b1100 6

#30220000
0!
02

#30225000
1!
b1101 %
12
b1101 6

#30230000
0!
02

#30235000
1!
b1110 %
12
b1110 6

#30240000
0!
02

#30245000
1!
b1111 %
12
b1111 6

#30250000
0!
02

#30255000
1!
b0 %
12
b0 6

#30260000
0!
02

#30265000
1!
b1 %
12
b1 6

#30270000
0!
02

#30275000
1!
b10 %
12
b10 6

#30280000
0!
02

#30285000
1!
b11 %
12
b11 6

#30290000
0!
02

#30295000
1!
b100 %
12
b100 6

#30300000
0!
02

#30305000
1!
b101 %
12
b101 6

#30310000
0!
02

#30315000
1!
b110 %
12
b110 6

#30320000
0!
02

#30325000
1!
b111 %
12
b111 6

#30330000
0!
02

#30335000
1!
b1000 %
12
b1000 6

#30340000
0!
02

#30345000
1!
b1001 %
12
b1001 6

#30350000
0!
02

#30355000
1!
b1010 %
12
b1010 6

#30360000
0!
02

#30365000
1!
b1011 %
12
b1011 6

#30370000
0!
02

#30375000
1!
b1100 %
12
b1100 6

#30380000
0!
02

#30385000
1!
b1101 %
12
b1101 6

#30390000
0!
02

#30395000
1!
b1110 %
12
b1110 6

#30400000
0!
02

#30405000
1!
b1111 %
12
b1111 6

#30410000
0!
02

#30415000
1!
b0 %
12
b0 6

#30420000
0!
02

#30425000
1!
b1 %
12
b1 6

#30430000
0!
02

#30435000
1!
b10 %
12
b10 6

#30440000
0!
02

#30445000
1!
b11 %
12
b11 6

#30450000
0!
02

#30455000
1!
b100 %
12
b100 6

#30460000
0!
02

#30465000
1!
b101 %
12
b101 6

#30470000
0!
02

#30475000
1!
b110 %
12
b110 6

#30480000
0!
02

#30485000
1!
b111 %
12
b111 6

#30490000
0!
02

#30495000
1!
b1000 %
12
b1000 6

#30500000
0!
02

#30505000
1!
b1001 %
12
b1001 6

#30510000
0!
02

#30515000
1!
b1010 %
12
b1010 6

#30520000
0!
02

#30525000
1!
b1011 %
12
b1011 6

#30530000
0!
02

#30535000
1!
b1100 %
12
b1100 6

#30540000
0!
02

#30545000
1!
b1101 %
12
b1101 6

#30550000
0!
02

#30555000
1!
b1110 %
12
b1110 6

#30560000
0!
02

#30565000
1!
b1111 %
12
b1111 6

#30570000
0!
02

#30575000
1!
b0 %
12
b0 6

#30580000
0!
02

#30585000
1!
b1 %
12
b1 6

#30590000
0!
02

#30595000
1!
b10 %
12
b10 6

#30600000
0!
02

#30605000
1!
b11 %
12
b11 6

#30610000
0!
02

#30615000
1!
b100 %
12
b100 6

#30620000
0!
02

#30625000
1!
b101 %
12
b101 6

#30630000
0!
02

#30635000
1!
b110 %
12
b110 6

#30640000
0!
02

#30645000
1!
b111 %
12
b111 6

#30650000
0!
02

#30655000
1!
b1000 %
12
b1000 6

#30660000
0!
02

#30665000
1!
b1001 %
12
b1001 6

#30670000
0!
02

#30675000
1!
b1010 %
12
b1010 6

#30680000
0!
02

#30685000
1!
b1011 %
12
b1011 6

#30690000
0!
02

#30695000
1!
b1100 %
12
b1100 6

#30700000
0!
02

#30705000
1!
b1101 %
12
b1101 6

#30710000
0!
02

#30715000
1!
b1110 %
12
b1110 6

#30720000
0!
02

#30725000
1!
b1111 %
12
b1111 6

#30730000
0!
02

#30735000
1!
b0 %
12
b0 6

#30740000
0!
02

#30745000
1!
b1 %
12
b1 6

#30750000
0!
02

#30755000
1!
b10 %
12
b10 6

#30760000
0!
02

#30765000
1!
b11 %
12
b11 6

#30770000
0!
02

#30775000
1!
b100 %
12
b100 6

#30780000
0!
02

#30785000
1!
b101 %
12
b101 6

#30790000
0!
02

#30795000
1!
b110 %
12
b110 6

#30800000
0!
02

#30805000
1!
b111 %
12
b111 6

#30810000
0!
02

#30815000
1!
b1000 %
12
b1000 6

#30820000
0!
02

#30825000
1!
b1001 %
12
b1001 6

#30830000
0!
02

#30835000
1!
b1010 %
12
b1010 6

#30840000
0!
02

#30845000
1!
b1011 %
12
b1011 6

#30850000
0!
02

#30855000
1!
b1100 %
12
b1100 6

#30860000
0!
02

#30865000
1!
b1101 %
12
b1101 6

#30870000
0!
02

#30875000
1!
b1110 %
12
b1110 6

#30880000
0!
02

#30885000
1!
b1111 %
12
b1111 6

#30890000
0!
02

#30895000
1!
b0 %
12
b0 6

#30900000
0!
02

#30905000
1!
b1 %
12
b1 6

#30910000
0!
02

#30915000
1!
b10 %
12
b10 6

#30920000
0!
02

#30925000
1!
b11 %
12
b11 6

#30930000
0!
02

#30935000
1!
b100 %
12
b100 6

#30940000
0!
02

#30945000
1!
b101 %
12
b101 6

#30950000
0!
02

#30955000
1!
b110 %
12
b110 6

#30960000
0!
02

#30965000
1!
b111 %
12
b111 6

#30970000
0!
02

#30975000
1!
b1000 %
12
b1000 6

#30980000
0!
02

#30985000
1!
b1001 %
12
b1001 6

#30990000
0!
02

#30995000
1!
b1010 %
12
b1010 6

#31000000
0!
02

#31005000
1!
b1011 %
12
b1011 6

#31010000
0!
02

#31015000
1!
b1100 %
12
b1100 6

#31020000
0!
02

#31025000
1!
b1101 %
12
b1101 6

#31030000
0!
02

#31035000
1!
b1110 %
12
b1110 6

#31040000
0!
02

#31045000
1!
b1111 %
12
b1111 6

#31050000
0!
02

#31055000
1!
b0 %
12
b0 6

#31060000
0!
02

#31065000
1!
b1 %
12
b1 6

#31070000
0!
02

#31075000
1!
b10 %
12
b10 6

#31080000
0!
02

#31085000
1!
b11 %
12
b11 6

#31090000
0!
02

#31095000
1!
b100 %
12
b100 6

#31100000
0!
02

#31105000
1!
b101 %
12
b101 6

#31110000
0!
02

#31115000
1!
b110 %
12
b110 6

#31120000
0!
02

#31125000
1!
b111 %
12
b111 6

#31130000
0!
02

#31135000
1!
b1000 %
12
b1000 6

#31140000
0!
02

#31145000
1!
b1001 %
12
b1001 6

#31150000
0!
02

#31155000
1!
b1010 %
12
b1010 6

#31160000
0!
02

#31165000
1!
b1011 %
12
b1011 6

#31170000
0!
02

#31175000
1!
b1100 %
12
b1100 6

#31180000
0!
02

#31185000
1!
b1101 %
12
b1101 6

#31190000
0!
02

#31195000
1!
b1110 %
12
b1110 6

#31200000
0!
02

#31205000
1!
b1111 %
12
b1111 6

#31210000
0!
02

#31215000
1!
b0 %
12
b0 6

#31220000
0!
02

#31225000
1!
b1 %
12
b1 6

#31230000
0!
02

#31235000
1!
b10 %
12
b10 6

#31240000
0!
02

#31245000
1!
b11 %
12
b11 6

#31250000
0!
02

#31255000
1!
b100 %
12
b100 6

#31260000
0!
02

#31265000
1!
b101 %
12
b101 6

#31270000
0!
02

#31275000
1!
b110 %
12
b110 6

#31280000
0!
02

#31285000
1!
b111 %
12
b111 6

#31290000
0!
02

#31295000
1!
b1000 %
12
b1000 6

#31300000
0!
02

#31305000
1!
b1001 %
12
b1001 6

#31310000
0!
02

#31315000
1!
b1010 %
12
b1010 6

#31320000
0!
02

#31325000
1!
b1011 %
12
b1011 6

#31330000
0!
02

#31335000
1!
b1100 %
12
b1100 6

#31340000
0!
02

#31345000
1!
b1101 %
12
b1101 6

#31350000
0!
02

#31355000
1!
b1110 %
12
b1110 6

#31360000
0!
02

#31365000
1!
b1111 %
12
b1111 6

#31370000
0!
02

#31375000
1!
b0 %
12
b0 6

#31380000
0!
02

#31385000
1!
b1 %
12
b1 6

#31390000
0!
02

#31395000
1!
b10 %
12
b10 6

#31400000
0!
02

#31405000
1!
b11 %
12
b11 6

#31410000
0!
02

#31415000
1!
b100 %
12
b100 6

#31420000
0!
02

#31425000
1!
b101 %
12
b101 6

#31430000
0!
02

#31435000
1!
b110 %
12
b110 6

#31440000
0!
02

#31445000
1!
b111 %
12
b111 6

#31450000
0!
02

#31455000
1!
b1000 %
12
b1000 6

#31460000
0!
02

#31465000
1!
b1001 %
12
b1001 6

#31470000
0!
02

#31475000
1!
b1010 %
12
b1010 6

#31480000
0!
02

#31485000
1!
b1011 %
12
b1011 6

#31490000
0!
02

#31495000
1!
b1100 %
12
b1100 6

#31500000
0!
02

#31505000
1!
b1101 %
12
b1101 6

#31510000
0!
02

#31515000
1!
b1110 %
12
b1110 6

#31520000
0!
02

#31525000
1!
b1111 %
12
b1111 6

#31530000
0!
02

#31535000
1!
b0 %
12
b0 6

#31540000
0!
02

#31545000
1!
b1 %
12
b1 6

#31550000
0!
02

#31555000
1!
b10 %
12
b10 6

#31560000
0!
02

#31565000
1!
b11 %
12
b11 6

#31570000
0!
02

#31575000
1!
b100 %
12
b100 6

#31580000
0!
02

#31585000
1!
b101 %
12
b101 6

#31590000
0!
02

#31595000
1!
b110 %
12
b110 6

#31600000
0!
02

#31605000
1!
b111 %
12
b111 6

#31610000
0!
02

#31615000
1!
b1000 %
12
b1000 6

#31620000
0!
02

#31625000
1!
b1001 %
12
b1001 6

#31630000
0!
02

#31635000
1!
b1010 %
12
b1010 6

#31640000
0!
02

#31645000
1!
b1011 %
12
b1011 6

#31650000
0!
02

#31655000
1!
b1100 %
12
b1100 6

#31660000
0!
02

#31665000
1!
b1101 %
12
b1101 6

#31670000
0!
02

#31675000
1!
b1110 %
12
b1110 6

#31680000
0!
02

#31685000
1!
b1111 %
12
b1111 6

#31690000
0!
02

#31695000
1!
b0 %
12
b0 6

#31700000
0!
02

#31705000
1!
b1 %
12
b1 6

#31710000
0!
02

#31715000
1!
b10 %
12
b10 6

#31720000
0!
02

#31725000
1!
b11 %
12
b11 6

#31730000
0!
02

#31735000
1!
b100 %
12
b100 6

#31740000
0!
02

#31745000
1!
b101 %
12
b101 6

#31750000
0!
02

#31755000
1!
b110 %
12
b110 6

#31760000
0!
02

#31765000
1!
b111 %
12
b111 6

#31770000
0!
02

#31775000
1!
b1000 %
12
b1000 6

#31780000
0!
02

#31785000
1!
b1001 %
12
b1001 6

#31790000
0!
02

#31795000
1!
b1010 %
12
b1010 6

#31800000
0!
02

#31805000
1!
b1011 %
12
b1011 6

#31810000
0!
02

#31815000
1!
b1100 %
12
b1100 6

#31820000
0!
02

#31825000
1!
b1101 %
12
b1101 6

#31830000
0!
02

#31835000
1!
b1110 %
12
b1110 6

#31840000
0!
02

#31845000
1!
b1111 %
12
b1111 6

#31850000
0!
02

#31855000
1!
b0 %
12
b0 6

#31860000
0!
02

#31865000
1!
b1 %
12
b1 6

#31870000
0!
02

#31875000
1!
b10 %
12
b10 6

#31880000
0!
02

#31885000
1!
b11 %
12
b11 6

#31890000
0!
02

#31895000
1!
b100 %
12
b100 6

#31900000
0!
02

#31905000
1!
b101 %
12
b101 6

#31910000
0!
02

#31915000
1!
b110 %
12
b110 6

#31920000
0!
02

#31925000
1!
b111 %
12
b111 6

#31930000
0!
02

#31935000
1!
b1000 %
12
b1000 6

#31940000
0!
02

#31945000
1!
b1001 %
12
b1001 6

#31950000
0!
02

#31955000
1!
b1010 %
12
b1010 6

#31960000
0!
02

#31965000
1!
b1011 %
12
b1011 6

#31970000
0!
02

#31975000
1!
b1100 %
12
b1100 6

#31980000
0!
02

#31985000
1!
b1101 %
12
b1101 6

#31990000
0!
02

#31995000
1!
b1110 %
12
b1110 6

#32000000
0!
02

#32005000
1!
b1111 %
12
b1111 6

#32010000
0!
02

#32015000
1!
b0 %
12
b0 6

#32020000
0!
02

#32025000
1!
b1 %
12
b1 6

#32030000
0!
02

#32035000
1!
b10 %
12
b10 6

#32040000
0!
02

#32045000
1!
b11 %
12
b11 6

#32050000
0!
02

#32055000
1!
b100 %
12
b100 6

#32060000
0!
02

#32065000
1!
b101 %
12
b101 6

#32070000
0!
02

#32075000
1!
b110 %
12
b110 6

#32080000
0!
02

#32085000
1!
b111 %
12
b111 6

#32090000
0!
02

#32095000
1!
b1000 %
12
b1000 6

#32100000
0!
02

#32105000
1!
b1001 %
12
b1001 6

#32110000
0!
02

#32115000
1!
b1010 %
12
b1010 6

#32120000
0!
02

#32125000
1!
b1011 %
12
b1011 6

#32130000
0!
02

#32135000
1!
b1100 %
12
b1100 6

#32140000
0!
02

#32145000
1!
b1101 %
12
b1101 6

#32150000
0!
02

#32155000
1!
b1110 %
12
b1110 6

#32160000
0!
02

#32165000
1!
b1111 %
12
b1111 6

#32170000
0!
02

#32175000
1!
b0 %
12
b0 6

#32180000
0!
02

#32185000
1!
b1 %
12
b1 6

#32190000
0!
02

#32195000
1!
b10 %
12
b10 6

#32200000
0!
02

#32205000
1!
b11 %
12
b11 6

#32210000
0!
02

#32215000
1!
b100 %
12
b100 6

#32220000
0!
02

#32225000
1!
b101 %
12
b101 6

#32230000
0!
02

#32235000
1!
b110 %
12
b110 6

#32240000
0!
02

#32245000
1!
b111 %
12
b111 6

#32250000
0!
02

#32255000
1!
b1000 %
12
b1000 6

#32260000
0!
02

#32265000
1!
b1001 %
12
b1001 6

#32270000
0!
02

#32275000
1!
b1010 %
12
b1010 6

#32280000
0!
02

#32285000
1!
b1011 %
12
b1011 6

#32290000
0!
02

#32295000
1!
b1100 %
12
b1100 6

#32300000
0!
02

#32305000
1!
b1101 %
12
b1101 6

#32310000
0!
02

#32315000
1!
b1110 %
12
b1110 6

#32320000
0!
02

#32325000
1!
b1111 %
12
b1111 6

#32330000
0!
02

#32335000
1!
b0 %
12
b0 6

#32340000
0!
02

#32345000
1!
b1 %
12
b1 6

#32350000
0!
02

#32355000
1!
b10 %
12
b10 6

#32360000
0!
02

#32365000
1!
b11 %
12
b11 6

#32370000
0!
02

#32375000
1!
b100 %
12
b100 6

#32380000
0!
02

#32385000
1!
b101 %
12
b101 6

#32390000
0!
02

#32395000
1!
b110 %
12
b110 6

#32400000
0!
02

#32405000
1!
b111 %
12
b111 6

#32410000
0!
02

#32415000
1!
b1000 %
12
b1000 6

#32420000
0!
02

#32425000
1!
b1001 %
12
b1001 6

#32430000
0!
02

#32435000
1!
b1010 %
12
b1010 6

#32440000
0!
02

#32445000
1!
b1011 %
12
b1011 6

#32450000
0!
02

#32455000
1!
b1100 %
12
b1100 6

#32460000
0!
02

#32465000
1!
b1101 %
12
b1101 6

#32470000
0!
02

#32475000
1!
b1110 %
12
b1110 6

#32480000
0!
02

#32485000
1!
b1111 %
12
b1111 6

#32490000
0!
02

#32495000
1!
b0 %
12
b0 6

#32500000
0!
02

#32505000
1!
b1 %
12
b1 6

#32510000
0!
02

#32515000
1!
b10 %
12
b10 6

#32520000
0!
02

#32525000
1!
b11 %
12
b11 6

#32530000
0!
02

#32535000
1!
b100 %
12
b100 6

#32540000
0!
02

#32545000
1!
b101 %
12
b101 6

#32550000
0!
02

#32555000
1!
b110 %
12
b110 6

#32560000
0!
02

#32565000
1!
b111 %
12
b111 6

#32570000
0!
02

#32575000
1!
b1000 %
12
b1000 6

#32580000
0!
02

#32585000
1!
b1001 %
12
b1001 6

#32590000
0!
02

#32595000
1!
b1010 %
12
b1010 6

#32600000
0!
02

#32605000
1!
b1011 %
12
b1011 6

#32610000
0!
02

#32615000
1!
b1100 %
12
b1100 6

#32620000
0!
02

#32625000
1!
b1101 %
12
b1101 6

#32630000
0!
02

#32635000
1!
b1110 %
12
b1110 6

#32640000
0!
02

#32645000
1!
b1111 %
12
b1111 6

#32650000
0!
02

#32655000
1!
b0 %
12
b0 6

#32660000
0!
02

#32665000
1!
b1 %
12
b1 6

#32670000
0!
02

#32675000
1!
b10 %
12
b10 6

#32680000
0!
02

#32685000
1!
b11 %
12
b11 6

#32690000
0!
02

#32695000
1!
b100 %
12
b100 6

#32700000
0!
02

#32705000
1!
b101 %
12
b101 6

#32710000
0!
02

#32715000
1!
b110 %
12
b110 6

#32720000
0!
02

#32725000
1!
b111 %
12
b111 6

#32730000
0!
02

#32735000
1!
b1000 %
12
b1000 6

#32740000
0!
02

#32745000
1!
b1001 %
12
b1001 6

#32750000
0!
02

#32755000
1!
b1010 %
12
b1010 6

#32760000
0!
02

#32765000
1!
b1011 %
12
b1011 6

#32770000
0!
02

#32775000
1!
b1100 %
12
b1100 6

#32780000
0!
02

#32785000
1!
b1101 %
12
b1101 6

#32790000
0!
02

#32795000
1!
b1110 %
12
b1110 6

#32800000
0!
02

#32805000
1!
b1111 %
12
b1111 6

#32810000
0!
02

#32815000
1!
b0 %
12
b0 6

#32820000
0!
02

#32825000
1!
b1 %
12
b1 6

#32830000
0!
02

#32835000
1!
b10 %
12
b10 6

#32840000
0!
02

#32845000
1!
b11 %
12
b11 6

#32850000
0!
02

#32855000
1!
b100 %
12
b100 6

#32860000
0!
02

#32865000
1!
b101 %
12
b101 6

#32870000
0!
02

#32875000
1!
b110 %
12
b110 6

#32880000
0!
02

#32885000
1!
b111 %
12
b111 6

#32890000
0!
02

#32895000
1!
b1000 %
12
b1000 6

#32900000
0!
02

#32905000
1!
b1001 %
12
b1001 6

#32910000
0!
02

#32915000
1!
b1010 %
12
b1010 6

#32920000
0!
02

#32925000
1!
b1011 %
12
b1011 6

#32930000
0!
02

#32935000
1!
b1100 %
12
b1100 6

#32940000
0!
02

#32945000
1!
b1101 %
12
b1101 6

#32950000
0!
02

#32955000
1!
b1110 %
12
b1110 6

#32960000
0!
02

#32965000
1!
b1111 %
12
b1111 6

#32970000
0!
02

#32975000
1!
b0 %
12
b0 6

#32980000
0!
02

#32985000
1!
b1 %
12
b1 6

#32990000
0!
02

#32995000
1!
b10 %
12
b10 6

#33000000
0!
02

#33005000
1!
b11 %
12
b11 6

#33010000
0!
02

#33015000
1!
b100 %
12
b100 6

#33020000
0!
02

#33025000
1!
b101 %
12
b101 6

#33030000
0!
02

#33035000
1!
b110 %
12
b110 6

#33040000
0!
02

#33045000
1!
b111 %
12
b111 6

#33050000
0!
02

#33055000
1!
b1000 %
12
b1000 6

#33060000
0!
02

#33065000
1!
b1001 %
12
b1001 6

#33070000
0!
02

#33075000
1!
b1010 %
12
b1010 6

#33080000
0!
02

#33085000
1!
b1011 %
12
b1011 6

#33090000
0!
02

#33095000
1!
b1100 %
12
b1100 6

#33100000
0!
02

#33105000
1!
b1101 %
12
b1101 6

#33110000
0!
02

#33115000
1!
b1110 %
12
b1110 6

#33120000
0!
02

#33125000
1!
b1111 %
12
b1111 6

#33130000
0!
02

#33135000
1!
b0 %
12
b0 6

#33140000
0!
02

#33145000
1!
b1 %
12
b1 6

#33150000
0!
02

#33155000
1!
b10 %
12
b10 6

#33160000
0!
02

#33165000
1!
b11 %
12
b11 6

#33170000
0!
02

#33175000
1!
b100 %
12
b100 6

#33180000
0!
02

#33185000
1!
b101 %
12
b101 6

#33190000
0!
02

#33195000
1!
b110 %
12
b110 6

#33200000
0!
02

#33205000
1!
b111 %
12
b111 6

#33210000
0!
02

#33215000
1!
b1000 %
12
b1000 6

#33220000
0!
02

#33225000
1!
b1001 %
12
b1001 6

#33230000
0!
02

#33235000
1!
b1010 %
12
b1010 6

#33240000
0!
02

#33245000
1!
b1011 %
12
b1011 6

#33250000
0!
02

#33255000
1!
b1100 %
12
b1100 6

#33260000
0!
02

#33265000
1!
b1101 %
12
b1101 6

#33270000
0!
02

#33275000
1!
b1110 %
12
b1110 6

#33280000
0!
02

#33285000
1!
b1111 %
12
b1111 6

#33290000
0!
02

#33295000
1!
b0 %
12
b0 6

#33300000
0!
02

#33305000
1!
b1 %
12
b1 6

#33310000
0!
02

#33315000
1!
b10 %
12
b10 6

#33320000
0!
02

#33325000
1!
b11 %
12
b11 6

#33330000
0!
02

#33335000
1!
b100 %
12
b100 6

#33340000
0!
02

#33345000
1!
b101 %
12
b101 6

#33350000
0!
02

#33355000
1!
b110 %
12
b110 6

#33360000
0!
02

#33365000
1!
b111 %
12
b111 6

#33370000
0!
02

#33375000
1!
b1000 %
12
b1000 6

#33380000
0!
02

#33385000
1!
b1001 %
12
b1001 6

#33390000
0!
02

#33395000
1!
b1010 %
12
b1010 6

#33400000
0!
02

#33405000
1!
b1011 %
12
b1011 6

#33410000
0!
02

#33415000
1!
b1100 %
12
b1100 6

#33420000
0!
02

#33425000
1!
b1101 %
12
b1101 6

#33430000
0!
02

#33435000
1!
b1110 %
12
b1110 6

#33440000
0!
02

#33445000
1!
b1111 %
12
b1111 6

#33450000
0!
02

#33455000
1!
b0 %
12
b0 6

#33460000
0!
02

#33465000
1!
b1 %
12
b1 6

#33470000
0!
02

#33475000
1!
b10 %
12
b10 6

#33480000
0!
02

#33485000
1!
b11 %
12
b11 6

#33490000
0!
02

#33495000
1!
b100 %
12
b100 6

#33500000
0!
02

#33505000
1!
b101 %
12
b101 6

#33510000
0!
02

#33515000
1!
b110 %
12
b110 6

#33520000
0!
02

#33525000
1!
b111 %
12
b111 6

#33530000
0!
02

#33535000
1!
b1000 %
12
b1000 6

#33540000
0!
02

#33545000
1!
b1001 %
12
b1001 6

#33550000
0!
02

#33555000
1!
b1010 %
12
b1010 6

#33560000
0!
02

#33565000
1!
b1011 %
12
b1011 6

#33570000
0!
02

#33575000
1!
b1100 %
12
b1100 6

#33580000
0!
02

#33585000
1!
b1101 %
12
b1101 6

#33590000
0!
02

#33595000
1!
b1110 %
12
b1110 6

#33600000
0!
02

#33605000
1!
b1111 %
12
b1111 6

#33610000
0!
02

#33615000
1!
b0 %
12
b0 6

#33620000
0!
02

#33625000
1!
b1 %
12
b1 6

#33630000
0!
02

#33635000
1!
b10 %
12
b10 6

#33640000
0!
02

#33645000
1!
b11 %
12
b11 6

#33650000
0!
02

#33655000
1!
b100 %
12
b100 6

#33660000
0!
02

#33665000
1!
b101 %
12
b101 6

#33670000
0!
02

#33675000
1!
b110 %
12
b110 6

#33680000
0!
02

#33685000
1!
b111 %
12
b111 6

#33690000
0!
02

#33695000
1!
b1000 %
12
b1000 6

#33700000
0!
02

#33705000
1!
b1001 %
12
b1001 6

#33710000
0!
02

#33715000
1!
b1010 %
12
b1010 6

#33720000
0!
02

#33725000
1!
b1011 %
12
b1011 6

#33730000
0!
02

#33735000
1!
b1100 %
12
b1100 6

#33740000
0!
02

#33745000
1!
b1101 %
12
b1101 6

#33750000
0!
02

#33755000
1!
b1110 %
12
b1110 6

#33760000
0!
02

#33765000
1!
b1111 %
12
b1111 6

#33770000
0!
02

#33775000
1!
b0 %
12
b0 6

#33780000
0!
02

#33785000
1!
b1 %
12
b1 6

#33790000
0!
02

#33795000
1!
b10 %
12
b10 6

#33800000
0!
02

#33805000
1!
b11 %
12
b11 6

#33810000
0!
02

#33815000
1!
b100 %
12
b100 6

#33820000
0!
02

#33825000
1!
b101 %
12
b101 6

#33830000
0!
02

#33835000
1!
b110 %
12
b110 6

#33840000
0!
02

#33845000
1!
b111 %
12
b111 6

#33850000
0!
02

#33855000
1!
b1000 %
12
b1000 6

#33860000
0!
02

#33865000
1!
b1001 %
12
b1001 6

#33870000
0!
02

#33875000
1!
b1010 %
12
b1010 6

#33880000
0!
02

#33885000
1!
b1011 %
12
b1011 6

#33890000
0!
02

#33895000
1!
b1100 %
12
b1100 6

#33900000
0!
02

#33905000
1!
b1101 %
12
b1101 6

#33910000
0!
02

#33915000
1!
b1110 %
12
b1110 6

#33920000
0!
02

#33925000
1!
b1111 %
12
b1111 6

#33930000
0!
02

#33935000
1!
b0 %
12
b0 6

#33940000
0!
02

#33945000
1!
b1 %
12
b1 6

#33950000
0!
02

#33955000
1!
b10 %
12
b10 6

#33960000
0!
02

#33965000
1!
b11 %
12
b11 6

#33970000
0!
02

#33975000
1!
b100 %
12
b100 6

#33980000
0!
02

#33985000
1!
b101 %
12
b101 6

#33990000
0!
02

#33995000
1!
b110 %
12
b110 6

#34000000
0!
02

#34005000
1!
b111 %
12
b111 6

#34010000
0!
02

#34015000
1!
b1000 %
12
b1000 6

#34020000
0!
02

#34025000
1!
b1001 %
12
b1001 6

#34030000
0!
02

#34035000
1!
b1010 %
12
b1010 6

#34040000
0!
02

#34045000
1!
b1011 %
12
b1011 6

#34050000
0!
02

#34055000
1!
b1100 %
12
b1100 6

#34060000
0!
02

#34065000
1!
b1101 %
12
b1101 6

#34070000
0!
02

#34075000
1!
b1110 %
12
b1110 6

#34080000
0!
02

#34085000
1!
b1111 %
12
b1111 6

#34090000
0!
02

#34095000
1!
b0 %
12
b0 6

#34100000
0!
02

#34105000
1!
b1 %
12
b1 6

#34110000
0!
02

#34115000
1!
b10 %
12
b10 6

#34120000
0!
02

#34125000
1!
b11 %
12
b11 6

#34130000
0!
02

#34135000
1!
b100 %
12
b100 6

#34140000
0!
02

#34145000
1!
b101 %
12
b101 6

#34150000
0!
02

#34155000
1!
b110 %
12
b110 6

#34160000
0!
02

#34165000
1!
b111 %
12
b111 6

#34170000
0!
02

#34175000
1!
b1000 %
12
b1000 6

#34180000
0!
02

#34185000
1!
b1001 %
12
b1001 6

#34190000
0!
02

#34195000
1!
b1010 %
12
b1010 6

#34200000
0!
02

#34205000
1!
b1011 %
12
b1011 6

#34210000
0!
02

#34215000
1!
b1100 %
12
b1100 6

#34220000
0!
02

#34225000
1!
b1101 %
12
b1101 6

#34230000
0!
02

#34235000
1!
b1110 %
12
b1110 6

#34240000
0!
02

#34245000
1!
b1111 %
12
b1111 6

#34250000
0!
02

#34255000
1!
b0 %
12
b0 6

#34260000
0!
02

#34265000
1!
b1 %
12
b1 6

#34270000
0!
02

#34275000
1!
b10 %
12
b10 6

#34280000
0!
02

#34285000
1!
b11 %
12
b11 6

#34290000
0!
02

#34295000
1!
b100 %
12
b100 6

#34300000
0!
02

#34305000
1!
b101 %
12
b101 6

#34310000
0!
02

#34315000
1!
b110 %
12
b110 6

#34320000
0!
02

#34325000
1!
b111 %
12
b111 6

#34330000
0!
02

#34335000
1!
b1000 %
12
b1000 6

#34340000
0!
02

#34345000
1!
b1001 %
12
b1001 6

#34350000
0!
02

#34355000
1!
b1010 %
12
b1010 6

#34360000
0!
02

#34365000
1!
b1011 %
12
b1011 6

#34370000
0!
02

#34375000
1!
b1100 %
12
b1100 6

#34380000
0!
02

#34385000
1!
b1101 %
12
b1101 6

#34390000
0!
02

#34395000
1!
b1110 %
12
b1110 6

#34400000
0!
02

#34405000
1!
b1111 %
12
b1111 6

#34410000
0!
02

#34415000
1!
b0 %
12
b0 6

#34420000
0!
02

#34425000
1!
b1 %
12
b1 6

#34430000
0!
02

#34435000
1!
b10 %
12
b10 6

#34440000
0!
02

#34445000
1!
b11 %
12
b11 6

#34450000
0!
02

#34455000
1!
b100 %
12
b100 6

#34460000
0!
02

#34465000
1!
b101 %
12
b101 6

#34470000
0!
02

#34475000
1!
b110 %
12
b110 6

#34480000
0!
02

#34485000
1!
b111 %
12
b111 6

#34490000
0!
02

#34495000
1!
b1000 %
12
b1000 6

#34500000
0!
02

#34505000
1!
b1001 %
12
b1001 6

#34510000
0!
02

#34515000
1!
b1010 %
12
b1010 6

#34520000
0!
02

#34525000
1!
b1011 %
12
b1011 6

#34530000
0!
02

#34535000
1!
b1100 %
12
b1100 6

#34540000
0!
02

#34545000
1!
b1101 %
12
b1101 6

#34550000
0!
02

#34555000
1!
b1110 %
12
b1110 6

#34560000
0!
02

#34565000
1!
b1111 %
12
b1111 6

#34570000
0!
02

#34575000
1!
b0 %
12
b0 6

#34580000
0!
02

#34585000
1!
b1 %
12
b1 6

#34590000
0!
02

#34595000
1!
b10 %
12
b10 6

#34600000
0!
02

#34605000
1!
b11 %
12
b11 6

#34610000
0!
02

#34615000
1!
b100 %
12
b100 6

#34620000
0!
02

#34625000
1!
b101 %
12
b101 6

#34630000
0!
02

#34635000
1!
b110 %
12
b110 6

#34640000
0!
02

#34645000
1!
b111 %
12
b111 6

#34650000
0!
02

#34655000
1!
b1000 %
12
b1000 6

#34660000
0!
02

#34665000
1!
b1001 %
12
b1001 6

#34670000
0!
02

#34675000
1!
b1010 %
12
b1010 6

#34680000
0!
02

#34685000
1!
b1011 %
12
b1011 6

#34690000
0!
02

#34695000
1!
b1100 %
12
b1100 6

#34700000
0!
02

#34705000
1!
b1101 %
12
b1101 6

#34710000
0!
02

#34715000
1!
b1110 %
12
b1110 6

#34720000
0!
02

#34725000
1!
b1111 %
12
b1111 6

#34730000
0!
02

#34735000
1!
b0 %
12
b0 6

#34740000
0!
02

#34745000
1!
b1 %
12
b1 6

#34750000
0!
02

#34755000
1!
b10 %
12
b10 6

#34760000
0!
02

#34765000
1!
b11 %
12
b11 6

#34770000
0!
02

#34775000
1!
b100 %
12
b100 6

#34780000
0!
02

#34785000
1!
b101 %
12
b101 6

#34790000
0!
02

#34795000
1!
b110 %
12
b110 6

#34800000
0!
02

#34805000
1!
b111 %
12
b111 6

#34810000
0!
02

#34815000
1!
b1000 %
12
b1000 6

#34820000
0!
02

#34825000
1!
b1001 %
12
b1001 6

#34830000
0!
02

#34835000
1!
b1010 %
12
b1010 6

#34840000
0!
02

#34845000
1!
b1011 %
12
b1011 6

#34850000
0!
02

#34855000
1!
b1100 %
12
b1100 6

#34860000
0!
02

#34865000
1!
b1101 %
12
b1101 6

#34870000
0!
02

#34875000
1!
b1110 %
12
b1110 6

#34880000
0!
02

#34885000
1!
b1111 %
12
b1111 6

#34890000
0!
02

#34895000
1!
b0 %
12
b0 6

#34900000
0!
02

#34905000
1!
b1 %
12
b1 6

#34910000
0!
02

#34915000
1!
b10 %
12
b10 6

#34920000
0!
02

#34925000
1!
b11 %
12
b11 6

#34930000
0!
02

#34935000
1!
b100 %
12
b100 6

#34940000
0!
02

#34945000
1!
b101 %
12
b101 6

#34950000
0!
02

#34955000
1!
b110 %
12
b110 6

#34960000
0!
02

#34965000
1!
b111 %
12
b111 6

#34970000
0!
02

#34975000
1!
b1000 %
12
b1000 6

#34980000
0!
02

#34985000
1!
b1001 %
12
b1001 6

#34990000
0!
02

#34995000
1!
b1010 %
12
b1010 6

#35000000
0!
02

#35005000
1!
b1011 %
12
b1011 6

#35010000
0!
02

#35015000
1!
b1100 %
12
b1100 6

#35020000
0!
02

#35025000
1!
b1101 %
12
b1101 6

#35030000
0!
02

#35035000
1!
b1110 %
12
b1110 6

#35040000
0!
02

#35045000
1!
b1111 %
12
b1111 6

#35050000
0!
02

#35055000
1!
b0 %
12
b0 6

#35060000
0!
02

#35065000
1!
b1 %
12
b1 6

#35070000
0!
02

#35075000
1!
b10 %
12
b10 6

#35080000
0!
02

#35085000
1!
b11 %
12
b11 6

#35090000
0!
02

#35095000
1!
b100 %
12
b100 6

#35100000
0!
02

#35105000
1!
b101 %
12
b101 6

#35110000
0!
02

#35115000
1!
b110 %
12
b110 6

#35120000
0!
02

#35125000
1!
b111 %
12
b111 6

#35130000
0!
02

#35135000
1!
b1000 %
12
b1000 6

#35140000
0!
02

#35145000
1!
b1001 %
12
b1001 6

#35150000
0!
02

#35155000
1!
b1010 %
12
b1010 6

#35160000
0!
02

#35165000
1!
b1011 %
12
b1011 6

#35170000
0!
02

#35175000
1!
b1100 %
12
b1100 6

#35180000
0!
02

#35185000
1!
b1101 %
12
b1101 6

#35190000
0!
02

#35195000
1!
b1110 %
12
b1110 6

#35200000
0!
02

#35205000
1!
b1111 %
12
b1111 6

#35210000
0!
02

#35215000
1!
b0 %
12
b0 6

#35220000
0!
02

#35225000
1!
b1 %
12
b1 6

#35230000
0!
02

#35235000
1!
b10 %
12
b10 6

#35240000
0!
02

#35245000
1!
b11 %
12
b11 6

#35250000
0!
02

#35255000
1!
b100 %
12
b100 6

#35260000
0!
02

#35265000
1!
b101 %
12
b101 6

#35270000
0!
02

#35275000
1!
b110 %
12
b110 6

#35280000
0!
02

#35285000
1!
b111 %
12
b111 6

#35290000
0!
02

#35295000
1!
b1000 %
12
b1000 6

#35300000
0!
02

#35305000
1!
b1001 %
12
b1001 6

#35310000
0!
02

#35315000
1!
b1010 %
12
b1010 6

#35320000
0!
02

#35325000
1!
b1011 %
12
b1011 6

#35330000
0!
02

#35335000
1!
b1100 %
12
b1100 6

#35340000
0!
02

#35345000
1!
b1101 %
12
b1101 6

#35350000
0!
02

#35355000
1!
b1110 %
12
b1110 6

#35360000
0!
02

#35365000
1!
b1111 %
12
b1111 6

#35370000
0!
02

#35375000
1!
b0 %
12
b0 6

#35380000
0!
02

#35385000
1!
b1 %
12
b1 6

#35390000
0!
02

#35395000
1!
b10 %
12
b10 6

#35400000
0!
02

#35405000
1!
b11 %
12
b11 6

#35410000
0!
02

#35415000
1!
b100 %
12
b100 6

#35420000
0!
02

#35425000
1!
b101 %
12
b101 6

#35430000
0!
02

#35435000
1!
b110 %
12
b110 6

#35440000
0!
02

#35445000
1!
b111 %
12
b111 6

#35450000
0!
02

#35455000
1!
b1000 %
12
b1000 6

#35460000
0!
02

#35465000
1!
b1001 %
12
b1001 6

#35470000
0!
02

#35475000
1!
b1010 %
12
b1010 6

#35480000
0!
02

#35485000
1!
b1011 %
12
b1011 6

#35490000
0!
02

#35495000
1!
b1100 %
12
b1100 6

#35500000
0!
02

#35505000
1!
b1101 %
12
b1101 6

#35510000
0!
02

#35515000
1!
b1110 %
12
b1110 6

#35520000
0!
02

#35525000
1!
b1111 %
12
b1111 6

#35530000
0!
02

#35535000
1!
b0 %
12
b0 6

#35540000
0!
02

#35545000
1!
b1 %
12
b1 6

#35550000
0!
02

#35555000
1!
b10 %
12
b10 6

#35560000
0!
02

#35565000
1!
b11 %
12
b11 6

#35570000
0!
02

#35575000
1!
b100 %
12
b100 6

#35580000
0!
02

#35585000
1!
b101 %
12
b101 6

#35590000
0!
02

#35595000
1!
b110 %
12
b110 6

#35600000
0!
02

#35605000
1!
b111 %
12
b111 6

#35610000
0!
02

#35615000
1!
b1000 %
12
b1000 6

#35620000
0!
02

#35625000
1!
b1001 %
12
b1001 6

#35630000
0!
02

#35635000
1!
b1010 %
12
b1010 6

#35640000
0!
02

#35645000
1!
b1011 %
12
b1011 6

#35650000
0!
02

#35655000
1!
b1100 %
12
b1100 6

#35660000
0!
02

#35665000
1!
b1101 %
12
b1101 6

#35670000
0!
02

#35675000
1!
b1110 %
12
b1110 6

#35680000
0!
02

#35685000
1!
b1111 %
12
b1111 6

#35690000
0!
02

#35695000
1!
b0 %
12
b0 6

#35700000
0!
02

#35705000
1!
b1 %
12
b1 6

#35710000
0!
02

#35715000
1!
b10 %
12
b10 6

#35720000
0!
02

#35725000
1!
b11 %
12
b11 6

#35730000
0!
02

#35735000
1!
b100 %
12
b100 6

#35740000
0!
02

#35745000
1!
b101 %
12
b101 6

#35750000
0!
02

#35755000
1!
b110 %
12
b110 6

#35760000
0!
02

#35765000
1!
b111 %
12
b111 6

#35770000
0!
02

#35775000
1!
b1000 %
12
b1000 6

#35780000
0!
02

#35785000
1!
b1001 %
12
b1001 6

#35790000
0!
02

#35795000
1!
b1010 %
12
b1010 6

#35800000
0!
02

#35805000
1!
b1011 %
12
b1011 6

#35810000
0!
02

#35815000
1!
b1100 %
12
b1100 6

#35820000
0!
02

#35825000
1!
b1101 %
12
b1101 6

#35830000
0!
02

#35835000
1!
b1110 %
12
b1110 6

#35840000
0!
02

#35845000
1!
b1111 %
12
b1111 6

#35850000
0!
02

#35855000
1!
b0 %
12
b0 6

#35860000
0!
02

#35865000
1!
b1 %
12
b1 6

#35870000
0!
02

#35875000
1!
b10 %
12
b10 6

#35880000
0!
02

#35885000
1!
b11 %
12
b11 6

#35890000
0!
02

#35895000
1!
b100 %
12
b100 6

#35900000
0!
02

#35905000
1!
b101 %
12
b101 6

#35910000
0!
02

#35915000
1!
b110 %
12
b110 6

#35920000
0!
02

#35925000
1!
b111 %
12
b111 6

#35930000
0!
02

#35935000
1!
b1000 %
12
b1000 6

#35940000
0!
02

#35945000
1!
b1001 %
12
b1001 6

#35950000
0!
02

#35955000
1!
b1010 %
12
b1010 6

#35960000
0!
02

#35965000
1!
b1011 %
12
b1011 6

#35970000
0!
02

#35975000
1!
b1100 %
12
b1100 6

#35980000
0!
02

#35985000
1!
b1101 %
12
b1101 6

#35990000
0!
02

#35995000
1!
b1110 %
12
b1110 6

#36000000
0!
02

#36005000
1!
b1111 %
12
b1111 6

#36010000
0!
02

#36015000
1!
b0 %
12
b0 6

#36020000
0!
02

#36025000
1!
b1 %
12
b1 6

#36030000
0!
02

#36035000
1!
b10 %
12
b10 6

#36040000
0!
02

#36045000
1!
b11 %
12
b11 6

#36050000
0!
02

#36055000
1!
b100 %
12
b100 6

#36060000
0!
02

#36065000
1!
b101 %
12
b101 6

#36070000
0!
02

#36075000
1!
b110 %
12
b110 6

#36080000
0!
02

#36085000
1!
b111 %
12
b111 6

#36090000
0!
02

#36095000
1!
b1000 %
12
b1000 6

#36100000
0!
02

#36105000
1!
b1001 %
12
b1001 6

#36110000
0!
02

#36115000
1!
b1010 %
12
b1010 6

#36120000
0!
02

#36125000
1!
b1011 %
12
b1011 6

#36130000
0!
02

#36135000
1!
b1100 %
12
b1100 6

#36140000
0!
02

#36145000
1!
b1101 %
12
b1101 6

#36150000
0!
02

#36155000
1!
b1110 %
12
b1110 6

#36160000
0!
02

#36165000
1!
b1111 %
12
b1111 6

#36170000
0!
02

#36175000
1!
b0 %
12
b0 6

#36180000
0!
02

#36185000
1!
b1 %
12
b1 6

#36190000
0!
02

#36195000
1!
b10 %
12
b10 6

#36200000
0!
02

#36205000
1!
b11 %
12
b11 6

#36210000
0!
02

#36215000
1!
b100 %
12
b100 6

#36220000
0!
02

#36225000
1!
b101 %
12
b101 6

#36230000
0!
02

#36235000
1!
b110 %
12
b110 6

#36240000
0!
02

#36245000
1!
b111 %
12
b111 6

#36250000
0!
02

#36255000
1!
b1000 %
12
b1000 6

#36260000
0!
02

#36265000
1!
b1001 %
12
b1001 6

#36270000
0!
02

#36275000
1!
b1010 %
12
b1010 6

#36280000
0!
02

#36285000
1!
b1011 %
12
b1011 6

#36290000
0!
02

#36295000
1!
b1100 %
12
b1100 6

#36300000
0!
02

#36305000
1!
b1101 %
12
b1101 6

#36310000
0!
02

#36315000
1!
b1110 %
12
b1110 6

#36320000
0!
02

#36325000
1!
b1111 %
12
b1111 6

#36330000
0!
02

#36335000
1!
b0 %
12
b0 6

#36340000
0!
02

#36345000
1!
b1 %
12
b1 6

#36350000
0!
02

#36355000
1!
b10 %
12
b10 6

#36360000
0!
02

#36365000
1!
b11 %
12
b11 6

#36370000
0!
02

#36375000
1!
b100 %
12
b100 6

#36380000
0!
02

#36385000
1!
b101 %
12
b101 6

#36390000
0!
02

#36395000
1!
b110 %
12
b110 6

#36400000
0!
02

#36405000
1!
b111 %
12
b111 6

#36410000
0!
02

#36415000
1!
b1000 %
12
b1000 6

#36420000
0!
02

#36425000
1!
b1001 %
12
b1001 6

#36430000
0!
02

#36435000
1!
b1010 %
12
b1010 6

#36440000
0!
02

#36445000
1!
b1011 %
12
b1011 6

#36450000
0!
02

#36455000
1!
b1100 %
12
b1100 6

#36460000
0!
02

#36465000
1!
b1101 %
12
b1101 6

#36470000
0!
02

#36475000
1!
b1110 %
12
b1110 6

#36480000
0!
02

#36485000
1!
b1111 %
12
b1111 6

#36490000
0!
02

#36495000
1!
b0 %
12
b0 6

#36500000
0!
02

#36505000
1!
b1 %
12
b1 6

#36510000
0!
02

#36515000
1!
b10 %
12
b10 6

#36520000
0!
02

#36525000
1!
b11 %
12
b11 6

#36530000
0!
02

#36535000
1!
b100 %
12
b100 6

#36540000
0!
02

#36545000
1!
b101 %
12
b101 6

#36550000
0!
02

#36555000
1!
b110 %
12
b110 6

#36560000
0!
02

#36565000
1!
b111 %
12
b111 6

#36570000
0!
02

#36575000
1!
b1000 %
12
b1000 6

#36580000
0!
02

#36585000
1!
b1001 %
12
b1001 6

#36590000
0!
02

#36595000
1!
b1010 %
12
b1010 6

#36600000
0!
02

#36605000
1!
b1011 %
12
b1011 6

#36610000
0!
02

#36615000
1!
b1100 %
12
b1100 6

#36620000
0!
02

#36625000
1!
b1101 %
12
b1101 6

#36630000
0!
02

#36635000
1!
b1110 %
12
b1110 6

#36640000
0!
02

#36645000
1!
b1111 %
12
b1111 6

#36650000
0!
02

#36655000
1!
b0 %
12
b0 6

#36660000
0!
02

#36665000
1!
b1 %
12
b1 6

#36670000
0!
02

#36675000
1!
b10 %
12
b10 6

#36680000
0!
02

#36685000
1!
b11 %
12
b11 6

#36690000
0!
02

#36695000
1!
b100 %
12
b100 6

#36700000
0!
02

#36705000
1!
b101 %
12
b101 6

#36710000
0!
02

#36715000
1!
b110 %
12
b110 6

#36720000
0!
02

#36725000
1!
b111 %
12
b111 6

#36730000
0!
02

#36735000
1!
b1000 %
12
b1000 6

#36740000
0!
02

#36745000
1!
b1001 %
12
b1001 6

#36750000
0!
02

#36755000
1!
b1010 %
12
b1010 6

#36760000
0!
02

#36765000
1!
b1011 %
12
b1011 6

#36770000
0!
02

#36775000
1!
b1100 %
12
b1100 6

#36780000
0!
02

#36785000
1!
b1101 %
12
b1101 6

#36790000
0!
02

#36795000
1!
b1110 %
12
b1110 6

#36800000
0!
02

#36805000
1!
b1111 %
12
b1111 6

#36810000
0!
02

#36815000
1!
b0 %
12
b0 6

#36820000
0!
02

#36825000
1!
b1 %
12
b1 6

#36830000
0!
02

#36835000
1!
b10 %
12
b10 6

#36840000
0!
02

#36845000
1!
b11 %
12
b11 6

#36850000
0!
02

#36855000
1!
b100 %
12
b100 6

#36860000
0!
02

#36865000
1!
b101 %
12
b101 6

#36870000
0!
02

#36875000
1!
b110 %
12
b110 6

#36880000
0!
02

#36885000
1!
b111 %
12
b111 6

#36890000
0!
02

#36895000
1!
b1000 %
12
b1000 6

#36900000
0!
02

#36905000
1!
b1001 %
12
b1001 6

#36910000
0!
02

#36915000
1!
b1010 %
12
b1010 6

#36920000
0!
02

#36925000
1!
b1011 %
12
b1011 6

#36930000
0!
02

#36935000
1!
b1100 %
12
b1100 6

#36940000
0!
02

#36945000
1!
b1101 %
12
b1101 6

#36950000
0!
02

#36955000
1!
b1110 %
12
b1110 6

#36960000
0!
02

#36965000
1!
b1111 %
12
b1111 6

#36970000
0!
02

#36975000
1!
b0 %
12
b0 6

#36980000
0!
02

#36985000
1!
b1 %
12
b1 6

#36990000
0!
02

#36995000
1!
b10 %
12
b10 6

#37000000
0!
02

#37005000
1!
b11 %
12
b11 6

#37010000
0!
02

#37015000
1!
b100 %
12
b100 6

#37020000
0!
02

#37025000
1!
b101 %
12
b101 6

#37030000
0!
02

#37035000
1!
b110 %
12
b110 6

#37040000
0!
02

#37045000
1!
b111 %
12
b111 6

#37050000
0!
02

#37055000
1!
b1000 %
12
b1000 6

#37060000
0!
02

#37065000
1!
b1001 %
12
b1001 6

#37070000
0!
02

#37075000
1!
b1010 %
12
b1010 6

#37080000
0!
02

#37085000
1!
b1011 %
12
b1011 6

#37090000
0!
02

#37095000
1!
b1100 %
12
b1100 6

#37100000
0!
02

#37105000
1!
b1101 %
12
b1101 6

#37110000
0!
02

#37115000
1!
b1110 %
12
b1110 6

#37120000
0!
02

#37125000
1!
b1111 %
12
b1111 6

#37130000
0!
02

#37135000
1!
b0 %
12
b0 6

#37140000
0!
02

#37145000
1!
b1 %
12
b1 6

#37150000
0!
02

#37155000
1!
b10 %
12
b10 6

#37160000
0!
02

#37165000
1!
b11 %
12
b11 6

#37170000
0!
02

#37175000
1!
b100 %
12
b100 6

#37180000
0!
02

#37185000
1!
b101 %
12
b101 6

#37190000
0!
02

#37195000
1!
b110 %
12
b110 6

#37200000
0!
02

#37205000
1!
b111 %
12
b111 6

#37210000
0!
02

#37215000
1!
b1000 %
12
b1000 6

#37220000
0!
02

#37225000
1!
b1001 %
12
b1001 6

#37230000
0!
02

#37235000
1!
b1010 %
12
b1010 6

#37240000
0!
02

#37245000
1!
b1011 %
12
b1011 6

#37250000
0!
02

#37255000
1!
b1100 %
12
b1100 6

#37260000
0!
02

#37265000
1!
b1101 %
12
b1101 6

#37270000
0!
02

#37275000
1!
b1110 %
12
b1110 6

#37280000
0!
02

#37285000
1!
b1111 %
12
b1111 6

#37290000
0!
02

#37295000
1!
b0 %
12
b0 6

#37300000
0!
02

#37305000
1!
b1 %
12
b1 6

#37310000
0!
02

#37315000
1!
b10 %
12
b10 6

#37320000
0!
02

#37325000
1!
b11 %
12
b11 6

#37330000
0!
02

#37335000
1!
b100 %
12
b100 6

#37340000
0!
02

#37345000
1!
b101 %
12
b101 6

#37350000
0!
02

#37355000
1!
b110 %
12
b110 6

#37360000
0!
02

#37365000
1!
b111 %
12
b111 6

#37370000
0!
02

#37375000
1!
b1000 %
12
b1000 6

#37380000
0!
02

#37385000
1!
b1001 %
12
b1001 6

#37390000
0!
02

#37395000
1!
b1010 %
12
b1010 6

#37400000
0!
02

#37405000
1!
b1011 %
12
b1011 6

#37410000
0!
02

#37415000
1!
b1100 %
12
b1100 6

#37420000
0!
02

#37425000
1!
b1101 %
12
b1101 6

#37430000
0!
02

#37435000
1!
b1110 %
12
b1110 6

#37440000
0!
02

#37445000
1!
b1111 %
12
b1111 6

#37450000
0!
02

#37455000
1!
b0 %
12
b0 6

#37460000
0!
02

#37465000
1!
b1 %
12
b1 6

#37470000
0!
02

#37475000
1!
b10 %
12
b10 6

#37480000
0!
02

#37485000
1!
b11 %
12
b11 6

#37490000
0!
02

#37495000
1!
b100 %
12
b100 6

#37500000
0!
02

#37505000
1!
b101 %
12
b101 6

#37510000
0!
02

#37515000
1!
b110 %
12
b110 6

#37520000
0!
02

#37525000
1!
b111 %
12
b111 6

#37530000
0!
02

#37535000
1!
b1000 %
12
b1000 6

#37540000
0!
02

#37545000
1!
b1001 %
12
b1001 6

#37550000
0!
02

#37555000
1!
b1010 %
12
b1010 6

#37560000
0!
02

#37565000
1!
b1011 %
12
b1011 6

#37570000
0!
02

#37575000
1!
b1100 %
12
b1100 6

#37580000
0!
02

#37585000
1!
b1101 %
12
b1101 6

#37590000
0!
02

#37595000
1!
b1110 %
12
b1110 6

#37600000
0!
02

#37605000
1!
b1111 %
12
b1111 6

#37610000
0!
02

#37615000
1!
b0 %
12
b0 6

#37620000
0!
02

#37625000
1!
b1 %
12
b1 6

#37630000
0!
02

#37635000
1!
b10 %
12
b10 6

#37640000
0!
02

#37645000
1!
b11 %
12
b11 6

#37650000
0!
02

#37655000
1!
b100 %
12
b100 6

#37660000
0!
02

#37665000
1!
b101 %
12
b101 6

#37670000
0!
02

#37675000
1!
b110 %
12
b110 6

#37680000
0!
02

#37685000
1!
b111 %
12
b111 6

#37690000
0!
02

#37695000
1!
b1000 %
12
b1000 6

#37700000
0!
02

#37705000
1!
b1001 %
12
b1001 6

#37710000
0!
02

#37715000
1!
b1010 %
12
b1010 6

#37720000
0!
02

#37725000
1!
b1011 %
12
b1011 6

#37730000
0!
02

#37735000
1!
b1100 %
12
b1100 6

#37740000
0!
02

#37745000
1!
b1101 %
12
b1101 6

#37750000
0!
02

#37755000
1!
b1110 %
12
b1110 6

#37760000
0!
02

#37765000
1!
b1111 %
12
b1111 6

#37770000
0!
02

#37775000
1!
b0 %
12
b0 6

#37780000
0!
02

#37785000
1!
b1 %
12
b1 6

#37790000
0!
02

#37795000
1!
b10 %
12
b10 6

#37800000
0!
02

#37805000
1!
b11 %
12
b11 6

#37810000
0!
02

#37815000
1!
b100 %
12
b100 6

#37820000
0!
02

#37825000
1!
b101 %
12
b101 6

#37830000
0!
02

#37835000
1!
b110 %
12
b110 6

#37840000
0!
02

#37845000
1!
b111 %
12
b111 6

#37850000
0!
02

#37855000
1!
b1000 %
12
b1000 6

#37860000
0!
02

#37865000
1!
b1001 %
12
b1001 6

#37870000
0!
02

#37875000
1!
b1010 %
12
b1010 6

#37880000
0!
02

#37885000
1!
b1011 %
12
b1011 6

#37890000
0!
02

#37895000
1!
b1100 %
12
b1100 6

#37900000
0!
02

#37905000
1!
b1101 %
12
b1101 6

#37910000
0!
02

#37915000
1!
b1110 %
12
b1110 6

#37920000
0!
02

#37925000
1!
b1111 %
12
b1111 6

#37930000
0!
02

#37935000
1!
b0 %
12
b0 6

#37940000
0!
02

#37945000
1!
b1 %
12
b1 6

#37950000
0!
02

#37955000
1!
b10 %
12
b10 6

#37960000
0!
02

#37965000
1!
b11 %
12
b11 6

#37970000
0!
02

#37975000
1!
b100 %
12
b100 6

#37980000
0!
02

#37985000
1!
b101 %
12
b101 6

#37990000
0!
02

#37995000
1!
b110 %
12
b110 6

#38000000
0!
02

#38005000
1!
b111 %
12
b111 6

#38010000
0!
02

#38015000
1!
b1000 %
12
b1000 6

#38020000
0!
02

#38025000
1!
b1001 %
12
b1001 6

#38030000
0!
02

#38035000
1!
b1010 %
12
b1010 6

#38040000
0!
02

#38045000
1!
b1011 %
12
b1011 6

#38050000
0!
02

#38055000
1!
b1100 %
12
b1100 6

#38060000
0!
02

#38065000
1!
b1101 %
12
b1101 6

#38070000
0!
02

#38075000
1!
b1110 %
12
b1110 6

#38080000
0!
02

#38085000
1!
b1111 %
12
b1111 6

#38090000
0!
02

#38095000
1!
b0 %
12
b0 6

#38100000
0!
02

#38105000
1!
b1 %
12
b1 6

#38110000
0!
02

#38115000
1!
b10 %
12
b10 6

#38120000
0!
02

#38125000
1!
b11 %
12
b11 6

#38130000
0!
02

#38135000
1!
b100 %
12
b100 6

#38140000
0!
02

#38145000
1!
b101 %
12
b101 6

#38150000
0!
02

#38155000
1!
b110 %
12
b110 6

#38160000
0!
02

#38165000
1!
b111 %
12
b111 6

#38170000
0!
02

#38175000
1!
b1000 %
12
b1000 6

#38180000
0!
02

#38185000
1!
b1001 %
12
b1001 6

#38190000
0!
02

#38195000
1!
b1010 %
12
b1010 6

#38200000
0!
02

#38205000
1!
b1011 %
12
b1011 6

#38210000
0!
02

#38215000
1!
b1100 %
12
b1100 6

#38220000
0!
02

#38225000
1!
b1101 %
12
b1101 6

#38230000
0!
02

#38235000
1!
b1110 %
12
b1110 6

#38240000
0!
02

#38245000
1!
b1111 %
12
b1111 6

#38250000
0!
02

#38255000
1!
b0 %
12
b0 6

#38260000
0!
02

#38265000
1!
b1 %
12
b1 6

#38270000
0!
02

#38275000
1!
b10 %
12
b10 6

#38280000
0!
02

#38285000
1!
b11 %
12
b11 6

#38290000
0!
02

#38295000
1!
b100 %
12
b100 6

#38300000
0!
02

#38305000
1!
b101 %
12
b101 6

#38310000
0!
02

#38315000
1!
b110 %
12
b110 6

#38320000
0!
02

#38325000
1!
b111 %
12
b111 6

#38330000
0!
02

#38335000
1!
b1000 %
12
b1000 6

#38340000
0!
02

#38345000
1!
b1001 %
12
b1001 6

#38350000
0!
02

#38355000
1!
b1010 %
12
b1010 6

#38360000
0!
02

#38365000
1!
b1011 %
12
b1011 6

#38370000
0!
02

#38375000
1!
b1100 %
12
b1100 6

#38380000
0!
02

#38385000
1!
b1101 %
12
b1101 6

#38390000
0!
02

#38395000
1!
b1110 %
12
b1110 6

#38400000
0!
02

#38405000
1!
b1111 %
12
b1111 6

#38410000
0!
02

#38415000
1!
b0 %
12
b0 6

#38420000
0!
02

#38425000
1!
b1 %
12
b1 6

#38430000
0!
02

#38435000
1!
b10 %
12
b10 6

#38440000
0!
02

#38445000
1!
b11 %
12
b11 6

#38450000
0!
02

#38455000
1!
b100 %
12
b100 6

#38460000
0!
02

#38465000
1!
b101 %
12
b101 6

#38470000
0!
02

#38475000
1!
b110 %
12
b110 6

#38480000
0!
02

#38485000
1!
b111 %
12
b111 6

#38490000
0!
02

#38495000
1!
b1000 %
12
b1000 6

#38500000
0!
02

#38505000
1!
b1001 %
12
b1001 6

#38510000
0!
02

#38515000
1!
b1010 %
12
b1010 6

#38520000
0!
02

#38525000
1!
b1011 %
12
b1011 6

#38530000
0!
02

#38535000
1!
b1100 %
12
b1100 6

#38540000
0!
02

#38545000
1!
b1101 %
12
b1101 6

#38550000
0!
02

#38555000
1!
b1110 %
12
b1110 6

#38560000
0!
02

#38565000
1!
b1111 %
12
b1111 6

#38570000
0!
02

#38575000
1!
b0 %
12
b0 6

#38580000
0!
02

#38585000
1!
b1 %
12
b1 6

#38590000
0!
02

#38595000
1!
b10 %
12
b10 6

#38600000
0!
02

#38605000
1!
b11 %
12
b11 6

#38610000
0!
02

#38615000
1!
b100 %
12
b100 6

#38620000
0!
02

#38625000
1!
b101 %
12
b101 6

#38630000
0!
02

#38635000
1!
b110 %
12
b110 6

#38640000
0!
02

#38645000
1!
b111 %
12
b111 6

#38650000
0!
02

#38655000
1!
b1000 %
12
b1000 6

#38660000
0!
02

#38665000
1!
b1001 %
12
b1001 6

#38670000
0!
02

#38675000
1!
b1010 %
12
b1010 6

#38680000
0!
02

#38685000
1!
b1011 %
12
b1011 6

#38690000
0!
02

#38695000
1!
b1100 %
12
b1100 6

#38700000
0!
02

#38705000
1!
b1101 %
12
b1101 6

#38710000
0!
02

#38715000
1!
b1110 %
12
b1110 6

#38720000
0!
02

#38725000
1!
b1111 %
12
b1111 6

#38730000
0!
02

#38735000
1!
b0 %
12
b0 6

#38740000
0!
02

#38745000
1!
b1 %
12
b1 6

#38750000
0!
02

#38755000
1!
b10 %
12
b10 6

#38760000
0!
02

#38765000
1!
b11 %
12
b11 6

#38770000
0!
02

#38775000
1!
b100 %
12
b100 6

#38780000
0!
02

#38785000
1!
b101 %
12
b101 6

#38790000
0!
02

#38795000
1!
b110 %
12
b110 6

#38800000
0!
02

#38805000
1!
b111 %
12
b111 6

#38810000
0!
02

#38815000
1!
b1000 %
12
b1000 6

#38820000
0!
02

#38825000
1!
b1001 %
12
b1001 6

#38830000
0!
02

#38835000
1!
b1010 %
12
b1010 6

#38840000
0!
02

#38845000
1!
b1011 %
12
b1011 6

#38850000
0!
02

#38855000
1!
b1100 %
12
b1100 6

#38860000
0!
02

#38865000
1!
b1101 %
12
b1101 6

#38870000
0!
02

#38875000
1!
b1110 %
12
b1110 6

#38880000
0!
02

#38885000
1!
b1111 %
12
b1111 6

#38890000
0!
02

#38895000
1!
b0 %
12
b0 6

#38900000
0!
02

#38905000
1!
b1 %
12
b1 6

#38910000
0!
02

#38915000
1!
b10 %
12
b10 6

#38920000
0!
02

#38925000
1!
b11 %
12
b11 6

#38930000
0!
02

#38935000
1!
b100 %
12
b100 6

#38940000
0!
02

#38945000
1!
b101 %
12
b101 6

#38950000
0!
02

#38955000
1!
b110 %
12
b110 6

#38960000
0!
02

#38965000
1!
b111 %
12
b111 6

#38970000
0!
02

#38975000
1!
b1000 %
12
b1000 6

#38980000
0!
02

#38985000
1!
b1001 %
12
b1001 6

#38990000
0!
02

#38995000
1!
b1010 %
12
b1010 6

#39000000
0!
02

#39005000
1!
b1011 %
12
b1011 6

#39010000
0!
02

#39015000
1!
b1100 %
12
b1100 6

#39020000
0!
02

#39025000
1!
b1101 %
12
b1101 6

#39030000
0!
02

#39035000
1!
b1110 %
12
b1110 6

#39040000
0!
02

#39045000
1!
b1111 %
12
b1111 6

#39050000
0!
02

#39055000
1!
b0 %
12
b0 6

#39060000
0!
02

#39065000
1!
b1 %
12
b1 6

#39070000
0!
02

#39075000
1!
b10 %
12
b10 6

#39080000
0!
02

#39085000
1!
b11 %
12
b11 6

#39090000
0!
02

#39095000
1!
b100 %
12
b100 6

#39100000
0!
02

#39105000
1!
b101 %
12
b101 6

#39110000
0!
02

#39115000
1!
b110 %
12
b110 6

#39120000
0!
02

#39125000
1!
b111 %
12
b111 6

#39130000
0!
02

#39135000
1!
b1000 %
12
b1000 6

#39140000
0!
02

#39145000
1!
b1001 %
12
b1001 6

#39150000
0!
02

#39155000
1!
b1010 %
12
b1010 6

#39160000
0!
02

#39165000
1!
b1011 %
12
b1011 6

#39170000
0!
02

#39175000
1!
b1100 %
12
b1100 6

#39180000
0!
02

#39185000
1!
b1101 %
12
b1101 6

#39190000
0!
02

#39195000
1!
b1110 %
12
b1110 6

#39200000
0!
02

#39205000
1!
b1111 %
12
b1111 6

#39210000
0!
02

#39215000
1!
b0 %
12
b0 6

#39220000
0!
02

#39225000
1!
b1 %
12
b1 6

#39230000
0!
02

#39235000
1!
b10 %
12
b10 6

#39240000
0!
02

#39245000
1!
b11 %
12
b11 6

#39250000
0!
02

#39255000
1!
b100 %
12
b100 6

#39260000
0!
02

#39265000
1!
b101 %
12
b101 6

#39270000
0!
02

#39275000
1!
b110 %
12
b110 6

#39280000
0!
02

#39285000
1!
b111 %
12
b111 6

#39290000
0!
02

#39295000
1!
b1000 %
12
b1000 6

#39300000
0!
02

#39305000
1!
b1001 %
12
b1001 6

#39310000
0!
02

#39315000
1!
b1010 %
12
b1010 6

#39320000
0!
02

#39325000
1!
b1011 %
12
b1011 6

#39330000
0!
02

#39335000
1!
b1100 %
12
b1100 6

#39340000
0!
02

#39345000
1!
b1101 %
12
b1101 6

#39350000
0!
02

#39355000
1!
b1110 %
12
b1110 6

#39360000
0!
02

#39365000
1!
b1111 %
12
b1111 6

#39370000
0!
02

#39375000
1!
b0 %
12
b0 6

#39380000
0!
02

#39385000
1!
b1 %
12
b1 6

#39390000
0!
02

#39395000
1!
b10 %
12
b10 6

#39400000
0!
02

#39405000
1!
b11 %
12
b11 6

#39410000
0!
02

#39415000
1!
b100 %
12
b100 6

#39420000
0!
02

#39425000
1!
b101 %
12
b101 6

#39430000
0!
02

#39435000
1!
b110 %
12
b110 6

#39440000
0!
02

#39445000
1!
b111 %
12
b111 6

#39450000
0!
02

#39455000
1!
b1000 %
12
b1000 6

#39460000
0!
02

#39465000
1!
b1001 %
12
b1001 6

#39470000
0!
02

#39475000
1!
b1010 %
12
b1010 6

#39480000
0!
02

#39485000
1!
b1011 %
12
b1011 6

#39490000
0!
02

#39495000
1!
b1100 %
12
b1100 6

#39500000
0!
02

#39505000
1!
b1101 %
12
b1101 6

#39510000
0!
02

#39515000
1!
b1110 %
12
b1110 6

#39520000
0!
02

#39525000
1!
b1111 %
12
b1111 6

#39530000
0!
02

#39535000
1!
b0 %
12
b0 6

#39540000
0!
02

#39545000
1!
b1 %
12
b1 6

#39550000
0!
02

#39555000
1!
b10 %
12
b10 6

#39560000
0!
02

#39565000
1!
b11 %
12
b11 6

#39570000
0!
02

#39575000
1!
b100 %
12
b100 6

#39580000
0!
02

#39585000
1!
b101 %
12
b101 6

#39590000
0!
02

#39595000
1!
b110 %
12
b110 6

#39600000
0!
02

#39605000
1!
b111 %
12
b111 6

#39610000
0!
02

#39615000
1!
b1000 %
12
b1000 6

#39620000
0!
02

#39625000
1!
b1001 %
12
b1001 6

#39630000
0!
02

#39635000
1!
b1010 %
12
b1010 6

#39640000
0!
02

#39645000
1!
b1011 %
12
b1011 6

#39650000
0!
02

#39655000
1!
b1100 %
12
b1100 6

#39660000
0!
02

#39665000
1!
b1101 %
12
b1101 6

#39670000
0!
02

#39675000
1!
b1110 %
12
b1110 6

#39680000
0!
02

#39685000
1!
b1111 %
12
b1111 6

#39690000
0!
02

#39695000
1!
b0 %
12
b0 6

#39700000
0!
02

#39705000
1!
b1 %
12
b1 6

#39710000
0!
02

#39715000
1!
b10 %
12
b10 6

#39720000
0!
02

#39725000
1!
b11 %
12
b11 6

#39730000
0!
02

#39735000
1!
b100 %
12
b100 6

#39740000
0!
02

#39745000
1!
b101 %
12
b101 6

#39750000
0!
02

#39755000
1!
b110 %
12
b110 6

#39760000
0!
02

#39765000
1!
b111 %
12
b111 6

#39770000
0!
02

#39775000
1!
b1000 %
12
b1000 6

#39780000
0!
02

#39785000
1!
b1001 %
12
b1001 6

#39790000
0!
02

#39795000
1!
b1010 %
12
b1010 6

#39800000
0!
02

#39805000
1!
b1011 %
12
b1011 6

#39810000
0!
02

#39815000
1!
b1100 %
12
b1100 6

#39820000
0!
02

#39825000
1!
b1101 %
12
b1101 6

#39830000
0!
02

#39835000
1!
b1110 %
12
b1110 6

#39840000
0!
02

#39845000
1!
b1111 %
12
b1111 6

#39850000
0!
02

#39855000
1!
b0 %
12
b0 6

#39860000
0!
02

#39865000
1!
b1 %
12
b1 6

#39870000
0!
02

#39875000
1!
b10 %
12
b10 6

#39880000
0!
02

#39885000
1!
b11 %
12
b11 6

#39890000
0!
02

#39895000
1!
b100 %
12
b100 6

#39900000
0!
02

#39905000
1!
b101 %
12
b101 6

#39910000
0!
02

#39915000
1!
b110 %
12
b110 6

#39920000
0!
02

#39925000
1!
b111 %
12
b111 6

#39930000
0!
02

#39935000
1!
b1000 %
12
b1000 6

#39940000
0!
02

#39945000
1!
b1001 %
12
b1001 6

#39950000
0!
02

#39955000
1!
b1010 %
12
b1010 6

#39960000
0!
02

#39965000
1!
b1011 %
12
b1011 6

#39970000
0!
02

#39975000
1!
b1100 %
12
b1100 6

#39980000
0!
02

#39985000
1!
b1101 %
12
b1101 6

#39990000
0!
02

#39995000
1!
b1110 %
12
b1110 6

#40000000
0!
02

#40005000
1!
b1111 %
12
b1111 6

#40010000
0!
02

#40015000
1!
b0 %
12
b0 6

#40020000
0!
02

#40025000
1!
b1 %
12
b1 6

#40030000
0!
02

#40035000
1!
b10 %
12
b10 6

#40040000
0!
02

#40045000
1!
b11 %
12
b11 6

#40050000
0!
02

#40055000
1!
b100 %
12
b100 6

#40060000
0!
02

#40065000
1!
b101 %
12
b101 6

#40070000
0!
02

#40075000
1!
b110 %
12
b110 6

#40080000
0!
02

#40085000
1!
b111 %
12
b111 6

#40090000
0!
02

#40095000
1!
b1000 %
12
b1000 6

#40100000
0!
02

#40105000
1!
b1001 %
12
b1001 6

#40110000
0!
02

#40115000
1!
b1010 %
12
b1010 6

#40120000
0!
02

#40125000
1!
b1011 %
12
b1011 6

#40130000
0!
02

#40135000
1!
b1100 %
12
b1100 6

#40140000
0!
02

#40145000
1!
b1101 %
12
b1101 6

#40150000
0!
02

#40155000
1!
b1110 %
12
b1110 6

#40160000
0!
02

#40165000
1!
b1111 %
12
b1111 6

#40170000
0!
02

#40175000
1!
b0 %
12
b0 6

#40180000
0!
02

#40185000
1!
b1 %
12
b1 6

#40190000
0!
02

#40195000
1!
b10 %
12
b10 6

#40200000
0!
02

#40205000
1!
b11 %
12
b11 6

#40210000
0!
02

#40215000
1!
b100 %
12
b100 6

#40220000
0!
02

#40225000
1!
b101 %
12
b101 6

#40230000
0!
02

#40235000
1!
b110 %
12
b110 6

#40240000
0!
02

#40245000
1!
b111 %
12
b111 6

#40250000
0!
02

#40255000
1!
b1000 %
12
b1000 6

#40260000
0!
02

#40265000
1!
b1001 %
12
b1001 6

#40270000
0!
02

#40275000
1!
b1010 %
12
b1010 6

#40280000
0!
02

#40285000
1!
b1011 %
12
b1011 6

#40290000
0!
02

#40295000
1!
b1100 %
12
b1100 6

#40300000
0!
02

#40305000
1!
b1101 %
12
b1101 6

#40310000
0!
02

#40315000
1!
b1110 %
12
b1110 6

#40320000
0!
02

#40325000
1!
b1111 %
12
b1111 6

#40330000
0!
02

#40335000
1!
b0 %
12
b0 6

#40340000
0!
02

#40345000
1!
b1 %
12
b1 6

#40350000
0!
02

#40355000
1!
b10 %
12
b10 6

#40360000
0!
02

#40365000
1!
b11 %
12
b11 6

#40370000
0!
02

#40375000
1!
b100 %
12
b100 6

#40380000
0!
02

#40385000
1!
b101 %
12
b101 6

#40390000
0!
02

#40395000
1!
b110 %
12
b110 6

#40400000
0!
02

#40405000
1!
b111 %
12
b111 6

#40410000
0!
02

#40415000
1!
b1000 %
12
b1000 6

#40420000
0!
02

#40425000
1!
b1001 %
12
b1001 6

#40430000
0!
02

#40435000
1!
b1010 %
12
b1010 6

#40440000
0!
02

#40445000
1!
b1011 %
12
b1011 6

#40450000
0!
02

#40455000
1!
b1100 %
12
b1100 6

#40460000
0!
02

#40465000
1!
b1101 %
12
b1101 6

#40470000
0!
02

#40475000
1!
b1110 %
12
b1110 6

#40480000
0!
02

#40485000
1!
b1111 %
12
b1111 6

#40490000
0!
02

#40495000
1!
b0 %
12
b0 6

#40500000
0!
02

#40505000
1!
b1 %
12
b1 6

#40510000
0!
02

#40515000
1!
b10 %
12
b10 6

#40520000
0!
02

#40525000
1!
b11 %
12
b11 6

#40530000
0!
02

#40535000
1!
b100 %
12
b100 6

#40540000
0!
02

#40545000
1!
b101 %
12
b101 6

#40550000
0!
02

#40555000
1!
b110 %
12
b110 6

#40560000
0!
02

#40565000
1!
b111 %
12
b111 6

#40570000
0!
02

#40575000
1!
b1000 %
12
b1000 6

#40580000
0!
02

#40585000
1!
b1001 %
12
b1001 6

#40590000
0!
02

#40595000
1!
b1010 %
12
b1010 6

#40600000
0!
02

#40605000
1!
b1011 %
12
b1011 6

#40610000
0!
02

#40615000
1!
b1100 %
12
b1100 6

#40620000
0!
02

#40625000
1!
b1101 %
12
b1101 6

#40630000
0!
02

#40635000
1!
b1110 %
12
b1110 6

#40640000
0!
02

#40645000
1!
b1111 %
12
b1111 6

#40650000
0!
02

#40655000
1!
b0 %
12
b0 6

#40660000
0!
02

#40665000
1!
b1 %
12
b1 6

#40670000
0!
02

#40675000
1!
b10 %
12
b10 6

#40680000
0!
02

#40685000
1!
b11 %
12
b11 6

#40690000
0!
02

#40695000
1!
b100 %
12
b100 6

#40700000
0!
02

#40705000
1!
b101 %
12
b101 6

#40710000
0!
02

#40715000
1!
b110 %
12
b110 6

#40720000
0!
02

#40725000
1!
b111 %
12
b111 6

#40730000
0!
02

#40735000
1!
b1000 %
12
b1000 6

#40740000
0!
02

#40745000
1!
b1001 %
12
b1001 6

#40750000
0!
02

#40755000
1!
b1010 %
12
b1010 6

#40760000
0!
02

#40765000
1!
b1011 %
12
b1011 6

#40770000
0!
02

#40775000
1!
b1100 %
12
b1100 6

#40780000
0!
02

#40785000
1!
b1101 %
12
b1101 6

#40790000
0!
02

#40795000
1!
b1110 %
12
b1110 6

#40800000
0!
02

#40805000
1!
b1111 %
12
b1111 6

#40810000
0!
02

#40815000
1!
b0 %
12
b0 6

#40820000
0!
02

#40825000
1!
b1 %
12
b1 6

#40830000
0!
02

#40835000
1!
b10 %
12
b10 6

#40840000
0!
02

#40845000
1!
b11 %
12
b11 6

#40850000
0!
02

#40855000
1!
b100 %
12
b100 6

#40860000
0!
02

#40865000
1!
b101 %
12
b101 6

#40870000
0!
02

#40875000
1!
b110 %
12
b110 6

#40880000
0!
02

#40885000
1!
b111 %
12
b111 6

#40890000
0!
02

#40895000
1!
b1000 %
12
b1000 6

#40900000
0!
02

#40905000
1!
b1001 %
12
b1001 6

#40910000
0!
02

#40915000
1!
b1010 %
12
b1010 6

#40920000
0!
02

#40925000
1!
b1011 %
12
b1011 6

#40930000
0!
02

#40935000
1!
b1100 %
12
b1100 6

#40940000
0!
02

#40945000
1!
b1101 %
12
b1101 6

#40950000
0!
02

#40955000
1!
b1110 %
12
b1110 6

#40960000
0!
02

#40965000
1!
b1111 %
12
b1111 6

#40970000
0!
02

#40975000
1!
b0 %
12
b0 6

#40980000
0!
02

#40985000
1!
b1 %
12
b1 6

#40990000
0!
02

#40995000
1!
b10 %
12
b10 6

#41000000
0!
02

#41005000
1!
b11 %
12
b11 6

#41010000
0!
02

#41015000
1!
b100 %
12
b100 6

#41020000
0!
02

#41025000
1!
b101 %
12
b101 6

#41030000
0!
02

#41035000
1!
b110 %
12
b110 6

#41040000
0!
02

#41045000
1!
b111 %
12
b111 6

#41050000
0!
02

#41055000
1!
b1000 %
12
b1000 6

#41060000
0!
02

#41065000
1!
b1001 %
12
b1001 6

#41070000
0!
02

#41075000
1!
b1010 %
12
b1010 6

#41080000
0!
02

#41085000
1!
b1011 %
12
b1011 6

#41090000
0!
02

#41095000
1!
b1100 %
12
b1100 6

#41100000
0!
02

#41105000
1!
b1101 %
12
b1101 6

#41110000
0!
02

#41115000
1!
b1110 %
12
b1110 6

#41120000
0!
02

#41125000
1!
b1111 %
12
b1111 6

#41130000
0!
02

#41135000
1!
b0 %
12
b0 6

#41140000
0!
02

#41145000
1!
b1 %
12
b1 6

#41150000
0!
02

#41155000
1!
b10 %
12
b10 6

#41160000
0!
02

#41165000
1!
b11 %
12
b11 6

#41170000
0!
02

#41175000
1!
b100 %
12
b100 6

#41180000
0!
02

#41185000
1!
b101 %
12
b101 6

#41190000
0!
02

#41195000
1!
b110 %
12
b110 6

#41200000
0!
02

#41205000
1!
b111 %
12
b111 6

#41210000
0!
02

#41215000
1!
b1000 %
12
b1000 6

#41220000
0!
02

#41225000
1!
b1001 %
12
b1001 6

#41230000
0!
02

#41235000
1!
b1010 %
12
b1010 6

#41240000
0!
02

#41245000
1!
b1011 %
12
b1011 6

#41250000
0!
02

#41255000
1!
b1100 %
12
b1100 6

#41260000
0!
02

#41265000
1!
b1101 %
12
b1101 6

#41270000
0!
02

#41275000
1!
b1110 %
12
b1110 6

#41280000
0!
02

#41285000
1!
b1111 %
12
b1111 6

#41290000
0!
02

#41295000
1!
b0 %
12
b0 6

#41300000
0!
02

#41305000
1!
b1 %
12
b1 6

#41310000
0!
02

#41315000
1!
b10 %
12
b10 6

#41320000
0!
02

#41325000
1!
b11 %
12
b11 6

#41330000
0!
02

#41335000
1!
b100 %
12
b100 6

#41340000
0!
02

#41345000
1!
b101 %
12
b101 6

#41350000
0!
02

#41355000
1!
b110 %
12
b110 6

#41360000
0!
02

#41365000
1!
b111 %
12
b111 6

#41370000
0!
02

#41375000
1!
b1000 %
12
b1000 6

#41380000
0!
02

#41385000
1!
b1001 %
12
b1001 6

#41390000
0!
02

#41395000
1!
b1010 %
12
b1010 6

#41400000
0!
02

#41405000
1!
b1011 %
12
b1011 6

#41410000
0!
02

#41415000
1!
b1100 %
12
b1100 6

#41420000
0!
02

#41425000
1!
b1101 %
12
b1101 6

#41430000
0!
02

#41435000
1!
b1110 %
12
b1110 6

#41440000
0!
02

#41445000
1!
b1111 %
12
b1111 6

#41450000
0!
02

#41455000
1!
b0 %
12
b0 6

#41460000
0!
02

#41465000
1!
b1 %
12
b1 6

#41470000
0!
02

#41475000
1!
b10 %
12
b10 6

#41480000
0!
02

#41485000
1!
b11 %
12
b11 6

#41490000
0!
02

#41495000
1!
b100 %
12
b100 6

#41500000
0!
02

#41505000
1!
b101 %
12
b101 6

#41510000
0!
02

#41515000
1!
b110 %
12
b110 6

#41520000
0!
02

#41525000
1!
b111 %
12
b111 6

#41530000
0!
02

#41535000
1!
b1000 %
12
b1000 6

#41540000
0!
02

#41545000
1!
b1001 %
12
b1001 6

#41550000
0!
02

#41555000
1!
b1010 %
12
b1010 6

#41560000
0!
02

#41565000
1!
b1011 %
12
b1011 6

#41570000
0!
02

#41575000
1!
b1100 %
12
b1100 6

#41580000
0!
02

#41585000
1!
b1101 %
12
b1101 6

#41590000
0!
02

#41595000
1!
b1110 %
12
b1110 6

#41600000
0!
02

#41605000
1!
b1111 %
12
b1111 6

#41610000
0!
02

#41615000
1!
b0 %
12
b0 6

#41620000
0!
02

#41625000
1!
b1 %
12
b1 6

#41630000
0!
02

#41635000
1!
b10 %
12
b10 6

#41640000
0!
02

#41645000
1!
b11 %
12
b11 6

#41650000
0!
02

#41655000
1!
b100 %
12
b100 6

#41660000
0!
02

#41665000
1!
b101 %
12
b101 6

#41670000
0!
02

#41675000
1!
b110 %
12
b110 6

#41680000
0!
02

#41685000
1!
b111 %
12
b111 6

#41690000
0!
02

#41695000
1!
b1000 %
12
b1000 6

#41700000
0!
02

#41705000
1!
b1001 %
12
b1001 6

#41710000
0!
02

#41715000
1!
b1010 %
12
b1010 6

#41720000
0!
02

#41725000
1!
b1011 %
12
b1011 6

#41730000
0!
02

#41735000
1!
b1100 %
12
b1100 6

#41740000
0!
02

#41745000
1!
b1101 %
12
b1101 6

#41750000
0!
02

#41755000
1!
b1110 %
12
b1110 6

#41760000
0!
02

#41765000
1!
b1111 %
12
b1111 6

#41770000
0!
02

#41775000
1!
b0 %
12
b0 6

#41780000
0!
02

#41785000
1!
b1 %
12
b1 6

#41790000
0!
02

#41795000
1!
b10 %
12
b10 6

#41800000
0!
02

#41805000
1!
b11 %
12
b11 6

#41810000
0!
02

#41815000
1!
b100 %
12
b100 6

#41820000
0!
02

#41825000
1!
b101 %
12
b101 6

#41830000
0!
02

#41835000
1!
b110 %
12
b110 6

#41840000
0!
02

#41845000
1!
b111 %
12
b111 6

#41850000
0!
02

#41855000
1!
b1000 %
12
b1000 6

#41860000
0!
02

#41865000
1!
b1001 %
12
b1001 6

#41870000
0!
02

#41875000
1!
b1010 %
12
b1010 6

#41880000
0!
02

#41885000
1!
b1011 %
12
b1011 6

#41890000
0!
02

#41895000
1!
b1100 %
12
b1100 6

#41900000
0!
02

#41905000
1!
b1101 %
12
b1101 6

#41910000
0!
02

#41915000
1!
b1110 %
12
b1110 6

#41920000
0!
02

#41925000
1!
b1111 %
12
b1111 6

#41930000
0!
02

#41935000
1!
b0 %
12
b0 6

#41940000
0!
02

#41945000
1!
b1 %
12
b1 6

#41950000
0!
02

#41955000
1!
b10 %
12
b10 6

#41960000
0!
02

#41965000
1!
b11 %
12
b11 6

#41970000
0!
02

#41975000
1!
b100 %
12
b100 6

#41980000
0!
02

#41985000
1!
b101 %
12
b101 6

#41990000
0!
02

#41995000
1!
b110 %
12
b110 6

#42000000
0!
02

#42005000
1!
b111 %
12
b111 6

#42010000
0!
02

#42015000
1!
b1000 %
12
b1000 6

#42020000
0!
02

#42025000
1!
b1001 %
12
b1001 6

#42030000
0!
02

#42035000
1!
b1010 %
12
b1010 6

#42040000
0!
02

#42045000
1!
b1011 %
12
b1011 6

#42050000
0!
02

#42055000
1!
b1100 %
12
b1100 6

#42060000
0!
02

#42065000
1!
b1101 %
12
b1101 6

#42070000
0!
02

#42075000
1!
b1110 %
12
b1110 6

#42080000
0!
02

#42085000
1!
b1111 %
12
b1111 6

#42090000
0!
02

#42095000
1!
b0 %
12
b0 6

#42100000
0!
02

#42105000
1!
b1 %
12
b1 6

#42110000
0!
02

#42115000
1!
b10 %
12
b10 6

#42120000
0!
02

#42125000
1!
b11 %
12
b11 6

#42130000
0!
02

#42135000
1!
b100 %
12
b100 6

#42140000
0!
02

#42145000
1!
b101 %
12
b101 6

#42150000
0!
02

#42155000
1!
b110 %
12
b110 6

#42160000
0!
02

#42165000
1!
b111 %
12
b111 6

#42170000
0!
02

#42175000
1!
b1000 %
12
b1000 6

#42180000
0!
02

#42185000
1!
b1001 %
12
b1001 6

#42190000
0!
02

#42195000
1!
b1010 %
12
b1010 6

#42200000
0!
02

#42205000
1!
b1011 %
12
b1011 6

#42210000
0!
02

#42215000
1!
b1100 %
12
b1100 6

#42220000
0!
02

#42225000
1!
b1101 %
12
b1101 6

#42230000
0!
02

#42235000
1!
b1110 %
12
b1110 6

#42240000
0!
02

#42245000
1!
b1111 %
12
b1111 6

#42250000
0!
02

#42255000
1!
b0 %
12
b0 6

#42260000
0!
02

#42265000
1!
b1 %
12
b1 6

#42270000
0!
02

#42275000
1!
b10 %
12
b10 6

#42280000
0!
02

#42285000
1!
b11 %
12
b11 6

#42290000
0!
02

#42295000
1!
b100 %
12
b100 6

#42300000
0!
02

#42305000
1!
b101 %
12
b101 6

#42310000
0!
02

#42315000
1!
b110 %
12
b110 6

#42320000
0!
02

#42325000
1!
b111 %
12
b111 6

#42330000
0!
02

#42335000
1!
b1000 %
12
b1000 6

#42340000
0!
02

#42345000
1!
b1001 %
12
b1001 6

#42350000
0!
02

#42355000
1!
b1010 %
12
b1010 6

#42360000
0!
02

#42365000
1!
b1011 %
12
b1011 6

#42370000
0!
02

#42375000
1!
b1100 %
12
b1100 6

#42380000
0!
02

#42385000
1!
b1101 %
12
b1101 6

#42390000
0!
02

#42395000
1!
b1110 %
12
b1110 6

#42400000
0!
02

#42405000
1!
b1111 %
12
b1111 6

#42410000
0!
02

#42415000
1!
b0 %
12
b0 6

#42420000
0!
02

#42425000
1!
b1 %
12
b1 6

#42430000
0!
02

#42435000
1!
b10 %
12
b10 6

#42440000
0!
02

#42445000
1!
b11 %
12
b11 6

#42450000
0!
02

#42455000
1!
b100 %
12
b100 6

#42460000
0!
02

#42465000
1!
b101 %
12
b101 6

#42470000
0!
02

#42475000
1!
b110 %
12
b110 6

#42480000
0!
02

#42485000
1!
b111 %
12
b111 6

#42490000
0!
02

#42495000
1!
b1000 %
12
b1000 6

#42500000
0!
02

#42505000
1!
b1001 %
12
b1001 6

#42510000
0!
02

#42515000
1!
b1010 %
12
b1010 6

#42520000
0!
02

#42525000
1!
b1011 %
12
b1011 6

#42530000
0!
02

#42535000
1!
b1100 %
12
b1100 6

#42540000
0!
02

#42545000
1!
b1101 %
12
b1101 6

#42550000
0!
02

#42555000
1!
b1110 %
12
b1110 6

#42560000
0!
02

#42565000
1!
b1111 %
12
b1111 6

#42570000
0!
02

#42575000
1!
b0 %
12
b0 6

#42580000
0!
02

#42585000
1!
b1 %
12
b1 6

#42590000
0!
02

#42595000
1!
b10 %
12
b10 6

#42600000
0!
02

#42605000
1!
b11 %
12
b11 6

#42610000
0!
02

#42615000
1!
b100 %
12
b100 6

#42620000
0!
02

#42625000
1!
b101 %
12
b101 6

#42630000
0!
02

#42635000
1!
b110 %
12
b110 6

#42640000
0!
02

#42645000
1!
b111 %
12
b111 6

#42650000
0!
02

#42655000
1!
b1000 %
12
b1000 6

#42660000
0!
02

#42665000
1!
b1001 %
12
b1001 6

#42670000
0!
02

#42675000
1!
b1010 %
12
b1010 6

#42680000
0!
02

#42685000
1!
b1011 %
12
b1011 6

#42690000
0!
02

#42695000
1!
b1100 %
12
b1100 6

#42700000
0!
02

#42705000
1!
b1101 %
12
b1101 6

#42710000
0!
02

#42715000
1!
b1110 %
12
b1110 6

#42720000
0!
02

#42725000
1!
b1111 %
12
b1111 6

#42730000
0!
02

#42735000
1!
b0 %
12
b0 6

#42740000
0!
02

#42745000
1!
b1 %
12
b1 6

#42750000
0!
02

#42755000
1!
b10 %
12
b10 6

#42760000
0!
02

#42765000
1!
b11 %
12
b11 6

#42770000
0!
02

#42775000
1!
b100 %
12
b100 6

#42780000
0!
02

#42785000
1!
b101 %
12
b101 6

#42790000
0!
02

#42795000
1!
b110 %
12
b110 6

#42800000
0!
02

#42805000
1!
b111 %
12
b111 6

#42810000
0!
02

#42815000
1!
b1000 %
12
b1000 6

#42820000
0!
02

#42825000
1!
b1001 %
12
b1001 6

#42830000
0!
02

#42835000
1!
b1010 %
12
b1010 6

#42840000
0!
02

#42845000
1!
b1011 %
12
b1011 6

#42850000
0!
02

#42855000
1!
b1100 %
12
b1100 6

#42860000
0!
02

#42865000
1!
b1101 %
12
b1101 6

#42870000
0!
02

#42875000
1!
b1110 %
12
b1110 6

#42880000
0!
02

#42885000
1!
b1111 %
12
b1111 6

#42890000
0!
02

#42895000
1!
b0 %
12
b0 6

#42900000
0!
02

#42905000
1!
b1 %
12
b1 6

#42910000
0!
02

#42915000
1!
b10 %
12
b10 6

#42920000
0!
02

#42925000
1!
b11 %
12
b11 6

#42930000
0!
02

#42935000
1!
b100 %
12
b100 6

#42940000
0!
02

#42945000
1!
b101 %
12
b101 6

#42950000
0!
02

#42955000
1!
b110 %
12
b110 6

#42960000
0!
02

#42965000
1!
b111 %
12
b111 6

#42970000
0!
02

#42975000
1!
b1000 %
12
b1000 6

#42980000
0!
02

#42985000
1!
b1001 %
12
b1001 6

#42990000
0!
02

#42995000
1!
b1010 %
12
b1010 6

#43000000
0!
02

#43005000
1!
b1011 %
12
b1011 6

#43010000
0!
02

#43015000
1!
b1100 %
12
b1100 6

#43020000
0!
02

#43025000
1!
b1101 %
12
b1101 6

#43030000
0!
02

#43035000
1!
b1110 %
12
b1110 6

#43040000
0!
02

#43045000
1!
b1111 %
12
b1111 6

#43050000
0!
02

#43055000
1!
b0 %
12
b0 6

#43060000
0!
02

#43065000
1!
b1 %
12
b1 6

#43070000
0!
02

#43075000
1!
b10 %
12
b10 6

#43080000
0!
02

#43085000
1!
b11 %
12
b11 6

#43090000
0!
02

#43095000
1!
b100 %
12
b100 6

#43100000
0!
02

#43105000
1!
b101 %
12
b101 6

#43110000
0!
02

#43115000
1!
b110 %
12
b110 6

#43120000
0!
02

#43125000
1!
b111 %
12
b111 6

#43130000
0!
02

#43135000
1!
b1000 %
12
b1000 6

#43140000
0!
02

#43145000
1!
b1001 %
12
b1001 6

#43150000
0!
02

#43155000
1!
b1010 %
12
b1010 6

#43160000
0!
02

#43165000
1!
b1011 %
12
b1011 6

#43170000
0!
02

#43175000
1!
b1100 %
12
b1100 6

#43180000
0!
02

#43185000
1!
b1101 %
12
b1101 6

#43190000
0!
02

#43195000
1!
b1110 %
12
b1110 6

#43200000
0!
02

#43205000
1!
b1111 %
12
b1111 6

#43210000
0!
02

#43215000
1!
b0 %
12
b0 6

#43220000
0!
02

#43225000
1!
b1 %
12
b1 6

#43230000
0!
02

#43235000
1!
b10 %
12
b10 6

#43240000
0!
02

#43245000
1!
b11 %
12
b11 6

#43250000
0!
02

#43255000
1!
b100 %
12
b100 6

#43260000
0!
02

#43265000
1!
b101 %
12
b101 6

#43270000
0!
02

#43275000
1!
b110 %
12
b110 6

#43280000
0!
02

#43285000
1!
b111 %
12
b111 6

#43290000
0!
02

#43295000
1!
b1000 %
12
b1000 6

#43300000
0!
02

#43305000
1!
b1001 %
12
b1001 6

#43310000
0!
02

#43315000
1!
b1010 %
12
b1010 6

#43320000
0!
02

#43325000
1!
b1011 %
12
b1011 6

#43330000
0!
02

#43335000
1!
b1100 %
12
b1100 6

#43340000
0!
02

#43345000
1!
b1101 %
12
b1101 6

#43350000
0!
02

#43355000
1!
b1110 %
12
b1110 6

#43360000
0!
02

#43365000
1!
b1111 %
12
b1111 6

#43370000
0!
02

#43375000
1!
b0 %
12
b0 6

#43380000
0!
02

#43385000
1!
b1 %
12
b1 6

#43390000
0!
02

#43395000
1!
b10 %
12
b10 6

#43400000
0!
02

#43405000
1!
b11 %
12
b11 6

#43410000
0!
02

#43415000
1!
b100 %
12
b100 6

#43420000
0!
02

#43425000
1!
b101 %
12
b101 6

#43430000
0!
02

#43435000
1!
b110 %
12
b110 6

#43440000
0!
02

#43445000
1!
b111 %
12
b111 6

#43450000
0!
02

#43455000
1!
b1000 %
12
b1000 6

#43460000
0!
02

#43465000
1!
b1001 %
12
b1001 6

#43470000
0!
02

#43475000
1!
b1010 %
12
b1010 6

#43480000
0!
02

#43485000
1!
b1011 %
12
b1011 6

#43490000
0!
02

#43495000
1!
b1100 %
12
b1100 6

#43500000
0!
02

#43505000
1!
b1101 %
12
b1101 6

#43510000
0!
02

#43515000
1!
b1110 %
12
b1110 6

#43520000
0!
02

#43525000
1!
b1111 %
12
b1111 6

#43530000
0!
02

#43535000
1!
b0 %
12
b0 6

#43540000
0!
02

#43545000
1!
b1 %
12
b1 6

#43550000
0!
02

#43555000
1!
b10 %
12
b10 6

#43560000
0!
02

#43565000
1!
b11 %
12
b11 6

#43570000
0!
02

#43575000
1!
b100 %
12
b100 6

#43580000
0!
02

#43585000
1!
b101 %
12
b101 6

#43590000
0!
02

#43595000
1!
b110 %
12
b110 6

#43600000
0!
02

#43605000
1!
b111 %
12
b111 6

#43610000
0!
02

#43615000
1!
b1000 %
12
b1000 6

#43620000
0!
02

#43625000
1!
b1001 %
12
b1001 6

#43630000
0!
02

#43635000
1!
b1010 %
12
b1010 6

#43640000
0!
02

#43645000
1!
b1011 %
12
b1011 6

#43650000
0!
02

#43655000
1!
b1100 %
12
b1100 6

#43660000
0!
02

#43665000
1!
b1101 %
12
b1101 6

#43670000
0!
02

#43675000
1!
b1110 %
12
b1110 6

#43680000
0!
02

#43685000
1!
b1111 %
12
b1111 6

#43690000
0!
02

#43695000
1!
b0 %
12
b0 6

#43700000
0!
02

#43705000
1!
b1 %
12
b1 6

#43710000
0!
02

#43715000
1!
b10 %
12
b10 6

#43720000
0!
02

#43725000
1!
b11 %
12
b11 6

#43730000
0!
02

#43735000
1!
b100 %
12
b100 6

#43740000
0!
02

#43745000
1!
b101 %
12
b101 6

#43750000
0!
02

#43755000
1!
b110 %
12
b110 6

#43760000
0!
02

#43765000
1!
b111 %
12
b111 6

#43770000
0!
02

#43775000
1!
b1000 %
12
b1000 6

#43780000
0!
02

#43785000
1!
b1001 %
12
b1001 6

#43790000
0!
02

#43795000
1!
b1010 %
12
b1010 6

#43800000
0!
02

#43805000
1!
b1011 %
12
b1011 6

#43810000
0!
02

#43815000
1!
b1100 %
12
b1100 6

#43820000
0!
02

#43825000
1!
b1101 %
12
b1101 6

#43830000
0!
02

#43835000
1!
b1110 %
12
b1110 6

#43840000
0!
02

#43845000
1!
b1111 %
12
b1111 6

#43850000
0!
02

#43855000
1!
b0 %
12
b0 6

#43860000
0!
02

#43865000
1!
b1 %
12
b1 6

#43870000
0!
02

#43875000
1!
b10 %
12
b10 6

#43880000
0!
02

#43885000
1!
b11 %
12
b11 6

#43890000
0!
02

#43895000
1!
b100 %
12
b100 6

#43900000
0!
02

#43905000
1!
b101 %
12
b101 6

#43910000
0!
02

#43915000
1!
b110 %
12
b110 6

#43920000
0!
02

#43925000
1!
b111 %
12
b111 6

#43930000
0!
02

#43935000
1!
b1000 %
12
b1000 6

#43940000
0!
02

#43945000
1!
b1001 %
12
b1001 6

#43950000
0!
02

#43955000
1!
b1010 %
12
b1010 6

#43960000
0!
02

#43965000
1!
b1011 %
12
b1011 6

#43970000
0!
02

#43975000
1!
b1100 %
12
b1100 6

#43980000
0!
02

#43985000
1!
b1101 %
12
b1101 6

#43990000
0!
02

#43995000
1!
b1110 %
12
b1110 6

#44000000
0!
02

#44005000
1!
b1111 %
12
b1111 6

#44010000
0!
02

#44015000
1!
b0 %
12
b0 6

#44020000
0!
02

#44025000
1!
b1 %
12
b1 6

#44030000
0!
02

#44035000
1!
b10 %
12
b10 6

#44040000
0!
02

#44045000
1!
b11 %
12
b11 6

#44050000
0!
02

#44055000
1!
b100 %
12
b100 6

#44060000
0!
02

#44065000
1!
b101 %
12
b101 6

#44070000
0!
02

#44075000
1!
b110 %
12
b110 6

#44080000
0!
02

#44085000
1!
b111 %
12
b111 6

#44090000
0!
02

#44095000
1!
b1000 %
12
b1000 6

#44100000
0!
02

#44105000
1!
b1001 %
12
b1001 6

#44110000
0!
02

#44115000
1!
b1010 %
12
b1010 6

#44120000
0!
02

#44125000
1!
b1011 %
12
b1011 6

#44130000
0!
02

#44135000
1!
b1100 %
12
b1100 6

#44140000
0!
02

#44145000
1!
b1101 %
12
b1101 6

#44150000
0!
02

#44155000
1!
b1110 %
12
b1110 6

#44160000
0!
02

#44165000
1!
b1111 %
12
b1111 6

#44170000
0!
02

#44175000
1!
b0 %
12
b0 6

#44180000
0!
02

#44185000
1!
b1 %
12
b1 6

#44190000
0!
02

#44195000
1!
b10 %
12
b10 6

#44200000
0!
02

#44205000
1!
b11 %
12
b11 6

#44210000
0!
02

#44215000
1!
b100 %
12
b100 6

#44220000
0!
02

#44225000
1!
b101 %
12
b101 6

#44230000
0!
02

#44235000
1!
b110 %
12
b110 6

#44240000
0!
02

#44245000
1!
b111 %
12
b111 6

#44250000
0!
02

#44255000
1!
b1000 %
12
b1000 6

#44260000
0!
02

#44265000
1!
b1001 %
12
b1001 6

#44270000
0!
02

#44275000
1!
b1010 %
12
b1010 6

#44280000
0!
02

#44285000
1!
b1011 %
12
b1011 6

#44290000
0!
02

#44295000
1!
b1100 %
12
b1100 6

#44300000
0!
02

#44305000
1!
b1101 %
12
b1101 6

#44310000
0!
02

#44315000
1!
b1110 %
12
b1110 6

#44320000
0!
02

#44325000
1!
b1111 %
12
b1111 6

#44330000
0!
02

#44335000
1!
b0 %
12
b0 6

#44340000
0!
02

#44345000
1!
b1 %
12
b1 6

#44350000
0!
02

#44355000
1!
b10 %
12
b10 6

#44360000
0!
02

#44365000
1!
b11 %
12
b11 6

#44370000
0!
02

#44375000
1!
b100 %
12
b100 6

#44380000
0!
02

#44385000
1!
b101 %
12
b101 6

#44390000
0!
02

#44395000
1!
b110 %
12
b110 6

#44400000
0!
02

#44405000
1!
b111 %
12
b111 6

#44410000
0!
02

#44415000
1!
b1000 %
12
b1000 6

#44420000
0!
02

#44425000
1!
b1001 %
12
b1001 6

#44430000
0!
02

#44435000
1!
b1010 %
12
b1010 6

#44440000
0!
02

#44445000
1!
b1011 %
12
b1011 6

#44450000
0!
02

#44455000
1!
b1100 %
12
b1100 6

#44460000
0!
02

#44465000
1!
b1101 %
12
b1101 6

#44470000
0!
02

#44475000
1!
b1110 %
12
b1110 6

#44480000
0!
02

#44485000
1!
b1111 %
12
b1111 6

#44490000
0!
02

#44495000
1!
b0 %
12
b0 6

#44500000
0!
02

#44505000
1!
b1 %
12
b1 6

#44510000
0!
02

#44515000
1!
b10 %
12
b10 6

#44520000
0!
02

#44525000
1!
b11 %
12
b11 6

#44530000
0!
02

#44535000
1!
b100 %
12
b100 6

#44540000
0!
02

#44545000
1!
b101 %
12
b101 6

#44550000
0!
02

#44555000
1!
b110 %
12
b110 6

#44560000
0!
02

#44565000
1!
b111 %
12
b111 6

#44570000
0!
02

#44575000
1!
b1000 %
12
b1000 6

#44580000
0!
02

#44585000
1!
b1001 %
12
b1001 6

#44590000
0!
02

#44595000
1!
b1010 %
12
b1010 6

#44600000
0!
02

#44605000
1!
b1011 %
12
b1011 6

#44610000
0!
02

#44615000
1!
b1100 %
12
b1100 6

#44620000
0!
02

#44625000
1!
b1101 %
12
b1101 6

#44630000
0!
02

#44635000
1!
b1110 %
12
b1110 6

#44640000
0!
02

#44645000
1!
b1111 %
12
b1111 6

#44650000
0!
02

#44655000
1!
b0 %
12
b0 6

#44660000
0!
02

#44665000
1!
b1 %
12
b1 6

#44670000
0!
02

#44675000
1!
b10 %
12
b10 6

#44680000
0!
02

#44685000
1!
b11 %
12
b11 6

#44690000
0!
02

#44695000
1!
b100 %
12
b100 6

#44700000
0!
02

#44705000
1!
b101 %
12
b101 6

#44710000
0!
02

#44715000
1!
b110 %
12
b110 6

#44720000
0!
02

#44725000
1!
b111 %
12
b111 6

#44730000
0!
02

#44735000
1!
b1000 %
12
b1000 6

#44740000
0!
02

#44745000
1!
b1001 %
12
b1001 6

#44750000
0!
02

#44755000
1!
b1010 %
12
b1010 6

#44760000
0!
02

#44765000
1!
b1011 %
12
b1011 6

#44770000
0!
02

#44775000
1!
b1100 %
12
b1100 6

#44780000
0!
02

#44785000
1!
b1101 %
12
b1101 6

#44790000
0!
02

#44795000
1!
b1110 %
12
b1110 6

#44800000
0!
02

#44805000
1!
b1111 %
12
b1111 6

#44810000
0!
02

#44815000
1!
b0 %
12
b0 6

#44820000
0!
02

#44825000
1!
b1 %
12
b1 6

#44830000
0!
02

#44835000
1!
b10 %
12
b10 6

#44840000
0!
02

#44845000
1!
b11 %
12
b11 6

#44850000
0!
02

#44855000
1!
b100 %
12
b100 6

#44860000
0!
02

#44865000
1!
b101 %
12
b101 6

#44870000
0!
02

#44875000
1!
b110 %
12
b110 6

#44880000
0!
02

#44885000
1!
b111 %
12
b111 6

#44890000
0!
02

#44895000
1!
b1000 %
12
b1000 6

#44900000
0!
02

#44905000
1!
b1001 %
12
b1001 6

#44910000
0!
02

#44915000
1!
b1010 %
12
b1010 6

#44920000
0!
02

#44925000
1!
b1011 %
12
b1011 6

#44930000
0!
02

#44935000
1!
b1100 %
12
b1100 6

#44940000
0!
02

#44945000
1!
b1101 %
12
b1101 6

#44950000
0!
02

#44955000
1!
b1110 %
12
b1110 6

#44960000
0!
02

#44965000
1!
b1111 %
12
b1111 6

#44970000
0!
02

#44975000
1!
b0 %
12
b0 6

#44980000
0!
02

#44985000
1!
b1 %
12
b1 6

#44990000
0!
02

#44995000
1!
b10 %
12
b10 6

#45000000
0!
02

#45005000
1!
b11 %
12
b11 6

#45010000
0!
02

#45015000
1!
b100 %
12
b100 6

#45020000
0!
02

#45025000
1!
b101 %
12
b101 6

#45030000
0!
02

#45035000
1!
b110 %
12
b110 6

#45040000
0!
02

#45045000
1!
b111 %
12
b111 6

#45050000
0!
02

#45055000
1!
b1000 %
12
b1000 6

#45060000
0!
02

#45065000
1!
b1001 %
12
b1001 6

#45070000
0!
02

#45075000
1!
b1010 %
12
b1010 6

#45080000
0!
02

#45085000
1!
b1011 %
12
b1011 6

#45090000
0!
02

#45095000
1!
b1100 %
12
b1100 6

#45100000
0!
02

#45105000
1!
b1101 %
12
b1101 6

#45110000
0!
02

#45115000
1!
b1110 %
12
b1110 6

#45120000
0!
02

#45125000
1!
b1111 %
12
b1111 6

#45130000
0!
02

#45135000
1!
b0 %
12
b0 6

#45140000
0!
02

#45145000
1!
b1 %
12
b1 6

#45150000
0!
02

#45155000
1!
b10 %
12
b10 6

#45160000
0!
02

#45165000
1!
b11 %
12
b11 6

#45170000
0!
02

#45175000
1!
b100 %
12
b100 6

#45180000
0!
02

#45185000
1!
b101 %
12
b101 6

#45190000
0!
02

#45195000
1!
b110 %
12
b110 6

#45200000
0!
02

#45205000
1!
b111 %
12
b111 6

#45210000
0!
02

#45215000
1!
b1000 %
12
b1000 6

#45220000
0!
02

#45225000
1!
b1001 %
12
b1001 6

#45230000
0!
02

#45235000
1!
b1010 %
12
b1010 6

#45240000
0!
02

#45245000
1!
b1011 %
12
b1011 6

#45250000
0!
02

#45255000
1!
b1100 %
12
b1100 6

#45260000
0!
02

#45265000
1!
b1101 %
12
b1101 6

#45270000
0!
02

#45275000
1!
b1110 %
12
b1110 6

#45280000
0!
02

#45285000
1!
b1111 %
12
b1111 6

#45290000
0!
02

#45295000
1!
b0 %
12
b0 6

#45300000
0!
02

#45305000
1!
b1 %
12
b1 6

#45310000
0!
02

#45315000
1!
b10 %
12
b10 6

#45320000
0!
02

#45325000
1!
b11 %
12
b11 6

#45330000
0!
02

#45335000
1!
b100 %
12
b100 6

#45340000
0!
02

#45345000
1!
b101 %
12
b101 6

#45350000
0!
02

#45355000
1!
b110 %
12
b110 6

#45360000
0!
02

#45365000
1!
b111 %
12
b111 6

#45370000
0!
02

#45375000
1!
b1000 %
12
b1000 6

#45380000
0!
02

#45385000
1!
b1001 %
12
b1001 6

#45390000
0!
02

#45395000
1!
b1010 %
12
b1010 6

#45400000
0!
02

#45405000
1!
b1011 %
12
b1011 6

#45410000
0!
02

#45415000
1!
b1100 %
12
b1100 6

#45420000
0!
02

#45425000
1!
b1101 %
12
b1101 6

#45430000
0!
02

#45435000
1!
b1110 %
12
b1110 6

#45440000
0!
02

#45445000
1!
b1111 %
12
b1111 6

#45450000
0!
02

#45455000
1!
b0 %
12
b0 6

#45460000
0!
02

#45465000
1!
b1 %
12
b1 6

#45470000
0!
02

#45475000
1!
b10 %
12
b10 6

#45480000
0!
02

#45485000
1!
b11 %
12
b11 6

#45490000
0!
02

#45495000
1!
b100 %
12
b100 6

#45500000
0!
02

#45505000
1!
b101 %
12
b101 6

#45510000
0!
02

#45515000
1!
b110 %
12
b110 6

#45520000
0!
02

#45525000
1!
b111 %
12
b111 6

#45530000
0!
02

#45535000
1!
b1000 %
12
b1000 6

#45540000
0!
02

#45545000
1!
b1001 %
12
b1001 6

#45550000
0!
02

#45555000
1!
b1010 %
12
b1010 6

#45560000
0!
02

#45565000
1!
b1011 %
12
b1011 6

#45570000
0!
02

#45575000
1!
b1100 %
12
b1100 6

#45580000
0!
02

#45585000
1!
b1101 %
12
b1101 6

#45590000
0!
02

#45595000
1!
b1110 %
12
b1110 6

#45600000
0!
02

#45605000
1!
b1111 %
12
b1111 6

#45610000
0!
02

#45615000
1!
b0 %
12
b0 6

#45620000
0!
02

#45625000
1!
b1 %
12
b1 6

#45630000
0!
02

#45635000
1!
b10 %
12
b10 6

#45640000
0!
02

#45645000
1!
b11 %
12
b11 6

#45650000
0!
02

#45655000
1!
b100 %
12
b100 6

#45660000
0!
02

#45665000
1!
b101 %
12
b101 6

#45670000
0!
02

#45675000
1!
b110 %
12
b110 6

#45680000
0!
02

#45685000
1!
b111 %
12
b111 6

#45690000
0!
02

#45695000
1!
b1000 %
12
b1000 6

#45700000
0!
02

#45705000
1!
b1001 %
12
b1001 6

#45710000
0!
02

#45715000
1!
b1010 %
12
b1010 6

#45720000
0!
02

#45725000
1!
b1011 %
12
b1011 6

#45730000
0!
02

#45735000
1!
b1100 %
12
b1100 6

#45740000
0!
02

#45745000
1!
b1101 %
12
b1101 6

#45750000
0!
02

#45755000
1!
b1110 %
12
b1110 6

#45760000
0!
02

#45765000
1!
b1111 %
12
b1111 6

#45770000
0!
02

#45775000
1!
b0 %
12
b0 6

#45780000
0!
02

#45785000
1!
b1 %
12
b1 6

#45790000
0!
02

#45795000
1!
b10 %
12
b10 6

#45800000
0!
02

#45805000
1!
b11 %
12
b11 6

#45810000
0!
02

#45815000
1!
b100 %
12
b100 6

#45820000
0!
02

#45825000
1!
b101 %
12
b101 6

#45830000
0!
02

#45835000
1!
b110 %
12
b110 6

#45840000
0!
02

#45845000
1!
b111 %
12
b111 6

#45850000
0!
02

#45855000
1!
b1000 %
12
b1000 6

#45860000
0!
02

#45865000
1!
b1001 %
12
b1001 6

#45870000
0!
02

#45875000
1!
b1010 %
12
b1010 6

#45880000
0!
02

#45885000
1!
b1011 %
12
b1011 6

#45890000
0!
02

#45895000
1!
b1100 %
12
b1100 6

#45900000
0!
02

#45905000
1!
b1101 %
12
b1101 6

#45910000
0!
02

#45915000
1!
b1110 %
12
b1110 6

#45920000
0!
02

#45925000
1!
b1111 %
12
b1111 6

#45930000
0!
02

#45935000
1!
b0 %
12
b0 6

#45940000
0!
02

#45945000
1!
b1 %
12
b1 6

#45950000
0!
02

#45955000
1!
b10 %
12
b10 6

#45960000
0!
02

#45965000
1!
b11 %
12
b11 6

#45970000
0!
02

#45975000
1!
b100 %
12
b100 6

#45980000
0!
02

#45985000
1!
b101 %
12
b101 6

#45990000
0!
02

#45995000
1!
b110 %
12
b110 6

#46000000
0!
02

#46005000
1!
b111 %
12
b111 6

#46010000
0!
02

#46015000
1!
b1000 %
12
b1000 6

#46020000
0!
02

#46025000
1!
b1001 %
12
b1001 6

#46030000
0!
02

#46035000
1!
b1010 %
12
b1010 6

#46040000
0!
02

#46045000
1!
b1011 %
12
b1011 6

#46050000
0!
02

#46055000
1!
b1100 %
12
b1100 6

#46060000
0!
02

#46065000
1!
b1101 %
12
b1101 6

#46070000
0!
02

#46075000
1!
b1110 %
12
b1110 6

#46080000
0!
02

#46085000
1!
b1111 %
12
b1111 6

#46090000
0!
02

#46095000
1!
b0 %
12
b0 6

#46100000
0!
02

#46105000
1!
b1 %
12
b1 6

#46110000
0!
02

#46115000
1!
b10 %
12
b10 6

#46120000
0!
02

#46125000
1!
b11 %
12
b11 6

#46130000
0!
02

#46135000
1!
b100 %
12
b100 6

#46140000
0!
02

#46145000
1!
b101 %
12
b101 6

#46150000
0!
02

#46155000
1!
b110 %
12
b110 6

#46160000
0!
02

#46165000
1!
b111 %
12
b111 6

#46170000
0!
02

#46175000
1!
b1000 %
12
b1000 6

#46180000
0!
02

#46185000
1!
b1001 %
12
b1001 6

#46190000
0!
02

#46195000
1!
b1010 %
12
b1010 6

#46200000
0!
02

#46205000
1!
b1011 %
12
b1011 6

#46210000
0!
02

#46215000
1!
b1100 %
12
b1100 6

#46220000
0!
02

#46225000
1!
b1101 %
12
b1101 6

#46230000
0!
02

#46235000
1!
b1110 %
12
b1110 6

#46240000
0!
02

#46245000
1!
b1111 %
12
b1111 6

#46250000
0!
02

#46255000
1!
b0 %
12
b0 6

#46260000
0!
02

#46265000
1!
b1 %
12
b1 6

#46270000
0!
02

#46275000
1!
b10 %
12
b10 6

#46280000
0!
02

#46285000
1!
b11 %
12
b11 6

#46290000
0!
02

#46295000
1!
b100 %
12
b100 6

#46300000
0!
02

#46305000
1!
b101 %
12
b101 6

#46310000
0!
02

#46315000
1!
b110 %
12
b110 6

#46320000
0!
02

#46325000
1!
b111 %
12
b111 6

#46330000
0!
02

#46335000
1!
b1000 %
12
b1000 6

#46340000
0!
02

#46345000
1!
b1001 %
12
b1001 6

#46350000
0!
02

#46355000
1!
b1010 %
12
b1010 6

#46360000
0!
02

#46365000
1!
b1011 %
12
b1011 6

#46370000
0!
02

#46375000
1!
b1100 %
12
b1100 6

#46380000
0!
02

#46385000
1!
b1101 %
12
b1101 6

#46390000
0!
02

#46395000
1!
b1110 %
12
b1110 6

#46400000
0!
02

#46405000
1!
b1111 %
12
b1111 6

#46410000
0!
02

#46415000
1!
b0 %
12
b0 6

#46420000
0!
02

#46425000
1!
b1 %
12
b1 6

#46430000
0!
02

#46435000
1!
b10 %
12
b10 6

#46440000
0!
02

#46445000
1!
b11 %
12
b11 6

#46450000
0!
02

#46455000
1!
b100 %
12
b100 6

#46460000
0!
02

#46465000
1!
b101 %
12
b101 6

#46470000
0!
02

#46475000
1!
b110 %
12
b110 6

#46480000
0!
02

#46485000
1!
b111 %
12
b111 6

#46490000
0!
02

#46495000
1!
b1000 %
12
b1000 6

#46500000
0!
02

#46505000
1!
b1001 %
12
b1001 6

#46510000
0!
02

#46515000
1!
b1010 %
12
b1010 6

#46520000
0!
02

#46525000
1!
b1011 %
12
b1011 6

#46530000
0!
02

#46535000
1!
b1100 %
12
b1100 6

#46540000
0!
02

#46545000
1!
b1101 %
12
b1101 6

#46550000
0!
02

#46555000
1!
b1110 %
12
b1110 6

#46560000
0!
02

#46565000
1!
b1111 %
12
b1111 6

#46570000
0!
02

#46575000
1!
b0 %
12
b0 6

#46580000
0!
02

#46585000
1!
b1 %
12
b1 6

#46590000
0!
02

#46595000
1!
b10 %
12
b10 6

#46600000
0!
02

#46605000
1!
b11 %
12
b11 6

#46610000
0!
02

#46615000
1!
b100 %
12
b100 6

#46620000
0!
02

#46625000
1!
b101 %
12
b101 6

#46630000
0!
02

#46635000
1!
b110 %
12
b110 6

#46640000
0!
02

#46645000
1!
b111 %
12
b111 6

#46650000
0!
02

#46655000
1!
b1000 %
12
b1000 6

#46660000
0!
02

#46665000
1!
b1001 %
12
b1001 6

#46670000
0!
02

#46675000
1!
b1010 %
12
b1010 6

#46680000
0!
02

#46685000
1!
b1011 %
12
b1011 6

#46690000
0!
02

#46695000
1!
b1100 %
12
b1100 6

#46700000
0!
02

#46705000
1!
b1101 %
12
b1101 6

#46710000
0!
02

#46715000
1!
b1110 %
12
b1110 6

#46720000
0!
02

#46725000
1!
b1111 %
12
b1111 6

#46730000
0!
02

#46735000
1!
b0 %
12
b0 6

#46740000
0!
02

#46745000
1!
b1 %
12
b1 6

#46750000
0!
02

#46755000
1!
b10 %
12
b10 6

#46760000
0!
02

#46765000
1!
b11 %
12
b11 6

#46770000
0!
02

#46775000
1!
b100 %
12
b100 6

#46780000
0!
02

#46785000
1!
b101 %
12
b101 6

#46790000
0!
02

#46795000
1!
b110 %
12
b110 6

#46800000
0!
02

#46805000
1!
b111 %
12
b111 6

#46810000
0!
02

#46815000
1!
b1000 %
12
b1000 6

#46820000
0!
02

#46825000
1!
b1001 %
12
b1001 6

#46830000
0!
02

#46835000
1!
b1010 %
12
b1010 6

#46840000
0!
02

#46845000
1!
b1011 %
12
b1011 6

#46850000
0!
02

#46855000
1!
b1100 %
12
b1100 6

#46860000
0!
02

#46865000
1!
b1101 %
12
b1101 6

#46870000
0!
02

#46875000
1!
b1110 %
12
b1110 6

#46880000
0!
02

#46885000
1!
b1111 %
12
b1111 6

#46890000
0!
02

#46895000
1!
b0 %
12
b0 6

#46900000
0!
02

#46905000
1!
b1 %
12
b1 6

#46910000
0!
02

#46915000
1!
b10 %
12
b10 6

#46920000
0!
02

#46925000
1!
b11 %
12
b11 6

#46930000
0!
02

#46935000
1!
b100 %
12
b100 6

#46940000
0!
02

#46945000
1!
b101 %
12
b101 6

#46950000
0!
02

#46955000
1!
b110 %
12
b110 6

#46960000
0!
02

#46965000
1!
b111 %
12
b111 6

#46970000
0!
02

#46975000
1!
b1000 %
12
b1000 6

#46980000
0!
02

#46985000
1!
b1001 %
12
b1001 6

#46990000
0!
02

#46995000
1!
b1010 %
12
b1010 6

#47000000
0!
02

#47005000
1!
b1011 %
12
b1011 6

#47010000
0!
02

#47015000
1!
b1100 %
12
b1100 6

#47020000
0!
02

#47025000
1!
b1101 %
12
b1101 6

#47030000
0!
02

#47035000
1!
b1110 %
12
b1110 6

#47040000
0!
02

#47045000
1!
b1111 %
12
b1111 6

#47050000
0!
02

#47055000
1!
b0 %
12
b0 6

#47060000
0!
02

#47065000
1!
b1 %
12
b1 6

#47070000
0!
02

#47075000
1!
b10 %
12
b10 6

#47080000
0!
02

#47085000
1!
b11 %
12
b11 6

#47090000
0!
02

#47095000
1!
b100 %
12
b100 6

#47100000
0!
02

#47105000
1!
b101 %
12
b101 6

#47110000
0!
02

#47115000
1!
b110 %
12
b110 6

#47120000
0!
02

#47125000
1!
b111 %
12
b111 6

#47130000
0!
02

#47135000
1!
b1000 %
12
b1000 6

#47140000
0!
02

#47145000
1!
b1001 %
12
b1001 6

#47150000
0!
02

#47155000
1!
b1010 %
12
b1010 6

#47160000
0!
02

#47165000
1!
b1011 %
12
b1011 6

#47170000
0!
02

#47175000
1!
b1100 %
12
b1100 6

#47180000
0!
02

#47185000
1!
b1101 %
12
b1101 6

#47190000
0!
02

#47195000
1!
b1110 %
12
b1110 6

#47200000
0!
02

#47205000
1!
b1111 %
12
b1111 6

#47210000
0!
02

#47215000
1!
b0 %
12
b0 6

#47220000
0!
02

#47225000
1!
b1 %
12
b1 6

#47230000
0!
02

#47235000
1!
b10 %
12
b10 6

#47240000
0!
02

#47245000
1!
b11 %
12
b11 6

#47250000
0!
02

#47255000
1!
b100 %
12
b100 6

#47260000
0!
02

#47265000
1!
b101 %
12
b101 6

#47270000
0!
02

#47275000
1!
b110 %
12
b110 6

#47280000
0!
02

#47285000
1!
b111 %
12
b111 6

#47290000
0!
02

#47295000
1!
b1000 %
12
b1000 6

#47300000
0!
02

#47305000
1!
b1001 %
12
b1001 6

#47310000
0!
02

#47315000
1!
b1010 %
12
b1010 6

#47320000
0!
02

#47325000
1!
b1011 %
12
b1011 6

#47330000
0!
02

#47335000
1!
b1100 %
12
b1100 6

#47340000
0!
02

#47345000
1!
b1101 %
12
b1101 6

#47350000
0!
02

#47355000
1!
b1110 %
12
b1110 6

#47360000
0!
02

#47365000
1!
b1111 %
12
b1111 6

#47370000
0!
02

#47375000
1!
b0 %
12
b0 6

#47380000
0!
02

#47385000
1!
b1 %
12
b1 6

#47390000
0!
02

#47395000
1!
b10 %
12
b10 6

#47400000
0!
02

#47405000
1!
b11 %
12
b11 6

#47410000
0!
02

#47415000
1!
b100 %
12
b100 6

#47420000
0!
02

#47425000
1!
b101 %
12
b101 6

#47430000
0!
02

#47435000
1!
b110 %
12
b110 6

#47440000
0!
02

#47445000
1!
b111 %
12
b111 6

#47450000
0!
02

#47455000
1!
b1000 %
12
b1000 6

#47460000
0!
02

#47465000
1!
b1001 %
12
b1001 6

#47470000
0!
02

#47475000
1!
b1010 %
12
b1010 6

#47480000
0!
02

#47485000
1!
b1011 %
12
b1011 6

#47490000
0!
02

#47495000
1!
b1100 %
12
b1100 6

#47500000
0!
02

#47505000
1!
b1101 %
12
b1101 6

#47510000
0!
02

#47515000
1!
b1110 %
12
b1110 6

#47520000
0!
02

#47525000
1!
b1111 %
12
b1111 6

#47530000
0!
02

#47535000
1!
b0 %
12
b0 6

#47540000
0!
02

#47545000
1!
b1 %
12
b1 6

#47550000
0!
02

#47555000
1!
b10 %
12
b10 6

#47560000
0!
02

#47565000
1!
b11 %
12
b11 6

#47570000
0!
02

#47575000
1!
b100 %
12
b100 6

#47580000
0!
02

#47585000
1!
b101 %
12
b101 6

#47590000
0!
02

#47595000
1!
b110 %
12
b110 6

#47600000
0!
02

#47605000
1!
b111 %
12
b111 6

#47610000
0!
02

#47615000
1!
b1000 %
12
b1000 6

#47620000
0!
02

#47625000
1!
b1001 %
12
b1001 6

#47630000
0!
02

#47635000
1!
b1010 %
12
b1010 6

#47640000
0!
02

#47645000
1!
b1011 %
12
b1011 6

#47650000
0!
02

#47655000
1!
b1100 %
12
b1100 6

#47660000
0!
02

#47665000
1!
b1101 %
12
b1101 6

#47670000
0!
02

#47675000
1!
b1110 %
12
b1110 6

#47680000
0!
02

#47685000
1!
b1111 %
12
b1111 6

#47690000
0!
02

#47695000
1!
b0 %
12
b0 6

#47700000
0!
02

#47705000
1!
b1 %
12
b1 6

#47710000
0!
02

#47715000
1!
b10 %
12
b10 6

#47720000
0!
02

#47725000
1!
b11 %
12
b11 6

#47730000
0!
02

#47735000
1!
b100 %
12
b100 6

#47740000
0!
02

#47745000
1!
b101 %
12
b101 6

#47750000
0!
02

#47755000
1!
b110 %
12
b110 6

#47760000
0!
02

#47765000
1!
b111 %
12
b111 6

#47770000
0!
02

#47775000
1!
b1000 %
12
b1000 6

#47780000
0!
02

#47785000
1!
b1001 %
12
b1001 6

#47790000
0!
02

#47795000
1!
b1010 %
12
b1010 6

#47800000
0!
02

#47805000
1!
b1011 %
12
b1011 6

#47810000
0!
02

#47815000
1!
b1100 %
12
b1100 6

#47820000
0!
02

#47825000
1!
b1101 %
12
b1101 6

#47830000
0!
02

#47835000
1!
b1110 %
12
b1110 6

#47840000
0!
02

#47845000
1!
b1111 %
12
b1111 6

#47850000
0!
02

#47855000
1!
b0 %
12
b0 6

#47860000
0!
02

#47865000
1!
b1 %
12
b1 6

#47870000
0!
02

#47875000
1!
b10 %
12
b10 6

#47880000
0!
02

#47885000
1!
b11 %
12
b11 6

#47890000
0!
02

#47895000
1!
b100 %
12
b100 6

#47900000
0!
02

#47905000
1!
b101 %
12
b101 6

#47910000
0!
02

#47915000
1!
b110 %
12
b110 6

#47920000
0!
02

#47925000
1!
b111 %
12
b111 6

#47930000
0!
02

#47935000
1!
b1000 %
12
b1000 6

#47940000
0!
02

#47945000
1!
b1001 %
12
b1001 6

#47950000
0!
02

#47955000
1!
b1010 %
12
b1010 6

#47960000
0!
02

#47965000
1!
b1011 %
12
b1011 6

#47970000
0!
02

#47975000
1!
b1100 %
12
b1100 6

#47980000
0!
02

#47985000
1!
b1101 %
12
b1101 6

#47990000
0!
02

#47995000
1!
b1110 %
12
b1110 6

#48000000
0!
02

#48005000
1!
b1111 %
12
b1111 6

#48010000
0!
02

#48015000
1!
b0 %
12
b0 6

#48020000
0!
02

#48025000
1!
b1 %
12
b1 6

#48030000
0!
02

#48035000
1!
b10 %
12
b10 6

#48040000
0!
02

#48045000
1!
b11 %
12
b11 6

#48050000
0!
02

#48055000
1!
b100 %
12
b100 6

#48060000
0!
02

#48065000
1!
b101 %
12
b101 6

#48070000
0!
02

#48075000
1!
b110 %
12
b110 6

#48080000
0!
02

#48085000
1!
b111 %
12
b111 6

#48090000
0!
02

#48095000
1!
b1000 %
12
b1000 6

#48100000
0!
02

#48105000
1!
b1001 %
12
b1001 6

#48110000
0!
02

#48115000
1!
b1010 %
12
b1010 6

#48120000
0!
02

#48125000
1!
b1011 %
12
b1011 6

#48130000
0!
02

#48135000
1!
b1100 %
12
b1100 6

#48140000
0!
02

#48145000
1!
b1101 %
12
b1101 6

#48150000
0!
02

#48155000
1!
b1110 %
12
b1110 6

#48160000
0!
02

#48165000
1!
b1111 %
12
b1111 6

#48170000
0!
02

#48175000
1!
b0 %
12
b0 6

#48180000
0!
02

#48185000
1!
b1 %
12
b1 6

#48190000
0!
02

#48195000
1!
b10 %
12
b10 6

#48200000
0!
02

#48205000
1!
b11 %
12
b11 6

#48210000
0!
02

#48215000
1!
b100 %
12
b100 6

#48220000
0!
02

#48225000
1!
b101 %
12
b101 6

#48230000
0!
02

#48235000
1!
b110 %
12
b110 6

#48240000
0!
02

#48245000
1!
b111 %
12
b111 6

#48250000
0!
02

#48255000
1!
b1000 %
12
b1000 6

#48260000
0!
02

#48265000
1!
b1001 %
12
b1001 6

#48270000
0!
02

#48275000
1!
b1010 %
12
b1010 6

#48280000
0!
02

#48285000
1!
b1011 %
12
b1011 6

#48290000
0!
02

#48295000
1!
b1100 %
12
b1100 6

#48300000
0!
02

#48305000
1!
b1101 %
12
b1101 6

#48310000
0!
02

#48315000
1!
b1110 %
12
b1110 6

#48320000
0!
02

#48325000
1!
b1111 %
12
b1111 6

#48330000
0!
02

#48335000
1!
b0 %
12
b0 6

#48340000
0!
02

#48345000
1!
b1 %
12
b1 6

#48350000
0!
02

#48355000
1!
b10 %
12
b10 6

#48360000
0!
02

#48365000
1!
b11 %
12
b11 6

#48370000
0!
02

#48375000
1!
b100 %
12
b100 6

#48380000
0!
02

#48385000
1!
b101 %
12
b101 6

#48390000
0!
02

#48395000
1!
b110 %
12
b110 6

#48400000
0!
02

#48405000
1!
b111 %
12
b111 6

#48410000
0!
02

#48415000
1!
b1000 %
12
b1000 6

#48420000
0!
02

#48425000
1!
b1001 %
12
b1001 6

#48430000
0!
02

#48435000
1!
b1010 %
12
b1010 6

#48440000
0!
02

#48445000
1!
b1011 %
12
b1011 6

#48450000
0!
02

#48455000
1!
b1100 %
12
b1100 6

#48460000
0!
02

#48465000
1!
b1101 %
12
b1101 6

#48470000
0!
02

#48475000
1!
b1110 %
12
b1110 6

#48480000
0!
02

#48485000
1!
b1111 %
12
b1111 6

#48490000
0!
02

#48495000
1!
b0 %
12
b0 6

#48500000
0!
02

#48505000
1!
b1 %
12
b1 6

#48510000
0!
02

#48515000
1!
b10 %
12
b10 6

#48520000
0!
02

#48525000
1!
b11 %
12
b11 6

#48530000
0!
02

#48535000
1!
b100 %
12
b100 6

#48540000
0!
02

#48545000
1!
b101 %
12
b101 6

#48550000
0!
02

#48555000
1!
b110 %
12
b110 6

#48560000
0!
02

#48565000
1!
b111 %
12
b111 6

#48570000
0!
02

#48575000
1!
b1000 %
12
b1000 6

#48580000
0!
02

#48585000
1!
b1001 %
12
b1001 6

#48590000
0!
02

#48595000
1!
b1010 %
12
b1010 6

#48600000
0!
02

#48605000
1!
b1011 %
12
b1011 6

#48610000
0!
02

#48615000
1!
b1100 %
12
b1100 6

#48620000
0!
02

#48625000
1!
b1101 %
12
b1101 6

#48630000
0!
02

#48635000
1!
b1110 %
12
b1110 6

#48640000
0!
02

#48645000
1!
b1111 %
12
b1111 6

#48650000
0!
02

#48655000
1!
b0 %
12
b0 6

#48660000
0!
02

#48665000
1!
b1 %
12
b1 6

#48670000
0!
02

#48675000
1!
b10 %
12
b10 6

#48680000
0!
02

#48685000
1!
b11 %
12
b11 6

#48690000
0!
02

#48695000
1!
b100 %
12
b100 6

#48700000
0!
02

#48705000
1!
b101 %
12
b101 6

#48710000
0!
02

#48715000
1!
b110 %
12
b110 6

#48720000
0!
02

#48725000
1!
b111 %
12
b111 6

#48730000
0!
02

#48735000
1!
b1000 %
12
b1000 6

#48740000
0!
02

#48745000
1!
b1001 %
12
b1001 6

#48750000
0!
02

#48755000
1!
b1010 %
12
b1010 6

#48760000
0!
02

#48765000
1!
b1011 %
12
b1011 6

#48770000
0!
02

#48775000
1!
b1100 %
12
b1100 6

#48780000
0!
02

#48785000
1!
b1101 %
12
b1101 6

#48790000
0!
02

#48795000
1!
b1110 %
12
b1110 6

#48800000
0!
02

#48805000
1!
b1111 %
12
b1111 6

#48810000
0!
02

#48815000
1!
b0 %
12
b0 6

#48820000
0!
02

#48825000
1!
b1 %
12
b1 6

#48830000
0!
02

#48835000
1!
b10 %
12
b10 6

#48840000
0!
02

#48845000
1!
b11 %
12
b11 6

#48850000
0!
02

#48855000
1!
b100 %
12
b100 6

#48860000
0!
02

#48865000
1!
b101 %
12
b101 6

#48870000
0!
02

#48875000
1!
b110 %
12
b110 6

#48880000
0!
02

#48885000
1!
b111 %
12
b111 6

#48890000
0!
02

#48895000
1!
b1000 %
12
b1000 6

#48900000
0!
02

#48905000
1!
b1001 %
12
b1001 6

#48910000
0!
02

#48915000
1!
b1010 %
12
b1010 6

#48920000
0!
02

#48925000
1!
b1011 %
12
b1011 6

#48930000
0!
02

#48935000
1!
b1100 %
12
b1100 6

#48940000
0!
02

#48945000
1!
b1101 %
12
b1101 6

#48950000
0!
02

#48955000
1!
b1110 %
12
b1110 6

#48960000
0!
02

#48965000
1!
b1111 %
12
b1111 6

#48970000
0!
02

#48975000
1!
b0 %
12
b0 6

#48980000
0!
02

#48985000
1!
b1 %
12
b1 6

#48990000
0!
02

#48995000
1!
b10 %
12
b10 6

#49000000
0!
02

#49005000
1!
b11 %
12
b11 6

#49010000
0!
02

#49015000
1!
b100 %
12
b100 6

#49020000
0!
02

#49025000
1!
b101 %
12
b101 6

#49030000
0!
02

#49035000
1!
b110 %
12
b110 6

#49040000
0!
02

#49045000
1!
b111 %
12
b111 6

#49050000
0!
02

#49055000
1!
b1000 %
12
b1000 6

#49060000
0!
02

#49065000
1!
b1001 %
12
b1001 6

#49070000
0!
02

#49075000
1!
b1010 %
12
b1010 6

#49080000
0!
02

#49085000
1!
b1011 %
12
b1011 6

#49090000
0!
02

#49095000
1!
b1100 %
12
b1100 6

#49100000
0!
02

#49105000
1!
b1101 %
12
b1101 6

#49110000
0!
02

#49115000
1!
b1110 %
12
b1110 6

#49120000
0!
02

#49125000
1!
b1111 %
12
b1111 6

#49130000
0!
02

#49135000
1!
b0 %
12
b0 6

#49140000
0!
02

#49145000
1!
b1 %
12
b1 6

#49150000
0!
02

#49155000
1!
b10 %
12
b10 6

#49160000
0!
02

#49165000
1!
b11 %
12
b11 6

#49170000
0!
02

#49175000
1!
b100 %
12
b100 6

#49180000
0!
02

#49185000
1!
b101 %
12
b101 6

#49190000
0!
02

#49195000
1!
b110 %
12
b110 6

#49200000
0!
02

#49205000
1!
b111 %
12
b111 6

#49210000
0!
02

#49215000
1!
b1000 %
12
b1000 6

#49220000
0!
02

#49225000
1!
b1001 %
12
b1001 6

#49230000
0!
02

#49235000
1!
b1010 %
12
b1010 6

#49240000
0!
02

#49245000
1!
b1011 %
12
b1011 6

#49250000
0!
02

#49255000
1!
b1100 %
12
b1100 6

#49260000
0!
02

#49265000
1!
b1101 %
12
b1101 6

#49270000
0!
02

#49275000
1!
b1110 %
12
b1110 6

#49280000
0!
02

#49285000
1!
b1111 %
12
b1111 6

#49290000
0!
02

#49295000
1!
b0 %
12
b0 6

#49300000
0!
02

#49305000
1!
b1 %
12
b1 6

#49310000
0!
02

#49315000
1!
b10 %
12
b10 6

#49320000
0!
02

#49325000
1!
b11 %
12
b11 6

#49330000
0!
02

#49335000
1!
b100 %
12
b100 6

#49340000
0!
02

#49345000
1!
b101 %
12
b101 6

#49350000
0!
02

#49355000
1!
b110 %
12
b110 6

#49360000
0!
02

#49365000
1!
b111 %
12
b111 6

#49370000
0!
02

#49375000
1!
b1000 %
12
b1000 6

#49380000
0!
02

#49385000
1!
b1001 %
12
b1001 6

#49390000
0!
02

#49395000
1!
b1010 %
12
b1010 6

#49400000
0!
02

#49405000
1!
b1011 %
12
b1011 6

#49410000
0!
02

#49415000
1!
b1100 %
12
b1100 6

#49420000
0!
02

#49425000
1!
b1101 %
12
b1101 6

#49430000
0!
02

#49435000
1!
b1110 %
12
b1110 6

#49440000
0!
02

#49445000
1!
b1111 %
12
b1111 6

#49450000
0!
02

#49455000
1!
b0 %
12
b0 6

#49460000
0!
02

#49465000
1!
b1 %
12
b1 6

#49470000
0!
02

#49475000
1!
b10 %
12
b10 6

#49480000
0!
02

#49485000
1!
b11 %
12
b11 6

#49490000
0!
02

#49495000
1!
b100 %
12
b100 6

#49500000
0!
02

#49505000
1!
b101 %
12
b101 6

#49510000
0!
02

#49515000
1!
b110 %
12
b110 6

#49520000
0!
02

#49525000
1!
b111 %
12
b111 6

#49530000
0!
02

#49535000
1!
b1000 %
12
b1000 6

#49540000
0!
02

#49545000
1!
b1001 %
12
b1001 6

#49550000
0!
02

#49555000
1!
b1010 %
12
b1010 6

#49560000
0!
02

#49565000
1!
b1011 %
12
b1011 6

#49570000
0!
02

#49575000
1!
b1100 %
12
b1100 6

#49580000
0!
02

#49585000
1!
b1101 %
12
b1101 6

#49590000
0!
02

#49595000
1!
b1110 %
12
b1110 6

#49600000
0!
02

#49605000
1!
b1111 %
12
b1111 6

#49610000
0!
02

#49615000
1!
b0 %
12
b0 6

#49620000
0!
02

#49625000
1!
b1 %
12
b1 6

#49630000
0!
02

#49635000
1!
b10 %
12
b10 6

#49640000
0!
02

#49645000
1!
b11 %
12
b11 6

#49650000
0!
02

#49655000
1!
b100 %
12
b100 6

#49660000
0!
02

#49665000
1!
b101 %
12
b101 6

#49670000
0!
02

#49675000
1!
b110 %
12
b110 6

#49680000
0!
02

#49685000
1!
b111 %
12
b111 6

#49690000
0!
02

#49695000
1!
b1000 %
12
b1000 6

#49700000
0!
02

#49705000
1!
b1001 %
12
b1001 6

#49710000
0!
02

#49715000
1!
b1010 %
12
b1010 6

#49720000
0!
02

#49725000
1!
b1011 %
12
b1011 6

#49730000
0!
02

#49735000
1!
b1100 %
12
b1100 6

#49740000
0!
02

#49745000
1!
b1101 %
12
b1101 6

#49750000
0!
02

#49755000
1!
b1110 %
12
b1110 6

#49760000
0!
02

#49765000
1!
b1111 %
12
b1111 6

#49770000
0!
02

#49775000
1!
b0 %
12
b0 6

#49780000
0!
02

#49785000
1!
b1 %
12
b1 6

#49790000
0!
02

#49795000
1!
b10 %
12
b10 6

#49800000
0!
02

#49805000
1!
b11 %
12
b11 6

#49810000
0!
02

#49815000
1!
b100 %
12
b100 6

#49820000
0!
02

#49825000
1!
b101 %
12
b101 6

#49830000
0!
02

#49835000
1!
b110 %
12
b110 6

#49840000
0!
02

#49845000
1!
b111 %
12
b111 6

#49850000
0!
02

#49855000
1!
b1000 %
12
b1000 6

#49860000
0!
02

#49865000
1!
b1001 %
12
b1001 6

#49870000
0!
02

#49875000
1!
b1010 %
12
b1010 6

#49880000
0!
02

#49885000
1!
b1011 %
12
b1011 6

#49890000
0!
02

#49895000
1!
b1100 %
12
b1100 6

#49900000
0!
02

#49905000
1!
b1101 %
12
b1101 6

#49910000
0!
02

#49915000
1!
b1110 %
12
b1110 6

#49920000
0!
02

#49925000
1!
b1111 %
12
b1111 6

#49930000
0!
02

#49935000
1!
b0 %
12
b0 6

#49940000
0!
02

#49945000
1!
b1 %
12
b1 6

#49950000
0!
02

#49955000
1!
b10 %
12
b10 6

#49960000
0!
02

#49965000
1!
b11 %
12
b11 6

#49970000
0!
02

#49975000
1!
b100 %
12
b100 6

#49980000
0!
02

#49985000
1!
b101 %
12
b101 6

#49990000
0!
02

#49995000
1!
b110 %
12
b110 6

#50000000
0!
02

#50005000
1!
b111 %
12
b111 6

#50010000
0!
02

#50015000
1!
b1000 %
12
b1000 6

#50020000
0!
0#
b1000000 $
02
04
b1000000 5

#50025000
1!
b111 %
12
b111 6

#50030000
0!
02

#50035000
1!
b110 %
12
b110 6

#50040000
0!
02

#50045000
1!
b101 %
12
b101 6

#50050000
0!
02

#50055000
1!
b100 %
12
b100 6

#50060000
0!
02

#50065000
1!
b11 %
12
b11 6

#50070000
0!
02

#50075000
1!
b10 %
12
b10 6

#50080000
0!
02

#50085000
1!
b1 %
12
b1 6

#50090000
0!
02

#50095000
1!
b0 %
12
b0 6

#50100000
0!
02

#50105000
1!
b1111 %
12
b1111 6

#50110000
0!
02

#50115000
1!
b1110 %
12
b1110 6

#50120000
0!
02

#50125000
1!
b1101 %
12
b1101 6

#50130000
0!
02

#50135000
1!
b1100 %
12
b1100 6

#50140000
0!
02

#50145000
1!
b1011 %
12
b1011 6

#50150000
0!
02

#50155000
1!
b1010 %
12
b1010 6

#50160000
0!
02

#50165000
1!
b1001 %
12
b1001 6

#50170000
0!
02

#50175000
1!
b1000 %
12
b1000 6

#50180000
0!
02

#50185000
1!
b111 %
12
b111 6

#50190000
0!
02

#50195000
1!
b110 %
12
b110 6

#50200000
0!
02

#50205000
1!
b101 %
12
b101 6

#50210000
0!
02

#50215000
1!
b100 %
12
b100 6

#50220000
0!
02

#50225000
1!
b11 %
12
b11 6

#50230000
0!
02

#50235000
1!
b10 %
12
b10 6

#50240000
0!
02

#50245000
1!
b1 %
12
b1 6

#50250000
0!
02

#50255000
1!
b0 %
12
b0 6

#50260000
0!
02

#50265000
1!
b1111 %
12
b1111 6

#50270000
0!
02

#50275000
1!
b1110 %
12
b1110 6

#50280000
0!
02

#50285000
1!
b1101 %
12
b1101 6

#50290000
0!
02

#50295000
1!
b1100 %
12
b1100 6

#50300000
0!
02

#50305000
1!
b1011 %
12
b1011 6

#50310000
0!
02

#50315000
1!
b1010 %
12
b1010 6

#50320000
0!
02

#50325000
1!
b1001 %
12
b1001 6

#50330000
0!
02

#50335000
1!
b1000 %
12
b1000 6

#50340000
0!
02

#50345000
1!
b111 %
12
b111 6

#50350000
0!
02

#50355000
1!
b110 %
12
b110 6

#50360000
0!
02

#50365000
1!
b101 %
12
b101 6

#50370000
0!
02

#50375000
1!
b100 %
12
b100 6

#50380000
0!
02

#50385000
1!
b11 %
12
b11 6

#50390000
0!
02

#50395000
1!
b10 %
12
b10 6

#50400000
0!
02

#50405000
1!
b1 %
12
b1 6

#50410000
0!
02

#50415000
1!
b0 %
12
b0 6

#50420000
0!
02

#50425000
1!
b1111 %
12
b1111 6

#50430000
0!
02

#50435000
1!
b1110 %
12
b1110 6

#50440000
0!
02

#50445000
1!
b1101 %
12
b1101 6

#50450000
0!
02

#50455000
1!
b1100 %
12
b1100 6

#50460000
0!
02

#50465000
1!
b1011 %
12
b1011 6

#50470000
0!
02

#50475000
1!
b1010 %
12
b1010 6

#50480000
0!
02

#50485000
1!
b1001 %
12
b1001 6

#50490000
0!
02

#50495000
1!
b1000 %
12
b1000 6

#50500000
0!
02

#50505000
1!
b111 %
12
b111 6

#50510000
0!
02

#50515000
1!
b110 %
12
b110 6

#50520000
0!
02

#50525000
1!
b101 %
12
b101 6

#50530000
0!
02

#50535000
1!
b100 %
12
b100 6

#50540000
0!
02

#50545000
1!
b11 %
12
b11 6

#50550000
0!
02

#50555000
1!
b10 %
12
b10 6

#50560000
0!
02

#50565000
1!
b1 %
12
b1 6

#50570000
0!
02

#50575000
1!
b0 %
12
b0 6

#50580000
0!
02

#50585000
1!
b1111 %
12
b1111 6

#50590000
0!
02

#50595000
1!
b1110 %
12
b1110 6

#50600000
0!
02

#50605000
1!
b1101 %
12
b1101 6

#50610000
0!
02

#50615000
1!
b1100 %
12
b1100 6

#50620000
0!
02

#50625000
1!
b1011 %
12
b1011 6

#50630000
0!
02

#50635000
1!
b1010 %
12
b1010 6

#50640000
0!
02

#50645000
1!
b1001 %
12
b1001 6

#50650000
0!
02

#50655000
1!
b1000 %
12
b1000 6

#50660000
0!
02

#50665000
1!
b111 %
12
b111 6

#50670000
0!
02

#50675000
1!
b110 %
12
b110 6

#50680000
0!
02

#50685000
1!
b101 %
12
b101 6

#50690000
0!
02

#50695000
1!
b100 %
12
b100 6

#50700000
0!
02

#50705000
1!
b11 %
12
b11 6

#50710000
0!
02

#50715000
1!
b10 %
12
b10 6

#50720000
0!
02

#50725000
1!
b1 %
12
b1 6

#50730000
0!
02

#50735000
1!
b0 %
12
b0 6

#50740000
0!
02

#50745000
1!
b1111 %
12
b1111 6

#50750000
0!
02

#50755000
1!
b1110 %
12
b1110 6

#50760000
0!
02

#50765000
1!
b1101 %
12
b1101 6

#50770000
0!
02

#50775000
1!
b1100 %
12
b1100 6

#50780000
0!
02

#50785000
1!
b1011 %
12
b1011 6

#50790000
0!
02

#50795000
1!
b1010 %
12
b1010 6

#50800000
0!
02

#50805000
1!
b1001 %
12
b1001 6

#50810000
0!
02

#50815000
1!
b1000 %
12
b1000 6

#50820000
0!
02

#50825000
1!
b111 %
12
b111 6

#50830000
0!
02

#50835000
1!
b110 %
12
b110 6

#50840000
0!
02

#50845000
1!
b101 %
12
b101 6

#50850000
0!
02

#50855000
1!
b100 %
12
b100 6

#50860000
0!
02

#50865000
1!
b11 %
12
b11 6

#50870000
0!
02

#50875000
1!
b10 %
12
b10 6

#50880000
0!
02

#50885000
1!
b1 %
12
b1 6

#50890000
0!
02

#50895000
1!
b0 %
12
b0 6

#50900000
0!
02

#50905000
1!
b1111 %
12
b1111 6

#50910000
0!
02

#50915000
1!
b1110 %
12
b1110 6

#50920000
0!
02

#50925000
1!
b1101 %
12
b1101 6

#50930000
0!
02

#50935000
1!
b1100 %
12
b1100 6

#50940000
0!
02

#50945000
1!
b1011 %
12
b1011 6

#50950000
0!
02

#50955000
1!
b1010 %
12
b1010 6

#50960000
0!
02

#50965000
1!
b1001 %
12
b1001 6

#50970000
0!
02

#50975000
1!
b1000 %
12
b1000 6

#50980000
0!
02

#50985000
1!
b111 %
12
b111 6

#50990000
0!
02

#50995000
1!
b110 %
12
b110 6

#51000000
0!
02

#51005000
1!
b101 %
12
b101 6

#51010000
0!
02

#51015000
1!
b100 %
12
b100 6

#51020000
0!
02

#51025000
1!
b11 %
12
b11 6

#51030000
0!
02

#51035000
1!
b10 %
12
b10 6

#51040000
0!
02

#51045000
1!
b1 %
12
b1 6

#51050000
0!
02

#51055000
1!
b0 %
12
b0 6

#51060000
0!
02

#51065000
1!
b1111 %
12
b1111 6

#51070000
0!
02

#51075000
1!
b1110 %
12
b1110 6

#51080000
0!
02

#51085000
1!
b1101 %
12
b1101 6

#51090000
0!
02

#51095000
1!
b1100 %
12
b1100 6

#51100000
0!
02

#51105000
1!
b1011 %
12
b1011 6

#51110000
0!
02

#51115000
1!
b1010 %
12
b1010 6

#51120000
0!
02

#51125000
1!
b1001 %
12
b1001 6

#51130000
0!
02

#51135000
1!
b1000 %
12
b1000 6

#51140000
0!
02

#51145000
1!
b111 %
12
b111 6

#51150000
0!
02

#51155000
1!
b110 %
12
b110 6

#51160000
0!
02

#51165000
1!
b101 %
12
b101 6

#51170000
0!
02

#51175000
1!
b100 %
12
b100 6

#51180000
0!
02

#51185000
1!
b11 %
12
b11 6

#51190000
0!
02

#51195000
1!
b10 %
12
b10 6

#51200000
0!
02

#51205000
1!
b1 %
12
b1 6

#51210000
0!
02

#51215000
1!
b0 %
12
b0 6

#51220000
0!
02

#51225000
1!
b1111 %
12
b1111 6

#51230000
0!
02

#51235000
1!
b1110 %
12
b1110 6

#51240000
0!
02

#51245000
1!
b1101 %
12
b1101 6

#51250000
0!
02

#51255000
1!
b1100 %
12
b1100 6

#51260000
0!
02

#51265000
1!
b1011 %
12
b1011 6

#51270000
0!
02

#51275000
1!
b1010 %
12
b1010 6

#51280000
0!
02

#51285000
1!
b1001 %
12
b1001 6

#51290000
0!
02

#51295000
1!
b1000 %
12
b1000 6

#51300000
0!
02

#51305000
1!
b111 %
12
b111 6

#51310000
0!
02

#51315000
1!
b110 %
12
b110 6

#51320000
0!
02

#51325000
1!
b101 %
12
b101 6

#51330000
0!
02

#51335000
1!
b100 %
12
b100 6

#51340000
0!
02

#51345000
1!
b11 %
12
b11 6

#51350000
0!
02

#51355000
1!
b10 %
12
b10 6

#51360000
0!
02

#51365000
1!
b1 %
12
b1 6

#51370000
0!
02

#51375000
1!
b0 %
12
b0 6

#51380000
0!
02

#51385000
1!
b1111 %
12
b1111 6

#51390000
0!
02

#51395000
1!
b1110 %
12
b1110 6

#51400000
0!
02

#51405000
1!
b1101 %
12
b1101 6

#51410000
0!
02

#51415000
1!
b1100 %
12
b1100 6

#51420000
0!
02

#51425000
1!
b1011 %
12
b1011 6

#51430000
0!
02

#51435000
1!
b1010 %
12
b1010 6

#51440000
0!
02

#51445000
1!
b1001 %
12
b1001 6

#51450000
0!
02

#51455000
1!
b1000 %
12
b1000 6

#51460000
0!
02

#51465000
1!
b111 %
12
b111 6

#51470000
0!
02

#51475000
1!
b110 %
12
b110 6

#51480000
0!
02

#51485000
1!
b101 %
12
b101 6

#51490000
0!
02

#51495000
1!
b100 %
12
b100 6

#51500000
0!
02

#51505000
1!
b11 %
12
b11 6

#51510000
0!
02

#51515000
1!
b10 %
12
b10 6

#51520000
0!
02

#51525000
1!
b1 %
12
b1 6

#51530000
0!
02

#51535000
1!
b0 %
12
b0 6

#51540000
0!
02

#51545000
1!
b1111 %
12
b1111 6

#51550000
0!
02

#51555000
1!
b1110 %
12
b1110 6

#51560000
0!
02

#51565000
1!
b1101 %
12
b1101 6

#51570000
0!
02

#51575000
1!
b1100 %
12
b1100 6

#51580000
0!
02

#51585000
1!
b1011 %
12
b1011 6

#51590000
0!
02

#51595000
1!
b1010 %
12
b1010 6

#51600000
0!
02

#51605000
1!
b1001 %
12
b1001 6

#51610000
0!
02

#51615000
1!
b1000 %
12
b1000 6

#51620000
0!
02

#51625000
1!
b111 %
12
b111 6

#51630000
0!
02

#51635000
1!
b110 %
12
b110 6

#51640000
0!
02

#51645000
1!
b101 %
12
b101 6

#51650000
0!
02

#51655000
1!
b100 %
12
b100 6

#51660000
0!
02

#51665000
1!
b11 %
12
b11 6

#51670000
0!
02

#51675000
1!
b10 %
12
b10 6

#51680000
0!
02

#51685000
1!
b1 %
12
b1 6

#51690000
0!
02

#51695000
1!
b0 %
12
b0 6

#51700000
0!
02

#51705000
1!
b1111 %
12
b1111 6

#51710000
0!
02

#51715000
1!
b1110 %
12
b1110 6

#51720000
0!
02

#51725000
1!
b1101 %
12
b1101 6

#51730000
0!
02

#51735000
1!
b1100 %
12
b1100 6

#51740000
0!
02

#51745000
1!
b1011 %
12
b1011 6

#51750000
0!
02

#51755000
1!
b1010 %
12
b1010 6

#51760000
0!
02

#51765000
1!
b1001 %
12
b1001 6

#51770000
0!
02

#51775000
1!
b1000 %
12
b1000 6

#51780000
0!
02

#51785000
1!
b111 %
12
b111 6

#51790000
0!
02

#51795000
1!
b110 %
12
b110 6

#51800000
0!
02

#51805000
1!
b101 %
12
b101 6

#51810000
0!
02

#51815000
1!
b100 %
12
b100 6

#51820000
0!
02

#51825000
1!
b11 %
12
b11 6

#51830000
0!
02

#51835000
1!
b10 %
12
b10 6

#51840000
0!
02

#51845000
1!
b1 %
12
b1 6

#51850000
0!
02

#51855000
1!
b0 %
12
b0 6

#51860000
0!
02

#51865000
1!
b1111 %
12
b1111 6

#51870000
0!
02

#51875000
1!
b1110 %
12
b1110 6

#51880000
0!
02

#51885000
1!
b1101 %
12
b1101 6

#51890000
0!
02

#51895000
1!
b1100 %
12
b1100 6

#51900000
0!
02

#51905000
1!
b1011 %
12
b1011 6

#51910000
0!
02

#51915000
1!
b1010 %
12
b1010 6

#51920000
0!
02

#51925000
1!
b1001 %
12
b1001 6

#51930000
0!
02

#51935000
1!
b1000 %
12
b1000 6

#51940000
0!
02

#51945000
1!
b111 %
12
b111 6

#51950000
0!
02

#51955000
1!
b110 %
12
b110 6

#51960000
0!
02

#51965000
1!
b101 %
12
b101 6

#51970000
0!
02

#51975000
1!
b100 %
12
b100 6

#51980000
0!
02

#51985000
1!
b11 %
12
b11 6

#51990000
0!
02

#51995000
1!
b10 %
12
b10 6

#52000000
0!
02

#52005000
1!
b1 %
12
b1 6

#52010000
0!
02

#52015000
1!
b0 %
12
b0 6

#52020000
0!
02

#52025000
1!
b1111 %
12
b1111 6

#52030000
0!
02

#52035000
1!
b1110 %
12
b1110 6

#52040000
0!
02

#52045000
1!
b1101 %
12
b1101 6

#52050000
0!
02

#52055000
1!
b1100 %
12
b1100 6

#52060000
0!
02

#52065000
1!
b1011 %
12
b1011 6

#52070000
0!
02

#52075000
1!
b1010 %
12
b1010 6

#52080000
0!
02

#52085000
1!
b1001 %
12
b1001 6

#52090000
0!
02

#52095000
1!
b1000 %
12
b1000 6

#52100000
0!
02

#52105000
1!
b111 %
12
b111 6

#52110000
0!
02

#52115000
1!
b110 %
12
b110 6

#52120000
0!
02

#52125000
1!
b101 %
12
b101 6

#52130000
0!
02

#52135000
1!
b100 %
12
b100 6

#52140000
0!
02

#52145000
1!
b11 %
12
b11 6

#52150000
0!
02

#52155000
1!
b10 %
12
b10 6

#52160000
0!
02

#52165000
1!
b1 %
12
b1 6

#52170000
0!
02

#52175000
1!
b0 %
12
b0 6

#52180000
0!
02

#52185000
1!
b1111 %
12
b1111 6

#52190000
0!
02

#52195000
1!
b1110 %
12
b1110 6

#52200000
0!
02

#52205000
1!
b1101 %
12
b1101 6

#52210000
0!
02

#52215000
1!
b1100 %
12
b1100 6

#52220000
0!
02

#52225000
1!
b1011 %
12
b1011 6

#52230000
0!
02

#52235000
1!
b1010 %
12
b1010 6

#52240000
0!
02

#52245000
1!
b1001 %
12
b1001 6

#52250000
0!
02

#52255000
1!
b1000 %
12
b1000 6

#52260000
0!
02

#52265000
1!
b111 %
12
b111 6

#52270000
0!
02

#52275000
1!
b110 %
12
b110 6

#52280000
0!
02

#52285000
1!
b101 %
12
b101 6

#52290000
0!
02

#52295000
1!
b100 %
12
b100 6

#52300000
0!
02

#52305000
1!
b11 %
12
b11 6

#52310000
0!
02

#52315000
1!
b10 %
12
b10 6

#52320000
0!
02

#52325000
1!
b1 %
12
b1 6

#52330000
0!
02

#52335000
1!
b0 %
12
b0 6

#52340000
0!
02

#52345000
1!
b1111 %
12
b1111 6

#52350000
0!
02

#52355000
1!
b1110 %
12
b1110 6

#52360000
0!
02

#52365000
1!
b1101 %
12
b1101 6

#52370000
0!
02

#52375000
1!
b1100 %
12
b1100 6

#52380000
0!
02

#52385000
1!
b1011 %
12
b1011 6

#52390000
0!
02

#52395000
1!
b1010 %
12
b1010 6

#52400000
0!
02

#52405000
1!
b1001 %
12
b1001 6

#52410000
0!
02

#52415000
1!
b1000 %
12
b1000 6

#52420000
0!
02

#52425000
1!
b111 %
12
b111 6

#52430000
0!
02

#52435000
1!
b110 %
12
b110 6

#52440000
0!
02

#52445000
1!
b101 %
12
b101 6

#52450000
0!
02

#52455000
1!
b100 %
12
b100 6

#52460000
0!
02

#52465000
1!
b11 %
12
b11 6

#52470000
0!
02

#52475000
1!
b10 %
12
b10 6

#52480000
0!
02

#52485000
1!
b1 %
12
b1 6

#52490000
0!
02

#52495000
1!
b0 %
12
b0 6

#52500000
0!
02

#52505000
1!
b1111 %
12
b1111 6

#52510000
0!
02

#52515000
1!
b1110 %
12
b1110 6

#52520000
0!
02

#52525000
1!
b1101 %
12
b1101 6

#52530000
0!
02

#52535000
1!
b1100 %
12
b1100 6

#52540000
0!
02

#52545000
1!
b1011 %
12
b1011 6

#52550000
0!
02

#52555000
1!
b1010 %
12
b1010 6

#52560000
0!
02

#52565000
1!
b1001 %
12
b1001 6

#52570000
0!
02

#52575000
1!
b1000 %
12
b1000 6

#52580000
0!
02

#52585000
1!
b111 %
12
b111 6

#52590000
0!
02

#52595000
1!
b110 %
12
b110 6

#52600000
0!
02

#52605000
1!
b101 %
12
b101 6

#52610000
0!
02

#52615000
1!
b100 %
12
b100 6

#52620000
0!
02

#52625000
1!
b11 %
12
b11 6

#52630000
0!
02

#52635000
1!
b10 %
12
b10 6

#52640000
0!
02

#52645000
1!
b1 %
12
b1 6

#52650000
0!
02

#52655000
1!
b0 %
12
b0 6

#52660000
0!
02

#52665000
1!
b1111 %
12
b1111 6

#52670000
0!
02

#52675000
1!
b1110 %
12
b1110 6

#52680000
0!
02

#52685000
1!
b1101 %
12
b1101 6

#52690000
0!
02

#52695000
1!
b1100 %
12
b1100 6

#52700000
0!
02

#52705000
1!
b1011 %
12
b1011 6

#52710000
0!
02

#52715000
1!
b1010 %
12
b1010 6

#52720000
0!
02

#52725000
1!
b1001 %
12
b1001 6

#52730000
0!
02

#52735000
1!
b1000 %
12
b1000 6

#52740000
0!
02

#52745000
1!
b111 %
12
b111 6

#52750000
0!
02

#52755000
1!
b110 %
12
b110 6

#52760000
0!
02

#52765000
1!
b101 %
12
b101 6

#52770000
0!
02

#52775000
1!
b100 %
12
b100 6

#52780000
0!
02

#52785000
1!
b11 %
12
b11 6

#52790000
0!
02

#52795000
1!
b10 %
12
b10 6

#52800000
0!
02

#52805000
1!
b1 %
12
b1 6

#52810000
0!
02

#52815000
1!
b0 %
12
b0 6

#52820000
0!
02

#52825000
1!
b1111 %
12
b1111 6

#52830000
0!
02

#52835000
1!
b1110 %
12
b1110 6

#52840000
0!
02

#52845000
1!
b1101 %
12
b1101 6

#52850000
0!
02

#52855000
1!
b1100 %
12
b1100 6

#52860000
0!
02

#52865000
1!
b1011 %
12
b1011 6

#52870000
0!
02

#52875000
1!
b1010 %
12
b1010 6

#52880000
0!
02

#52885000
1!
b1001 %
12
b1001 6

#52890000
0!
02

#52895000
1!
b1000 %
12
b1000 6

#52900000
0!
02

#52905000
1!
b111 %
12
b111 6

#52910000
0!
02

#52915000
1!
b110 %
12
b110 6

#52920000
0!
02

#52925000
1!
b101 %
12
b101 6

#52930000
0!
02

#52935000
1!
b100 %
12
b100 6

#52940000
0!
02

#52945000
1!
b11 %
12
b11 6

#52950000
0!
02

#52955000
1!
b10 %
12
b10 6

#52960000
0!
02

#52965000
1!
b1 %
12
b1 6

#52970000
0!
02

#52975000
1!
b0 %
12
b0 6

#52980000
0!
02

#52985000
1!
b1111 %
12
b1111 6

#52990000
0!
02

#52995000
1!
b1110 %
12
b1110 6

#53000000
0!
02

#53005000
1!
b1101 %
12
b1101 6

#53010000
0!
02

#53015000
1!
b1100 %
12
b1100 6

#53020000
0!
02

#53025000
1!
b1011 %
12
b1011 6

#53030000
0!
02

#53035000
1!
b1010 %
12
b1010 6

#53040000
0!
02

#53045000
1!
b1001 %
12
b1001 6

#53050000
0!
02

#53055000
1!
b1000 %
12
b1000 6

#53060000
0!
02

#53065000
1!
b111 %
12
b111 6

#53070000
0!
02

#53075000
1!
b110 %
12
b110 6

#53080000
0!
02

#53085000
1!
b101 %
12
b101 6

#53090000
0!
02

#53095000
1!
b100 %
12
b100 6

#53100000
0!
02

#53105000
1!
b11 %
12
b11 6

#53110000
0!
02

#53115000
1!
b10 %
12
b10 6

#53120000
0!
02

#53125000
1!
b1 %
12
b1 6

#53130000
0!
02

#53135000
1!
b0 %
12
b0 6

#53140000
0!
02

#53145000
1!
b1111 %
12
b1111 6

#53150000
0!
02

#53155000
1!
b1110 %
12
b1110 6

#53160000
0!
02

#53165000
1!
b1101 %
12
b1101 6

#53170000
0!
02

#53175000
1!
b1100 %
12
b1100 6

#53180000
0!
02

#53185000
1!
b1011 %
12
b1011 6

#53190000
0!
02

#53195000
1!
b1010 %
12
b1010 6

#53200000
0!
02

#53205000
1!
b1001 %
12
b1001 6

#53210000
0!
02

#53215000
1!
b1000 %
12
b1000 6

#53220000
0!
02

#53225000
1!
b111 %
12
b111 6

#53230000
0!
02

#53235000
1!
b110 %
12
b110 6

#53240000
0!
02

#53245000
1!
b101 %
12
b101 6

#53250000
0!
02

#53255000
1!
b100 %
12
b100 6

#53260000
0!
02

#53265000
1!
b11 %
12
b11 6

#53270000
0!
02

#53275000
1!
b10 %
12
b10 6

#53280000
0!
02

#53285000
1!
b1 %
12
b1 6

#53290000
0!
02

#53295000
1!
b0 %
12
b0 6

#53300000
0!
02

#53305000
1!
b1111 %
12
b1111 6

#53310000
0!
02

#53315000
1!
b1110 %
12
b1110 6

#53320000
0!
02

#53325000
1!
b1101 %
12
b1101 6

#53330000
0!
02

#53335000
1!
b1100 %
12
b1100 6

#53340000
0!
02

#53345000
1!
b1011 %
12
b1011 6

#53350000
0!
02

#53355000
1!
b1010 %
12
b1010 6

#53360000
0!
02

#53365000
1!
b1001 %
12
b1001 6

#53370000
0!
02

#53375000
1!
b1000 %
12
b1000 6

#53380000
0!
02

#53385000
1!
b111 %
12
b111 6

#53390000
0!
02

#53395000
1!
b110 %
12
b110 6

#53400000
0!
02

#53405000
1!
b101 %
12
b101 6

#53410000
0!
02

#53415000
1!
b100 %
12
b100 6

#53420000
0!
02

#53425000
1!
b11 %
12
b11 6

#53430000
0!
02

#53435000
1!
b10 %
12
b10 6

#53440000
0!
02

#53445000
1!
b1 %
12
b1 6

#53450000
0!
02

#53455000
1!
b0 %
12
b0 6

#53460000
0!
02

#53465000
1!
b1111 %
12
b1111 6

#53470000
0!
02

#53475000
1!
b1110 %
12
b1110 6

#53480000
0!
02

#53485000
1!
b1101 %
12
b1101 6

#53490000
0!
02

#53495000
1!
b1100 %
12
b1100 6

#53500000
0!
02

#53505000
1!
b1011 %
12
b1011 6

#53510000
0!
02

#53515000
1!
b1010 %
12
b1010 6

#53520000
0!
02

#53525000
1!
b1001 %
12
b1001 6

#53530000
0!
02

#53535000
1!
b1000 %
12
b1000 6

#53540000
0!
02

#53545000
1!
b111 %
12
b111 6

#53550000
0!
02

#53555000
1!
b110 %
12
b110 6

#53560000
0!
02

#53565000
1!
b101 %
12
b101 6

#53570000
0!
02

#53575000
1!
b100 %
12
b100 6

#53580000
0!
02

#53585000
1!
b11 %
12
b11 6

#53590000
0!
02

#53595000
1!
b10 %
12
b10 6

#53600000
0!
02

#53605000
1!
b1 %
12
b1 6

#53610000
0!
02

#53615000
1!
b0 %
12
b0 6

#53620000
0!
02

#53625000
1!
b1111 %
12
b1111 6

#53630000
0!
02

#53635000
1!
b1110 %
12
b1110 6

#53640000
0!
02

#53645000
1!
b1101 %
12
b1101 6

#53650000
0!
02

#53655000
1!
b1100 %
12
b1100 6

#53660000
0!
02

#53665000
1!
b1011 %
12
b1011 6

#53670000
0!
02

#53675000
1!
b1010 %
12
b1010 6

#53680000
0!
02

#53685000
1!
b1001 %
12
b1001 6

#53690000
0!
02

#53695000
1!
b1000 %
12
b1000 6

#53700000
0!
02

#53705000
1!
b111 %
12
b111 6

#53710000
0!
02

#53715000
1!
b110 %
12
b110 6

#53720000
0!
02

#53725000
1!
b101 %
12
b101 6

#53730000
0!
02

#53735000
1!
b100 %
12
b100 6

#53740000
0!
02

#53745000
1!
b11 %
12
b11 6

#53750000
0!
02

#53755000
1!
b10 %
12
b10 6

#53760000
0!
02

#53765000
1!
b1 %
12
b1 6

#53770000
0!
02

#53775000
1!
b0 %
12
b0 6

#53780000
0!
02

#53785000
1!
b1111 %
12
b1111 6

#53790000
0!
02

#53795000
1!
b1110 %
12
b1110 6

#53800000
0!
02

#53805000
1!
b1101 %
12
b1101 6

#53810000
0!
02

#53815000
1!
b1100 %
12
b1100 6

#53820000
0!
02

#53825000
1!
b1011 %
12
b1011 6

#53830000
0!
02

#53835000
1!
b1010 %
12
b1010 6

#53840000
0!
02

#53845000
1!
b1001 %
12
b1001 6

#53850000
0!
02

#53855000
1!
b1000 %
12
b1000 6

#53860000
0!
02

#53865000
1!
b111 %
12
b111 6

#53870000
0!
02

#53875000
1!
b110 %
12
b110 6

#53880000
0!
02

#53885000
1!
b101 %
12
b101 6

#53890000
0!
02

#53895000
1!
b100 %
12
b100 6

#53900000
0!
02

#53905000
1!
b11 %
12
b11 6

#53910000
0!
02

#53915000
1!
b10 %
12
b10 6

#53920000
0!
02

#53925000
1!
b1 %
12
b1 6

#53930000
0!
02

#53935000
1!
b0 %
12
b0 6

#53940000
0!
02

#53945000
1!
b1111 %
12
b1111 6

#53950000
0!
02

#53955000
1!
b1110 %
12
b1110 6

#53960000
0!
02

#53965000
1!
b1101 %
12
b1101 6

#53970000
0!
02

#53975000
1!
b1100 %
12
b1100 6

#53980000
0!
02

#53985000
1!
b1011 %
12
b1011 6

#53990000
0!
02

#53995000
1!
b1010 %
12
b1010 6

#54000000
0!
02

#54005000
1!
b1001 %
12
b1001 6

#54010000
0!
02

#54015000
1!
b1000 %
12
b1000 6

#54020000
0!
02

#54025000
1!
b111 %
12
b111 6

#54030000
0!
02

#54035000
1!
b110 %
12
b110 6

#54040000
0!
02

#54045000
1!
b101 %
12
b101 6

#54050000
0!
02

#54055000
1!
b100 %
12
b100 6

#54060000
0!
02

#54065000
1!
b11 %
12
b11 6

#54070000
0!
02

#54075000
1!
b10 %
12
b10 6

#54080000
0!
02

#54085000
1!
b1 %
12
b1 6

#54090000
0!
02

#54095000
1!
b0 %
12
b0 6

#54100000
0!
02

#54105000
1!
b1111 %
12
b1111 6

#54110000
0!
02

#54115000
1!
b1110 %
12
b1110 6

#54120000
0!
02

#54125000
1!
b1101 %
12
b1101 6

#54130000
0!
02

#54135000
1!
b1100 %
12
b1100 6

#54140000
0!
02

#54145000
1!
b1011 %
12
b1011 6

#54150000
0!
02

#54155000
1!
b1010 %
12
b1010 6

#54160000
0!
02

#54165000
1!
b1001 %
12
b1001 6

#54170000
0!
02

#54175000
1!
b1000 %
12
b1000 6

#54180000
0!
02

#54185000
1!
b111 %
12
b111 6

#54190000
0!
02

#54195000
1!
b110 %
12
b110 6

#54200000
0!
02

#54205000
1!
b101 %
12
b101 6

#54210000
0!
02

#54215000
1!
b100 %
12
b100 6

#54220000
0!
02

#54225000
1!
b11 %
12
b11 6

#54230000
0!
02

#54235000
1!
b10 %
12
b10 6

#54240000
0!
02

#54245000
1!
b1 %
12
b1 6

#54250000
0!
02

#54255000
1!
b0 %
12
b0 6

#54260000
0!
02

#54265000
1!
b1111 %
12
b1111 6

#54270000
0!
02

#54275000
1!
b1110 %
12
b1110 6

#54280000
0!
02

#54285000
1!
b1101 %
12
b1101 6

#54290000
0!
02

#54295000
1!
b1100 %
12
b1100 6

#54300000
0!
02

#54305000
1!
b1011 %
12
b1011 6

#54310000
0!
02

#54315000
1!
b1010 %
12
b1010 6

#54320000
0!
02

#54325000
1!
b1001 %
12
b1001 6

#54330000
0!
02

#54335000
1!
b1000 %
12
b1000 6

#54340000
0!
02

#54345000
1!
b111 %
12
b111 6

#54350000
0!
02

#54355000
1!
b110 %
12
b110 6

#54360000
0!
02

#54365000
1!
b101 %
12
b101 6

#54370000
0!
02

#54375000
1!
b100 %
12
b100 6

#54380000
0!
02

#54385000
1!
b11 %
12
b11 6

#54390000
0!
02

#54395000
1!
b10 %
12
b10 6

#54400000
0!
02

#54405000
1!
b1 %
12
b1 6

#54410000
0!
02

#54415000
1!
b0 %
12
b0 6

#54420000
0!
02

#54425000
1!
b1111 %
12
b1111 6

#54430000
0!
02

#54435000
1!
b1110 %
12
b1110 6

#54440000
0!
02

#54445000
1!
b1101 %
12
b1101 6

#54450000
0!
02

#54455000
1!
b1100 %
12
b1100 6

#54460000
0!
02

#54465000
1!
b1011 %
12
b1011 6

#54470000
0!
02

#54475000
1!
b1010 %
12
b1010 6

#54480000
0!
02

#54485000
1!
b1001 %
12
b1001 6

#54490000
0!
02

#54495000
1!
b1000 %
12
b1000 6

#54500000
0!
02

#54505000
1!
b111 %
12
b111 6

#54510000
0!
02

#54515000
1!
b110 %
12
b110 6

#54520000
0!
02

#54525000
1!
b101 %
12
b101 6

#54530000
0!
02

#54535000
1!
b100 %
12
b100 6

#54540000
0!
02

#54545000
1!
b11 %
12
b11 6

#54550000
0!
02

#54555000
1!
b10 %
12
b10 6

#54560000
0!
02

#54565000
1!
b1 %
12
b1 6

#54570000
0!
02

#54575000
1!
b0 %
12
b0 6

#54580000
0!
02

#54585000
1!
b1111 %
12
b1111 6

#54590000
0!
02

#54595000
1!
b1110 %
12
b1110 6

#54600000
0!
02

#54605000
1!
b1101 %
12
b1101 6

#54610000
0!
02

#54615000
1!
b1100 %
12
b1100 6

#54620000
0!
02

#54625000
1!
b1011 %
12
b1011 6

#54630000
0!
02

#54635000
1!
b1010 %
12
b1010 6

#54640000
0!
02

#54645000
1!
b1001 %
12
b1001 6

#54650000
0!
02

#54655000
1!
b1000 %
12
b1000 6

#54660000
0!
02

#54665000
1!
b111 %
12
b111 6

#54670000
0!
02

#54675000
1!
b110 %
12
b110 6

#54680000
0!
02

#54685000
1!
b101 %
12
b101 6

#54690000
0!
02

#54695000
1!
b100 %
12
b100 6

#54700000
0!
02

#54705000
1!
b11 %
12
b11 6

#54710000
0!
02

#54715000
1!
b10 %
12
b10 6

#54720000
0!
02

#54725000
1!
b1 %
12
b1 6

#54730000
0!
02

#54735000
1!
b0 %
12
b0 6

#54740000
0!
02

#54745000
1!
b1111 %
12
b1111 6

#54750000
0!
02

#54755000
1!
b1110 %
12
b1110 6

#54760000
0!
02

#54765000
1!
b1101 %
12
b1101 6

#54770000
0!
02

#54775000
1!
b1100 %
12
b1100 6

#54780000
0!
02

#54785000
1!
b1011 %
12
b1011 6

#54790000
0!
02

#54795000
1!
b1010 %
12
b1010 6

#54800000
0!
02

#54805000
1!
b1001 %
12
b1001 6

#54810000
0!
02

#54815000
1!
b1000 %
12
b1000 6

#54820000
0!
02

#54825000
1!
b111 %
12
b111 6

#54830000
0!
02

#54835000
1!
b110 %
12
b110 6

#54840000
0!
02

#54845000
1!
b101 %
12
b101 6

#54850000
0!
02

#54855000
1!
b100 %
12
b100 6

#54860000
0!
02

#54865000
1!
b11 %
12
b11 6

#54870000
0!
02

#54875000
1!
b10 %
12
b10 6

#54880000
0!
02

#54885000
1!
b1 %
12
b1 6

#54890000
0!
02

#54895000
1!
b0 %
12
b0 6

#54900000
0!
02

#54905000
1!
b1111 %
12
b1111 6

#54910000
0!
02

#54915000
1!
b1110 %
12
b1110 6

#54920000
0!
02

#54925000
1!
b1101 %
12
b1101 6

#54930000
0!
02

#54935000
1!
b1100 %
12
b1100 6

#54940000
0!
02

#54945000
1!
b1011 %
12
b1011 6

#54950000
0!
02

#54955000
1!
b1010 %
12
b1010 6

#54960000
0!
02

#54965000
1!
b1001 %
12
b1001 6

#54970000
0!
02

#54975000
1!
b1000 %
12
b1000 6

#54980000
0!
02

#54985000
1!
b111 %
12
b111 6

#54990000
0!
02

#54995000
1!
b110 %
12
b110 6

#55000000
0!
02

#55005000
1!
b101 %
12
b101 6

#55010000
0!
02

#55015000
1!
b100 %
12
b100 6

#55020000
0!
02

#55025000
1!
b11 %
12
b11 6

#55030000
0!
02

#55035000
1!
b10 %
12
b10 6

#55040000
0!
02

#55045000
1!
b1 %
12
b1 6

#55050000
0!
02

#55055000
1!
b0 %
12
b0 6

#55060000
0!
02

#55065000
1!
b1111 %
12
b1111 6

#55070000
0!
02

#55075000
1!
b1110 %
12
b1110 6

#55080000
0!
02

#55085000
1!
b1101 %
12
b1101 6

#55090000
0!
02

#55095000
1!
b1100 %
12
b1100 6

#55100000
0!
02

#55105000
1!
b1011 %
12
b1011 6

#55110000
0!
02

#55115000
1!
b1010 %
12
b1010 6

#55120000
0!
02

#55125000
1!
b1001 %
12
b1001 6

#55130000
0!
02

#55135000
1!
b1000 %
12
b1000 6

#55140000
0!
02

#55145000
1!
b111 %
12
b111 6

#55150000
0!
02

#55155000
1!
b110 %
12
b110 6

#55160000
0!
02

#55165000
1!
b101 %
12
b101 6

#55170000
0!
02

#55175000
1!
b100 %
12
b100 6

#55180000
0!
02

#55185000
1!
b11 %
12
b11 6

#55190000
0!
02

#55195000
1!
b10 %
12
b10 6

#55200000
0!
02

#55205000
1!
b1 %
12
b1 6

#55210000
0!
02

#55215000
1!
b0 %
12
b0 6

#55220000
0!
02

#55225000
1!
b1111 %
12
b1111 6

#55230000
0!
02

#55235000
1!
b1110 %
12
b1110 6

#55240000
0!
02

#55245000
1!
b1101 %
12
b1101 6

#55250000
0!
02

#55255000
1!
b1100 %
12
b1100 6

#55260000
0!
02

#55265000
1!
b1011 %
12
b1011 6

#55270000
0!
02

#55275000
1!
b1010 %
12
b1010 6

#55280000
0!
02

#55285000
1!
b1001 %
12
b1001 6

#55290000
0!
02

#55295000
1!
b1000 %
12
b1000 6

#55300000
0!
02

#55305000
1!
b111 %
12
b111 6

#55310000
0!
02

#55315000
1!
b110 %
12
b110 6

#55320000
0!
02

#55325000
1!
b101 %
12
b101 6

#55330000
0!
02

#55335000
1!
b100 %
12
b100 6

#55340000
0!
02

#55345000
1!
b11 %
12
b11 6

#55350000
0!
02

#55355000
1!
b10 %
12
b10 6

#55360000
0!
02

#55365000
1!
b1 %
12
b1 6

#55370000
0!
02

#55375000
1!
b0 %
12
b0 6

#55380000
0!
02

#55385000
1!
b1111 %
12
b1111 6

#55390000
0!
02

#55395000
1!
b1110 %
12
b1110 6

#55400000
0!
02

#55405000
1!
b1101 %
12
b1101 6

#55410000
0!
02

#55415000
1!
b1100 %
12
b1100 6

#55420000
0!
02

#55425000
1!
b1011 %
12
b1011 6

#55430000
0!
02

#55435000
1!
b1010 %
12
b1010 6

#55440000
0!
02

#55445000
1!
b1001 %
12
b1001 6

#55450000
0!
02

#55455000
1!
b1000 %
12
b1000 6

#55460000
0!
02

#55465000
1!
b111 %
12
b111 6

#55470000
0!
02

#55475000
1!
b110 %
12
b110 6

#55480000
0!
02

#55485000
1!
b101 %
12
b101 6

#55490000
0!
02

#55495000
1!
b100 %
12
b100 6

#55500000
0!
02

#55505000
1!
b11 %
12
b11 6

#55510000
0!
02

#55515000
1!
b10 %
12
b10 6

#55520000
0!
02

#55525000
1!
b1 %
12
b1 6

#55530000
0!
02

#55535000
1!
b0 %
12
b0 6

#55540000
0!
02

#55545000
1!
b1111 %
12
b1111 6

#55550000
0!
02

#55555000
1!
b1110 %
12
b1110 6

#55560000
0!
02

#55565000
1!
b1101 %
12
b1101 6

#55570000
0!
02

#55575000
1!
b1100 %
12
b1100 6

#55580000
0!
02

#55585000
1!
b1011 %
12
b1011 6

#55590000
0!
02

#55595000
1!
b1010 %
12
b1010 6

#55600000
0!
02

#55605000
1!
b1001 %
12
b1001 6

#55610000
0!
02

#55615000
1!
b1000 %
12
b1000 6

#55620000
0!
02

#55625000
1!
b111 %
12
b111 6

#55630000
0!
02

#55635000
1!
b110 %
12
b110 6

#55640000
0!
02

#55645000
1!
b101 %
12
b101 6

#55650000
0!
02

#55655000
1!
b100 %
12
b100 6

#55660000
0!
02

#55665000
1!
b11 %
12
b11 6

#55670000
0!
02

#55675000
1!
b10 %
12
b10 6

#55680000
0!
02

#55685000
1!
b1 %
12
b1 6

#55690000
0!
02

#55695000
1!
b0 %
12
b0 6

#55700000
0!
02

#55705000
1!
b1111 %
12
b1111 6

#55710000
0!
02

#55715000
1!
b1110 %
12
b1110 6

#55720000
0!
02

#55725000
1!
b1101 %
12
b1101 6

#55730000
0!
02

#55735000
1!
b1100 %
12
b1100 6

#55740000
0!
02

#55745000
1!
b1011 %
12
b1011 6

#55750000
0!
02

#55755000
1!
b1010 %
12
b1010 6

#55760000
0!
02

#55765000
1!
b1001 %
12
b1001 6

#55770000
0!
02

#55775000
1!
b1000 %
12
b1000 6

#55780000
0!
02

#55785000
1!
b111 %
12
b111 6

#55790000
0!
02

#55795000
1!
b110 %
12
b110 6

#55800000
0!
02

#55805000
1!
b101 %
12
b101 6

#55810000
0!
02

#55815000
1!
b100 %
12
b100 6

#55820000
0!
02

#55825000
1!
b11 %
12
b11 6

#55830000
0!
02

#55835000
1!
b10 %
12
b10 6

#55840000
0!
02

#55845000
1!
b1 %
12
b1 6

#55850000
0!
02

#55855000
1!
b0 %
12
b0 6

#55860000
0!
02

#55865000
1!
b1111 %
12
b1111 6

#55870000
0!
02

#55875000
1!
b1110 %
12
b1110 6

#55880000
0!
02

#55885000
1!
b1101 %
12
b1101 6

#55890000
0!
02

#55895000
1!
b1100 %
12
b1100 6

#55900000
0!
02

#55905000
1!
b1011 %
12
b1011 6

#55910000
0!
02

#55915000
1!
b1010 %
12
b1010 6

#55920000
0!
02

#55925000
1!
b1001 %
12
b1001 6

#55930000
0!
02

#55935000
1!
b1000 %
12
b1000 6

#55940000
0!
02

#55945000
1!
b111 %
12
b111 6

#55950000
0!
02

#55955000
1!
b110 %
12
b110 6

#55960000
0!
02

#55965000
1!
b101 %
12
b101 6

#55970000
0!
02

#55975000
1!
b100 %
12
b100 6

#55980000
0!
02

#55985000
1!
b11 %
12
b11 6

#55990000
0!
02

#55995000
1!
b10 %
12
b10 6

#56000000
0!
02

#56005000
1!
b1 %
12
b1 6

#56010000
0!
02

#56015000
1!
b0 %
12
b0 6

#56020000
0!
02

#56025000
1!
b1111 %
12
b1111 6

#56030000
0!
02

#56035000
1!
b1110 %
12
b1110 6

#56040000
0!
02

#56045000
1!
b1101 %
12
b1101 6

#56050000
0!
02

#56055000
1!
b1100 %
12
b1100 6

#56060000
0!
02

#56065000
1!
b1011 %
12
b1011 6

#56070000
0!
02

#56075000
1!
b1010 %
12
b1010 6

#56080000
0!
02

#56085000
1!
b1001 %
12
b1001 6

#56090000
0!
02

#56095000
1!
b1000 %
12
b1000 6

#56100000
0!
02

#56105000
1!
b111 %
12
b111 6

#56110000
0!
02

#56115000
1!
b110 %
12
b110 6

#56120000
0!
02

#56125000
1!
b101 %
12
b101 6

#56130000
0!
02

#56135000
1!
b100 %
12
b100 6

#56140000
0!
02

#56145000
1!
b11 %
12
b11 6

#56150000
0!
02

#56155000
1!
b10 %
12
b10 6

#56160000
0!
02

#56165000
1!
b1 %
12
b1 6

#56170000
0!
02

#56175000
1!
b0 %
12
b0 6

#56180000
0!
02

#56185000
1!
b1111 %
12
b1111 6

#56190000
0!
02

#56195000
1!
b1110 %
12
b1110 6

#56200000
0!
02

#56205000
1!
b1101 %
12
b1101 6

#56210000
0!
02

#56215000
1!
b1100 %
12
b1100 6

#56220000
0!
02

#56225000
1!
b1011 %
12
b1011 6

#56230000
0!
02

#56235000
1!
b1010 %
12
b1010 6

#56240000
0!
02

#56245000
1!
b1001 %
12
b1001 6

#56250000
0!
02

#56255000
1!
b1000 %
12
b1000 6

#56260000
0!
02

#56265000
1!
b111 %
12
b111 6

#56270000
0!
02

#56275000
1!
b110 %
12
b110 6

#56280000
0!
02

#56285000
1!
b101 %
12
b101 6

#56290000
0!
02

#56295000
1!
b100 %
12
b100 6

#56300000
0!
02

#56305000
1!
b11 %
12
b11 6

#56310000
0!
02

#56315000
1!
b10 %
12
b10 6

#56320000
0!
02

#56325000
1!
b1 %
12
b1 6

#56330000
0!
02

#56335000
1!
b0 %
12
b0 6

#56340000
0!
02

#56345000
1!
b1111 %
12
b1111 6

#56350000
0!
02

#56355000
1!
b1110 %
12
b1110 6

#56360000
0!
02

#56365000
1!
b1101 %
12
b1101 6

#56370000
0!
02

#56375000
1!
b1100 %
12
b1100 6

#56380000
0!
02

#56385000
1!
b1011 %
12
b1011 6

#56390000
0!
02

#56395000
1!
b1010 %
12
b1010 6

#56400000
0!
02

#56405000
1!
b1001 %
12
b1001 6

#56410000
0!
02

#56415000
1!
b1000 %
12
b1000 6

#56420000
0!
02

#56425000
1!
b111 %
12
b111 6

#56430000
0!
02

#56435000
1!
b110 %
12
b110 6

#56440000
0!
02

#56445000
1!
b101 %
12
b101 6

#56450000
0!
02

#56455000
1!
b100 %
12
b100 6

#56460000
0!
02

#56465000
1!
b11 %
12
b11 6

#56470000
0!
02

#56475000
1!
b10 %
12
b10 6

#56480000
0!
02

#56485000
1!
b1 %
12
b1 6

#56490000
0!
02

#56495000
1!
b0 %
12
b0 6

#56500000
0!
02

#56505000
1!
b1111 %
12
b1111 6

#56510000
0!
02

#56515000
1!
b1110 %
12
b1110 6

#56520000
0!
02

#56525000
1!
b1101 %
12
b1101 6

#56530000
0!
02

#56535000
1!
b1100 %
12
b1100 6

#56540000
0!
02

#56545000
1!
b1011 %
12
b1011 6

#56550000
0!
02

#56555000
1!
b1010 %
12
b1010 6

#56560000
0!
02

#56565000
1!
b1001 %
12
b1001 6

#56570000
0!
02

#56575000
1!
b1000 %
12
b1000 6

#56580000
0!
02

#56585000
1!
b111 %
12
b111 6

#56590000
0!
02

#56595000
1!
b110 %
12
b110 6

#56600000
0!
02

#56605000
1!
b101 %
12
b101 6

#56610000
0!
02

#56615000
1!
b100 %
12
b100 6

#56620000
0!
02

#56625000
1!
b11 %
12
b11 6

#56630000
0!
02

#56635000
1!
b10 %
12
b10 6

#56640000
0!
02

#56645000
1!
b1 %
12
b1 6

#56650000
0!
02

#56655000
1!
b0 %
12
b0 6

#56660000
0!
02

#56665000
1!
b1111 %
12
b1111 6

#56670000
0!
02

#56675000
1!
b1110 %
12
b1110 6

#56680000
0!
02

#56685000
1!
b1101 %
12
b1101 6

#56690000
0!
02

#56695000
1!
b1100 %
12
b1100 6

#56700000
0!
02

#56705000
1!
b1011 %
12
b1011 6

#56710000
0!
02

#56715000
1!
b1010 %
12
b1010 6

#56720000
0!
02

#56725000
1!
b1001 %
12
b1001 6

#56730000
0!
02

#56735000
1!
b1000 %
12
b1000 6

#56740000
0!
02

#56745000
1!
b111 %
12
b111 6

#56750000
0!
02

#56755000
1!
b110 %
12
b110 6

#56760000
0!
02

#56765000
1!
b101 %
12
b101 6

#56770000
0!
02

#56775000
1!
b100 %
12
b100 6

#56780000
0!
02

#56785000
1!
b11 %
12
b11 6

#56790000
0!
02

#56795000
1!
b10 %
12
b10 6

#56800000
0!
02

#56805000
1!
b1 %
12
b1 6

#56810000
0!
02

#56815000
1!
b0 %
12
b0 6

#56820000
0!
02

#56825000
1!
b1111 %
12
b1111 6

#56830000
0!
02

#56835000
1!
b1110 %
12
b1110 6

#56840000
0!
02

#56845000
1!
b1101 %
12
b1101 6

#56850000
0!
02

#56855000
1!
b1100 %
12
b1100 6

#56860000
0!
02

#56865000
1!
b1011 %
12
b1011 6

#56870000
0!
02

#56875000
1!
b1010 %
12
b1010 6

#56880000
0!
02

#56885000
1!
b1001 %
12
b1001 6

#56890000
0!
02

#56895000
1!
b1000 %
12
b1000 6

#56900000
0!
02

#56905000
1!
b111 %
12
b111 6

#56910000
0!
02

#56915000
1!
b110 %
12
b110 6

#56920000
0!
02

#56925000
1!
b101 %
12
b101 6

#56930000
0!
02

#56935000
1!
b100 %
12
b100 6

#56940000
0!
02

#56945000
1!
b11 %
12
b11 6

#56950000
0!
02

#56955000
1!
b10 %
12
b10 6

#56960000
0!
02

#56965000
1!
b1 %
12
b1 6

#56970000
0!
02

#56975000
1!
b0 %
12
b0 6

#56980000
0!
02

#56985000
1!
b1111 %
12
b1111 6

#56990000
0!
02

#56995000
1!
b1110 %
12
b1110 6

#57000000
0!
02

#57005000
1!
b1101 %
12
b1101 6

#57010000
0!
02

#57015000
1!
b1100 %
12
b1100 6

#57020000
0!
02

#57025000
1!
b1011 %
12
b1011 6

#57030000
0!
02

#57035000
1!
b1010 %
12
b1010 6

#57040000
0!
02

#57045000
1!
b1001 %
12
b1001 6

#57050000
0!
02

#57055000
1!
b1000 %
12
b1000 6

#57060000
0!
02

#57065000
1!
b111 %
12
b111 6

#57070000
0!
02

#57075000
1!
b110 %
12
b110 6

#57080000
0!
02

#57085000
1!
b101 %
12
b101 6

#57090000
0!
02

#57095000
1!
b100 %
12
b100 6

#57100000
0!
02

#57105000
1!
b11 %
12
b11 6

#57110000
0!
02

#57115000
1!
b10 %
12
b10 6

#57120000
0!
02

#57125000
1!
b1 %
12
b1 6

#57130000
0!
02

#57135000
1!
b0 %
12
b0 6

#57140000
0!
02

#57145000
1!
b1111 %
12
b1111 6

#57150000
0!
02

#57155000
1!
b1110 %
12
b1110 6

#57160000
0!
02

#57165000
1!
b1101 %
12
b1101 6

#57170000
0!
02

#57175000
1!
b1100 %
12
b1100 6

#57180000
0!
02

#57185000
1!
b1011 %
12
b1011 6

#57190000
0!
02

#57195000
1!
b1010 %
12
b1010 6

#57200000
0!
02

#57205000
1!
b1001 %
12
b1001 6

#57210000
0!
02

#57215000
1!
b1000 %
12
b1000 6

#57220000
0!
02

#57225000
1!
b111 %
12
b111 6

#57230000
0!
02

#57235000
1!
b110 %
12
b110 6

#57240000
0!
02

#57245000
1!
b101 %
12
b101 6

#57250000
0!
02

#57255000
1!
b100 %
12
b100 6

#57260000
0!
02

#57265000
1!
b11 %
12
b11 6

#57270000
0!
02

#57275000
1!
b10 %
12
b10 6

#57280000
0!
02

#57285000
1!
b1 %
12
b1 6

#57290000
0!
02

#57295000
1!
b0 %
12
b0 6

#57300000
0!
02

#57305000
1!
b1111 %
12
b1111 6

#57310000
0!
02

#57315000
1!
b1110 %
12
b1110 6

#57320000
0!
02

#57325000
1!
b1101 %
12
b1101 6

#57330000
0!
02

#57335000
1!
b1100 %
12
b1100 6

#57340000
0!
02

#57345000
1!
b1011 %
12
b1011 6

#57350000
0!
02

#57355000
1!
b1010 %
12
b1010 6

#57360000
0!
02

#57365000
1!
b1001 %
12
b1001 6

#57370000
0!
02

#57375000
1!
b1000 %
12
b1000 6

#57380000
0!
02

#57385000
1!
b111 %
12
b111 6

#57390000
0!
02

#57395000
1!
b110 %
12
b110 6

#57400000
0!
02

#57405000
1!
b101 %
12
b101 6

#57410000
0!
02

#57415000
1!
b100 %
12
b100 6

#57420000
0!
02

#57425000
1!
b11 %
12
b11 6

#57430000
0!
02

#57435000
1!
b10 %
12
b10 6

#57440000
0!
02

#57445000
1!
b1 %
12
b1 6

#57450000
0!
02

#57455000
1!
b0 %
12
b0 6

#57460000
0!
02

#57465000
1!
b1111 %
12
b1111 6

#57470000
0!
02

#57475000
1!
b1110 %
12
b1110 6

#57480000
0!
02

#57485000
1!
b1101 %
12
b1101 6

#57490000
0!
02

#57495000
1!
b1100 %
12
b1100 6

#57500000
0!
02

#57505000
1!
b1011 %
12
b1011 6

#57510000
0!
02

#57515000
1!
b1010 %
12
b1010 6

#57520000
0!
02

#57525000
1!
b1001 %
12
b1001 6

#57530000
0!
02

#57535000
1!
b1000 %
12
b1000 6

#57540000
0!
02

#57545000
1!
b111 %
12
b111 6

#57550000
0!
02

#57555000
1!
b110 %
12
b110 6

#57560000
0!
02

#57565000
1!
b101 %
12
b101 6

#57570000
0!
02

#57575000
1!
b100 %
12
b100 6

#57580000
0!
02

#57585000
1!
b11 %
12
b11 6

#57590000
0!
02

#57595000
1!
b10 %
12
b10 6

#57600000
0!
02

#57605000
1!
b1 %
12
b1 6

#57610000
0!
02

#57615000
1!
b0 %
12
b0 6

#57620000
0!
02

#57625000
1!
b1111 %
12
b1111 6

#57630000
0!
02

#57635000
1!
b1110 %
12
b1110 6

#57640000
0!
02

#57645000
1!
b1101 %
12
b1101 6

#57650000
0!
02

#57655000
1!
b1100 %
12
b1100 6

#57660000
0!
02

#57665000
1!
b1011 %
12
b1011 6

#57670000
0!
02

#57675000
1!
b1010 %
12
b1010 6

#57680000
0!
02

#57685000
1!
b1001 %
12
b1001 6

#57690000
0!
02

#57695000
1!
b1000 %
12
b1000 6

#57700000
0!
02

#57705000
1!
b111 %
12
b111 6

#57710000
0!
02

#57715000
1!
b110 %
12
b110 6

#57720000
0!
02

#57725000
1!
b101 %
12
b101 6

#57730000
0!
02

#57735000
1!
b100 %
12
b100 6

#57740000
0!
02

#57745000
1!
b11 %
12
b11 6

#57750000
0!
02

#57755000
1!
b10 %
12
b10 6

#57760000
0!
02

#57765000
1!
b1 %
12
b1 6

#57770000
0!
02

#57775000
1!
b0 %
12
b0 6

#57780000
0!
02

#57785000
1!
b1111 %
12
b1111 6

#57790000
0!
02

#57795000
1!
b1110 %
12
b1110 6

#57800000
0!
02

#57805000
1!
b1101 %
12
b1101 6

#57810000
0!
02

#57815000
1!
b1100 %
12
b1100 6

#57820000
0!
02

#57825000
1!
b1011 %
12
b1011 6

#57830000
0!
02

#57835000
1!
b1010 %
12
b1010 6

#57840000
0!
02

#57845000
1!
b1001 %
12
b1001 6

#57850000
0!
02

#57855000
1!
b1000 %
12
b1000 6

#57860000
0!
02

#57865000
1!
b111 %
12
b111 6

#57870000
0!
02

#57875000
1!
b110 %
12
b110 6

#57880000
0!
02

#57885000
1!
b101 %
12
b101 6

#57890000
0!
02

#57895000
1!
b100 %
12
b100 6

#57900000
0!
02

#57905000
1!
b11 %
12
b11 6

#57910000
0!
02

#57915000
1!
b10 %
12
b10 6

#57920000
0!
02

#57925000
1!
b1 %
12
b1 6

#57930000
0!
02

#57935000
1!
b0 %
12
b0 6

#57940000
0!
02

#57945000
1!
b1111 %
12
b1111 6

#57950000
0!
02

#57955000
1!
b1110 %
12
b1110 6

#57960000
0!
02

#57965000
1!
b1101 %
12
b1101 6

#57970000
0!
02

#57975000
1!
b1100 %
12
b1100 6

#57980000
0!
02

#57985000
1!
b1011 %
12
b1011 6

#57990000
0!
02

#57995000
1!
b1010 %
12
b1010 6

#58000000
0!
02

#58005000
1!
b1001 %
12
b1001 6

#58010000
0!
02

#58015000
1!
b1000 %
12
b1000 6

#58020000
0!
02

#58025000
1!
b111 %
12
b111 6

#58030000
0!
02

#58035000
1!
b110 %
12
b110 6

#58040000
0!
02

#58045000
1!
b101 %
12
b101 6

#58050000
0!
02

#58055000
1!
b100 %
12
b100 6

#58060000
0!
02

#58065000
1!
b11 %
12
b11 6

#58070000
0!
02

#58075000
1!
b10 %
12
b10 6

#58080000
0!
02

#58085000
1!
b1 %
12
b1 6

#58090000
0!
02

#58095000
1!
b0 %
12
b0 6

#58100000
0!
02

#58105000
1!
b1111 %
12
b1111 6

#58110000
0!
02

#58115000
1!
b1110 %
12
b1110 6

#58120000
0!
02

#58125000
1!
b1101 %
12
b1101 6

#58130000
0!
02

#58135000
1!
b1100 %
12
b1100 6

#58140000
0!
02

#58145000
1!
b1011 %
12
b1011 6

#58150000
0!
02

#58155000
1!
b1010 %
12
b1010 6

#58160000
0!
02

#58165000
1!
b1001 %
12
b1001 6

#58170000
0!
02

#58175000
1!
b1000 %
12
b1000 6

#58180000
0!
02

#58185000
1!
b111 %
12
b111 6

#58190000
0!
02

#58195000
1!
b110 %
12
b110 6

#58200000
0!
02

#58205000
1!
b101 %
12
b101 6

#58210000
0!
02

#58215000
1!
b100 %
12
b100 6

#58220000
0!
02

#58225000
1!
b11 %
12
b11 6

#58230000
0!
02

#58235000
1!
b10 %
12
b10 6

#58240000
0!
02

#58245000
1!
b1 %
12
b1 6

#58250000
0!
02

#58255000
1!
b0 %
12
b0 6

#58260000
0!
02

#58265000
1!
b1111 %
12
b1111 6

#58270000
0!
02

#58275000
1!
b1110 %
12
b1110 6

#58280000
0!
02

#58285000
1!
b1101 %
12
b1101 6

#58290000
0!
02

#58295000
1!
b1100 %
12
b1100 6

#58300000
0!
02

#58305000
1!
b1011 %
12
b1011 6

#58310000
0!
02

#58315000
1!
b1010 %
12
b1010 6

#58320000
0!
02

#58325000
1!
b1001 %
12
b1001 6

#58330000
0!
02

#58335000
1!
b1000 %
12
b1000 6

#58340000
0!
02

#58345000
1!
b111 %
12
b111 6

#58350000
0!
02

#58355000
1!
b110 %
12
b110 6

#58360000
0!
02

#58365000
1!
b101 %
12
b101 6

#58370000
0!
02

#58375000
1!
b100 %
12
b100 6

#58380000
0!
02

#58385000
1!
b11 %
12
b11 6

#58390000
0!
02

#58395000
1!
b10 %
12
b10 6

#58400000
0!
02

#58405000
1!
b1 %
12
b1 6

#58410000
0!
02

#58415000
1!
b0 %
12
b0 6

#58420000
0!
02

#58425000
1!
b1111 %
12
b1111 6

#58430000
0!
02

#58435000
1!
b1110 %
12
b1110 6

#58440000
0!
02

#58445000
1!
b1101 %
12
b1101 6

#58450000
0!
02

#58455000
1!
b1100 %
12
b1100 6

#58460000
0!
02

#58465000
1!
b1011 %
12
b1011 6

#58470000
0!
02

#58475000
1!
b1010 %
12
b1010 6

#58480000
0!
02

#58485000
1!
b1001 %
12
b1001 6

#58490000
0!
02

#58495000
1!
b1000 %
12
b1000 6

#58500000
0!
02

#58505000
1!
b111 %
12
b111 6

#58510000
0!
02

#58515000
1!
b110 %
12
b110 6

#58520000
0!
02

#58525000
1!
b101 %
12
b101 6

#58530000
0!
02

#58535000
1!
b100 %
12
b100 6

#58540000
0!
02

#58545000
1!
b11 %
12
b11 6

#58550000
0!
02

#58555000
1!
b10 %
12
b10 6

#58560000
0!
02

#58565000
1!
b1 %
12
b1 6

#58570000
0!
02

#58575000
1!
b0 %
12
b0 6

#58580000
0!
02

#58585000
1!
b1111 %
12
b1111 6

#58590000
0!
02

#58595000
1!
b1110 %
12
b1110 6

#58600000
0!
02

#58605000
1!
b1101 %
12
b1101 6

#58610000
0!
02

#58615000
1!
b1100 %
12
b1100 6

#58620000
0!
02

#58625000
1!
b1011 %
12
b1011 6

#58630000
0!
02

#58635000
1!
b1010 %
12
b1010 6

#58640000
0!
02

#58645000
1!
b1001 %
12
b1001 6

#58650000
0!
02

#58655000
1!
b1000 %
12
b1000 6

#58660000
0!
02

#58665000
1!
b111 %
12
b111 6

#58670000
0!
02

#58675000
1!
b110 %
12
b110 6

#58680000
0!
02

#58685000
1!
b101 %
12
b101 6

#58690000
0!
02

#58695000
1!
b100 %
12
b100 6

#58700000
0!
02

#58705000
1!
b11 %
12
b11 6

#58710000
0!
02

#58715000
1!
b10 %
12
b10 6

#58720000
0!
02

#58725000
1!
b1 %
12
b1 6

#58730000
0!
02

#58735000
1!
b0 %
12
b0 6

#58740000
0!
02

#58745000
1!
b1111 %
12
b1111 6

#58750000
0!
02

#58755000
1!
b1110 %
12
b1110 6

#58760000
0!
02

#58765000
1!
b1101 %
12
b1101 6

#58770000
0!
02

#58775000
1!
b1100 %
12
b1100 6

#58780000
0!
02

#58785000
1!
b1011 %
12
b1011 6

#58790000
0!
02

#58795000
1!
b1010 %
12
b1010 6

#58800000
0!
02

#58805000
1!
b1001 %
12
b1001 6

#58810000
0!
02

#58815000
1!
b1000 %
12
b1000 6

#58820000
0!
02

#58825000
1!
b111 %
12
b111 6

#58830000
0!
02

#58835000
1!
b110 %
12
b110 6

#58840000
0!
02

#58845000
1!
b101 %
12
b101 6

#58850000
0!
02

#58855000
1!
b100 %
12
b100 6

#58860000
0!
02

#58865000
1!
b11 %
12
b11 6

#58870000
0!
02

#58875000
1!
b10 %
12
b10 6

#58880000
0!
02

#58885000
1!
b1 %
12
b1 6

#58890000
0!
02

#58895000
1!
b0 %
12
b0 6

#58900000
0!
02

#58905000
1!
b1111 %
12
b1111 6

#58910000
0!
02

#58915000
1!
b1110 %
12
b1110 6

#58920000
0!
02

#58925000
1!
b1101 %
12
b1101 6

#58930000
0!
02

#58935000
1!
b1100 %
12
b1100 6

#58940000
0!
02

#58945000
1!
b1011 %
12
b1011 6

#58950000
0!
02

#58955000
1!
b1010 %
12
b1010 6

#58960000
0!
02

#58965000
1!
b1001 %
12
b1001 6

#58970000
0!
02

#58975000
1!
b1000 %
12
b1000 6

#58980000
0!
02

#58985000
1!
b111 %
12
b111 6

#58990000
0!
02

#58995000
1!
b110 %
12
b110 6

#59000000
0!
02

#59005000
1!
b101 %
12
b101 6

#59010000
0!
02

#59015000
1!
b100 %
12
b100 6

#59020000
0!
02

#59025000
1!
b11 %
12
b11 6

#59030000
0!
02

#59035000
1!
b10 %
12
b10 6

#59040000
0!
02

#59045000
1!
b1 %
12
b1 6

#59050000
0!
02

#59055000
1!
b0 %
12
b0 6

#59060000
0!
02

#59065000
1!
b1111 %
12
b1111 6

#59070000
0!
02

#59075000
1!
b1110 %
12
b1110 6

#59080000
0!
02

#59085000
1!
b1101 %
12
b1101 6

#59090000
0!
02

#59095000
1!
b1100 %
12
b1100 6

#59100000
0!
02

#59105000
1!
b1011 %
12
b1011 6

#59110000
0!
02

#59115000
1!
b1010 %
12
b1010 6

#59120000
0!
02

#59125000
1!
b1001 %
12
b1001 6

#59130000
0!
02

#59135000
1!
b1000 %
12
b1000 6

#59140000
0!
02

#59145000
1!
b111 %
12
b111 6

#59150000
0!
02

#59155000
1!
b110 %
12
b110 6

#59160000
0!
02

#59165000
1!
b101 %
12
b101 6

#59170000
0!
02

#59175000
1!
b100 %
12
b100 6

#59180000
0!
02

#59185000
1!
b11 %
12
b11 6

#59190000
0!
02

#59195000
1!
b10 %
12
b10 6

#59200000
0!
02

#59205000
1!
b1 %
12
b1 6

#59210000
0!
02

#59215000
1!
b0 %
12
b0 6

#59220000
0!
02

#59225000
1!
b1111 %
12
b1111 6

#59230000
0!
02

#59235000
1!
b1110 %
12
b1110 6

#59240000
0!
02

#59245000
1!
b1101 %
12
b1101 6

#59250000
0!
02

#59255000
1!
b1100 %
12
b1100 6

#59260000
0!
02

#59265000
1!
b1011 %
12
b1011 6

#59270000
0!
02

#59275000
1!
b1010 %
12
b1010 6

#59280000
0!
02

#59285000
1!
b1001 %
12
b1001 6

#59290000
0!
02

#59295000
1!
b1000 %
12
b1000 6

#59300000
0!
02

#59305000
1!
b111 %
12
b111 6

#59310000
0!
02

#59315000
1!
b110 %
12
b110 6

#59320000
0!
02

#59325000
1!
b101 %
12
b101 6

#59330000
0!
02

#59335000
1!
b100 %
12
b100 6

#59340000
0!
02

#59345000
1!
b11 %
12
b11 6

#59350000
0!
02

#59355000
1!
b10 %
12
b10 6

#59360000
0!
02

#59365000
1!
b1 %
12
b1 6

#59370000
0!
02

#59375000
1!
b0 %
12
b0 6

#59380000
0!
02

#59385000
1!
b1111 %
12
b1111 6

#59390000
0!
02

#59395000
1!
b1110 %
12
b1110 6

#59400000
0!
02

#59405000
1!
b1101 %
12
b1101 6

#59410000
0!
02

#59415000
1!
b1100 %
12
b1100 6

#59420000
0!
02

#59425000
1!
b1011 %
12
b1011 6

#59430000
0!
02

#59435000
1!
b1010 %
12
b1010 6

#59440000
0!
02

#59445000
1!
b1001 %
12
b1001 6

#59450000
0!
02

#59455000
1!
b1000 %
12
b1000 6

#59460000
0!
02

#59465000
1!
b111 %
12
b111 6

#59470000
0!
02

#59475000
1!
b110 %
12
b110 6

#59480000
0!
02

#59485000
1!
b101 %
12
b101 6

#59490000
0!
02

#59495000
1!
b100 %
12
b100 6

#59500000
0!
02

#59505000
1!
b11 %
12
b11 6

#59510000
0!
02

#59515000
1!
b10 %
12
b10 6

#59520000
0!
02

#59525000
1!
b1 %
12
b1 6

#59530000
0!
02

#59535000
1!
b0 %
12
b0 6

#59540000
0!
02

#59545000
1!
b1111 %
12
b1111 6

#59550000
0!
02

#59555000
1!
b1110 %
12
b1110 6

#59560000
0!
02

#59565000
1!
b1101 %
12
b1101 6

#59570000
0!
02

#59575000
1!
b1100 %
12
b1100 6

#59580000
0!
02

#59585000
1!
b1011 %
12
b1011 6

#59590000
0!
02

#59595000
1!
b1010 %
12
b1010 6

#59600000
0!
02

#59605000
1!
b1001 %
12
b1001 6

#59610000
0!
02

#59615000
1!
b1000 %
12
b1000 6

#59620000
0!
02

#59625000
1!
b111 %
12
b111 6

#59630000
0!
02

#59635000
1!
b110 %
12
b110 6

#59640000
0!
02

#59645000
1!
b101 %
12
b101 6

#59650000
0!
02

#59655000
1!
b100 %
12
b100 6

#59660000
0!
02

#59665000
1!
b11 %
12
b11 6

#59670000
0!
02

#59675000
1!
b10 %
12
b10 6

#59680000
0!
02

#59685000
1!
b1 %
12
b1 6

#59690000
0!
02

#59695000
1!
b0 %
12
b0 6

#59700000
0!
02

#59705000
1!
b1111 %
12
b1111 6

#59710000
0!
02

#59715000
1!
b1110 %
12
b1110 6

#59720000
0!
02

#59725000
1!
b1101 %
12
b1101 6

#59730000
0!
02

#59735000
1!
b1100 %
12
b1100 6

#59740000
0!
02

#59745000
1!
b1011 %
12
b1011 6

#59750000
0!
02

#59755000
1!
b1010 %
12
b1010 6

#59760000
0!
02

#59765000
1!
b1001 %
12
b1001 6

#59770000
0!
02

#59775000
1!
b1000 %
12
b1000 6

#59780000
0!
02

#59785000
1!
b111 %
12
b111 6

#59790000
0!
02

#59795000
1!
b110 %
12
b110 6

#59800000
0!
02

#59805000
1!
b101 %
12
b101 6

#59810000
0!
02

#59815000
1!
b100 %
12
b100 6

#59820000
0!
02

#59825000
1!
b11 %
12
b11 6

#59830000
0!
02

#59835000
1!
b10 %
12
b10 6

#59840000
0!
02

#59845000
1!
b1 %
12
b1 6

#59850000
0!
02

#59855000
1!
b0 %
12
b0 6

#59860000
0!
02

#59865000
1!
b1111 %
12
b1111 6

#59870000
0!
02

#59875000
1!
b1110 %
12
b1110 6

#59880000
0!
02

#59885000
1!
b1101 %
12
b1101 6

#59890000
0!
02

#59895000
1!
b1100 %
12
b1100 6

#59900000
0!
02

#59905000
1!
b1011 %
12
b1011 6

#59910000
0!
02

#59915000
1!
b1010 %
12
b1010 6

#59920000
0!
02

#59925000
1!
b1001 %
12
b1001 6

#59930000
0!
02

#59935000
1!
b1000 %
12
b1000 6

#59940000
0!
02

#59945000
1!
b111 %
12
b111 6

#59950000
0!
02

#59955000
1!
b110 %
12
b110 6

#59960000
0!
02

#59965000
1!
b101 %
12
b101 6

#59970000
0!
02

#59975000
1!
b100 %
12
b100 6

#59980000
0!
02

#59985000
1!
b11 %
12
b11 6

#59990000
0!
02

#59995000
1!
b10 %
12
b10 6

#60000000
0!
02

#60005000
1!
b1 %
12
b1 6

#60010000
0!
02

#60015000
1!
b0 %
12
b0 6

#60020000
0!
02

#60025000
1!
b1111 %
12
b1111 6

#60030000
0!
02

#60035000
1!
b1110 %
12
b1110 6

#60040000
0!
02

#60045000
1!
b1101 %
12
b1101 6

#60050000
0!
02

#60055000
1!
b1100 %
12
b1100 6

#60060000
0!
02

#60065000
1!
b1011 %
12
b1011 6

#60070000
0!
02

#60075000
1!
b1010 %
12
b1010 6

#60080000
0!
02

#60085000
1!
b1001 %
12
b1001 6

#60090000
0!
02

#60095000
1!
b1000 %
12
b1000 6

#60100000
0!
02

#60105000
1!
b111 %
12
b111 6

#60110000
0!
02

#60115000
1!
b110 %
12
b110 6

#60120000
0!
02

#60125000
1!
b101 %
12
b101 6

#60130000
0!
02

#60135000
1!
b100 %
12
b100 6

#60140000
0!
02

#60145000
1!
b11 %
12
b11 6

#60150000
0!
02

#60155000
1!
b10 %
12
b10 6

#60160000
0!
02

#60165000
1!
b1 %
12
b1 6

#60170000
0!
02

#60175000
1!
b0 %
12
b0 6

#60180000
0!
02

#60185000
1!
b1111 %
12
b1111 6

#60190000
0!
02

#60195000
1!
b1110 %
12
b1110 6

#60200000
0!
02

#60205000
1!
b1101 %
12
b1101 6

#60210000
0!
02

#60215000
1!
b1100 %
12
b1100 6

#60220000
0!
02

#60225000
1!
b1011 %
12
b1011 6

#60230000
0!
02

#60235000
1!
b1010 %
12
b1010 6

#60240000
0!
02

#60245000
1!
b1001 %
12
b1001 6

#60250000
0!
02

#60255000
1!
b1000 %
12
b1000 6

#60260000
0!
02

#60265000
1!
b111 %
12
b111 6

#60270000
0!
02

#60275000
1!
b110 %
12
b110 6

#60280000
0!
02

#60285000
1!
b101 %
12
b101 6

#60290000
0!
02

#60295000
1!
b100 %
12
b100 6

#60300000
0!
02

#60305000
1!
b11 %
12
b11 6

#60310000
0!
02

#60315000
1!
b10 %
12
b10 6

#60320000
0!
02

#60325000
1!
b1 %
12
b1 6

#60330000
0!
02

#60335000
1!
b0 %
12
b0 6

#60340000
0!
02

#60345000
1!
b1111 %
12
b1111 6

#60350000
0!
02

#60355000
1!
b1110 %
12
b1110 6

#60360000
0!
02

#60365000
1!
b1101 %
12
b1101 6

#60370000
0!
02

#60375000
1!
b1100 %
12
b1100 6

#60380000
0!
02

#60385000
1!
b1011 %
12
b1011 6

#60390000
0!
02

#60395000
1!
b1010 %
12
b1010 6

#60400000
0!
02

#60405000
1!
b1001 %
12
b1001 6

#60410000
0!
02

#60415000
1!
b1000 %
12
b1000 6

#60420000
0!
02

#60425000
1!
b111 %
12
b111 6

#60430000
0!
02

#60435000
1!
b110 %
12
b110 6

#60440000
0!
02

#60445000
1!
b101 %
12
b101 6

#60450000
0!
02

#60455000
1!
b100 %
12
b100 6

#60460000
0!
02

#60465000
1!
b11 %
12
b11 6

#60470000
0!
02

#60475000
1!
b10 %
12
b10 6

#60480000
0!
02

#60485000
1!
b1 %
12
b1 6

#60490000
0!
02

#60495000
1!
b0 %
12
b0 6

#60500000
0!
02

#60505000
1!
b1111 %
12
b1111 6

#60510000
0!
02

#60515000
1!
b1110 %
12
b1110 6

#60520000
0!
02

#60525000
1!
b1101 %
12
b1101 6

#60530000
0!
02

#60535000
1!
b1100 %
12
b1100 6

#60540000
0!
02

#60545000
1!
b1011 %
12
b1011 6

#60550000
0!
02

#60555000
1!
b1010 %
12
b1010 6

#60560000
0!
02

#60565000
1!
b1001 %
12
b1001 6

#60570000
0!
02

#60575000
1!
b1000 %
12
b1000 6

#60580000
0!
02

#60585000
1!
b111 %
12
b111 6

#60590000
0!
02

#60595000
1!
b110 %
12
b110 6

#60600000
0!
02

#60605000
1!
b101 %
12
b101 6

#60610000
0!
02

#60615000
1!
b100 %
12
b100 6

#60620000
0!
02

#60625000
1!
b11 %
12
b11 6

#60630000
0!
02

#60635000
1!
b10 %
12
b10 6

#60640000
0!
02

#60645000
1!
b1 %
12
b1 6

#60650000
0!
02

#60655000
1!
b0 %
12
b0 6

#60660000
0!
02

#60665000
1!
b1111 %
12
b1111 6

#60670000
0!
02

#60675000
1!
b1110 %
12
b1110 6

#60680000
0!
02

#60685000
1!
b1101 %
12
b1101 6

#60690000
0!
02

#60695000
1!
b1100 %
12
b1100 6

#60700000
0!
02

#60705000
1!
b1011 %
12
b1011 6

#60710000
0!
02

#60715000
1!
b1010 %
12
b1010 6

#60720000
0!
02

#60725000
1!
b1001 %
12
b1001 6

#60730000
0!
02

#60735000
1!
b1000 %
12
b1000 6

#60740000
0!
02

#60745000
1!
b111 %
12
b111 6

#60750000
0!
02

#60755000
1!
b110 %
12
b110 6

#60760000
0!
02

#60765000
1!
b101 %
12
b101 6

#60770000
0!
02

#60775000
1!
b100 %
12
b100 6

#60780000
0!
02

#60785000
1!
b11 %
12
b11 6

#60790000
0!
02

#60795000
1!
b10 %
12
b10 6

#60800000
0!
02

#60805000
1!
b1 %
12
b1 6

#60810000
0!
02

#60815000
1!
b0 %
12
b0 6

#60820000
0!
02

#60825000
1!
b1111 %
12
b1111 6

#60830000
0!
02

#60835000
1!
b1110 %
12
b1110 6

#60840000
0!
02

#60845000
1!
b1101 %
12
b1101 6

#60850000
0!
02

#60855000
1!
b1100 %
12
b1100 6

#60860000
0!
02

#60865000
1!
b1011 %
12
b1011 6

#60870000
0!
02

#60875000
1!
b1010 %
12
b1010 6

#60880000
0!
02

#60885000
1!
b1001 %
12
b1001 6

#60890000
0!
02

#60895000
1!
b1000 %
12
b1000 6

#60900000
0!
02

#60905000
1!
b111 %
12
b111 6

#60910000
0!
02

#60915000
1!
b110 %
12
b110 6

#60920000
0!
02

#60925000
1!
b101 %
12
b101 6

#60930000
0!
02

#60935000
1!
b100 %
12
b100 6

#60940000
0!
02

#60945000
1!
b11 %
12
b11 6

#60950000
0!
02

#60955000
1!
b10 %
12
b10 6

#60960000
0!
02

#60965000
1!
b1 %
12
b1 6

#60970000
0!
02

#60975000
1!
b0 %
12
b0 6

#60980000
0!
02

#60985000
1!
b1111 %
12
b1111 6

#60990000
0!
02

#60995000
1!
b1110 %
12
b1110 6

#61000000
0!
02

#61005000
1!
b1101 %
12
b1101 6

#61010000
0!
02

#61015000
1!
b1100 %
12
b1100 6

#61020000
0!
02

#61025000
1!
b1011 %
12
b1011 6

#61030000
0!
02

#61035000
1!
b1010 %
12
b1010 6

#61040000
0!
02

#61045000
1!
b1001 %
12
b1001 6

#61050000
0!
02

#61055000
1!
b1000 %
12
b1000 6

#61060000
0!
02

#61065000
1!
b111 %
12
b111 6

#61070000
0!
02

#61075000
1!
b110 %
12
b110 6

#61080000
0!
02

#61085000
1!
b101 %
12
b101 6

#61090000
0!
02

#61095000
1!
b100 %
12
b100 6

#61100000
0!
02

#61105000
1!
b11 %
12
b11 6

#61110000
0!
02

#61115000
1!
b10 %
12
b10 6

#61120000
0!
02

#61125000
1!
b1 %
12
b1 6

#61130000
0!
02

#61135000
1!
b0 %
12
b0 6

#61140000
0!
02

#61145000
1!
b1111 %
12
b1111 6

#61150000
0!
02

#61155000
1!
b1110 %
12
b1110 6

#61160000
0!
02

#61165000
1!
b1101 %
12
b1101 6

#61170000
0!
02

#61175000
1!
b1100 %
12
b1100 6

#61180000
0!
02

#61185000
1!
b1011 %
12
b1011 6

#61190000
0!
02

#61195000
1!
b1010 %
12
b1010 6

#61200000
0!
02

#61205000
1!
b1001 %
12
b1001 6

#61210000
0!
02

#61215000
1!
b1000 %
12
b1000 6

#61220000
0!
02

#61225000
1!
b111 %
12
b111 6

#61230000
0!
02

#61235000
1!
b110 %
12
b110 6

#61240000
0!
02

#61245000
1!
b101 %
12
b101 6

#61250000
0!
02

#61255000
1!
b100 %
12
b100 6

#61260000
0!
02

#61265000
1!
b11 %
12
b11 6

#61270000
0!
02

#61275000
1!
b10 %
12
b10 6

#61280000
0!
02

#61285000
1!
b1 %
12
b1 6

#61290000
0!
02

#61295000
1!
b0 %
12
b0 6

#61300000
0!
02

#61305000
1!
b1111 %
12
b1111 6

#61310000
0!
02

#61315000
1!
b1110 %
12
b1110 6

#61320000
0!
02

#61325000
1!
b1101 %
12
b1101 6

#61330000
0!
02

#61335000
1!
b1100 %
12
b1100 6

#61340000
0!
02

#61345000
1!
b1011 %
12
b1011 6

#61350000
0!
02

#61355000
1!
b1010 %
12
b1010 6

#61360000
0!
02

#61365000
1!
b1001 %
12
b1001 6

#61370000
0!
02

#61375000
1!
b1000 %
12
b1000 6

#61380000
0!
02

#61385000
1!
b111 %
12
b111 6

#61390000
0!
02

#61395000
1!
b110 %
12
b110 6

#61400000
0!
02

#61405000
1!
b101 %
12
b101 6

#61410000
0!
02

#61415000
1!
b100 %
12
b100 6

#61420000
0!
02

#61425000
1!
b11 %
12
b11 6

#61430000
0!
02

#61435000
1!
b10 %
12
b10 6

#61440000
0!
02

#61445000
1!
b1 %
12
b1 6

#61450000
0!
02

#61455000
1!
b0 %
12
b0 6

#61460000
0!
02

#61465000
1!
b1111 %
12
b1111 6

#61470000
0!
02

#61475000
1!
b1110 %
12
b1110 6

#61480000
0!
02

#61485000
1!
b1101 %
12
b1101 6

#61490000
0!
02

#61495000
1!
b1100 %
12
b1100 6

#61500000
0!
02

#61505000
1!
b1011 %
12
b1011 6

#61510000
0!
02

#61515000
1!
b1010 %
12
b1010 6

#61520000
0!
02

#61525000
1!
b1001 %
12
b1001 6

#61530000
0!
02

#61535000
1!
b1000 %
12
b1000 6

#61540000
0!
02

#61545000
1!
b111 %
12
b111 6

#61550000
0!
02

#61555000
1!
b110 %
12
b110 6

#61560000
0!
02

#61565000
1!
b101 %
12
b101 6

#61570000
0!
02

#61575000
1!
b100 %
12
b100 6

#61580000
0!
02

#61585000
1!
b11 %
12
b11 6

#61590000
0!
02

#61595000
1!
b10 %
12
b10 6

#61600000
0!
02

#61605000
1!
b1 %
12
b1 6

#61610000
0!
02

#61615000
1!
b0 %
12
b0 6

#61620000
0!
02

#61625000
1!
b1111 %
12
b1111 6

#61630000
0!
02

#61635000
1!
b1110 %
12
b1110 6

#61640000
0!
02

#61645000
1!
b1101 %
12
b1101 6

#61650000
0!
02

#61655000
1!
b1100 %
12
b1100 6

#61660000
0!
02

#61665000
1!
b1011 %
12
b1011 6

#61670000
0!
02

#61675000
1!
b1010 %
12
b1010 6

#61680000
0!
02

#61685000
1!
b1001 %
12
b1001 6

#61690000
0!
02

#61695000
1!
b1000 %
12
b1000 6

#61700000
0!
02

#61705000
1!
b111 %
12
b111 6

#61710000
0!
02

#61715000
1!
b110 %
12
b110 6

#61720000
0!
02

#61725000
1!
b101 %
12
b101 6

#61730000
0!
02

#61735000
1!
b100 %
12
b100 6

#61740000
0!
02

#61745000
1!
b11 %
12
b11 6

#61750000
0!
02

#61755000
1!
b10 %
12
b10 6

#61760000
0!
02

#61765000
1!
b1 %
12
b1 6

#61770000
0!
02

#61775000
1!
b0 %
12
b0 6

#61780000
0!
02

#61785000
1!
b1111 %
12
b1111 6

#61790000
0!
02

#61795000
1!
b1110 %
12
b1110 6

#61800000
0!
02

#61805000
1!
b1101 %
12
b1101 6

#61810000
0!
02

#61815000
1!
b1100 %
12
b1100 6

#61820000
0!
02

#61825000
1!
b1011 %
12
b1011 6

#61830000
0!
02

#61835000
1!
b1010 %
12
b1010 6

#61840000
0!
02

#61845000
1!
b1001 %
12
b1001 6

#61850000
0!
02

#61855000
1!
b1000 %
12
b1000 6

#61860000
0!
02

#61865000
1!
b111 %
12
b111 6

#61870000
0!
02

#61875000
1!
b110 %
12
b110 6

#61880000
0!
02

#61885000
1!
b101 %
12
b101 6

#61890000
0!
02

#61895000
1!
b100 %
12
b100 6

#61900000
0!
02

#61905000
1!
b11 %
12
b11 6

#61910000
0!
02

#61915000
1!
b10 %
12
b10 6

#61920000
0!
02

#61925000
1!
b1 %
12
b1 6

#61930000
0!
02

#61935000
1!
b0 %
12
b0 6

#61940000
0!
02

#61945000
1!
b1111 %
12
b1111 6

#61950000
0!
02

#61955000
1!
b1110 %
12
b1110 6

#61960000
0!
02

#61965000
1!
b1101 %
12
b1101 6

#61970000
0!
02

#61975000
1!
b1100 %
12
b1100 6

#61980000
0!
02

#61985000
1!
b1011 %
12
b1011 6

#61990000
0!
02

#61995000
1!
b1010 %
12
b1010 6

#62000000
0!
02

#62005000
1!
b1001 %
12
b1001 6

#62010000
0!
02

#62015000
1!
b1000 %
12
b1000 6

#62020000
0!
02

#62025000
1!
b111 %
12
b111 6

#62030000
0!
02

#62035000
1!
b110 %
12
b110 6

#62040000
0!
02

#62045000
1!
b101 %
12
b101 6

#62050000
0!
02

#62055000
1!
b100 %
12
b100 6

#62060000
0!
02

#62065000
1!
b11 %
12
b11 6

#62070000
0!
02

#62075000
1!
b10 %
12
b10 6

#62080000
0!
02

#62085000
1!
b1 %
12
b1 6

#62090000
0!
02

#62095000
1!
b0 %
12
b0 6

#62100000
0!
02

#62105000
1!
b1111 %
12
b1111 6

#62110000
0!
02

#62115000
1!
b1110 %
12
b1110 6

#62120000
0!
02

#62125000
1!
b1101 %
12
b1101 6

#62130000
0!
02

#62135000
1!
b1100 %
12
b1100 6

#62140000
0!
02

#62145000
1!
b1011 %
12
b1011 6

#62150000
0!
02

#62155000
1!
b1010 %
12
b1010 6

#62160000
0!
02

#62165000
1!
b1001 %
12
b1001 6

#62170000
0!
02

#62175000
1!
b1000 %
12
b1000 6

#62180000
0!
02

#62185000
1!
b111 %
12
b111 6

#62190000
0!
02

#62195000
1!
b110 %
12
b110 6

#62200000
0!
02

#62205000
1!
b101 %
12
b101 6

#62210000
0!
02

#62215000
1!
b100 %
12
b100 6

#62220000
0!
02

#62225000
1!
b11 %
12
b11 6

#62230000
0!
02

#62235000
1!
b10 %
12
b10 6

#62240000
0!
02

#62245000
1!
b1 %
12
b1 6

#62250000
0!
02

#62255000
1!
b0 %
12
b0 6

#62260000
0!
02

#62265000
1!
b1111 %
12
b1111 6

#62270000
0!
02

#62275000
1!
b1110 %
12
b1110 6

#62280000
0!
02

#62285000
1!
b1101 %
12
b1101 6

#62290000
0!
02

#62295000
1!
b1100 %
12
b1100 6

#62300000
0!
02

#62305000
1!
b1011 %
12
b1011 6

#62310000
0!
02

#62315000
1!
b1010 %
12
b1010 6

#62320000
0!
02

#62325000
1!
b1001 %
12
b1001 6

#62330000
0!
02

#62335000
1!
b1000 %
12
b1000 6

#62340000
0!
02

#62345000
1!
b111 %
12
b111 6

#62350000
0!
02

#62355000
1!
b110 %
12
b110 6

#62360000
0!
02

#62365000
1!
b101 %
12
b101 6

#62370000
0!
02

#62375000
1!
b100 %
12
b100 6

#62380000
0!
02

#62385000
1!
b11 %
12
b11 6

#62390000
0!
02

#62395000
1!
b10 %
12
b10 6

#62400000
0!
02

#62405000
1!
b1 %
12
b1 6

#62410000
0!
02

#62415000
1!
b0 %
12
b0 6

#62420000
0!
02

#62425000
1!
b1111 %
12
b1111 6

#62430000
0!
02

#62435000
1!
b1110 %
12
b1110 6

#62440000
0!
02

#62445000
1!
b1101 %
12
b1101 6

#62450000
0!
02

#62455000
1!
b1100 %
12
b1100 6

#62460000
0!
02

#62465000
1!
b1011 %
12
b1011 6

#62470000
0!
02

#62475000
1!
b1010 %
12
b1010 6

#62480000
0!
02

#62485000
1!
b1001 %
12
b1001 6

#62490000
0!
02

#62495000
1!
b1000 %
12
b1000 6

#62500000
0!
02

#62505000
1!
b111 %
12
b111 6

#62510000
0!
02

#62515000
1!
b110 %
12
b110 6

#62520000
0!
02

#62525000
1!
b101 %
12
b101 6

#62530000
0!
02

#62535000
1!
b100 %
12
b100 6

#62540000
0!
02

#62545000
1!
b11 %
12
b11 6

#62550000
0!
02

#62555000
1!
b10 %
12
b10 6

#62560000
0!
02

#62565000
1!
b1 %
12
b1 6

#62570000
0!
02

#62575000
1!
b0 %
12
b0 6

#62580000
0!
02

#62585000
1!
b1111 %
12
b1111 6

#62590000
0!
02

#62595000
1!
b1110 %
12
b1110 6

#62600000
0!
02

#62605000
1!
b1101 %
12
b1101 6

#62610000
0!
02

#62615000
1!
b1100 %
12
b1100 6

#62620000
0!
02

#62625000
1!
b1011 %
12
b1011 6

#62630000
0!
02

#62635000
1!
b1010 %
12
b1010 6

#62640000
0!
02

#62645000
1!
b1001 %
12
b1001 6

#62650000
0!
02

#62655000
1!
b1000 %
12
b1000 6

#62660000
0!
02

#62665000
1!
b111 %
12
b111 6

#62670000
0!
02

#62675000
1!
b110 %
12
b110 6

#62680000
0!
02

#62685000
1!
b101 %
12
b101 6

#62690000
0!
02

#62695000
1!
b100 %
12
b100 6

#62700000
0!
02

#62705000
1!
b11 %
12
b11 6

#62710000
0!
02

#62715000
1!
b10 %
12
b10 6

#62720000
0!
02

#62725000
1!
b1 %
12
b1 6

#62730000
0!
02

#62735000
1!
b0 %
12
b0 6

#62740000
0!
02

#62745000
1!
b1111 %
12
b1111 6

#62750000
0!
02

#62755000
1!
b1110 %
12
b1110 6

#62760000
0!
02

#62765000
1!
b1101 %
12
b1101 6

#62770000
0!
02

#62775000
1!
b1100 %
12
b1100 6

#62780000
0!
02

#62785000
1!
b1011 %
12
b1011 6

#62790000
0!
02

#62795000
1!
b1010 %
12
b1010 6

#62800000
0!
02

#62805000
1!
b1001 %
12
b1001 6

#62810000
0!
02

#62815000
1!
b1000 %
12
b1000 6

#62820000
0!
02

#62825000
1!
b111 %
12
b111 6

#62830000
0!
02

#62835000
1!
b110 %
12
b110 6

#62840000
0!
02

#62845000
1!
b101 %
12
b101 6

#62850000
0!
02

#62855000
1!
b100 %
12
b100 6

#62860000
0!
02

#62865000
1!
b11 %
12
b11 6

#62870000
0!
02

#62875000
1!
b10 %
12
b10 6

#62880000
0!
02

#62885000
1!
b1 %
12
b1 6

#62890000
0!
02

#62895000
1!
b0 %
12
b0 6

#62900000
0!
02

#62905000
1!
b1111 %
12
b1111 6

#62910000
0!
02

#62915000
1!
b1110 %
12
b1110 6

#62920000
0!
02

#62925000
1!
b1101 %
12
b1101 6

#62930000
0!
02

#62935000
1!
b1100 %
12
b1100 6

#62940000
0!
02

#62945000
1!
b1011 %
12
b1011 6

#62950000
0!
02

#62955000
1!
b1010 %
12
b1010 6

#62960000
0!
02

#62965000
1!
b1001 %
12
b1001 6

#62970000
0!
02

#62975000
1!
b1000 %
12
b1000 6

#62980000
0!
02

#62985000
1!
b111 %
12
b111 6

#62990000
0!
02

#62995000
1!
b110 %
12
b110 6

#63000000
0!
02

#63005000
1!
b101 %
12
b101 6

#63010000
0!
02

#63015000
1!
b100 %
12
b100 6

#63020000
0!
02

#63025000
1!
b11 %
12
b11 6

#63030000
0!
02

#63035000
1!
b10 %
12
b10 6

#63040000
0!
02

#63045000
1!
b1 %
12
b1 6

#63050000
0!
02

#63055000
1!
b0 %
12
b0 6

#63060000
0!
02

#63065000
1!
b1111 %
12
b1111 6

#63070000
0!
02

#63075000
1!
b1110 %
12
b1110 6

#63080000
0!
02

#63085000
1!
b1101 %
12
b1101 6

#63090000
0!
02

#63095000
1!
b1100 %
12
b1100 6

#63100000
0!
02

#63105000
1!
b1011 %
12
b1011 6

#63110000
0!
02

#63115000
1!
b1010 %
12
b1010 6

#63120000
0!
02

#63125000
1!
b1001 %
12
b1001 6

#63130000
0!
02

#63135000
1!
b1000 %
12
b1000 6

#63140000
0!
02

#63145000
1!
b111 %
12
b111 6

#63150000
0!
02

#63155000
1!
b110 %
12
b110 6

#63160000
0!
02

#63165000
1!
b101 %
12
b101 6

#63170000
0!
02

#63175000
1!
b100 %
12
b100 6

#63180000
0!
02

#63185000
1!
b11 %
12
b11 6

#63190000
0!
02

#63195000
1!
b10 %
12
b10 6

#63200000
0!
02

#63205000
1!
b1 %
12
b1 6

#63210000
0!
02

#63215000
1!
b0 %
12
b0 6

#63220000
0!
02

#63225000
1!
b1111 %
12
b1111 6

#63230000
0!
02

#63235000
1!
b1110 %
12
b1110 6

#63240000
0!
02

#63245000
1!
b1101 %
12
b1101 6

#63250000
0!
02

#63255000
1!
b1100 %
12
b1100 6

#63260000
0!
02

#63265000
1!
b1011 %
12
b1011 6

#63270000
0!
02

#63275000
1!
b1010 %
12
b1010 6

#63280000
0!
02

#63285000
1!
b1001 %
12
b1001 6

#63290000
0!
02

#63295000
1!
b1000 %
12
b1000 6

#63300000
0!
02

#63305000
1!
b111 %
12
b111 6

#63310000
0!
02

#63315000
1!
b110 %
12
b110 6

#63320000
0!
02

#63325000
1!
b101 %
12
b101 6

#63330000
0!
02

#63335000
1!
b100 %
12
b100 6

#63340000
0!
02

#63345000
1!
b11 %
12
b11 6

#63350000
0!
02

#63355000
1!
b10 %
12
b10 6

#63360000
0!
02

#63365000
1!
b1 %
12
b1 6

#63370000
0!
02

#63375000
1!
b0 %
12
b0 6

#63380000
0!
02

#63385000
1!
b1111 %
12
b1111 6

#63390000
0!
02

#63395000
1!
b1110 %
12
b1110 6

#63400000
0!
02

#63405000
1!
b1101 %
12
b1101 6

#63410000
0!
02

#63415000
1!
b1100 %
12
b1100 6

#63420000
0!
02

#63425000
1!
b1011 %
12
b1011 6

#63430000
0!
02

#63435000
1!
b1010 %
12
b1010 6

#63440000
0!
02

#63445000
1!
b1001 %
12
b1001 6

#63450000
0!
02

#63455000
1!
b1000 %
12
b1000 6

#63460000
0!
02

#63465000
1!
b111 %
12
b111 6

#63470000
0!
02

#63475000
1!
b110 %
12
b110 6

#63480000
0!
02

#63485000
1!
b101 %
12
b101 6

#63490000
0!
02

#63495000
1!
b100 %
12
b100 6

#63500000
0!
02

#63505000
1!
b11 %
12
b11 6

#63510000
0!
02

#63515000
1!
b10 %
12
b10 6

#63520000
0!
02

#63525000
1!
b1 %
12
b1 6

#63530000
0!
02

#63535000
1!
b0 %
12
b0 6

#63540000
0!
02

#63545000
1!
b1111 %
12
b1111 6

#63550000
0!
02

#63555000
1!
b1110 %
12
b1110 6

#63560000
0!
02

#63565000
1!
b1101 %
12
b1101 6

#63570000
0!
02

#63575000
1!
b1100 %
12
b1100 6

#63580000
0!
02

#63585000
1!
b1011 %
12
b1011 6

#63590000
0!
02

#63595000
1!
b1010 %
12
b1010 6

#63600000
0!
02

#63605000
1!
b1001 %
12
b1001 6

#63610000
0!
02

#63615000
1!
b1000 %
12
b1000 6

#63620000
0!
02

#63625000
1!
b111 %
12
b111 6

#63630000
0!
02

#63635000
1!
b110 %
12
b110 6

#63640000
0!
02

#63645000
1!
b101 %
12
b101 6

#63650000
0!
02

#63655000
1!
b100 %
12
b100 6

#63660000
0!
02

#63665000
1!
b11 %
12
b11 6

#63670000
0!
02

#63675000
1!
b10 %
12
b10 6

#63680000
0!
02

#63685000
1!
b1 %
12
b1 6

#63690000
0!
02

#63695000
1!
b0 %
12
b0 6

#63700000
0!
02

#63705000
1!
b1111 %
12
b1111 6

#63710000
0!
02

#63715000
1!
b1110 %
12
b1110 6

#63720000
0!
02

#63725000
1!
b1101 %
12
b1101 6

#63730000
0!
02

#63735000
1!
b1100 %
12
b1100 6

#63740000
0!
02

#63745000
1!
b1011 %
12
b1011 6

#63750000
0!
02

#63755000
1!
b1010 %
12
b1010 6

#63760000
0!
02

#63765000
1!
b1001 %
12
b1001 6

#63770000
0!
02

#63775000
1!
b1000 %
12
b1000 6

#63780000
0!
02

#63785000
1!
b111 %
12
b111 6

#63790000
0!
02

#63795000
1!
b110 %
12
b110 6

#63800000
0!
02

#63805000
1!
b101 %
12
b101 6

#63810000
0!
02

#63815000
1!
b100 %
12
b100 6

#63820000
0!
02

#63825000
1!
b11 %
12
b11 6

#63830000
0!
02

#63835000
1!
b10 %
12
b10 6

#63840000
0!
02

#63845000
1!
b1 %
12
b1 6

#63850000
0!
02

#63855000
1!
b0 %
12
b0 6

#63860000
0!
02

#63865000
1!
b1111 %
12
b1111 6

#63870000
0!
02

#63875000
1!
b1110 %
12
b1110 6

#63880000
0!
02

#63885000
1!
b1101 %
12
b1101 6

#63890000
0!
02

#63895000
1!
b1100 %
12
b1100 6

#63900000
0!
02

#63905000
1!
b1011 %
12
b1011 6

#63910000
0!
02

#63915000
1!
b1010 %
12
b1010 6

#63920000
0!
02

#63925000
1!
b1001 %
12
b1001 6

#63930000
0!
02

#63935000
1!
b1000 %
12
b1000 6

#63940000
0!
02

#63945000
1!
b111 %
12
b111 6

#63950000
0!
02

#63955000
1!
b110 %
12
b110 6

#63960000
0!
02

#63965000
1!
b101 %
12
b101 6

#63970000
0!
02

#63975000
1!
b100 %
12
b100 6

#63980000
0!
02

#63985000
1!
b11 %
12
b11 6

#63990000
0!
02

#63995000
1!
b10 %
12
b10 6

#64000000
0!
02

#64005000
1!
b1 %
12
b1 6

#64010000
0!
02

#64015000
1!
b0 %
12
b0 6

#64020000
0!
02

#64025000
1!
b1111 %
12
b1111 6

#64030000
0!
02

#64035000
1!
b1110 %
12
b1110 6

#64040000
0!
02

#64045000
1!
b1101 %
12
b1101 6

#64050000
0!
02

#64055000
1!
b1100 %
12
b1100 6

#64060000
0!
02

#64065000
1!
b1011 %
12
b1011 6

#64070000
0!
02

#64075000
1!
b1010 %
12
b1010 6

#64080000
0!
02

#64085000
1!
b1001 %
12
b1001 6

#64090000
0!
02

#64095000
1!
b1000 %
12
b1000 6

#64100000
0!
02

#64105000
1!
b111 %
12
b111 6

#64110000
0!
02

#64115000
1!
b110 %
12
b110 6

#64120000
0!
02

#64125000
1!
b101 %
12
b101 6

#64130000
0!
02

#64135000
1!
b100 %
12
b100 6

#64140000
0!
02

#64145000
1!
b11 %
12
b11 6

#64150000
0!
02

#64155000
1!
b10 %
12
b10 6

#64160000
0!
02

#64165000
1!
b1 %
12
b1 6

#64170000
0!
02

#64175000
1!
b0 %
12
b0 6

#64180000
0!
02

#64185000
1!
b1111 %
12
b1111 6

#64190000
0!
02

#64195000
1!
b1110 %
12
b1110 6

#64200000
0!
02

#64205000
1!
b1101 %
12
b1101 6

#64210000
0!
02

#64215000
1!
b1100 %
12
b1100 6

#64220000
0!
02

#64225000
1!
b1011 %
12
b1011 6

#64230000
0!
02

#64235000
1!
b1010 %
12
b1010 6

#64240000
0!
02

#64245000
1!
b1001 %
12
b1001 6

#64250000
0!
02

#64255000
1!
b1000 %
12
b1000 6

#64260000
0!
02

#64265000
1!
b111 %
12
b111 6

#64270000
0!
02

#64275000
1!
b110 %
12
b110 6

#64280000
0!
02

#64285000
1!
b101 %
12
b101 6

#64290000
0!
02

#64295000
1!
b100 %
12
b100 6

#64300000
0!
02

#64305000
1!
b11 %
12
b11 6

#64310000
0!
02

#64315000
1!
b10 %
12
b10 6

#64320000
0!
02

#64325000
1!
b1 %
12
b1 6

#64330000
0!
02

#64335000
1!
b0 %
12
b0 6

#64340000
0!
02

#64345000
1!
b1111 %
12
b1111 6

#64350000
0!
02

#64355000
1!
b1110 %
12
b1110 6

#64360000
0!
02

#64365000
1!
b1101 %
12
b1101 6

#64370000
0!
02

#64375000
1!
b1100 %
12
b1100 6

#64380000
0!
02

#64385000
1!
b1011 %
12
b1011 6

#64390000
0!
02

#64395000
1!
b1010 %
12
b1010 6

#64400000
0!
02

#64405000
1!
b1001 %
12
b1001 6

#64410000
0!
02

#64415000
1!
b1000 %
12
b1000 6

#64420000
0!
02

#64425000
1!
b111 %
12
b111 6

#64430000
0!
02

#64435000
1!
b110 %
12
b110 6

#64440000
0!
02

#64445000
1!
b101 %
12
b101 6

#64450000
0!
02

#64455000
1!
b100 %
12
b100 6

#64460000
0!
02

#64465000
1!
b11 %
12
b11 6

#64470000
0!
02

#64475000
1!
b10 %
12
b10 6

#64480000
0!
02

#64485000
1!
b1 %
12
b1 6

#64490000
0!
02

#64495000
1!
b0 %
12
b0 6

#64500000
0!
02

#64505000
1!
b1111 %
12
b1111 6

#64510000
0!
02

#64515000
1!
b1110 %
12
b1110 6

#64520000
0!
02

#64525000
1!
b1101 %
12
b1101 6

#64530000
0!
02

#64535000
1!
b1100 %
12
b1100 6

#64540000
0!
02

#64545000
1!
b1011 %
12
b1011 6

#64550000
0!
02

#64555000
1!
b1010 %
12
b1010 6

#64560000
0!
02

#64565000
1!
b1001 %
12
b1001 6

#64570000
0!
02

#64575000
1!
b1000 %
12
b1000 6

#64580000
0!
02

#64585000
1!
b111 %
12
b111 6

#64590000
0!
02

#64595000
1!
b110 %
12
b110 6

#64600000
0!
02

#64605000
1!
b101 %
12
b101 6

#64610000
0!
02

#64615000
1!
b100 %
12
b100 6

#64620000
0!
02

#64625000
1!
b11 %
12
b11 6

#64630000
0!
02

#64635000
1!
b10 %
12
b10 6

#64640000
0!
02

#64645000
1!
b1 %
12
b1 6

#64650000
0!
02

#64655000
1!
b0 %
12
b0 6

#64660000
0!
02

#64665000
1!
b1111 %
12
b1111 6

#64670000
0!
02

#64675000
1!
b1110 %
12
b1110 6

#64680000
0!
02

#64685000
1!
b1101 %
12
b1101 6

#64690000
0!
02

#64695000
1!
b1100 %
12
b1100 6

#64700000
0!
02

#64705000
1!
b1011 %
12
b1011 6

#64710000
0!
02

#64715000
1!
b1010 %
12
b1010 6

#64720000
0!
02

#64725000
1!
b1001 %
12
b1001 6

#64730000
0!
02

#64735000
1!
b1000 %
12
b1000 6

#64740000
0!
02

#64745000
1!
b111 %
12
b111 6

#64750000
0!
02

#64755000
1!
b110 %
12
b110 6

#64760000
0!
02

#64765000
1!
b101 %
12
b101 6

#64770000
0!
02

#64775000
1!
b100 %
12
b100 6

#64780000
0!
02

#64785000
1!
b11 %
12
b11 6

#64790000
0!
02

#64795000
1!
b10 %
12
b10 6

#64800000
0!
02

#64805000
1!
b1 %
12
b1 6

#64810000
0!
02

#64815000
1!
b0 %
12
b0 6

#64820000
0!
02

#64825000
1!
b1111 %
12
b1111 6

#64830000
0!
02

#64835000
1!
b1110 %
12
b1110 6

#64840000
0!
02

#64845000
1!
b1101 %
12
b1101 6

#64850000
0!
02

#64855000
1!
b1100 %
12
b1100 6

#64860000
0!
02

#64865000
1!
b1011 %
12
b1011 6

#64870000
0!
02

#64875000
1!
b1010 %
12
b1010 6

#64880000
0!
02

#64885000
1!
b1001 %
12
b1001 6

#64890000
0!
02

#64895000
1!
b1000 %
12
b1000 6

#64900000
0!
02

#64905000
1!
b111 %
12
b111 6

#64910000
0!
02

#64915000
1!
b110 %
12
b110 6

#64920000
0!
02

#64925000
1!
b101 %
12
b101 6

#64930000
0!
02

#64935000
1!
b100 %
12
b100 6

#64940000
0!
02

#64945000
1!
b11 %
12
b11 6

#64950000
0!
02

#64955000
1!
b10 %
12
b10 6

#64960000
0!
02

#64965000
1!
b1 %
12
b1 6

#64970000
0!
02

#64975000
1!
b0 %
12
b0 6

#64980000
0!
02

#64985000
1!
b1111 %
12
b1111 6

#64990000
0!
02

#64995000
1!
b1110 %
12
b1110 6

#65000000
0!
02

#65005000
1!
b1101 %
12
b1101 6

#65010000
0!
02

#65015000
1!
b1100 %
12
b1100 6

#65020000
0!
02

#65025000
1!
b1011 %
12
b1011 6

#65030000
0!
02

#65035000
1!
b1010 %
12
b1010 6

#65040000
0!
02

#65045000
1!
b1001 %
12
b1001 6

#65050000
0!
02

#65055000
1!
b1000 %
12
b1000 6

#65060000
0!
02

#65065000
1!
b111 %
12
b111 6

#65070000
0!
02

#65075000
1!
b110 %
12
b110 6

#65080000
0!
02

#65085000
1!
b101 %
12
b101 6

#65090000
0!
02

#65095000
1!
b100 %
12
b100 6

#65100000
0!
02

#65105000
1!
b11 %
12
b11 6

#65110000
0!
02

#65115000
1!
b10 %
12
b10 6

#65120000
0!
02

#65125000
1!
b1 %
12
b1 6

#65130000
0!
02

#65135000
1!
b0 %
12
b0 6

#65140000
0!
02

#65145000
1!
b1111 %
12
b1111 6

#65150000
0!
02

#65155000
1!
b1110 %
12
b1110 6

#65160000
0!
02

#65165000
1!
b1101 %
12
b1101 6

#65170000
0!
02

#65175000
1!
b1100 %
12
b1100 6

#65180000
0!
02

#65185000
1!
b1011 %
12
b1011 6

#65190000
0!
02

#65195000
1!
b1010 %
12
b1010 6

#65200000
0!
02

#65205000
1!
b1001 %
12
b1001 6

#65210000
0!
02

#65215000
1!
b1000 %
12
b1000 6

#65220000
0!
02

#65225000
1!
b111 %
12
b111 6

#65230000
0!
02

#65235000
1!
b110 %
12
b110 6

#65240000
0!
02

#65245000
1!
b101 %
12
b101 6

#65250000
0!
02

#65255000
1!
b100 %
12
b100 6

#65260000
0!
02

#65265000
1!
b11 %
12
b11 6

#65270000
0!
02

#65275000
1!
b10 %
12
b10 6

#65280000
0!
02

#65285000
1!
b1 %
12
b1 6

#65290000
0!
02

#65295000
1!
b0 %
12
b0 6

#65300000
0!
02

#65305000
1!
b1111 %
12
b1111 6

#65310000
0!
02

#65315000
1!
b1110 %
12
b1110 6

#65320000
0!
02

#65325000
1!
b1101 %
12
b1101 6

#65330000
0!
02

#65335000
1!
b1100 %
12
b1100 6

#65340000
0!
02

#65345000
1!
b1011 %
12
b1011 6

#65350000
0!
02

#65355000
1!
b1010 %
12
b1010 6

#65360000
0!
02

#65365000
1!
b1001 %
12
b1001 6

#65370000
0!
02

#65375000
1!
b1000 %
12
b1000 6

#65380000
0!
02

#65385000
1!
b111 %
12
b111 6

#65390000
0!
02

#65395000
1!
b110 %
12
b110 6

#65400000
0!
02

#65405000
1!
b101 %
12
b101 6

#65410000
0!
02

#65415000
1!
b100 %
12
b100 6

#65420000
0!
02

#65425000
1!
b11 %
12
b11 6

#65430000
0!
02

#65435000
1!
b10 %
12
b10 6

#65440000
0!
02

#65445000
1!
b1 %
12
b1 6

#65450000
0!
02

#65455000
1!
b0 %
12
b0 6

#65460000
0!
02

#65465000
1!
b1111 %
12
b1111 6

#65470000
0!
02

#65475000
1!
b1110 %
12
b1110 6

#65480000
0!
02

#65485000
1!
b1101 %
12
b1101 6

#65490000
0!
02

#65495000
1!
b1100 %
12
b1100 6

#65500000
0!
02

#65505000
1!
b1011 %
12
b1011 6

#65510000
0!
02

#65515000
1!
b1010 %
12
b1010 6

#65520000
0!
02

#65525000
1!
b1001 %
12
b1001 6

#65530000
0!
02

#65535000
1!
b1000 %
12
b1000 6

#65540000
0!
02

#65545000
1!
b111 %
12
b111 6

#65550000
0!
02

#65555000
1!
b110 %
12
b110 6

#65560000
0!
02

#65565000
1!
b101 %
12
b101 6

#65570000
0!
02

#65575000
1!
b100 %
12
b100 6

#65580000
0!
02

#65585000
1!
b11 %
12
b11 6

#65590000
0!
02

#65595000
1!
b10 %
12
b10 6

#65600000
0!
02

#65605000
1!
b1 %
12
b1 6

#65610000
0!
02

#65615000
1!
b0 %
12
b0 6

#65620000
0!
02

#65625000
1!
b1111 %
12
b1111 6

#65630000
0!
02

#65635000
1!
b1110 %
12
b1110 6

#65640000
0!
02

#65645000
1!
b1101 %
12
b1101 6

#65650000
0!
02

#65655000
1!
b1100 %
12
b1100 6

#65660000
0!
02

#65665000
1!
b1011 %
12
b1011 6

#65670000
0!
02

#65675000
1!
b1010 %
12
b1010 6

#65680000
0!
02

#65685000
1!
b1001 %
12
b1001 6

#65690000
0!
02

#65695000
1!
b1000 %
12
b1000 6

#65700000
0!
02

#65705000
1!
b111 %
12
b111 6

#65710000
0!
02

#65715000
1!
b110 %
12
b110 6

#65720000
0!
02

#65725000
1!
b101 %
12
b101 6

#65730000
0!
02

#65735000
1!
b100 %
12
b100 6

#65740000
0!
02

#65745000
1!
b11 %
12
b11 6

#65750000
0!
02

#65755000
1!
b10 %
12
b10 6

#65760000
0!
02

#65765000
1!
b1 %
12
b1 6

#65770000
0!
02

#65775000
1!
b0 %
12
b0 6

#65780000
0!
02

#65785000
1!
b1111 %
12
b1111 6

#65790000
0!
02

#65795000
1!
b1110 %
12
b1110 6

#65800000
0!
02

#65805000
1!
b1101 %
12
b1101 6

#65810000
0!
02

#65815000
1!
b1100 %
12
b1100 6

#65820000
0!
02

#65825000
1!
b1011 %
12
b1011 6

#65830000
0!
02

#65835000
1!
b1010 %
12
b1010 6

#65840000
0!
02

#65845000
1!
b1001 %
12
b1001 6

#65850000
0!
02

#65855000
1!
b1000 %
12
b1000 6

#65860000
0!
02

#65865000
1!
b111 %
12
b111 6

#65870000
0!
02

#65875000
1!
b110 %
12
b110 6

#65880000
0!
02

#65885000
1!
b101 %
12
b101 6

#65890000
0!
02

#65895000
1!
b100 %
12
b100 6

#65900000
0!
02

#65905000
1!
b11 %
12
b11 6

#65910000
0!
02

#65915000
1!
b10 %
12
b10 6

#65920000
0!
02

#65925000
1!
b1 %
12
b1 6

#65930000
0!
02

#65935000
1!
b0 %
12
b0 6

#65940000
0!
02

#65945000
1!
b1111 %
12
b1111 6

#65950000
0!
02

#65955000
1!
b1110 %
12
b1110 6

#65960000
0!
02

#65965000
1!
b1101 %
12
b1101 6

#65970000
0!
02

#65975000
1!
b1100 %
12
b1100 6

#65980000
0!
02

#65985000
1!
b1011 %
12
b1011 6

#65990000
0!
02

#65995000
1!
b1010 %
12
b1010 6

#66000000
0!
02

#66005000
1!
b1001 %
12
b1001 6

#66010000
0!
02

#66015000
1!
b1000 %
12
b1000 6

#66020000
0!
02

#66025000
1!
b111 %
12
b111 6

#66030000
0!
02

#66035000
1!
b110 %
12
b110 6

#66040000
0!
02

#66045000
1!
b101 %
12
b101 6

#66050000
0!
02

#66055000
1!
b100 %
12
b100 6

#66060000
0!
02

#66065000
1!
b11 %
12
b11 6

#66070000
0!
02

#66075000
1!
b10 %
12
b10 6

#66080000
0!
02

#66085000
1!
b1 %
12
b1 6

#66090000
0!
02

#66095000
1!
b0 %
12
b0 6

#66100000
0!
02

#66105000
1!
b1111 %
12
b1111 6

#66110000
0!
02

#66115000
1!
b1110 %
12
b1110 6

#66120000
0!
02

#66125000
1!
b1101 %
12
b1101 6

#66130000
0!
02

#66135000
1!
b1100 %
12
b1100 6

#66140000
0!
02

#66145000
1!
b1011 %
12
b1011 6

#66150000
0!
02

#66155000
1!
b1010 %
12
b1010 6

#66160000
0!
02

#66165000
1!
b1001 %
12
b1001 6

#66170000
0!
02

#66175000
1!
b1000 %
12
b1000 6

#66180000
0!
02

#66185000
1!
b111 %
12
b111 6

#66190000
0!
02

#66195000
1!
b110 %
12
b110 6

#66200000
0!
02

#66205000
1!
b101 %
12
b101 6

#66210000
0!
02

#66215000
1!
b100 %
12
b100 6

#66220000
0!
02

#66225000
1!
b11 %
12
b11 6

#66230000
0!
02

#66235000
1!
b10 %
12
b10 6

#66240000
0!
02

#66245000
1!
b1 %
12
b1 6

#66250000
0!
02

#66255000
1!
b0 %
12
b0 6

#66260000
0!
02

#66265000
1!
b1111 %
12
b1111 6

#66270000
0!
02

#66275000
1!
b1110 %
12
b1110 6

#66280000
0!
02

#66285000
1!
b1101 %
12
b1101 6

#66290000
0!
02

#66295000
1!
b1100 %
12
b1100 6

#66300000
0!
02

#66305000
1!
b1011 %
12
b1011 6

#66310000
0!
02

#66315000
1!
b1010 %
12
b1010 6

#66320000
0!
02

#66325000
1!
b1001 %
12
b1001 6

#66330000
0!
02

#66335000
1!
b1000 %
12
b1000 6

#66340000
0!
02

#66345000
1!
b111 %
12
b111 6

#66350000
0!
02

#66355000
1!
b110 %
12
b110 6

#66360000
0!
02

#66365000
1!
b101 %
12
b101 6

#66370000
0!
02

#66375000
1!
b100 %
12
b100 6

#66380000
0!
02

#66385000
1!
b11 %
12
b11 6

#66390000
0!
02

#66395000
1!
b10 %
12
b10 6

#66400000
0!
02

#66405000
1!
b1 %
12
b1 6

#66410000
0!
02

#66415000
1!
b0 %
12
b0 6

#66420000
0!
02

#66425000
1!
b1111 %
12
b1111 6

#66430000
0!
02

#66435000
1!
b1110 %
12
b1110 6

#66440000
0!
02

#66445000
1!
b1101 %
12
b1101 6

#66450000
0!
02

#66455000
1!
b1100 %
12
b1100 6

#66460000
0!
02

#66465000
1!
b1011 %
12
b1011 6

#66470000
0!
02

#66475000
1!
b1010 %
12
b1010 6

#66480000
0!
02

#66485000
1!
b1001 %
12
b1001 6

#66490000
0!
02

#66495000
1!
b1000 %
12
b1000 6

#66500000
0!
02

#66505000
1!
b111 %
12
b111 6

#66510000
0!
02

#66515000
1!
b110 %
12
b110 6

#66520000
0!
02

#66525000
1!
b101 %
12
b101 6

#66530000
0!
02

#66535000
1!
b100 %
12
b100 6

#66540000
0!
02

#66545000
1!
b11 %
12
b11 6

#66550000
0!
02

#66555000
1!
b10 %
12
b10 6

#66560000
0!
02

#66565000
1!
b1 %
12
b1 6

#66570000
0!
02

#66575000
1!
b0 %
12
b0 6

#66580000
0!
02

#66585000
1!
b1111 %
12
b1111 6

#66590000
0!
02

#66595000
1!
b1110 %
12
b1110 6

#66600000
0!
02

#66605000
1!
b1101 %
12
b1101 6

#66610000
0!
02

#66615000
1!
b1100 %
12
b1100 6

#66620000
0!
02

#66625000
1!
b1011 %
12
b1011 6

#66630000
0!
02

#66635000
1!
b1010 %
12
b1010 6

#66640000
0!
02

#66645000
1!
b1001 %
12
b1001 6

#66650000
0!
02

#66655000
1!
b1000 %
12
b1000 6

#66660000
0!
02

#66665000
1!
b111 %
12
b111 6

#66670000
0!
02

#66675000
1!
b110 %
12
b110 6

#66680000
0!
02

#66685000
1!
b101 %
12
b101 6

#66690000
0!
02

#66695000
1!
b100 %
12
b100 6

#66700000
0!
02

#66705000
1!
b11 %
12
b11 6

#66710000
0!
02

#66715000
1!
b10 %
12
b10 6

#66720000
0!
02

#66725000
1!
b1 %
12
b1 6

#66730000
0!
02

#66735000
1!
b0 %
12
b0 6

#66740000
0!
02

#66745000
1!
b1111 %
12
b1111 6

#66750000
0!
02

#66755000
1!
b1110 %
12
b1110 6

#66760000
0!
02

#66765000
1!
b1101 %
12
b1101 6

#66770000
0!
02

#66775000
1!
b1100 %
12
b1100 6

#66780000
0!
02

#66785000
1!
b1011 %
12
b1011 6

#66790000
0!
02

#66795000
1!
b1010 %
12
b1010 6

#66800000
0!
02

#66805000
1!
b1001 %
12
b1001 6

#66810000
0!
02

#66815000
1!
b1000 %
12
b1000 6

#66820000
0!
02

#66825000
1!
b111 %
12
b111 6

#66830000
0!
02

#66835000
1!
b110 %
12
b110 6

#66840000
0!
02

#66845000
1!
b101 %
12
b101 6

#66850000
0!
02

#66855000
1!
b100 %
12
b100 6

#66860000
0!
02

#66865000
1!
b11 %
12
b11 6

#66870000
0!
02

#66875000
1!
b10 %
12
b10 6

#66880000
0!
02

#66885000
1!
b1 %
12
b1 6

#66890000
0!
02

#66895000
1!
b0 %
12
b0 6

#66900000
0!
02

#66905000
1!
b1111 %
12
b1111 6

#66910000
0!
02

#66915000
1!
b1110 %
12
b1110 6

#66920000
0!
02

#66925000
1!
b1101 %
12
b1101 6

#66930000
0!
02

#66935000
1!
b1100 %
12
b1100 6

#66940000
0!
02

#66945000
1!
b1011 %
12
b1011 6

#66950000
0!
02

#66955000
1!
b1010 %
12
b1010 6

#66960000
0!
02

#66965000
1!
b1001 %
12
b1001 6

#66970000
0!
02

#66975000
1!
b1000 %
12
b1000 6

#66980000
0!
02

#66985000
1!
b111 %
12
b111 6

#66990000
0!
02

#66995000
1!
b110 %
12
b110 6

#67000000
0!
02

#67005000
1!
b101 %
12
b101 6

#67010000
0!
02

#67015000
1!
b100 %
12
b100 6

#67020000
0!
02

#67025000
1!
b11 %
12
b11 6

#67030000
0!
02

#67035000
1!
b10 %
12
b10 6

#67040000
0!
02

#67045000
1!
b1 %
12
b1 6

#67050000
0!
02

#67055000
1!
b0 %
12
b0 6

#67060000
0!
02

#67065000
1!
b1111 %
12
b1111 6

#67070000
0!
02

#67075000
1!
b1110 %
12
b1110 6

#67080000
0!
02

#67085000
1!
b1101 %
12
b1101 6

#67090000
0!
02

#67095000
1!
b1100 %
12
b1100 6

#67100000
0!
02

#67105000
1!
b1011 %
12
b1011 6

#67110000
0!
02

#67115000
1!
b1010 %
12
b1010 6

#67120000
0!
02

#67125000
1!
b1001 %
12
b1001 6

#67130000
0!
02

#67135000
1!
b1000 %
12
b1000 6

#67140000
0!
02

#67145000
1!
b111 %
12
b111 6

#67150000
0!
02

#67155000
1!
b110 %
12
b110 6

#67160000
0!
02

#67165000
1!
b101 %
12
b101 6

#67170000
0!
02

#67175000
1!
b100 %
12
b100 6

#67180000
0!
02

#67185000
1!
b11 %
12
b11 6

#67190000
0!
02

#67195000
1!
b10 %
12
b10 6

#67200000
0!
02

#67205000
1!
b1 %
12
b1 6

#67210000
0!
02

#67215000
1!
b0 %
12
b0 6

#67220000
0!
02

#67225000
1!
b1111 %
12
b1111 6

#67230000
0!
02

#67235000
1!
b1110 %
12
b1110 6

#67240000
0!
02

#67245000
1!
b1101 %
12
b1101 6

#67250000
0!
02

#67255000
1!
b1100 %
12
b1100 6

#67260000
0!
02

#67265000
1!
b1011 %
12
b1011 6

#67270000
0!
02

#67275000
1!
b1010 %
12
b1010 6

#67280000
0!
02

#67285000
1!
b1001 %
12
b1001 6

#67290000
0!
02

#67295000
1!
b1000 %
12
b1000 6

#67300000
0!
02

#67305000
1!
b111 %
12
b111 6

#67310000
0!
02

#67315000
1!
b110 %
12
b110 6

#67320000
0!
02

#67325000
1!
b101 %
12
b101 6

#67330000
0!
02

#67335000
1!
b100 %
12
b100 6

#67340000
0!
02

#67345000
1!
b11 %
12
b11 6

#67350000
0!
02

#67355000
1!
b10 %
12
b10 6

#67360000
0!
02

#67365000
1!
b1 %
12
b1 6

#67370000
0!
02

#67375000
1!
b0 %
12
b0 6

#67380000
0!
02

#67385000
1!
b1111 %
12
b1111 6

#67390000
0!
02

#67395000
1!
b1110 %
12
b1110 6

#67400000
0!
02

#67405000
1!
b1101 %
12
b1101 6

#67410000
0!
02

#67415000
1!
b1100 %
12
b1100 6

#67420000
0!
02

#67425000
1!
b1011 %
12
b1011 6

#67430000
0!
02

#67435000
1!
b1010 %
12
b1010 6

#67440000
0!
02

#67445000
1!
b1001 %
12
b1001 6

#67450000
0!
02

#67455000
1!
b1000 %
12
b1000 6

#67460000
0!
02

#67465000
1!
b111 %
12
b111 6

#67470000
0!
02

#67475000
1!
b110 %
12
b110 6

#67480000
0!
02

#67485000
1!
b101 %
12
b101 6

#67490000
0!
02

#67495000
1!
b100 %
12
b100 6

#67500000
0!
02

#67505000
1!
b11 %
12
b11 6

#67510000
0!
02

#67515000
1!
b10 %
12
b10 6

#67520000
0!
02

#67525000
1!
b1 %
12
b1 6

#67530000
0!
02

#67535000
1!
b0 %
12
b0 6

#67540000
0!
02

#67545000
1!
b1111 %
12
b1111 6

#67550000
0!
02

#67555000
1!
b1110 %
12
b1110 6

#67560000
0!
02

#67565000
1!
b1101 %
12
b1101 6

#67570000
0!
02

#67575000
1!
b1100 %
12
b1100 6

#67580000
0!
02

#67585000
1!
b1011 %
12
b1011 6

#67590000
0!
02

#67595000
1!
b1010 %
12
b1010 6

#67600000
0!
02

#67605000
1!
b1001 %
12
b1001 6

#67610000
0!
02

#67615000
1!
b1000 %
12
b1000 6

#67620000
0!
02

#67625000
1!
b111 %
12
b111 6

#67630000
0!
02

#67635000
1!
b110 %
12
b110 6

#67640000
0!
02

#67645000
1!
b101 %
12
b101 6

#67650000
0!
02

#67655000
1!
b100 %
12
b100 6

#67660000
0!
02

#67665000
1!
b11 %
12
b11 6

#67670000
0!
02

#67675000
1!
b10 %
12
b10 6

#67680000
0!
02

#67685000
1!
b1 %
12
b1 6

#67690000
0!
02

#67695000
1!
b0 %
12
b0 6

#67700000
0!
02

#67705000
1!
b1111 %
12
b1111 6

#67710000
0!
02

#67715000
1!
b1110 %
12
b1110 6

#67720000
0!
02

#67725000
1!
b1101 %
12
b1101 6

#67730000
0!
02

#67735000
1!
b1100 %
12
b1100 6

#67740000
0!
02

#67745000
1!
b1011 %
12
b1011 6

#67750000
0!
02

#67755000
1!
b1010 %
12
b1010 6

#67760000
0!
02

#67765000
1!
b1001 %
12
b1001 6

#67770000
0!
02

#67775000
1!
b1000 %
12
b1000 6

#67780000
0!
02

#67785000
1!
b111 %
12
b111 6

#67790000
0!
02

#67795000
1!
b110 %
12
b110 6

#67800000
0!
02

#67805000
1!
b101 %
12
b101 6

#67810000
0!
02

#67815000
1!
b100 %
12
b100 6

#67820000
0!
02

#67825000
1!
b11 %
12
b11 6

#67830000
0!
02

#67835000
1!
b10 %
12
b10 6

#67840000
0!
02

#67845000
1!
b1 %
12
b1 6

#67850000
0!
02

#67855000
1!
b0 %
12
b0 6

#67860000
0!
02

#67865000
1!
b1111 %
12
b1111 6

#67870000
0!
02

#67875000
1!
b1110 %
12
b1110 6

#67880000
0!
02

#67885000
1!
b1101 %
12
b1101 6

#67890000
0!
02

#67895000
1!
b1100 %
12
b1100 6

#67900000
0!
02

#67905000
1!
b1011 %
12
b1011 6

#67910000
0!
02

#67915000
1!
b1010 %
12
b1010 6

#67920000
0!
02

#67925000
1!
b1001 %
12
b1001 6

#67930000
0!
02

#67935000
1!
b1000 %
12
b1000 6

#67940000
0!
02

#67945000
1!
b111 %
12
b111 6

#67950000
0!
02

#67955000
1!
b110 %
12
b110 6

#67960000
0!
02

#67965000
1!
b101 %
12
b101 6

#67970000
0!
02

#67975000
1!
b100 %
12
b100 6

#67980000
0!
02

#67985000
1!
b11 %
12
b11 6

#67990000
0!
02

#67995000
1!
b10 %
12
b10 6

#68000000
0!
02

#68005000
1!
b1 %
12
b1 6

#68010000
0!
02

#68015000
1!
b0 %
12
b0 6

#68020000
0!
02

#68025000
1!
b1111 %
12
b1111 6

#68030000
0!
02

#68035000
1!
b1110 %
12
b1110 6

#68040000
0!
02

#68045000
1!
b1101 %
12
b1101 6

#68050000
0!
02

#68055000
1!
b1100 %
12
b1100 6

#68060000
0!
02

#68065000
1!
b1011 %
12
b1011 6

#68070000
0!
02

#68075000
1!
b1010 %
12
b1010 6

#68080000
0!
02

#68085000
1!
b1001 %
12
b1001 6

#68090000
0!
02

#68095000
1!
b1000 %
12
b1000 6

#68100000
0!
02

#68105000
1!
b111 %
12
b111 6

#68110000
0!
02

#68115000
1!
b110 %
12
b110 6

#68120000
0!
02

#68125000
1!
b101 %
12
b101 6

#68130000
0!
02

#68135000
1!
b100 %
12
b100 6

#68140000
0!
02

#68145000
1!
b11 %
12
b11 6

#68150000
0!
02

#68155000
1!
b10 %
12
b10 6

#68160000
0!
02

#68165000
1!
b1 %
12
b1 6

#68170000
0!
02

#68175000
1!
b0 %
12
b0 6

#68180000
0!
02

#68185000
1!
b1111 %
12
b1111 6

#68190000
0!
02

#68195000
1!
b1110 %
12
b1110 6

#68200000
0!
02

#68205000
1!
b1101 %
12
b1101 6

#68210000
0!
02

#68215000
1!
b1100 %
12
b1100 6

#68220000
0!
02

#68225000
1!
b1011 %
12
b1011 6

#68230000
0!
02

#68235000
1!
b1010 %
12
b1010 6

#68240000
0!
02

#68245000
1!
b1001 %
12
b1001 6

#68250000
0!
02

#68255000
1!
b1000 %
12
b1000 6

#68260000
0!
02

#68265000
1!
b111 %
12
b111 6

#68270000
0!
02

#68275000
1!
b110 %
12
b110 6

#68280000
0!
02

#68285000
1!
b101 %
12
b101 6

#68290000
0!
02

#68295000
1!
b100 %
12
b100 6

#68300000
0!
02

#68305000
1!
b11 %
12
b11 6

#68310000
0!
02

#68315000
1!
b10 %
12
b10 6

#68320000
0!
02

#68325000
1!
b1 %
12
b1 6

#68330000
0!
02

#68335000
1!
b0 %
12
b0 6

#68340000
0!
02

#68345000
1!
b1111 %
12
b1111 6

#68350000
0!
02

#68355000
1!
b1110 %
12
b1110 6

#68360000
0!
02

#68365000
1!
b1101 %
12
b1101 6

#68370000
0!
02

#68375000
1!
b1100 %
12
b1100 6

#68380000
0!
02

#68385000
1!
b1011 %
12
b1011 6

#68390000
0!
02

#68395000
1!
b1010 %
12
b1010 6

#68400000
0!
02

#68405000
1!
b1001 %
12
b1001 6

#68410000
0!
02

#68415000
1!
b1000 %
12
b1000 6

#68420000
0!
02

#68425000
1!
b111 %
12
b111 6

#68430000
0!
02

#68435000
1!
b110 %
12
b110 6

#68440000
0!
02

#68445000
1!
b101 %
12
b101 6

#68450000
0!
02

#68455000
1!
b100 %
12
b100 6

#68460000
0!
02

#68465000
1!
b11 %
12
b11 6

#68470000
0!
02

#68475000
1!
b10 %
12
b10 6

#68480000
0!
02

#68485000
1!
b1 %
12
b1 6

#68490000
0!
02

#68495000
1!
b0 %
12
b0 6

#68500000
0!
02

#68505000
1!
b1111 %
12
b1111 6

#68510000
0!
02

#68515000
1!
b1110 %
12
b1110 6

#68520000
0!
02

#68525000
1!
b1101 %
12
b1101 6

#68530000
0!
02

#68535000
1!
b1100 %
12
b1100 6

#68540000
0!
02

#68545000
1!
b1011 %
12
b1011 6

#68550000
0!
02

#68555000
1!
b1010 %
12
b1010 6

#68560000
0!
02

#68565000
1!
b1001 %
12
b1001 6

#68570000
0!
02

#68575000
1!
b1000 %
12
b1000 6

#68580000
0!
02

#68585000
1!
b111 %
12
b111 6

#68590000
0!
02

#68595000
1!
b110 %
12
b110 6

#68600000
0!
02

#68605000
1!
b101 %
12
b101 6

#68610000
0!
02

#68615000
1!
b100 %
12
b100 6

#68620000
0!
02

#68625000
1!
b11 %
12
b11 6

#68630000
0!
02

#68635000
1!
b10 %
12
b10 6

#68640000
0!
02

#68645000
1!
b1 %
12
b1 6

#68650000
0!
02

#68655000
1!
b0 %
12
b0 6

#68660000
0!
02

#68665000
1!
b1111 %
12
b1111 6

#68670000
0!
02

#68675000
1!
b1110 %
12
b1110 6

#68680000
0!
02

#68685000
1!
b1101 %
12
b1101 6

#68690000
0!
02

#68695000
1!
b1100 %
12
b1100 6

#68700000
0!
02

#68705000
1!
b1011 %
12
b1011 6

#68710000
0!
02

#68715000
1!
b1010 %
12
b1010 6

#68720000
0!
02

#68725000
1!
b1001 %
12
b1001 6

#68730000
0!
02

#68735000
1!
b1000 %
12
b1000 6

#68740000
0!
02

#68745000
1!
b111 %
12
b111 6

#68750000
0!
02

#68755000
1!
b110 %
12
b110 6

#68760000
0!
02

#68765000
1!
b101 %
12
b101 6

#68770000
0!
02

#68775000
1!
b100 %
12
b100 6

#68780000
0!
02

#68785000
1!
b11 %
12
b11 6

#68790000
0!
02

#68795000
1!
b10 %
12
b10 6

#68800000
0!
02

#68805000
1!
b1 %
12
b1 6

#68810000
0!
02

#68815000
1!
b0 %
12
b0 6

#68820000
0!
02

#68825000
1!
b1111 %
12
b1111 6

#68830000
0!
02

#68835000
1!
b1110 %
12
b1110 6

#68840000
0!
02

#68845000
1!
b1101 %
12
b1101 6

#68850000
0!
02

#68855000
1!
b1100 %
12
b1100 6

#68860000
0!
02

#68865000
1!
b1011 %
12
b1011 6

#68870000
0!
02

#68875000
1!
b1010 %
12
b1010 6

#68880000
0!
02

#68885000
1!
b1001 %
12
b1001 6

#68890000
0!
02

#68895000
1!
b1000 %
12
b1000 6

#68900000
0!
02

#68905000
1!
b111 %
12
b111 6

#68910000
0!
02

#68915000
1!
b110 %
12
b110 6

#68920000
0!
02

#68925000
1!
b101 %
12
b101 6

#68930000
0!
02

#68935000
1!
b100 %
12
b100 6

#68940000
0!
02

#68945000
1!
b11 %
12
b11 6

#68950000
0!
02

#68955000
1!
b10 %
12
b10 6

#68960000
0!
02

#68965000
1!
b1 %
12
b1 6

#68970000
0!
02

#68975000
1!
b0 %
12
b0 6

#68980000
0!
02

#68985000
1!
b1111 %
12
b1111 6

#68990000
0!
02

#68995000
1!
b1110 %
12
b1110 6

#69000000
0!
02

#69005000
1!
b1101 %
12
b1101 6

#69010000
0!
02

#69015000
1!
b1100 %
12
b1100 6

#69020000
0!
02

#69025000
1!
b1011 %
12
b1011 6

#69030000
0!
02

#69035000
1!
b1010 %
12
b1010 6

#69040000
0!
02

#69045000
1!
b1001 %
12
b1001 6

#69050000
0!
02

#69055000
1!
b1000 %
12
b1000 6

#69060000
0!
02

#69065000
1!
b111 %
12
b111 6

#69070000
0!
02

#69075000
1!
b110 %
12
b110 6

#69080000
0!
02

#69085000
1!
b101 %
12
b101 6

#69090000
0!
02

#69095000
1!
b100 %
12
b100 6

#69100000
0!
02

#69105000
1!
b11 %
12
b11 6

#69110000
0!
02

#69115000
1!
b10 %
12
b10 6

#69120000
0!
02

#69125000
1!
b1 %
12
b1 6

#69130000
0!
02

#69135000
1!
b0 %
12
b0 6

#69140000
0!
02

#69145000
1!
b1111 %
12
b1111 6

#69150000
0!
02

#69155000
1!
b1110 %
12
b1110 6

#69160000
0!
02

#69165000
1!
b1101 %
12
b1101 6

#69170000
0!
02

#69175000
1!
b1100 %
12
b1100 6

#69180000
0!
02

#69185000
1!
b1011 %
12
b1011 6

#69190000
0!
02

#69195000
1!
b1010 %
12
b1010 6

#69200000
0!
02

#69205000
1!
b1001 %
12
b1001 6

#69210000
0!
02

#69215000
1!
b1000 %
12
b1000 6

#69220000
0!
02

#69225000
1!
b111 %
12
b111 6

#69230000
0!
02

#69235000
1!
b110 %
12
b110 6

#69240000
0!
02

#69245000
1!
b101 %
12
b101 6

#69250000
0!
02

#69255000
1!
b100 %
12
b100 6

#69260000
0!
02

#69265000
1!
b11 %
12
b11 6

#69270000
0!
02

#69275000
1!
b10 %
12
b10 6

#69280000
0!
02

#69285000
1!
b1 %
12
b1 6

#69290000
0!
02

#69295000
1!
b0 %
12
b0 6

#69300000
0!
02

#69305000
1!
b1111 %
12
b1111 6

#69310000
0!
02

#69315000
1!
b1110 %
12
b1110 6

#69320000
0!
02

#69325000
1!
b1101 %
12
b1101 6

#69330000
0!
02

#69335000
1!
b1100 %
12
b1100 6

#69340000
0!
02

#69345000
1!
b1011 %
12
b1011 6

#69350000
0!
02

#69355000
1!
b1010 %
12
b1010 6

#69360000
0!
02

#69365000
1!
b1001 %
12
b1001 6

#69370000
0!
02

#69375000
1!
b1000 %
12
b1000 6

#69380000
0!
02

#69385000
1!
b111 %
12
b111 6

#69390000
0!
02

#69395000
1!
b110 %
12
b110 6

#69400000
0!
02

#69405000
1!
b101 %
12
b101 6

#69410000
0!
02

#69415000
1!
b100 %
12
b100 6

#69420000
0!
02

#69425000
1!
b11 %
12
b11 6

#69430000
0!
02

#69435000
1!
b10 %
12
b10 6

#69440000
0!
02

#69445000
1!
b1 %
12
b1 6

#69450000
0!
02

#69455000
1!
b0 %
12
b0 6

#69460000
0!
02

#69465000
1!
b1111 %
12
b1111 6

#69470000
0!
02

#69475000
1!
b1110 %
12
b1110 6

#69480000
0!
02

#69485000
1!
b1101 %
12
b1101 6

#69490000
0!
02

#69495000
1!
b1100 %
12
b1100 6

#69500000
0!
02

#69505000
1!
b1011 %
12
b1011 6

#69510000
0!
02

#69515000
1!
b1010 %
12
b1010 6

#69520000
0!
02

#69525000
1!
b1001 %
12
b1001 6

#69530000
0!
02

#69535000
1!
b1000 %
12
b1000 6

#69540000
0!
02

#69545000
1!
b111 %
12
b111 6

#69550000
0!
02

#69555000
1!
b110 %
12
b110 6

#69560000
0!
02

#69565000
1!
b101 %
12
b101 6

#69570000
0!
02

#69575000
1!
b100 %
12
b100 6

#69580000
0!
02

#69585000
1!
b11 %
12
b11 6

#69590000
0!
02

#69595000
1!
b10 %
12
b10 6

#69600000
0!
02

#69605000
1!
b1 %
12
b1 6

#69610000
0!
02

#69615000
1!
b0 %
12
b0 6

#69620000
0!
02

#69625000
1!
b1111 %
12
b1111 6

#69630000
0!
02

#69635000
1!
b1110 %
12
b1110 6

#69640000
0!
02

#69645000
1!
b1101 %
12
b1101 6

#69650000
0!
02

#69655000
1!
b1100 %
12
b1100 6

#69660000
0!
02

#69665000
1!
b1011 %
12
b1011 6

#69670000
0!
02

#69675000
1!
b1010 %
12
b1010 6

#69680000
0!
02

#69685000
1!
b1001 %
12
b1001 6

#69690000
0!
02

#69695000
1!
b1000 %
12
b1000 6

#69700000
0!
02

#69705000
1!
b111 %
12
b111 6

#69710000
0!
02

#69715000
1!
b110 %
12
b110 6

#69720000
0!
02

#69725000
1!
b101 %
12
b101 6

#69730000
0!
02

#69735000
1!
b100 %
12
b100 6

#69740000
0!
02

#69745000
1!
b11 %
12
b11 6

#69750000
0!
02

#69755000
1!
b10 %
12
b10 6

#69760000
0!
02

#69765000
1!
b1 %
12
b1 6

#69770000
0!
02

#69775000
1!
b0 %
12
b0 6

#69780000
0!
02

#69785000
1!
b1111 %
12
b1111 6

#69790000
0!
02

#69795000
1!
b1110 %
12
b1110 6

#69800000
0!
02

#69805000
1!
b1101 %
12
b1101 6

#69810000
0!
02

#69815000
1!
b1100 %
12
b1100 6

#69820000
0!
02

#69825000
1!
b1011 %
12
b1011 6

#69830000
0!
02

#69835000
1!
b1010 %
12
b1010 6

#69840000
0!
02

#69845000
1!
b1001 %
12
b1001 6

#69850000
0!
02

#69855000
1!
b1000 %
12
b1000 6

#69860000
0!
02

#69865000
1!
b111 %
12
b111 6

#69870000
0!
02

#69875000
1!
b110 %
12
b110 6

#69880000
0!
02

#69885000
1!
b101 %
12
b101 6

#69890000
0!
02

#69895000
1!
b100 %
12
b100 6

#69900000
0!
02

#69905000
1!
b11 %
12
b11 6

#69910000
0!
02

#69915000
1!
b10 %
12
b10 6

#69920000
0!
02

#69925000
1!
b1 %
12
b1 6

#69930000
0!
02

#69935000
1!
b0 %
12
b0 6

#69940000
0!
02

#69945000
1!
b1111 %
12
b1111 6

#69950000
0!
02

#69955000
1!
b1110 %
12
b1110 6

#69960000
0!
02

#69965000
1!
b1101 %
12
b1101 6

#69970000
0!
02

#69975000
1!
b1100 %
12
b1100 6

#69980000
0!
02

#69985000
1!
b1011 %
12
b1011 6

#69990000
0!
02

#69995000
1!
b1010 %
12
b1010 6

#70000000
0!
02

#70005000
1!
b1001 %
12
b1001 6

#70010000
0!
02

#70015000
1!
b1000 %
12
b1000 6

#70020000
0!
02

#70025000
1!
b111 %
12
b111 6

#70030000
0!
02

#70035000
1!
b110 %
12
b110 6

#70040000
0!
02

#70045000
1!
b101 %
12
b101 6

#70050000
0!
02

#70055000
1!
b100 %
12
b100 6

#70060000
0!
02

#70065000
1!
b11 %
12
b11 6

#70070000
0!
02

#70075000
1!
b10 %
12
b10 6

#70080000
0!
02

#70085000
1!
b1 %
12
b1 6

#70090000
0!
02

#70095000
1!
b0 %
12
b0 6

#70100000
0!
02

#70105000
1!
b1111 %
12
b1111 6

#70110000
0!
02

#70115000
1!
b1110 %
12
b1110 6

#70120000
0!
02

#70125000
1!
b1101 %
12
b1101 6

#70130000
0!
02

#70135000
1!
b1100 %
12
b1100 6

#70140000
0!
02

#70145000
1!
b1011 %
12
b1011 6

#70150000
0!
02

#70155000
1!
b1010 %
12
b1010 6

#70160000
0!
02

#70165000
1!
b1001 %
12
b1001 6

#70170000
0!
02

#70175000
1!
b1000 %
12
b1000 6

#70180000
0!
02

#70185000
1!
b111 %
12
b111 6

#70190000
0!
02

#70195000
1!
b110 %
12
b110 6

#70200000
0!
02

#70205000
1!
b101 %
12
b101 6

#70210000
0!
02

#70215000
1!
b100 %
12
b100 6

#70220000
0!
02

#70225000
1!
b11 %
12
b11 6

#70230000
0!
02

#70235000
1!
b10 %
12
b10 6

#70240000
0!
02

#70245000
1!
b1 %
12
b1 6

#70250000
0!
02

#70255000
1!
b0 %
12
b0 6

#70260000
0!
02

#70265000
1!
b1111 %
12
b1111 6

#70270000
0!
02

#70275000
1!
b1110 %
12
b1110 6

#70280000
0!
02

#70285000
1!
b1101 %
12
b1101 6

#70290000
0!
02

#70295000
1!
b1100 %
12
b1100 6

#70300000
0!
02

#70305000
1!
b1011 %
12
b1011 6

#70310000
0!
02

#70315000
1!
b1010 %
12
b1010 6

#70320000
0!
02

#70325000
1!
b1001 %
12
b1001 6

#70330000
0!
02

#70335000
1!
b1000 %
12
b1000 6

#70340000
0!
02

#70345000
1!
b111 %
12
b111 6

#70350000
0!
02

#70355000
1!
b110 %
12
b110 6

#70360000
0!
02

#70365000
1!
b101 %
12
b101 6

#70370000
0!
02

#70375000
1!
b100 %
12
b100 6

#70380000
0!
02

#70385000
1!
b11 %
12
b11 6

#70390000
0!
02

#70395000
1!
b10 %
12
b10 6

#70400000
0!
02

#70405000
1!
b1 %
12
b1 6

#70410000
0!
02

#70415000
1!
b0 %
12
b0 6

#70420000
0!
02

#70425000
1!
b1111 %
12
b1111 6

#70430000
0!
02

#70435000
1!
b1110 %
12
b1110 6

#70440000
0!
02

#70445000
1!
b1101 %
12
b1101 6

#70450000
0!
02

#70455000
1!
b1100 %
12
b1100 6

#70460000
0!
02

#70465000
1!
b1011 %
12
b1011 6

#70470000
0!
02

#70475000
1!
b1010 %
12
b1010 6

#70480000
0!
02

#70485000
1!
b1001 %
12
b1001 6

#70490000
0!
02

#70495000
1!
b1000 %
12
b1000 6

#70500000
0!
02

#70505000
1!
b111 %
12
b111 6

#70510000
0!
02

#70515000
1!
b110 %
12
b110 6

#70520000
0!
02

#70525000
1!
b101 %
12
b101 6

#70530000
0!
02

#70535000
1!
b100 %
12
b100 6

#70540000
0!
02

#70545000
1!
b11 %
12
b11 6

#70550000
0!
02

#70555000
1!
b10 %
12
b10 6

#70560000
0!
02

#70565000
1!
b1 %
12
b1 6

#70570000
0!
02

#70575000
1!
b0 %
12
b0 6

#70580000
0!
02

#70585000
1!
b1111 %
12
b1111 6

#70590000
0!
02

#70595000
1!
b1110 %
12
b1110 6

#70600000
0!
02

#70605000
1!
b1101 %
12
b1101 6

#70610000
0!
02

#70615000
1!
b1100 %
12
b1100 6

#70620000
0!
02

#70625000
1!
b1011 %
12
b1011 6

#70630000
0!
02

#70635000
1!
b1010 %
12
b1010 6

#70640000
0!
02

#70645000
1!
b1001 %
12
b1001 6

#70650000
0!
02

#70655000
1!
b1000 %
12
b1000 6

#70660000
0!
02

#70665000
1!
b111 %
12
b111 6

#70670000
0!
02

#70675000
1!
b110 %
12
b110 6

#70680000
0!
02

#70685000
1!
b101 %
12
b101 6

#70690000
0!
02

#70695000
1!
b100 %
12
b100 6

#70700000
0!
02

#70705000
1!
b11 %
12
b11 6

#70710000
0!
02

#70715000
1!
b10 %
12
b10 6

#70720000
0!
02

#70725000
1!
b1 %
12
b1 6

#70730000
0!
02

#70735000
1!
b0 %
12
b0 6

#70740000
0!
02

#70745000
1!
b1111 %
12
b1111 6

#70750000
0!
02

#70755000
1!
b1110 %
12
b1110 6

#70760000
0!
02

#70765000
1!
b1101 %
12
b1101 6

#70770000
0!
02

#70775000
1!
b1100 %
12
b1100 6

#70780000
0!
02

#70785000
1!
b1011 %
12
b1011 6

#70790000
0!
02

#70795000
1!
b1010 %
12
b1010 6

#70800000
0!
02

#70805000
1!
b1001 %
12
b1001 6

#70810000
0!
02

#70815000
1!
b1000 %
12
b1000 6

#70820000
0!
02

#70825000
1!
b111 %
12
b111 6

#70830000
0!
02

#70835000
1!
b110 %
12
b110 6

#70840000
0!
02

#70845000
1!
b101 %
12
b101 6

#70850000
0!
02

#70855000
1!
b100 %
12
b100 6

#70860000
0!
02

#70865000
1!
b11 %
12
b11 6

#70870000
0!
02

#70875000
1!
b10 %
12
b10 6

#70880000
0!
02

#70885000
1!
b1 %
12
b1 6

#70890000
0!
02

#70895000
1!
b0 %
12
b0 6

#70900000
0!
02

#70905000
1!
b1111 %
12
b1111 6

#70910000
0!
02

#70915000
1!
b1110 %
12
b1110 6

#70920000
0!
02

#70925000
1!
b1101 %
12
b1101 6

#70930000
0!
02

#70935000
1!
b1100 %
12
b1100 6

#70940000
0!
02

#70945000
1!
b1011 %
12
b1011 6

#70950000
0!
02

#70955000
1!
b1010 %
12
b1010 6

#70960000
0!
02

#70965000
1!
b1001 %
12
b1001 6

#70970000
0!
02

#70975000
1!
b1000 %
12
b1000 6

#70980000
0!
02

#70985000
1!
b111 %
12
b111 6

#70990000
0!
02

#70995000
1!
b110 %
12
b110 6

#71000000
0!
02

#71005000
1!
b101 %
12
b101 6

#71010000
0!
02

#71015000
1!
b100 %
12
b100 6

#71020000
0!
02

#71025000
1!
b11 %
12
b11 6

#71030000
0!
02

#71035000
1!
b10 %
12
b10 6

#71040000
0!
02

#71045000
1!
b1 %
12
b1 6

#71050000
0!
02

#71055000
1!
b0 %
12
b0 6

#71060000
0!
02

#71065000
1!
b1111 %
12
b1111 6

#71070000
0!
02

#71075000
1!
b1110 %
12
b1110 6

#71080000
0!
02

#71085000
1!
b1101 %
12
b1101 6

#71090000
0!
02

#71095000
1!
b1100 %
12
b1100 6

#71100000
0!
02

#71105000
1!
b1011 %
12
b1011 6

#71110000
0!
02

#71115000
1!
b1010 %
12
b1010 6

#71120000
0!
02

#71125000
1!
b1001 %
12
b1001 6

#71130000
0!
02

#71135000
1!
b1000 %
12
b1000 6

#71140000
0!
02

#71145000
1!
b111 %
12
b111 6

#71150000
0!
02

#71155000
1!
b110 %
12
b110 6

#71160000
0!
02

#71165000
1!
b101 %
12
b101 6

#71170000
0!
02

#71175000
1!
b100 %
12
b100 6

#71180000
0!
02

#71185000
1!
b11 %
12
b11 6

#71190000
0!
02

#71195000
1!
b10 %
12
b10 6

#71200000
0!
02

#71205000
1!
b1 %
12
b1 6

#71210000
0!
02

#71215000
1!
b0 %
12
b0 6

#71220000
0!
02

#71225000
1!
b1111 %
12
b1111 6

#71230000
0!
02

#71235000
1!
b1110 %
12
b1110 6

#71240000
0!
02

#71245000
1!
b1101 %
12
b1101 6

#71250000
0!
02

#71255000
1!
b1100 %
12
b1100 6

#71260000
0!
02

#71265000
1!
b1011 %
12
b1011 6

#71270000
0!
02

#71275000
1!
b1010 %
12
b1010 6

#71280000
0!
02

#71285000
1!
b1001 %
12
b1001 6

#71290000
0!
02

#71295000
1!
b1000 %
12
b1000 6

#71300000
0!
02

#71305000
1!
b111 %
12
b111 6

#71310000
0!
02

#71315000
1!
b110 %
12
b110 6

#71320000
0!
02

#71325000
1!
b101 %
12
b101 6

#71330000
0!
02

#71335000
1!
b100 %
12
b100 6

#71340000
0!
02

#71345000
1!
b11 %
12
b11 6

#71350000
0!
02

#71355000
1!
b10 %
12
b10 6

#71360000
0!
02

#71365000
1!
b1 %
12
b1 6

#71370000
0!
02

#71375000
1!
b0 %
12
b0 6

#71380000
0!
02

#71385000
1!
b1111 %
12
b1111 6

#71390000
0!
02

#71395000
1!
b1110 %
12
b1110 6

#71400000
0!
02

#71405000
1!
b1101 %
12
b1101 6

#71410000
0!
02

#71415000
1!
b1100 %
12
b1100 6

#71420000
0!
02

#71425000
1!
b1011 %
12
b1011 6

#71430000
0!
02

#71435000
1!
b1010 %
12
b1010 6

#71440000
0!
02

#71445000
1!
b1001 %
12
b1001 6

#71450000
0!
02

#71455000
1!
b1000 %
12
b1000 6

#71460000
0!
02

#71465000
1!
b111 %
12
b111 6

#71470000
0!
02

#71475000
1!
b110 %
12
b110 6

#71480000
0!
02

#71485000
1!
b101 %
12
b101 6

#71490000
0!
02

#71495000
1!
b100 %
12
b100 6

#71500000
0!
02

#71505000
1!
b11 %
12
b11 6

#71510000
0!
02

#71515000
1!
b10 %
12
b10 6

#71520000
0!
02

#71525000
1!
b1 %
12
b1 6

#71530000
0!
02

#71535000
1!
b0 %
12
b0 6

#71540000
0!
02

#71545000
1!
b1111 %
12
b1111 6

#71550000
0!
02

#71555000
1!
b1110 %
12
b1110 6

#71560000
0!
02

#71565000
1!
b1101 %
12
b1101 6

#71570000
0!
02

#71575000
1!
b1100 %
12
b1100 6

#71580000
0!
02

#71585000
1!
b1011 %
12
b1011 6

#71590000
0!
02

#71595000
1!
b1010 %
12
b1010 6

#71600000
0!
02

#71605000
1!
b1001 %
12
b1001 6

#71610000
0!
02

#71615000
1!
b1000 %
12
b1000 6

#71620000
0!
02

#71625000
1!
b111 %
12
b111 6

#71630000
0!
02

#71635000
1!
b110 %
12
b110 6

#71640000
0!
02

#71645000
1!
b101 %
12
b101 6

#71650000
0!
02

#71655000
1!
b100 %
12
b100 6

#71660000
0!
02

#71665000
1!
b11 %
12
b11 6

#71670000
0!
02

#71675000
1!
b10 %
12
b10 6

#71680000
0!
02

#71685000
1!
b1 %
12
b1 6

#71690000
0!
02

#71695000
1!
b0 %
12
b0 6

#71700000
0!
02

#71705000
1!
b1111 %
12
b1111 6

#71710000
0!
02

#71715000
1!
b1110 %
12
b1110 6

#71720000
0!
02

#71725000
1!
b1101 %
12
b1101 6

#71730000
0!
02

#71735000
1!
b1100 %
12
b1100 6

#71740000
0!
02

#71745000
1!
b1011 %
12
b1011 6

#71750000
0!
02

#71755000
1!
b1010 %
12
b1010 6

#71760000
0!
02

#71765000
1!
b1001 %
12
b1001 6

#71770000
0!
02

#71775000
1!
b1000 %
12
b1000 6

#71780000
0!
02

#71785000
1!
b111 %
12
b111 6

#71790000
0!
02

#71795000
1!
b110 %
12
b110 6

#71800000
0!
02

#71805000
1!
b101 %
12
b101 6

#71810000
0!
02

#71815000
1!
b100 %
12
b100 6

#71820000
0!
02

#71825000
1!
b11 %
12
b11 6

#71830000
0!
02

#71835000
1!
b10 %
12
b10 6

#71840000
0!
02

#71845000
1!
b1 %
12
b1 6

#71850000
0!
02

#71855000
1!
b0 %
12
b0 6

#71860000
0!
02

#71865000
1!
b1111 %
12
b1111 6

#71870000
0!
02

#71875000
1!
b1110 %
12
b1110 6

#71880000
0!
02

#71885000
1!
b1101 %
12
b1101 6

#71890000
0!
02

#71895000
1!
b1100 %
12
b1100 6

#71900000
0!
02

#71905000
1!
b1011 %
12
b1011 6

#71910000
0!
02

#71915000
1!
b1010 %
12
b1010 6

#71920000
0!
02

#71925000
1!
b1001 %
12
b1001 6

#71930000
0!
02

#71935000
1!
b1000 %
12
b1000 6

#71940000
0!
02

#71945000
1!
b111 %
12
b111 6

#71950000
0!
02

#71955000
1!
b110 %
12
b110 6

#71960000
0!
02

#71965000
1!
b101 %
12
b101 6

#71970000
0!
02

#71975000
1!
b100 %
12
b100 6

#71980000
0!
02

#71985000
1!
b11 %
12
b11 6

#71990000
0!
02

#71995000
1!
b10 %
12
b10 6

#72000000
0!
02

#72005000
1!
b1 %
12
b1 6

#72010000
0!
02

#72015000
1!
b0 %
12
b0 6

#72020000
0!
02

#72025000
1!
b1111 %
12
b1111 6

#72030000
0!
02

#72035000
1!
b1110 %
12
b1110 6

#72040000
0!
02

#72045000
1!
b1101 %
12
b1101 6

#72050000
0!
02

#72055000
1!
b1100 %
12
b1100 6

#72060000
0!
02

#72065000
1!
b1011 %
12
b1011 6

#72070000
0!
02

#72075000
1!
b1010 %
12
b1010 6

#72080000
0!
02

#72085000
1!
b1001 %
12
b1001 6

#72090000
0!
02

#72095000
1!
b1000 %
12
b1000 6

#72100000
0!
02

#72105000
1!
b111 %
12
b111 6

#72110000
0!
02

#72115000
1!
b110 %
12
b110 6

#72120000
0!
02

#72125000
1!
b101 %
12
b101 6

#72130000
0!
02

#72135000
1!
b100 %
12
b100 6

#72140000
0!
02

#72145000
1!
b11 %
12
b11 6

#72150000
0!
02

#72155000
1!
b10 %
12
b10 6

#72160000
0!
02

#72165000
1!
b1 %
12
b1 6

#72170000
0!
02

#72175000
1!
b0 %
12
b0 6

#72180000
0!
02

#72185000
1!
b1111 %
12
b1111 6

#72190000
0!
02

#72195000
1!
b1110 %
12
b1110 6

#72200000
0!
02

#72205000
1!
b1101 %
12
b1101 6

#72210000
0!
02

#72215000
1!
b1100 %
12
b1100 6

#72220000
0!
02

#72225000
1!
b1011 %
12
b1011 6

#72230000
0!
02

#72235000
1!
b1010 %
12
b1010 6

#72240000
0!
02

#72245000
1!
b1001 %
12
b1001 6

#72250000
0!
02

#72255000
1!
b1000 %
12
b1000 6

#72260000
0!
02

#72265000
1!
b111 %
12
b111 6

#72270000
0!
02

#72275000
1!
b110 %
12
b110 6

#72280000
0!
02

#72285000
1!
b101 %
12
b101 6

#72290000
0!
02

#72295000
1!
b100 %
12
b100 6

#72300000
0!
02

#72305000
1!
b11 %
12
b11 6

#72310000
0!
02

#72315000
1!
b10 %
12
b10 6

#72320000
0!
02

#72325000
1!
b1 %
12
b1 6

#72330000
0!
02

#72335000
1!
b0 %
12
b0 6

#72340000
0!
02

#72345000
1!
b1111 %
12
b1111 6

#72350000
0!
02

#72355000
1!
b1110 %
12
b1110 6

#72360000
0!
02

#72365000
1!
b1101 %
12
b1101 6

#72370000
0!
02

#72375000
1!
b1100 %
12
b1100 6

#72380000
0!
02

#72385000
1!
b1011 %
12
b1011 6

#72390000
0!
02

#72395000
1!
b1010 %
12
b1010 6

#72400000
0!
02

#72405000
1!
b1001 %
12
b1001 6

#72410000
0!
02

#72415000
1!
b1000 %
12
b1000 6

#72420000
0!
02

#72425000
1!
b111 %
12
b111 6

#72430000
0!
02

#72435000
1!
b110 %
12
b110 6

#72440000
0!
02

#72445000
1!
b101 %
12
b101 6

#72450000
0!
02

#72455000
1!
b100 %
12
b100 6

#72460000
0!
02

#72465000
1!
b11 %
12
b11 6

#72470000
0!
02

#72475000
1!
b10 %
12
b10 6

#72480000
0!
02

#72485000
1!
b1 %
12
b1 6

#72490000
0!
02

#72495000
1!
b0 %
12
b0 6

#72500000
0!
02

#72505000
1!
b1111 %
12
b1111 6

#72510000
0!
02

#72515000
1!
b1110 %
12
b1110 6

#72520000
0!
02

#72525000
1!
b1101 %
12
b1101 6

#72530000
0!
02

#72535000
1!
b1100 %
12
b1100 6

#72540000
0!
02

#72545000
1!
b1011 %
12
b1011 6

#72550000
0!
02

#72555000
1!
b1010 %
12
b1010 6

#72560000
0!
02

#72565000
1!
b1001 %
12
b1001 6

#72570000
0!
02

#72575000
1!
b1000 %
12
b1000 6

#72580000
0!
02

#72585000
1!
b111 %
12
b111 6

#72590000
0!
02

#72595000
1!
b110 %
12
b110 6

#72600000
0!
02

#72605000
1!
b101 %
12
b101 6

#72610000
0!
02

#72615000
1!
b100 %
12
b100 6

#72620000
0!
02

#72625000
1!
b11 %
12
b11 6

#72630000
0!
02

#72635000
1!
b10 %
12
b10 6

#72640000
0!
02

#72645000
1!
b1 %
12
b1 6

#72650000
0!
02

#72655000
1!
b0 %
12
b0 6

#72660000
0!
02

#72665000
1!
b1111 %
12
b1111 6

#72670000
0!
02

#72675000
1!
b1110 %
12
b1110 6

#72680000
0!
02

#72685000
1!
b1101 %
12
b1101 6

#72690000
0!
02

#72695000
1!
b1100 %
12
b1100 6

#72700000
0!
02

#72705000
1!
b1011 %
12
b1011 6

#72710000
0!
02

#72715000
1!
b1010 %
12
b1010 6

#72720000
0!
02

#72725000
1!
b1001 %
12
b1001 6

#72730000
0!
02

#72735000
1!
b1000 %
12
b1000 6

#72740000
0!
02

#72745000
1!
b111 %
12
b111 6

#72750000
0!
02

#72755000
1!
b110 %
12
b110 6

#72760000
0!
02

#72765000
1!
b101 %
12
b101 6

#72770000
0!
02

#72775000
1!
b100 %
12
b100 6

#72780000
0!
02

#72785000
1!
b11 %
12
b11 6

#72790000
0!
02

#72795000
1!
b10 %
12
b10 6

#72800000
0!
02

#72805000
1!
b1 %
12
b1 6

#72810000
0!
02

#72815000
1!
b0 %
12
b0 6

#72820000
0!
02

#72825000
1!
b1111 %
12
b1111 6

#72830000
0!
02

#72835000
1!
b1110 %
12
b1110 6

#72840000
0!
02

#72845000
1!
b1101 %
12
b1101 6

#72850000
0!
02

#72855000
1!
b1100 %
12
b1100 6

#72860000
0!
02

#72865000
1!
b1011 %
12
b1011 6

#72870000
0!
02

#72875000
1!
b1010 %
12
b1010 6

#72880000
0!
02

#72885000
1!
b1001 %
12
b1001 6

#72890000
0!
02

#72895000
1!
b1000 %
12
b1000 6

#72900000
0!
02

#72905000
1!
b111 %
12
b111 6

#72910000
0!
02

#72915000
1!
b110 %
12
b110 6

#72920000
0!
02

#72925000
1!
b101 %
12
b101 6

#72930000
0!
02

#72935000
1!
b100 %
12
b100 6

#72940000
0!
02

#72945000
1!
b11 %
12
b11 6

#72950000
0!
02

#72955000
1!
b10 %
12
b10 6

#72960000
0!
02

#72965000
1!
b1 %
12
b1 6

#72970000
0!
02

#72975000
1!
b0 %
12
b0 6

#72980000
0!
02

#72985000
1!
b1111 %
12
b1111 6

#72990000
0!
02

#72995000
1!
b1110 %
12
b1110 6

#73000000
0!
02

#73005000
1!
b1101 %
12
b1101 6

#73010000
0!
02

#73015000
1!
b1100 %
12
b1100 6

#73020000
0!
02

#73025000
1!
b1011 %
12
b1011 6

#73030000
0!
02

#73035000
1!
b1010 %
12
b1010 6

#73040000
0!
02

#73045000
1!
b1001 %
12
b1001 6

#73050000
0!
02

#73055000
1!
b1000 %
12
b1000 6

#73060000
0!
02

#73065000
1!
b111 %
12
b111 6

#73070000
0!
02

#73075000
1!
b110 %
12
b110 6

#73080000
0!
02

#73085000
1!
b101 %
12
b101 6

#73090000
0!
02

#73095000
1!
b100 %
12
b100 6

#73100000
0!
02

#73105000
1!
b11 %
12
b11 6

#73110000
0!
02

#73115000
1!
b10 %
12
b10 6

#73120000
0!
02

#73125000
1!
b1 %
12
b1 6

#73130000
0!
02

#73135000
1!
b0 %
12
b0 6

#73140000
0!
02

#73145000
1!
b1111 %
12
b1111 6

#73150000
0!
02

#73155000
1!
b1110 %
12
b1110 6

#73160000
0!
02

#73165000
1!
b1101 %
12
b1101 6

#73170000
0!
02

#73175000
1!
b1100 %
12
b1100 6

#73180000
0!
02

#73185000
1!
b1011 %
12
b1011 6

#73190000
0!
02

#73195000
1!
b1010 %
12
b1010 6

#73200000
0!
02

#73205000
1!
b1001 %
12
b1001 6

#73210000
0!
02

#73215000
1!
b1000 %
12
b1000 6

#73220000
0!
02

#73225000
1!
b111 %
12
b111 6

#73230000
0!
02

#73235000
1!
b110 %
12
b110 6

#73240000
0!
02

#73245000
1!
b101 %
12
b101 6

#73250000
0!
02

#73255000
1!
b100 %
12
b100 6

#73260000
0!
02

#73265000
1!
b11 %
12
b11 6

#73270000
0!
02

#73275000
1!
b10 %
12
b10 6

#73280000
0!
02

#73285000
1!
b1 %
12
b1 6

#73290000
0!
02

#73295000
1!
b0 %
12
b0 6

#73300000
0!
02

#73305000
1!
b1111 %
12
b1111 6

#73310000
0!
02

#73315000
1!
b1110 %
12
b1110 6

#73320000
0!
02

#73325000
1!
b1101 %
12
b1101 6

#73330000
0!
02

#73335000
1!
b1100 %
12
b1100 6

#73340000
0!
02

#73345000
1!
b1011 %
12
b1011 6

#73350000
0!
02

#73355000
1!
b1010 %
12
b1010 6

#73360000
0!
02

#73365000
1!
b1001 %
12
b1001 6

#73370000
0!
02

#73375000
1!
b1000 %
12
b1000 6

#73380000
0!
02

#73385000
1!
b111 %
12
b111 6

#73390000
0!
02

#73395000
1!
b110 %
12
b110 6

#73400000
0!
02

#73405000
1!
b101 %
12
b101 6

#73410000
0!
02

#73415000
1!
b100 %
12
b100 6

#73420000
0!
02

#73425000
1!
b11 %
12
b11 6

#73430000
0!
02

#73435000
1!
b10 %
12
b10 6

#73440000
0!
02

#73445000
1!
b1 %
12
b1 6

#73450000
0!
02

#73455000
1!
b0 %
12
b0 6

#73460000
0!
02

#73465000
1!
b1111 %
12
b1111 6

#73470000
0!
02

#73475000
1!
b1110 %
12
b1110 6

#73480000
0!
02

#73485000
1!
b1101 %
12
b1101 6

#73490000
0!
02

#73495000
1!
b1100 %
12
b1100 6

#73500000
0!
02

#73505000
1!
b1011 %
12
b1011 6

#73510000
0!
02

#73515000
1!
b1010 %
12
b1010 6

#73520000
0!
02

#73525000
1!
b1001 %
12
b1001 6

#73530000
0!
02

#73535000
1!
b1000 %
12
b1000 6

#73540000
0!
02

#73545000
1!
b111 %
12
b111 6

#73550000
0!
02

#73555000
1!
b110 %
12
b110 6

#73560000
0!
02

#73565000
1!
b101 %
12
b101 6

#73570000
0!
02

#73575000
1!
b100 %
12
b100 6

#73580000
0!
02

#73585000
1!
b11 %
12
b11 6

#73590000
0!
02

#73595000
1!
b10 %
12
b10 6

#73600000
0!
02

#73605000
1!
b1 %
12
b1 6

#73610000
0!
02

#73615000
1!
b0 %
12
b0 6

#73620000
0!
02

#73625000
1!
b1111 %
12
b1111 6

#73630000
0!
02

#73635000
1!
b1110 %
12
b1110 6

#73640000
0!
02

#73645000
1!
b1101 %
12
b1101 6

#73650000
0!
02

#73655000
1!
b1100 %
12
b1100 6

#73660000
0!
02

#73665000
1!
b1011 %
12
b1011 6

#73670000
0!
02

#73675000
1!
b1010 %
12
b1010 6

#73680000
0!
02

#73685000
1!
b1001 %
12
b1001 6

#73690000
0!
02

#73695000
1!
b1000 %
12
b1000 6

#73700000
0!
02

#73705000
1!
b111 %
12
b111 6

#73710000
0!
02

#73715000
1!
b110 %
12
b110 6

#73720000
0!
02

#73725000
1!
b101 %
12
b101 6

#73730000
0!
02

#73735000
1!
b100 %
12
b100 6

#73740000
0!
02

#73745000
1!
b11 %
12
b11 6

#73750000
0!
02

#73755000
1!
b10 %
12
b10 6

#73760000
0!
02

#73765000
1!
b1 %
12
b1 6

#73770000
0!
02

#73775000
1!
b0 %
12
b0 6

#73780000
0!
02

#73785000
1!
b1111 %
12
b1111 6

#73790000
0!
02

#73795000
1!
b1110 %
12
b1110 6

#73800000
0!
02

#73805000
1!
b1101 %
12
b1101 6

#73810000
0!
02

#73815000
1!
b1100 %
12
b1100 6

#73820000
0!
02

#73825000
1!
b1011 %
12
b1011 6

#73830000
0!
02

#73835000
1!
b1010 %
12
b1010 6

#73840000
0!
02

#73845000
1!
b1001 %
12
b1001 6

#73850000
0!
02

#73855000
1!
b1000 %
12
b1000 6

#73860000
0!
02

#73865000
1!
b111 %
12
b111 6

#73870000
0!
02

#73875000
1!
b110 %
12
b110 6

#73880000
0!
02

#73885000
1!
b101 %
12
b101 6

#73890000
0!
02

#73895000
1!
b100 %
12
b100 6

#73900000
0!
02

#73905000
1!
b11 %
12
b11 6

#73910000
0!
02

#73915000
1!
b10 %
12
b10 6

#73920000
0!
02

#73925000
1!
b1 %
12
b1 6

#73930000
0!
02

#73935000
1!
b0 %
12
b0 6

#73940000
0!
02

#73945000
1!
b1111 %
12
b1111 6

#73950000
0!
02

#73955000
1!
b1110 %
12
b1110 6

#73960000
0!
02

#73965000
1!
b1101 %
12
b1101 6

#73970000
0!
02

#73975000
1!
b1100 %
12
b1100 6

#73980000
0!
02

#73985000
1!
b1011 %
12
b1011 6

#73990000
0!
02

#73995000
1!
b1010 %
12
b1010 6

#74000000
0!
02

#74005000
1!
b1001 %
12
b1001 6

#74010000
0!
02

#74015000
1!
b1000 %
12
b1000 6

#74020000
0!
02

#74025000
1!
b111 %
12
b111 6

#74030000
0!
02

#74035000
1!
b110 %
12
b110 6

#74040000
0!
02

#74045000
1!
b101 %
12
b101 6

#74050000
0!
02

#74055000
1!
b100 %
12
b100 6

#74060000
0!
02

#74065000
1!
b11 %
12
b11 6

#74070000
0!
02

#74075000
1!
b10 %
12
b10 6

#74080000
0!
02

#74085000
1!
b1 %
12
b1 6

#74090000
0!
02

#74095000
1!
b0 %
12
b0 6

#74100000
0!
02

#74105000
1!
b1111 %
12
b1111 6

#74110000
0!
02

#74115000
1!
b1110 %
12
b1110 6

#74120000
0!
02

#74125000
1!
b1101 %
12
b1101 6

#74130000
0!
02

#74135000
1!
b1100 %
12
b1100 6

#74140000
0!
02

#74145000
1!
b1011 %
12
b1011 6

#74150000
0!
02

#74155000
1!
b1010 %
12
b1010 6

#74160000
0!
02

#74165000
1!
b1001 %
12
b1001 6

#74170000
0!
02

#74175000
1!
b1000 %
12
b1000 6

#74180000
0!
02

#74185000
1!
b111 %
12
b111 6

#74190000
0!
02

#74195000
1!
b110 %
12
b110 6

#74200000
0!
02

#74205000
1!
b101 %
12
b101 6

#74210000
0!
02

#74215000
1!
b100 %
12
b100 6

#74220000
0!
02

#74225000
1!
b11 %
12
b11 6

#74230000
0!
02

#74235000
1!
b10 %
12
b10 6

#74240000
0!
02

#74245000
1!
b1 %
12
b1 6

#74250000
0!
02

#74255000
1!
b0 %
12
b0 6

#74260000
0!
02

#74265000
1!
b1111 %
12
b1111 6

#74270000
0!
02

#74275000
1!
b1110 %
12
b1110 6

#74280000
0!
02

#74285000
1!
b1101 %
12
b1101 6

#74290000
0!
02

#74295000
1!
b1100 %
12
b1100 6

#74300000
0!
02

#74305000
1!
b1011 %
12
b1011 6

#74310000
0!
02

#74315000
1!
b1010 %
12
b1010 6

#74320000
0!
02

#74325000
1!
b1001 %
12
b1001 6

#74330000
0!
02

#74335000
1!
b1000 %
12
b1000 6

#74340000
0!
02

#74345000
1!
b111 %
12
b111 6

#74350000
0!
02

#74355000
1!
b110 %
12
b110 6

#74360000
0!
02

#74365000
1!
b101 %
12
b101 6

#74370000
0!
02

#74375000
1!
b100 %
12
b100 6

#74380000
0!
02

#74385000
1!
b11 %
12
b11 6

#74390000
0!
02

#74395000
1!
b10 %
12
b10 6

#74400000
0!
02

#74405000
1!
b1 %
12
b1 6

#74410000
0!
02

#74415000
1!
b0 %
12
b0 6

#74420000
0!
02

#74425000
1!
b1111 %
12
b1111 6

#74430000
0!
02

#74435000
1!
b1110 %
12
b1110 6

#74440000
0!
02

#74445000
1!
b1101 %
12
b1101 6

#74450000
0!
02

#74455000
1!
b1100 %
12
b1100 6

#74460000
0!
02

#74465000
1!
b1011 %
12
b1011 6

#74470000
0!
02

#74475000
1!
b1010 %
12
b1010 6

#74480000
0!
02

#74485000
1!
b1001 %
12
b1001 6

#74490000
0!
02

#74495000
1!
b1000 %
12
b1000 6

#74500000
0!
02

#74505000
1!
b111 %
12
b111 6

#74510000
0!
02

#74515000
1!
b110 %
12
b110 6

#74520000
0!
02

#74525000
1!
b101 %
12
b101 6

#74530000
0!
02

#74535000
1!
b100 %
12
b100 6

#74540000
0!
02

#74545000
1!
b11 %
12
b11 6

#74550000
0!
02

#74555000
1!
b10 %
12
b10 6

#74560000
0!
02

#74565000
1!
b1 %
12
b1 6

#74570000
0!
02

#74575000
1!
b0 %
12
b0 6

#74580000
0!
02

#74585000
1!
b1111 %
12
b1111 6

#74590000
0!
02

#74595000
1!
b1110 %
12
b1110 6

#74600000
0!
02

#74605000
1!
b1101 %
12
b1101 6

#74610000
0!
02

#74615000
1!
b1100 %
12
b1100 6

#74620000
0!
02

#74625000
1!
b1011 %
12
b1011 6

#74630000
0!
02

#74635000
1!
b1010 %
12
b1010 6

#74640000
0!
02

#74645000
1!
b1001 %
12
b1001 6

#74650000
0!
02

#74655000
1!
b1000 %
12
b1000 6

#74660000
0!
02

#74665000
1!
b111 %
12
b111 6

#74670000
0!
02

#74675000
1!
b110 %
12
b110 6

#74680000
0!
02

#74685000
1!
b101 %
12
b101 6

#74690000
0!
02

#74695000
1!
b100 %
12
b100 6

#74700000
0!
02

#74705000
1!
b11 %
12
b11 6

#74710000
0!
02

#74715000
1!
b10 %
12
b10 6

#74720000
0!
02

#74725000
1!
b1 %
12
b1 6

#74730000
0!
02

#74735000
1!
b0 %
12
b0 6

#74740000
0!
02

#74745000
1!
b1111 %
12
b1111 6

#74750000
0!
02

#74755000
1!
b1110 %
12
b1110 6

#74760000
0!
02

#74765000
1!
b1101 %
12
b1101 6

#74770000
0!
02

#74775000
1!
b1100 %
12
b1100 6

#74780000
0!
02

#74785000
1!
b1011 %
12
b1011 6

#74790000
0!
02

#74795000
1!
b1010 %
12
b1010 6

#74800000
0!
02

#74805000
1!
b1001 %
12
b1001 6

#74810000
0!
02

#74815000
1!
b1000 %
12
b1000 6

#74820000
0!
02

#74825000
1!
b111 %
12
b111 6

#74830000
0!
02

#74835000
1!
b110 %
12
b110 6

#74840000
0!
02

#74845000
1!
b101 %
12
b101 6

#74850000
0!
02

#74855000
1!
b100 %
12
b100 6

#74860000
0!
02

#74865000
1!
b11 %
12
b11 6

#74870000
0!
02

#74875000
1!
b10 %
12
b10 6

#74880000
0!
02

#74885000
1!
b1 %
12
b1 6

#74890000
0!
02

#74895000
1!
b0 %
12
b0 6

#74900000
0!
02

#74905000
1!
b1111 %
12
b1111 6

#74910000
0!
02

#74915000
1!
b1110 %
12
b1110 6

#74920000
0!
02

#74925000
1!
b1101 %
12
b1101 6

#74930000
0!
02

#74935000
1!
b1100 %
12
b1100 6

#74940000
0!
02

#74945000
1!
b1011 %
12
b1011 6

#74950000
0!
02

#74955000
1!
b1010 %
12
b1010 6

#74960000
0!
02

#74965000
1!
b1001 %
12
b1001 6

#74970000
0!
02

#74975000
1!
b1000 %
12
b1000 6

#74980000
0!
02

#74985000
1!
b111 %
12
b111 6

#74990000
0!
02

#74995000
1!
b110 %
12
b110 6

#75000000
0!
02

#75005000
1!
b101 %
12
b101 6

#75010000
0!
02

#75015000
1!
b100 %
12
b100 6

#75020000
0!
02

#75025000
1!
b11 %
12
b11 6

#75030000
0!
02

#75035000
1!
b10 %
12
b10 6

#75040000
0!
02

#75045000
1!
b1 %
12
b1 6

#75050000
0!
02

#75055000
1!
b0 %
12
b0 6

#75060000
0!
02

#75065000
1!
b1111 %
12
b1111 6

#75070000
0!
02

#75075000
1!
b1110 %
12
b1110 6

#75080000
0!
02

#75085000
1!
b1101 %
12
b1101 6

#75090000
0!
02

#75095000
1!
b1100 %
12
b1100 6

#75100000
0!
02

#75105000
1!
b1011 %
12
b1011 6

#75110000
0!
02

#75115000
1!
b1010 %
12
b1010 6

#75120000
0!
02

#75125000
1!
b1001 %
12
b1001 6

#75130000
0!
02

#75135000
1!
b1000 %
12
b1000 6

#75140000
0!
02

#75145000
1!
b111 %
12
b111 6

#75150000
0!
02

#75155000
1!
b110 %
12
b110 6

#75160000
0!
02

#75165000
1!
b101 %
12
b101 6

#75170000
0!
02

#75175000
1!
b100 %
12
b100 6

#75180000
0!
02

#75185000
1!
b11 %
12
b11 6

#75190000
0!
02

#75195000
1!
b10 %
12
b10 6

#75200000
0!
02

#75205000
1!
b1 %
12
b1 6

#75210000
0!
02

#75215000
1!
b0 %
12
b0 6

#75220000
0!
02

#75225000
1!
b1111 %
12
b1111 6

#75230000
0!
02

#75235000
1!
b1110 %
12
b1110 6

#75240000
0!
02

#75245000
1!
b1101 %
12
b1101 6

#75250000
0!
02

#75255000
1!
b1100 %
12
b1100 6

#75260000
0!
02

#75265000
1!
b1011 %
12
b1011 6

#75270000
0!
02

#75275000
1!
b1010 %
12
b1010 6

#75280000
0!
02

#75285000
1!
b1001 %
12
b1001 6

#75290000
0!
02

#75295000
1!
b1000 %
12
b1000 6

#75300000
0!
02

#75305000
1!
b111 %
12
b111 6

#75310000
0!
02

#75315000
1!
b110 %
12
b110 6

#75320000
0!
02

#75325000
1!
b101 %
12
b101 6

#75330000
0!
02

#75335000
1!
b100 %
12
b100 6

#75340000
0!
02

#75345000
1!
b11 %
12
b11 6

#75350000
0!
02

#75355000
1!
b10 %
12
b10 6

#75360000
0!
02

#75365000
1!
b1 %
12
b1 6

#75370000
0!
02

#75375000
1!
b0 %
12
b0 6

#75380000
0!
02

#75385000
1!
b1111 %
12
b1111 6

#75390000
0!
02

#75395000
1!
b1110 %
12
b1110 6

#75400000
0!
02

#75405000
1!
b1101 %
12
b1101 6

#75410000
0!
02

#75415000
1!
b1100 %
12
b1100 6

#75420000
0!
02

#75425000
1!
b1011 %
12
b1011 6

#75430000
0!
02

#75435000
1!
b1010 %
12
b1010 6

#75440000
0!
02

#75445000
1!
b1001 %
12
b1001 6

#75450000
0!
02

#75455000
1!
b1000 %
12
b1000 6

#75460000
0!
02

#75465000
1!
b111 %
12
b111 6

#75470000
0!
02

#75475000
1!
b110 %
12
b110 6

#75480000
0!
02

#75485000
1!
b101 %
12
b101 6

#75490000
0!
02

#75495000
1!
b100 %
12
b100 6

#75500000
0!
02

#75505000
1!
b11 %
12
b11 6

#75510000
0!
02

#75515000
1!
b10 %
12
b10 6

#75520000
0!
02

#75525000
1!
b1 %
12
b1 6

#75530000
0!
02

#75535000
1!
b0 %
12
b0 6

#75540000
0!
02

#75545000
1!
b1111 %
12
b1111 6

#75550000
0!
02

#75555000
1!
b1110 %
12
b1110 6

#75560000
0!
02

#75565000
1!
b1101 %
12
b1101 6

#75570000
0!
02

#75575000
1!
b1100 %
12
b1100 6

#75580000
0!
02

#75585000
1!
b1011 %
12
b1011 6

#75590000
0!
02

#75595000
1!
b1010 %
12
b1010 6

#75600000
0!
02

#75605000
1!
b1001 %
12
b1001 6

#75610000
0!
02

#75615000
1!
b1000 %
12
b1000 6

#75620000
0!
02

#75625000
1!
b111 %
12
b111 6

#75630000
0!
02

#75635000
1!
b110 %
12
b110 6

#75640000
0!
02

#75645000
1!
b101 %
12
b101 6

#75650000
0!
02

#75655000
1!
b100 %
12
b100 6

#75660000
0!
02

#75665000
1!
b11 %
12
b11 6

#75670000
0!
02

#75675000
1!
b10 %
12
b10 6

#75680000
0!
02

#75685000
1!
b1 %
12
b1 6

#75690000
0!
02

#75695000
1!
b0 %
12
b0 6

#75700000
0!
02

#75705000
1!
b1111 %
12
b1111 6

#75710000
0!
02

#75715000
1!
b1110 %
12
b1110 6

#75720000
0!
02

#75725000
1!
b1101 %
12
b1101 6

#75730000
0!
02

#75735000
1!
b1100 %
12
b1100 6

#75740000
0!
02

#75745000
1!
b1011 %
12
b1011 6

#75750000
0!
02

#75755000
1!
b1010 %
12
b1010 6

#75760000
0!
02

#75765000
1!
b1001 %
12
b1001 6

#75770000
0!
02

#75775000
1!
b1000 %
12
b1000 6

#75780000
0!
02

#75785000
1!
b111 %
12
b111 6

#75790000
0!
02

#75795000
1!
b110 %
12
b110 6

#75800000
0!
02

#75805000
1!
b101 %
12
b101 6

#75810000
0!
02

#75815000
1!
b100 %
12
b100 6

#75820000
0!
02

#75825000
1!
b11 %
12
b11 6

#75830000
0!
02

#75835000
1!
b10 %
12
b10 6

#75840000
0!
02

#75845000
1!
b1 %
12
b1 6

#75850000
0!
02

#75855000
1!
b0 %
12
b0 6

#75860000
0!
02

#75865000
1!
b1111 %
12
b1111 6

#75870000
0!
02

#75875000
1!
b1110 %
12
b1110 6

#75880000
0!
02

#75885000
1!
b1101 %
12
b1101 6

#75890000
0!
02

#75895000
1!
b1100 %
12
b1100 6

#75900000
0!
02

#75905000
1!
b1011 %
12
b1011 6

#75910000
0!
02

#75915000
1!
b1010 %
12
b1010 6

#75920000
0!
02

#75925000
1!
b1001 %
12
b1001 6

#75930000
0!
02

#75935000
1!
b1000 %
12
b1000 6

#75940000
0!
02

#75945000
1!
b111 %
12
b111 6

#75950000
0!
02

#75955000
1!
b110 %
12
b110 6

#75960000
0!
02

#75965000
1!
b101 %
12
b101 6

#75970000
0!
02

#75975000
1!
b100 %
12
b100 6

#75980000
0!
02

#75985000
1!
b11 %
12
b11 6

#75990000
0!
02

#75995000
1!
b10 %
12
b10 6

#76000000
0!
02

#76005000
1!
b1 %
12
b1 6

#76010000
0!
02

#76015000
1!
b0 %
12
b0 6

#76020000
0!
02

#76025000
1!
b1111 %
12
b1111 6

#76030000
0!
02

#76035000
1!
b1110 %
12
b1110 6

#76040000
0!
02

#76045000
1!
b1101 %
12
b1101 6

#76050000
0!
02

#76055000
1!
b1100 %
12
b1100 6

#76060000
0!
02

#76065000
1!
b1011 %
12
b1011 6

#76070000
0!
02

#76075000
1!
b1010 %
12
b1010 6

#76080000
0!
02

#76085000
1!
b1001 %
12
b1001 6

#76090000
0!
02

#76095000
1!
b1000 %
12
b1000 6

#76100000
0!
02

#76105000
1!
b111 %
12
b111 6

#76110000
0!
02

#76115000
1!
b110 %
12
b110 6

#76120000
0!
02

#76125000
1!
b101 %
12
b101 6

#76130000
0!
02

#76135000
1!
b100 %
12
b100 6

#76140000
0!
02

#76145000
1!
b11 %
12
b11 6

#76150000
0!
02

#76155000
1!
b10 %
12
b10 6

#76160000
0!
02

#76165000
1!
b1 %
12
b1 6

#76170000
0!
02

#76175000
1!
b0 %
12
b0 6

#76180000
0!
02

#76185000
1!
b1111 %
12
b1111 6

#76190000
0!
02

#76195000
1!
b1110 %
12
b1110 6

#76200000
0!
02

#76205000
1!
b1101 %
12
b1101 6

#76210000
0!
02

#76215000
1!
b1100 %
12
b1100 6

#76220000
0!
02

#76225000
1!
b1011 %
12
b1011 6

#76230000
0!
02

#76235000
1!
b1010 %
12
b1010 6

#76240000
0!
02

#76245000
1!
b1001 %
12
b1001 6

#76250000
0!
02

#76255000
1!
b1000 %
12
b1000 6

#76260000
0!
02

#76265000
1!
b111 %
12
b111 6

#76270000
0!
02

#76275000
1!
b110 %
12
b110 6

#76280000
0!
02

#76285000
1!
b101 %
12
b101 6

#76290000
0!
02

#76295000
1!
b100 %
12
b100 6

#76300000
0!
02

#76305000
1!
b11 %
12
b11 6

#76310000
0!
02

#76315000
1!
b10 %
12
b10 6

#76320000
0!
02

#76325000
1!
b1 %
12
b1 6

#76330000
0!
02

#76335000
1!
b0 %
12
b0 6

#76340000
0!
02

#76345000
1!
b1111 %
12
b1111 6

#76350000
0!
02

#76355000
1!
b1110 %
12
b1110 6

#76360000
0!
02

#76365000
1!
b1101 %
12
b1101 6

#76370000
0!
02

#76375000
1!
b1100 %
12
b1100 6

#76380000
0!
02

#76385000
1!
b1011 %
12
b1011 6

#76390000
0!
02

#76395000
1!
b1010 %
12
b1010 6

#76400000
0!
02

#76405000
1!
b1001 %
12
b1001 6

#76410000
0!
02

#76415000
1!
b1000 %
12
b1000 6

#76420000
0!
02

#76425000
1!
b111 %
12
b111 6

#76430000
0!
02

#76435000
1!
b110 %
12
b110 6

#76440000
0!
02

#76445000
1!
b101 %
12
b101 6

#76450000
0!
02

#76455000
1!
b100 %
12
b100 6

#76460000
0!
02

#76465000
1!
b11 %
12
b11 6

#76470000
0!
02

#76475000
1!
b10 %
12
b10 6

#76480000
0!
02

#76485000
1!
b1 %
12
b1 6

#76490000
0!
02

#76495000
1!
b0 %
12
b0 6

#76500000
0!
02

#76505000
1!
b1111 %
12
b1111 6

#76510000
0!
02

#76515000
1!
b1110 %
12
b1110 6

#76520000
0!
02

#76525000
1!
b1101 %
12
b1101 6

#76530000
0!
02

#76535000
1!
b1100 %
12
b1100 6

#76540000
0!
02

#76545000
1!
b1011 %
12
b1011 6

#76550000
0!
02

#76555000
1!
b1010 %
12
b1010 6

#76560000
0!
02

#76565000
1!
b1001 %
12
b1001 6

#76570000
0!
02

#76575000
1!
b1000 %
12
b1000 6

#76580000
0!
02

#76585000
1!
b111 %
12
b111 6

#76590000
0!
02

#76595000
1!
b110 %
12
b110 6

#76600000
0!
02

#76605000
1!
b101 %
12
b101 6

#76610000
0!
02

#76615000
1!
b100 %
12
b100 6

#76620000
0!
02

#76625000
1!
b11 %
12
b11 6

#76630000
0!
02

#76635000
1!
b10 %
12
b10 6

#76640000
0!
02

#76645000
1!
b1 %
12
b1 6

#76650000
0!
02

#76655000
1!
b0 %
12
b0 6

#76660000
0!
02

#76665000
1!
b1111 %
12
b1111 6

#76670000
0!
02

#76675000
1!
b1110 %
12
b1110 6

#76680000
0!
02

#76685000
1!
b1101 %
12
b1101 6

#76690000
0!
02

#76695000
1!
b1100 %
12
b1100 6

#76700000
0!
02

#76705000
1!
b1011 %
12
b1011 6

#76710000
0!
02

#76715000
1!
b1010 %
12
b1010 6

#76720000
0!
02

#76725000
1!
b1001 %
12
b1001 6

#76730000
0!
02

#76735000
1!
b1000 %
12
b1000 6

#76740000
0!
02

#76745000
1!
b111 %
12
b111 6

#76750000
0!
02

#76755000
1!
b110 %
12
b110 6

#76760000
0!
02

#76765000
1!
b101 %
12
b101 6

#76770000
0!
02

#76775000
1!
b100 %
12
b100 6

#76780000
0!
02

#76785000
1!
b11 %
12
b11 6

#76790000
0!
02

#76795000
1!
b10 %
12
b10 6

#76800000
0!
02

#76805000
1!
b1 %
12
b1 6

#76810000
0!
02

#76815000
1!
b0 %
12
b0 6

#76820000
0!
02

#76825000
1!
b1111 %
12
b1111 6

#76830000
0!
02

#76835000
1!
b1110 %
12
b1110 6

#76840000
0!
02

#76845000
1!
b1101 %
12
b1101 6

#76850000
0!
02

#76855000
1!
b1100 %
12
b1100 6

#76860000
0!
02

#76865000
1!
b1011 %
12
b1011 6

#76870000
0!
02

#76875000
1!
b1010 %
12
b1010 6

#76880000
0!
02

#76885000
1!
b1001 %
12
b1001 6

#76890000
0!
02

#76895000
1!
b1000 %
12
b1000 6

#76900000
0!
02

#76905000
1!
b111 %
12
b111 6

#76910000
0!
02

#76915000
1!
b110 %
12
b110 6

#76920000
0!
02

#76925000
1!
b101 %
12
b101 6

#76930000
0!
02

#76935000
1!
b100 %
12
b100 6

#76940000
0!
02

#76945000
1!
b11 %
12
b11 6

#76950000
0!
02

#76955000
1!
b10 %
12
b10 6

#76960000
0!
02

#76965000
1!
b1 %
12
b1 6

#76970000
0!
02

#76975000
1!
b0 %
12
b0 6

#76980000
0!
02

#76985000
1!
b1111 %
12
b1111 6

#76990000
0!
02

#76995000
1!
b1110 %
12
b1110 6

#77000000
0!
02

#77005000
1!
b1101 %
12
b1101 6

#77010000
0!
02

#77015000
1!
b1100 %
12
b1100 6

#77020000
0!
02

#77025000
1!
b1011 %
12
b1011 6

#77030000
0!
02

#77035000
1!
b1010 %
12
b1010 6

#77040000
0!
02

#77045000
1!
b1001 %
12
b1001 6

#77050000
0!
02

#77055000
1!
b1000 %
12
b1000 6

#77060000
0!
02

#77065000
1!
b111 %
12
b111 6

#77070000
0!
02

#77075000
1!
b110 %
12
b110 6

#77080000
0!
02

#77085000
1!
b101 %
12
b101 6

#77090000
0!
02

#77095000
1!
b100 %
12
b100 6

#77100000
0!
02

#77105000
1!
b11 %
12
b11 6

#77110000
0!
02

#77115000
1!
b10 %
12
b10 6

#77120000
0!
02

#77125000
1!
b1 %
12
b1 6

#77130000
0!
02

#77135000
1!
b0 %
12
b0 6

#77140000
0!
02

#77145000
1!
b1111 %
12
b1111 6

#77150000
0!
02

#77155000
1!
b1110 %
12
b1110 6

#77160000
0!
02

#77165000
1!
b1101 %
12
b1101 6

#77170000
0!
02

#77175000
1!
b1100 %
12
b1100 6

#77180000
0!
02

#77185000
1!
b1011 %
12
b1011 6

#77190000
0!
02

#77195000
1!
b1010 %
12
b1010 6

#77200000
0!
02

#77205000
1!
b1001 %
12
b1001 6

#77210000
0!
02

#77215000
1!
b1000 %
12
b1000 6

#77220000
0!
02

#77225000
1!
b111 %
12
b111 6

#77230000
0!
02

#77235000
1!
b110 %
12
b110 6

#77240000
0!
02

#77245000
1!
b101 %
12
b101 6

#77250000
0!
02

#77255000
1!
b100 %
12
b100 6

#77260000
0!
02

#77265000
1!
b11 %
12
b11 6

#77270000
0!
02

#77275000
1!
b10 %
12
b10 6

#77280000
0!
02

#77285000
1!
b1 %
12
b1 6

#77290000
0!
02

#77295000
1!
b0 %
12
b0 6

#77300000
0!
02

#77305000
1!
b1111 %
12
b1111 6

#77310000
0!
02

#77315000
1!
b1110 %
12
b1110 6

#77320000
0!
02

#77325000
1!
b1101 %
12
b1101 6

#77330000
0!
02

#77335000
1!
b1100 %
12
b1100 6

#77340000
0!
02

#77345000
1!
b1011 %
12
b1011 6

#77350000
0!
02

#77355000
1!
b1010 %
12
b1010 6

#77360000
0!
02

#77365000
1!
b1001 %
12
b1001 6

#77370000
0!
02

#77375000
1!
b1000 %
12
b1000 6

#77380000
0!
02

#77385000
1!
b111 %
12
b111 6

#77390000
0!
02

#77395000
1!
b110 %
12
b110 6

#77400000
0!
02

#77405000
1!
b101 %
12
b101 6

#77410000
0!
02

#77415000
1!
b100 %
12
b100 6

#77420000
0!
02

#77425000
1!
b11 %
12
b11 6

#77430000
0!
02

#77435000
1!
b10 %
12
b10 6

#77440000
0!
02

#77445000
1!
b1 %
12
b1 6

#77450000
0!
02

#77455000
1!
b0 %
12
b0 6

#77460000
0!
02

#77465000
1!
b1111 %
12
b1111 6

#77470000
0!
02

#77475000
1!
b1110 %
12
b1110 6

#77480000
0!
02

#77485000
1!
b1101 %
12
b1101 6

#77490000
0!
02

#77495000
1!
b1100 %
12
b1100 6

#77500000
0!
02

#77505000
1!
b1011 %
12
b1011 6

#77510000
0!
02

#77515000
1!
b1010 %
12
b1010 6

#77520000
0!
02

#77525000
1!
b1001 %
12
b1001 6

#77530000
0!
02

#77535000
1!
b1000 %
12
b1000 6

#77540000
0!
02

#77545000
1!
b111 %
12
b111 6

#77550000
0!
02

#77555000
1!
b110 %
12
b110 6

#77560000
0!
02

#77565000
1!
b101 %
12
b101 6

#77570000
0!
02

#77575000
1!
b100 %
12
b100 6

#77580000
0!
02

#77585000
1!
b11 %
12
b11 6

#77590000
0!
02

#77595000
1!
b10 %
12
b10 6

#77600000
0!
02

#77605000
1!
b1 %
12
b1 6

#77610000
0!
02

#77615000
1!
b0 %
12
b0 6

#77620000
0!
02

#77625000
1!
b1111 %
12
b1111 6

#77630000
0!
02

#77635000
1!
b1110 %
12
b1110 6

#77640000
0!
02

#77645000
1!
b1101 %
12
b1101 6

#77650000
0!
02

#77655000
1!
b1100 %
12
b1100 6

#77660000
0!
02

#77665000
1!
b1011 %
12
b1011 6

#77670000
0!
02

#77675000
1!
b1010 %
12
b1010 6

#77680000
0!
02

#77685000
1!
b1001 %
12
b1001 6

#77690000
0!
02

#77695000
1!
b1000 %
12
b1000 6

#77700000
0!
02

#77705000
1!
b111 %
12
b111 6

#77710000
0!
02

#77715000
1!
b110 %
12
b110 6

#77720000
0!
02

#77725000
1!
b101 %
12
b101 6

#77730000
0!
02

#77735000
1!
b100 %
12
b100 6

#77740000
0!
02

#77745000
1!
b11 %
12
b11 6

#77750000
0!
02

#77755000
1!
b10 %
12
b10 6

#77760000
0!
02

#77765000
1!
b1 %
12
b1 6

#77770000
0!
02

#77775000
1!
b0 %
12
b0 6

#77780000
0!
02

#77785000
1!
b1111 %
12
b1111 6

#77790000
0!
02

#77795000
1!
b1110 %
12
b1110 6

#77800000
0!
02

#77805000
1!
b1101 %
12
b1101 6

#77810000
0!
02

#77815000
1!
b1100 %
12
b1100 6

#77820000
0!
02

#77825000
1!
b1011 %
12
b1011 6

#77830000
0!
02

#77835000
1!
b1010 %
12
b1010 6

#77840000
0!
02

#77845000
1!
b1001 %
12
b1001 6

#77850000
0!
02

#77855000
1!
b1000 %
12
b1000 6

#77860000
0!
02

#77865000
1!
b111 %
12
b111 6

#77870000
0!
02

#77875000
1!
b110 %
12
b110 6

#77880000
0!
02

#77885000
1!
b101 %
12
b101 6

#77890000
0!
02

#77895000
1!
b100 %
12
b100 6

#77900000
0!
02

#77905000
1!
b11 %
12
b11 6

#77910000
0!
02

#77915000
1!
b10 %
12
b10 6

#77920000
0!
02

#77925000
1!
b1 %
12
b1 6

#77930000
0!
02

#77935000
1!
b0 %
12
b0 6

#77940000
0!
02

#77945000
1!
b1111 %
12
b1111 6

#77950000
0!
02

#77955000
1!
b1110 %
12
b1110 6

#77960000
0!
02

#77965000
1!
b1101 %
12
b1101 6

#77970000
0!
02

#77975000
1!
b1100 %
12
b1100 6

#77980000
0!
02

#77985000
1!
b1011 %
12
b1011 6

#77990000
0!
02

#77995000
1!
b1010 %
12
b1010 6

#78000000
0!
02

#78005000
1!
b1001 %
12
b1001 6

#78010000
0!
02

#78015000
1!
b1000 %
12
b1000 6

#78020000
0!
02

#78025000
1!
b111 %
12
b111 6

#78030000
0!
02

#78035000
1!
b110 %
12
b110 6

#78040000
0!
02

#78045000
1!
b101 %
12
b101 6

#78050000
0!
02

#78055000
1!
b100 %
12
b100 6

#78060000
0!
02

#78065000
1!
b11 %
12
b11 6

#78070000
0!
02

#78075000
1!
b10 %
12
b10 6

#78080000
0!
02

#78085000
1!
b1 %
12
b1 6

#78090000
0!
02

#78095000
1!
b0 %
12
b0 6

#78100000
0!
02

#78105000
1!
b1111 %
12
b1111 6

#78110000
0!
02

#78115000
1!
b1110 %
12
b1110 6

#78120000
0!
02

#78125000
1!
b1101 %
12
b1101 6

#78130000
0!
02

#78135000
1!
b1100 %
12
b1100 6

#78140000
0!
02

#78145000
1!
b1011 %
12
b1011 6

#78150000
0!
02

#78155000
1!
b1010 %
12
b1010 6

#78160000
0!
02

#78165000
1!
b1001 %
12
b1001 6

#78170000
0!
02

#78175000
1!
b1000 %
12
b1000 6

#78180000
0!
02

#78185000
1!
b111 %
12
b111 6

#78190000
0!
02

#78195000
1!
b110 %
12
b110 6

#78200000
0!
02

#78205000
1!
b101 %
12
b101 6

#78210000
0!
02

#78215000
1!
b100 %
12
b100 6

#78220000
0!
02

#78225000
1!
b11 %
12
b11 6

#78230000
0!
02

#78235000
1!
b10 %
12
b10 6

#78240000
0!
02

#78245000
1!
b1 %
12
b1 6

#78250000
0!
02

#78255000
1!
b0 %
12
b0 6

#78260000
0!
02

#78265000
1!
b1111 %
12
b1111 6

#78270000
0!
02

#78275000
1!
b1110 %
12
b1110 6

#78280000
0!
02

#78285000
1!
b1101 %
12
b1101 6

#78290000
0!
02

#78295000
1!
b1100 %
12
b1100 6

#78300000
0!
02

#78305000
1!
b1011 %
12
b1011 6

#78310000
0!
02

#78315000
1!
b1010 %
12
b1010 6

#78320000
0!
02

#78325000
1!
b1001 %
12
b1001 6

#78330000
0!
02

#78335000
1!
b1000 %
12
b1000 6

#78340000
0!
02

#78345000
1!
b111 %
12
b111 6

#78350000
0!
02

#78355000
1!
b110 %
12
b110 6

#78360000
0!
02

#78365000
1!
b101 %
12
b101 6

#78370000
0!
02

#78375000
1!
b100 %
12
b100 6

#78380000
0!
02

#78385000
1!
b11 %
12
b11 6

#78390000
0!
02

#78395000
1!
b10 %
12
b10 6

#78400000
0!
02

#78405000
1!
b1 %
12
b1 6

#78410000
0!
02

#78415000
1!
b0 %
12
b0 6

#78420000
0!
02

#78425000
1!
b1111 %
12
b1111 6

#78430000
0!
02

#78435000
1!
b1110 %
12
b1110 6

#78440000
0!
02

#78445000
1!
b1101 %
12
b1101 6

#78450000
0!
02

#78455000
1!
b1100 %
12
b1100 6

#78460000
0!
02

#78465000
1!
b1011 %
12
b1011 6

#78470000
0!
02

#78475000
1!
b1010 %
12
b1010 6

#78480000
0!
02

#78485000
1!
b1001 %
12
b1001 6

#78490000
0!
02

#78495000
1!
b1000 %
12
b1000 6

#78500000
0!
02

#78505000
1!
b111 %
12
b111 6

#78510000
0!
02

#78515000
1!
b110 %
12
b110 6

#78520000
0!
02

#78525000
1!
b101 %
12
b101 6

#78530000
0!
02

#78535000
1!
b100 %
12
b100 6

#78540000
0!
02

#78545000
1!
b11 %
12
b11 6

#78550000
0!
02

#78555000
1!
b10 %
12
b10 6

#78560000
0!
02

#78565000
1!
b1 %
12
b1 6

#78570000
0!
02

#78575000
1!
b0 %
12
b0 6

#78580000
0!
02

#78585000
1!
b1111 %
12
b1111 6

#78590000
0!
02

#78595000
1!
b1110 %
12
b1110 6

#78600000
0!
02

#78605000
1!
b1101 %
12
b1101 6

#78610000
0!
02

#78615000
1!
b1100 %
12
b1100 6

#78620000
0!
02

#78625000
1!
b1011 %
12
b1011 6

#78630000
0!
02

#78635000
1!
b1010 %
12
b1010 6

#78640000
0!
02

#78645000
1!
b1001 %
12
b1001 6

#78650000
0!
02

#78655000
1!
b1000 %
12
b1000 6

#78660000
0!
02

#78665000
1!
b111 %
12
b111 6

#78670000
0!
02

#78675000
1!
b110 %
12
b110 6

#78680000
0!
02

#78685000
1!
b101 %
12
b101 6

#78690000
0!
02

#78695000
1!
b100 %
12
b100 6

#78700000
0!
02

#78705000
1!
b11 %
12
b11 6

#78710000
0!
02

#78715000
1!
b10 %
12
b10 6

#78720000
0!
02

#78725000
1!
b1 %
12
b1 6

#78730000
0!
02

#78735000
1!
b0 %
12
b0 6

#78740000
0!
02

#78745000
1!
b1111 %
12
b1111 6

#78750000
0!
02

#78755000
1!
b1110 %
12
b1110 6

#78760000
0!
02

#78765000
1!
b1101 %
12
b1101 6

#78770000
0!
02

#78775000
1!
b1100 %
12
b1100 6

#78780000
0!
02

#78785000
1!
b1011 %
12
b1011 6

#78790000
0!
02

#78795000
1!
b1010 %
12
b1010 6

#78800000
0!
02

#78805000
1!
b1001 %
12
b1001 6

#78810000
0!
02

#78815000
1!
b1000 %
12
b1000 6

#78820000
0!
02

#78825000
1!
b111 %
12
b111 6

#78830000
0!
02

#78835000
1!
b110 %
12
b110 6

#78840000
0!
02

#78845000
1!
b101 %
12
b101 6

#78850000
0!
02

#78855000
1!
b100 %
12
b100 6

#78860000
0!
02

#78865000
1!
b11 %
12
b11 6

#78870000
0!
02

#78875000
1!
b10 %
12
b10 6

#78880000
0!
02

#78885000
1!
b1 %
12
b1 6

#78890000
0!
02

#78895000
1!
b0 %
12
b0 6

#78900000
0!
02

#78905000
1!
b1111 %
12
b1111 6

#78910000
0!
02

#78915000
1!
b1110 %
12
b1110 6

#78920000
0!
02

#78925000
1!
b1101 %
12
b1101 6

#78930000
0!
02

#78935000
1!
b1100 %
12
b1100 6

#78940000
0!
02

#78945000
1!
b1011 %
12
b1011 6

#78950000
0!
02

#78955000
1!
b1010 %
12
b1010 6

#78960000
0!
02

#78965000
1!
b1001 %
12
b1001 6

#78970000
0!
02

#78975000
1!
b1000 %
12
b1000 6

#78980000
0!
02

#78985000
1!
b111 %
12
b111 6

#78990000
0!
02

#78995000
1!
b110 %
12
b110 6

#79000000
0!
02

#79005000
1!
b101 %
12
b101 6

#79010000
0!
02

#79015000
1!
b100 %
12
b100 6

#79020000
0!
02

#79025000
1!
b11 %
12
b11 6

#79030000
0!
02

#79035000
1!
b10 %
12
b10 6

#79040000
0!
02

#79045000
1!
b1 %
12
b1 6

#79050000
0!
02

#79055000
1!
b0 %
12
b0 6

#79060000
0!
02

#79065000
1!
b1111 %
12
b1111 6

#79070000
0!
02

#79075000
1!
b1110 %
12
b1110 6

#79080000
0!
02

#79085000
1!
b1101 %
12
b1101 6

#79090000
0!
02

#79095000
1!
b1100 %
12
b1100 6

#79100000
0!
02

#79105000
1!
b1011 %
12
b1011 6

#79110000
0!
02

#79115000
1!
b1010 %
12
b1010 6

#79120000
0!
02

#79125000
1!
b1001 %
12
b1001 6

#79130000
0!
02

#79135000
1!
b1000 %
12
b1000 6

#79140000
0!
02

#79145000
1!
b111 %
12
b111 6

#79150000
0!
02

#79155000
1!
b110 %
12
b110 6

#79160000
0!
02

#79165000
1!
b101 %
12
b101 6

#79170000
0!
02

#79175000
1!
b100 %
12
b100 6

#79180000
0!
02

#79185000
1!
b11 %
12
b11 6

#79190000
0!
02

#79195000
1!
b10 %
12
b10 6

#79200000
0!
02

#79205000
1!
b1 %
12
b1 6

#79210000
0!
02

#79215000
1!
b0 %
12
b0 6

#79220000
0!
02

#79225000
1!
b1111 %
12
b1111 6

#79230000
0!
02

#79235000
1!
b1110 %
12
b1110 6

#79240000
0!
02

#79245000
1!
b1101 %
12
b1101 6

#79250000
0!
02

#79255000
1!
b1100 %
12
b1100 6

#79260000
0!
02

#79265000
1!
b1011 %
12
b1011 6

#79270000
0!
02

#79275000
1!
b1010 %
12
b1010 6

#79280000
0!
02

#79285000
1!
b1001 %
12
b1001 6

#79290000
0!
02

#79295000
1!
b1000 %
12
b1000 6

#79300000
0!
02

#79305000
1!
b111 %
12
b111 6

#79310000
0!
02

#79315000
1!
b110 %
12
b110 6

#79320000
0!
02

#79325000
1!
b101 %
12
b101 6

#79330000
0!
02

#79335000
1!
b100 %
12
b100 6

#79340000
0!
02

#79345000
1!
b11 %
12
b11 6

#79350000
0!
02

#79355000
1!
b10 %
12
b10 6

#79360000
0!
02

#79365000
1!
b1 %
12
b1 6

#79370000
0!
02

#79375000
1!
b0 %
12
b0 6

#79380000
0!
02

#79385000
1!
b1111 %
12
b1111 6

#79390000
0!
02

#79395000
1!
b1110 %
12
b1110 6

#79400000
0!
02

#79405000
1!
b1101 %
12
b1101 6

#79410000
0!
02

#79415000
1!
b1100 %
12
b1100 6

#79420000
0!
02

#79425000
1!
b1011 %
12
b1011 6

#79430000
0!
02

#79435000
1!
b1010 %
12
b1010 6

#79440000
0!
02

#79445000
1!
b1001 %
12
b1001 6

#79450000
0!
02

#79455000
1!
b1000 %
12
b1000 6

#79460000
0!
02

#79465000
1!
b111 %
12
b111 6

#79470000
0!
02

#79475000
1!
b110 %
12
b110 6

#79480000
0!
02

#79485000
1!
b101 %
12
b101 6

#79490000
0!
02

#79495000
1!
b100 %
12
b100 6

#79500000
0!
02

#79505000
1!
b11 %
12
b11 6

#79510000
0!
02

#79515000
1!
b10 %
12
b10 6

#79520000
0!
02

#79525000
1!
b1 %
12
b1 6

#79530000
0!
02

#79535000
1!
b0 %
12
b0 6

#79540000
0!
02

#79545000
1!
b1111 %
12
b1111 6

#79550000
0!
02

#79555000
1!
b1110 %
12
b1110 6

#79560000
0!
02

#79565000
1!
b1101 %
12
b1101 6

#79570000
0!
02

#79575000
1!
b1100 %
12
b1100 6

#79580000
0!
02

#79585000
1!
b1011 %
12
b1011 6

#79590000
0!
02

#79595000
1!
b1010 %
12
b1010 6

#79600000
0!
02

#79605000
1!
b1001 %
12
b1001 6

#79610000
0!
02

#79615000
1!
b1000 %
12
b1000 6

#79620000
0!
02

#79625000
1!
b111 %
12
b111 6

#79630000
0!
02

#79635000
1!
b110 %
12
b110 6

#79640000
0!
02

#79645000
1!
b101 %
12
b101 6

#79650000
0!
02

#79655000
1!
b100 %
12
b100 6

#79660000
0!
02

#79665000
1!
b11 %
12
b11 6

#79670000
0!
02

#79675000
1!
b10 %
12
b10 6

#79680000
0!
02

#79685000
1!
b1 %
12
b1 6

#79690000
0!
02

#79695000
1!
b0 %
12
b0 6

#79700000
0!
02

#79705000
1!
b1111 %
12
b1111 6

#79710000
0!
02

#79715000
1!
b1110 %
12
b1110 6

#79720000
0!
02

#79725000
1!
b1101 %
12
b1101 6

#79730000
0!
02

#79735000
1!
b1100 %
12
b1100 6

#79740000
0!
02

#79745000
1!
b1011 %
12
b1011 6

#79750000
0!
02

#79755000
1!
b1010 %
12
b1010 6

#79760000
0!
02

#79765000
1!
b1001 %
12
b1001 6

#79770000
0!
02

#79775000
1!
b1000 %
12
b1000 6

#79780000
0!
02

#79785000
1!
b111 %
12
b111 6

#79790000
0!
02

#79795000
1!
b110 %
12
b110 6

#79800000
0!
02

#79805000
1!
b101 %
12
b101 6

#79810000
0!
02

#79815000
1!
b100 %
12
b100 6

#79820000
0!
02

#79825000
1!
b11 %
12
b11 6

#79830000
0!
02

#79835000
1!
b10 %
12
b10 6

#79840000
0!
02

#79845000
1!
b1 %
12
b1 6

#79850000
0!
02

#79855000
1!
b0 %
12
b0 6

#79860000
0!
02

#79865000
1!
b1111 %
12
b1111 6

#79870000
0!
02

#79875000
1!
b1110 %
12
b1110 6

#79880000
0!
02

#79885000
1!
b1101 %
12
b1101 6

#79890000
0!
02

#79895000
1!
b1100 %
12
b1100 6

#79900000
0!
02

#79905000
1!
b1011 %
12
b1011 6

#79910000
0!
02

#79915000
1!
b1010 %
12
b1010 6

#79920000
0!
02

#79925000
1!
b1001 %
12
b1001 6

#79930000
0!
02

#79935000
1!
b1000 %
12
b1000 6

#79940000
0!
02

#79945000
1!
b111 %
12
b111 6

#79950000
0!
02

#79955000
1!
b110 %
12
b110 6

#79960000
0!
02

#79965000
1!
b101 %
12
b101 6

#79970000
0!
02

#79975000
1!
b100 %
12
b100 6

#79980000
0!
02

#79985000
1!
b11 %
12
b11 6

#79990000
0!
02

#79995000
1!
b10 %
12
b10 6

#80000000
0!
02

#80005000
1!
b1 %
12
b1 6

#80010000
0!
02

#80015000
1!
b0 %
12
b0 6

#80020000
0!
02

#80025000
1!
b1111 %
12
b1111 6

#80030000
0!
02

#80035000
1!
b1110 %
12
b1110 6

#80040000
0!
02

#80045000
1!
b1101 %
12
b1101 6

#80050000
0!
02

#80055000
1!
b1100 %
12
b1100 6

#80060000
0!
02

#80065000
1!
b1011 %
12
b1011 6

#80070000
0!
02

#80075000
1!
b1010 %
12
b1010 6

#80080000
0!
02

#80085000
1!
b1001 %
12
b1001 6

#80090000
0!
02

#80095000
1!
b1000 %
12
b1000 6

#80100000
0!
02

#80105000
1!
b111 %
12
b111 6

#80110000
0!
02

#80115000
1!
b110 %
12
b110 6

#80120000
0!
02

#80125000
1!
b101 %
12
b101 6

#80130000
0!
02

#80135000
1!
b100 %
12
b100 6

#80140000
0!
02

#80145000
1!
b11 %
12
b11 6

#80150000
0!
02

#80155000
1!
b10 %
12
b10 6

#80160000
0!
02

#80165000
1!
b1 %
12
b1 6

#80170000
0!
02

#80175000
1!
b0 %
12
b0 6

#80180000
0!
02

#80185000
1!
b1111 %
12
b1111 6

#80190000
0!
02

#80195000
1!
b1110 %
12
b1110 6

#80200000
0!
02

#80205000
1!
b1101 %
12
b1101 6

#80210000
0!
02

#80215000
1!
b1100 %
12
b1100 6

#80220000
0!
02

#80225000
1!
b1011 %
12
b1011 6

#80230000
0!
02

#80235000
1!
b1010 %
12
b1010 6

#80240000
0!
02

#80245000
1!
b1001 %
12
b1001 6

#80250000
0!
02

#80255000
1!
b1000 %
12
b1000 6

#80260000
0!
02

#80265000
1!
b111 %
12
b111 6

#80270000
0!
02

#80275000
1!
b110 %
12
b110 6

#80280000
0!
02

#80285000
1!
b101 %
12
b101 6

#80290000
0!
02

#80295000
1!
b100 %
12
b100 6

#80300000
0!
02

#80305000
1!
b11 %
12
b11 6

#80310000
0!
02

#80315000
1!
b10 %
12
b10 6

#80320000
0!
02

#80325000
1!
b1 %
12
b1 6

#80330000
0!
02

#80335000
1!
b0 %
12
b0 6

#80340000
0!
02

#80345000
1!
b1111 %
12
b1111 6

#80350000
0!
02

#80355000
1!
b1110 %
12
b1110 6

#80360000
0!
02

#80365000
1!
b1101 %
12
b1101 6

#80370000
0!
02

#80375000
1!
b1100 %
12
b1100 6

#80380000
0!
02

#80385000
1!
b1011 %
12
b1011 6

#80390000
0!
02

#80395000
1!
b1010 %
12
b1010 6

#80400000
0!
02

#80405000
1!
b1001 %
12
b1001 6

#80410000
0!
02

#80415000
1!
b1000 %
12
b1000 6

#80420000
0!
02

#80425000
1!
b111 %
12
b111 6

#80430000
0!
02

#80435000
1!
b110 %
12
b110 6

#80440000
0!
02

#80445000
1!
b101 %
12
b101 6

#80450000
0!
02

#80455000
1!
b100 %
12
b100 6

#80460000
0!
02

#80465000
1!
b11 %
12
b11 6

#80470000
0!
02

#80475000
1!
b10 %
12
b10 6

#80480000
0!
02

#80485000
1!
b1 %
12
b1 6

#80490000
0!
02

#80495000
1!
b0 %
12
b0 6

#80500000
0!
02

#80505000
1!
b1111 %
12
b1111 6

#80510000
0!
02

#80515000
1!
b1110 %
12
b1110 6

#80520000
0!
02

#80525000
1!
b1101 %
12
b1101 6

#80530000
0!
02

#80535000
1!
b1100 %
12
b1100 6

#80540000
0!
02

#80545000
1!
b1011 %
12
b1011 6

#80550000
0!
02

#80555000
1!
b1010 %
12
b1010 6

#80560000
0!
02

#80565000
1!
b1001 %
12
b1001 6

#80570000
0!
02

#80575000
1!
b1000 %
12
b1000 6

#80580000
0!
02

#80585000
1!
b111 %
12
b111 6

#80590000
0!
02

#80595000
1!
b110 %
12
b110 6

#80600000
0!
02

#80605000
1!
b101 %
12
b101 6

#80610000
0!
02

#80615000
1!
b100 %
12
b100 6

#80620000
0!
02

#80625000
1!
b11 %
12
b11 6

#80630000
0!
02

#80635000
1!
b10 %
12
b10 6

#80640000
0!
02

#80645000
1!
b1 %
12
b1 6

#80650000
0!
02

#80655000
1!
b0 %
12
b0 6

#80660000
0!
02

#80665000
1!
b1111 %
12
b1111 6

#80670000
0!
02

#80675000
1!
b1110 %
12
b1110 6

#80680000
0!
02

#80685000
1!
b1101 %
12
b1101 6

#80690000
0!
02

#80695000
1!
b1100 %
12
b1100 6

#80700000
0!
02

#80705000
1!
b1011 %
12
b1011 6

#80710000
0!
02

#80715000
1!
b1010 %
12
b1010 6

#80720000
0!
02

#80725000
1!
b1001 %
12
b1001 6

#80730000
0!
02

#80735000
1!
b1000 %
12
b1000 6

#80740000
0!
02

#80745000
1!
b111 %
12
b111 6

#80750000
0!
02

#80755000
1!
b110 %
12
b110 6

#80760000
0!
02

#80765000
1!
b101 %
12
b101 6

#80770000
0!
02

#80775000
1!
b100 %
12
b100 6

#80780000
0!
02

#80785000
1!
b11 %
12
b11 6

#80790000
0!
02

#80795000
1!
b10 %
12
b10 6

#80800000
0!
02

#80805000
1!
b1 %
12
b1 6

#80810000
0!
02

#80815000
1!
b0 %
12
b0 6

#80820000
0!
02

#80825000
1!
b1111 %
12
b1111 6

#80830000
0!
02

#80835000
1!
b1110 %
12
b1110 6

#80840000
0!
02

#80845000
1!
b1101 %
12
b1101 6

#80850000
0!
02

#80855000
1!
b1100 %
12
b1100 6

#80860000
0!
02

#80865000
1!
b1011 %
12
b1011 6

#80870000
0!
02

#80875000
1!
b1010 %
12
b1010 6

#80880000
0!
02

#80885000
1!
b1001 %
12
b1001 6

#80890000
0!
02

#80895000
1!
b1000 %
12
b1000 6

#80900000
0!
02

#80905000
1!
b111 %
12
b111 6

#80910000
0!
02

#80915000
1!
b110 %
12
b110 6

#80920000
0!
02

#80925000
1!
b101 %
12
b101 6

#80930000
0!
02

#80935000
1!
b100 %
12
b100 6

#80940000
0!
02

#80945000
1!
b11 %
12
b11 6

#80950000
0!
02

#80955000
1!
b10 %
12
b10 6

#80960000
0!
02

#80965000
1!
b1 %
12
b1 6

#80970000
0!
02

#80975000
1!
b0 %
12
b0 6

#80980000
0!
02

#80985000
1!
b1111 %
12
b1111 6

#80990000
0!
02

#80995000
1!
b1110 %
12
b1110 6

#81000000
0!
02

#81005000
1!
b1101 %
12
b1101 6

#81010000
0!
02

#81015000
1!
b1100 %
12
b1100 6

#81020000
0!
02

#81025000
1!
b1011 %
12
b1011 6

#81030000
0!
02

#81035000
1!
b1010 %
12
b1010 6

#81040000
0!
02

#81045000
1!
b1001 %
12
b1001 6

#81050000
0!
02

#81055000
1!
b1000 %
12
b1000 6

#81060000
0!
02

#81065000
1!
b111 %
12
b111 6

#81070000
0!
02

#81075000
1!
b110 %
12
b110 6

#81080000
0!
02

#81085000
1!
b101 %
12
b101 6

#81090000
0!
02

#81095000
1!
b100 %
12
b100 6

#81100000
0!
02

#81105000
1!
b11 %
12
b11 6

#81110000
0!
02

#81115000
1!
b10 %
12
b10 6

#81120000
0!
02

#81125000
1!
b1 %
12
b1 6

#81130000
0!
02

#81135000
1!
b0 %
12
b0 6

#81140000
0!
02

#81145000
1!
b1111 %
12
b1111 6

#81150000
0!
02

#81155000
1!
b1110 %
12
b1110 6

#81160000
0!
02

#81165000
1!
b1101 %
12
b1101 6

#81170000
0!
02

#81175000
1!
b1100 %
12
b1100 6

#81180000
0!
02

#81185000
1!
b1011 %
12
b1011 6

#81190000
0!
02

#81195000
1!
b1010 %
12
b1010 6

#81200000
0!
02

#81205000
1!
b1001 %
12
b1001 6

#81210000
0!
02

#81215000
1!
b1000 %
12
b1000 6

#81220000
0!
02

#81225000
1!
b111 %
12
b111 6

#81230000
0!
02

#81235000
1!
b110 %
12
b110 6

#81240000
0!
02

#81245000
1!
b101 %
12
b101 6

#81250000
0!
02

#81255000
1!
b100 %
12
b100 6

#81260000
0!
02

#81265000
1!
b11 %
12
b11 6

#81270000
0!
02

#81275000
1!
b10 %
12
b10 6

#81280000
0!
02

#81285000
1!
b1 %
12
b1 6

#81290000
0!
02

#81295000
1!
b0 %
12
b0 6

#81300000
0!
02

#81305000
1!
b1111 %
12
b1111 6

#81310000
0!
02

#81315000
1!
b1110 %
12
b1110 6

#81320000
0!
02

#81325000
1!
b1101 %
12
b1101 6

#81330000
0!
02

#81335000
1!
b1100 %
12
b1100 6

#81340000
0!
02

#81345000
1!
b1011 %
12
b1011 6

#81350000
0!
02

#81355000
1!
b1010 %
12
b1010 6

#81360000
0!
02

#81365000
1!
b1001 %
12
b1001 6

#81370000
0!
02

#81375000
1!
b1000 %
12
b1000 6

#81380000
0!
02

#81385000
1!
b111 %
12
b111 6

#81390000
0!
02

#81395000
1!
b110 %
12
b110 6

#81400000
0!
02

#81405000
1!
b101 %
12
b101 6

#81410000
0!
02

#81415000
1!
b100 %
12
b100 6

#81420000
0!
02

#81425000
1!
b11 %
12
b11 6

#81430000
0!
02

#81435000
1!
b10 %
12
b10 6

#81440000
0!
02

#81445000
1!
b1 %
12
b1 6

#81450000
0!
02

#81455000
1!
b0 %
12
b0 6

#81460000
0!
02

#81465000
1!
b1111 %
12
b1111 6

#81470000
0!
02

#81475000
1!
b1110 %
12
b1110 6

#81480000
0!
02

#81485000
1!
b1101 %
12
b1101 6

#81490000
0!
02

#81495000
1!
b1100 %
12
b1100 6

#81500000
0!
02

#81505000
1!
b1011 %
12
b1011 6

#81510000
0!
02

#81515000
1!
b1010 %
12
b1010 6

#81520000
0!
02

#81525000
1!
b1001 %
12
b1001 6

#81530000
0!
02

#81535000
1!
b1000 %
12
b1000 6

#81540000
0!
02

#81545000
1!
b111 %
12
b111 6

#81550000
0!
02

#81555000
1!
b110 %
12
b110 6

#81560000
0!
02

#81565000
1!
b101 %
12
b101 6

#81570000
0!
02

#81575000
1!
b100 %
12
b100 6

#81580000
0!
02

#81585000
1!
b11 %
12
b11 6

#81590000
0!
02

#81595000
1!
b10 %
12
b10 6

#81600000
0!
02

#81605000
1!
b1 %
12
b1 6

#81610000
0!
02

#81615000
1!
b0 %
12
b0 6

#81620000
0!
02

#81625000
1!
b1111 %
12
b1111 6

#81630000
0!
02

#81635000
1!
b1110 %
12
b1110 6

#81640000
0!
02

#81645000
1!
b1101 %
12
b1101 6

#81650000
0!
02

#81655000
1!
b1100 %
12
b1100 6

#81660000
0!
02

#81665000
1!
b1011 %
12
b1011 6

#81670000
0!
02

#81675000
1!
b1010 %
12
b1010 6

#81680000
0!
02

#81685000
1!
b1001 %
12
b1001 6

#81690000
0!
02

#81695000
1!
b1000 %
12
b1000 6

#81700000
0!
02

#81705000
1!
b111 %
12
b111 6

#81710000
0!
02

#81715000
1!
b110 %
12
b110 6

#81720000
0!
02

#81725000
1!
b101 %
12
b101 6

#81730000
0!
02

#81735000
1!
b100 %
12
b100 6

#81740000
0!
02

#81745000
1!
b11 %
12
b11 6

#81750000
0!
02

#81755000
1!
b10 %
12
b10 6

#81760000
0!
02

#81765000
1!
b1 %
12
b1 6

#81770000
0!
02

#81775000
1!
b0 %
12
b0 6

#81780000
0!
02

#81785000
1!
b1111 %
12
b1111 6

#81790000
0!
02

#81795000
1!
b1110 %
12
b1110 6

#81800000
0!
02

#81805000
1!
b1101 %
12
b1101 6

#81810000
0!
02

#81815000
1!
b1100 %
12
b1100 6

#81820000
0!
02

#81825000
1!
b1011 %
12
b1011 6

#81830000
0!
02

#81835000
1!
b1010 %
12
b1010 6

#81840000
0!
02

#81845000
1!
b1001 %
12
b1001 6

#81850000
0!
02

#81855000
1!
b1000 %
12
b1000 6

#81860000
0!
02

#81865000
1!
b111 %
12
b111 6

#81870000
0!
02

#81875000
1!
b110 %
12
b110 6

#81880000
0!
02

#81885000
1!
b101 %
12
b101 6

#81890000
0!
02

#81895000
1!
b100 %
12
b100 6

#81900000
0!
02

#81905000
1!
b11 %
12
b11 6

#81910000
0!
02

#81915000
1!
b10 %
12
b10 6

#81920000
0!
02

#81925000
1!
b1 %
12
b1 6

#81930000
0!
02

#81935000
1!
b0 %
12
b0 6

#81940000
0!
02

#81945000
1!
b1111 %
12
b1111 6

#81950000
0!
02

#81955000
1!
b1110 %
12
b1110 6

#81960000
0!
02

#81965000
1!
b1101 %
12
b1101 6

#81970000
0!
02

#81975000
1!
b1100 %
12
b1100 6

#81980000
0!
02

#81985000
1!
b1011 %
12
b1011 6

#81990000
0!
02

#81995000
1!
b1010 %
12
b1010 6

#82000000
0!
02

#82005000
1!
b1001 %
12
b1001 6

#82010000
0!
02

#82015000
1!
b1000 %
12
b1000 6

#82020000
0!
02

#82025000
1!
b111 %
12
b111 6

#82030000
0!
02

#82035000
1!
b110 %
12
b110 6

#82040000
0!
02

#82045000
1!
b101 %
12
b101 6

#82050000
0!
02

#82055000
1!
b100 %
12
b100 6

#82060000
0!
02

#82065000
1!
b11 %
12
b11 6

#82070000
0!
02

#82075000
1!
b10 %
12
b10 6

#82080000
0!
02

#82085000
1!
b1 %
12
b1 6

#82090000
0!
02

#82095000
1!
b0 %
12
b0 6

#82100000
0!
02

#82105000
1!
b1111 %
12
b1111 6

#82110000
0!
02

#82115000
1!
b1110 %
12
b1110 6

#82120000
0!
02

#82125000
1!
b1101 %
12
b1101 6

#82130000
0!
02

#82135000
1!
b1100 %
12
b1100 6

#82140000
0!
02

#82145000
1!
b1011 %
12
b1011 6

#82150000
0!
02

#82155000
1!
b1010 %
12
b1010 6

#82160000
0!
02

#82165000
1!
b1001 %
12
b1001 6

#82170000
0!
02

#82175000
1!
b1000 %
12
b1000 6

#82180000
0!
02

#82185000
1!
b111 %
12
b111 6

#82190000
0!
02

#82195000
1!
b110 %
12
b110 6

#82200000
0!
02

#82205000
1!
b101 %
12
b101 6

#82210000
0!
02

#82215000
1!
b100 %
12
b100 6

#82220000
0!
02

#82225000
1!
b11 %
12
b11 6

#82230000
0!
02

#82235000
1!
b10 %
12
b10 6

#82240000
0!
02

#82245000
1!
b1 %
12
b1 6

#82250000
0!
02

#82255000
1!
b0 %
12
b0 6

#82260000
0!
02

#82265000
1!
b1111 %
12
b1111 6

#82270000
0!
02

#82275000
1!
b1110 %
12
b1110 6

#82280000
0!
02

#82285000
1!
b1101 %
12
b1101 6

#82290000
0!
02

#82295000
1!
b1100 %
12
b1100 6

#82300000
0!
02

#82305000
1!
b1011 %
12
b1011 6

#82310000
0!
02

#82315000
1!
b1010 %
12
b1010 6

#82320000
0!
02

#82325000
1!
b1001 %
12
b1001 6

#82330000
0!
02

#82335000
1!
b1000 %
12
b1000 6

#82340000
0!
02

#82345000
1!
b111 %
12
b111 6

#82350000
0!
02

#82355000
1!
b110 %
12
b110 6

#82360000
0!
02

#82365000
1!
b101 %
12
b101 6

#82370000
0!
02

#82375000
1!
b100 %
12
b100 6

#82380000
0!
02

#82385000
1!
b11 %
12
b11 6

#82390000
0!
02

#82395000
1!
b10 %
12
b10 6

#82400000
0!
02

#82405000
1!
b1 %
12
b1 6

#82410000
0!
02

#82415000
1!
b0 %
12
b0 6

#82420000
0!
02

#82425000
1!
b1111 %
12
b1111 6

#82430000
0!
02

#82435000
1!
b1110 %
12
b1110 6

#82440000
0!
02

#82445000
1!
b1101 %
12
b1101 6

#82450000
0!
02

#82455000
1!
b1100 %
12
b1100 6

#82460000
0!
02

#82465000
1!
b1011 %
12
b1011 6

#82470000
0!
02

#82475000
1!
b1010 %
12
b1010 6

#82480000
0!
02

#82485000
1!
b1001 %
12
b1001 6

#82490000
0!
02

#82495000
1!
b1000 %
12
b1000 6

#82500000
0!
02

#82505000
1!
b111 %
12
b111 6

#82510000
0!
02

#82515000
1!
b110 %
12
b110 6

#82520000
0!
02

#82525000
1!
b101 %
12
b101 6

#82530000
0!
02

#82535000
1!
b100 %
12
b100 6

#82540000
0!
02

#82545000
1!
b11 %
12
b11 6

#82550000
0!
02

#82555000
1!
b10 %
12
b10 6

#82560000
0!
02

#82565000
1!
b1 %
12
b1 6

#82570000
0!
02

#82575000
1!
b0 %
12
b0 6

#82580000
0!
02

#82585000
1!
b1111 %
12
b1111 6

#82590000
0!
02

#82595000
1!
b1110 %
12
b1110 6

#82600000
0!
02

#82605000
1!
b1101 %
12
b1101 6

#82610000
0!
02

#82615000
1!
b1100 %
12
b1100 6

#82620000
0!
02

#82625000
1!
b1011 %
12
b1011 6

#82630000
0!
02

#82635000
1!
b1010 %
12
b1010 6

#82640000
0!
02

#82645000
1!
b1001 %
12
b1001 6

#82650000
0!
02

#82655000
1!
b1000 %
12
b1000 6

#82660000
0!
02

#82665000
1!
b111 %
12
b111 6

#82670000
0!
02

#82675000
1!
b110 %
12
b110 6

#82680000
0!
02

#82685000
1!
b101 %
12
b101 6

#82690000
0!
02

#82695000
1!
b100 %
12
b100 6

#82700000
0!
02

#82705000
1!
b11 %
12
b11 6

#82710000
0!
02

#82715000
1!
b10 %
12
b10 6

#82720000
0!
02

#82725000
1!
b1 %
12
b1 6

#82730000
0!
02

#82735000
1!
b0 %
12
b0 6

#82740000
0!
02

#82745000
1!
b1111 %
12
b1111 6

#82750000
0!
02

#82755000
1!
b1110 %
12
b1110 6

#82760000
0!
02

#82765000
1!
b1101 %
12
b1101 6

#82770000
0!
02

#82775000
1!
b1100 %
12
b1100 6

#82780000
0!
02

#82785000
1!
b1011 %
12
b1011 6

#82790000
0!
02

#82795000
1!
b1010 %
12
b1010 6

#82800000
0!
02

#82805000
1!
b1001 %
12
b1001 6

#82810000
0!
02

#82815000
1!
b1000 %
12
b1000 6

#82820000
0!
02

#82825000
1!
b111 %
12
b111 6

#82830000
0!
02

#82835000
1!
b110 %
12
b110 6

#82840000
0!
02

#82845000
1!
b101 %
12
b101 6

#82850000
0!
02

#82855000
1!
b100 %
12
b100 6

#82860000
0!
02

#82865000
1!
b11 %
12
b11 6

#82870000
0!
02

#82875000
1!
b10 %
12
b10 6

#82880000
0!
02

#82885000
1!
b1 %
12
b1 6

#82890000
0!
02

#82895000
1!
b0 %
12
b0 6

#82900000
0!
02

#82905000
1!
b1111 %
12
b1111 6

#82910000
0!
02

#82915000
1!
b1110 %
12
b1110 6

#82920000
0!
02

#82925000
1!
b1101 %
12
b1101 6

#82930000
0!
02

#82935000
1!
b1100 %
12
b1100 6

#82940000
0!
02

#82945000
1!
b1011 %
12
b1011 6

#82950000
0!
02

#82955000
1!
b1010 %
12
b1010 6

#82960000
0!
02

#82965000
1!
b1001 %
12
b1001 6

#82970000
0!
02

#82975000
1!
b1000 %
12
b1000 6

#82980000
0!
02

#82985000
1!
b111 %
12
b111 6

#82990000
0!
02

#82995000
1!
b110 %
12
b110 6

#83000000
0!
02

#83005000
1!
b101 %
12
b101 6

#83010000
0!
02

#83015000
1!
b100 %
12
b100 6

#83020000
0!
02

#83025000
1!
b11 %
12
b11 6

#83030000
0!
02

#83035000
1!
b10 %
12
b10 6

#83040000
0!
02

#83045000
1!
b1 %
12
b1 6

#83050000
0!
02

#83055000
1!
b0 %
12
b0 6

#83060000
0!
02

#83065000
1!
b1111 %
12
b1111 6

#83070000
0!
02

#83075000
1!
b1110 %
12
b1110 6

#83080000
0!
02

#83085000
1!
b1101 %
12
b1101 6

#83090000
0!
02

#83095000
1!
b1100 %
12
b1100 6

#83100000
0!
02

#83105000
1!
b1011 %
12
b1011 6

#83110000
0!
02

#83115000
1!
b1010 %
12
b1010 6

#83120000
0!
02

#83125000
1!
b1001 %
12
b1001 6

#83130000
0!
02

#83135000
1!
b1000 %
12
b1000 6

#83140000
0!
02

#83145000
1!
b111 %
12
b111 6

#83150000
0!
02

#83155000
1!
b110 %
12
b110 6

#83160000
0!
02

#83165000
1!
b101 %
12
b101 6

#83170000
0!
02

#83175000
1!
b100 %
12
b100 6

#83180000
0!
02

#83185000
1!
b11 %
12
b11 6

#83190000
0!
02

#83195000
1!
b10 %
12
b10 6

#83200000
0!
02

#83205000
1!
b1 %
12
b1 6

#83210000
0!
02

#83215000
1!
b0 %
12
b0 6

#83220000
0!
02

#83225000
1!
b1111 %
12
b1111 6

#83230000
0!
02

#83235000
1!
b1110 %
12
b1110 6

#83240000
0!
02

#83245000
1!
b1101 %
12
b1101 6

#83250000
0!
02

#83255000
1!
b1100 %
12
b1100 6

#83260000
0!
02

#83265000
1!
b1011 %
12
b1011 6

#83270000
0!
02

#83275000
1!
b1010 %
12
b1010 6

#83280000
0!
02

#83285000
1!
b1001 %
12
b1001 6

#83290000
0!
02

#83295000
1!
b1000 %
12
b1000 6

#83300000
0!
02

#83305000
1!
b111 %
12
b111 6

#83310000
0!
02

#83315000
1!
b110 %
12
b110 6

#83320000
0!
02

#83325000
1!
b101 %
12
b101 6

#83330000
0!
02

#83335000
1!
b100 %
12
b100 6

#83340000
0!
02

#83345000
1!
b11 %
12
b11 6

#83350000
0!
02

#83355000
1!
b10 %
12
b10 6

#83360000
0!
02

#83365000
1!
b1 %
12
b1 6

#83370000
0!
02

#83375000
1!
b0 %
12
b0 6

#83380000
0!
02

#83385000
1!
b1111 %
12
b1111 6

#83390000
0!
02

#83395000
1!
b1110 %
12
b1110 6

#83400000
0!
02

#83405000
1!
b1101 %
12
b1101 6

#83410000
0!
02

#83415000
1!
b1100 %
12
b1100 6

#83420000
0!
02

#83425000
1!
b1011 %
12
b1011 6

#83430000
0!
02

#83435000
1!
b1010 %
12
b1010 6

#83440000
0!
02

#83445000
1!
b1001 %
12
b1001 6

#83450000
0!
02

#83455000
1!
b1000 %
12
b1000 6

#83460000
0!
02

#83465000
1!
b111 %
12
b111 6

#83470000
0!
02

#83475000
1!
b110 %
12
b110 6

#83480000
0!
02

#83485000
1!
b101 %
12
b101 6

#83490000
0!
02

#83495000
1!
b100 %
12
b100 6

#83500000
0!
02

#83505000
1!
b11 %
12
b11 6

#83510000
0!
02

#83515000
1!
b10 %
12
b10 6

#83520000
0!
02

#83525000
1!
b1 %
12
b1 6

#83530000
0!
02

#83535000
1!
b0 %
12
b0 6

#83540000
0!
02

#83545000
1!
b1111 %
12
b1111 6

#83550000
0!
02

#83555000
1!
b1110 %
12
b1110 6

#83560000
0!
02

#83565000
1!
b1101 %
12
b1101 6

#83570000
0!
02

#83575000
1!
b1100 %
12
b1100 6

#83580000
0!
02

#83585000
1!
b1011 %
12
b1011 6

#83590000
0!
02

#83595000
1!
b1010 %
12
b1010 6

#83600000
0!
02

#83605000
1!
b1001 %
12
b1001 6

#83610000
0!
02

#83615000
1!
b1000 %
12
b1000 6

#83620000
0!
02

#83625000
1!
b111 %
12
b111 6

#83630000
0!
02

#83635000
1!
b110 %
12
b110 6

#83640000
0!
02

#83645000
1!
b101 %
12
b101 6

#83650000
0!
02

#83655000
1!
b100 %
12
b100 6

#83660000
0!
02

#83665000
1!
b11 %
12
b11 6

#83670000
0!
02

#83675000
1!
b10 %
12
b10 6

#83680000
0!
02

#83685000
1!
b1 %
12
b1 6

#83690000
0!
02

#83695000
1!
b0 %
12
b0 6

#83700000
0!
02

#83705000
1!
b1111 %
12
b1111 6

#83710000
0!
02

#83715000
1!
b1110 %
12
b1110 6

#83720000
0!
02

#83725000
1!
b1101 %
12
b1101 6

#83730000
0!
02

#83735000
1!
b1100 %
12
b1100 6

#83740000
0!
02

#83745000
1!
b1011 %
12
b1011 6

#83750000
0!
02

#83755000
1!
b1010 %
12
b1010 6

#83760000
0!
02

#83765000
1!
b1001 %
12
b1001 6

#83770000
0!
02

#83775000
1!
b1000 %
12
b1000 6

#83780000
0!
02

#83785000
1!
b111 %
12
b111 6

#83790000
0!
02

#83795000
1!
b110 %
12
b110 6

#83800000
0!
02

#83805000
1!
b101 %
12
b101 6

#83810000
0!
02

#83815000
1!
b100 %
12
b100 6

#83820000
0!
02

#83825000
1!
b11 %
12
b11 6

#83830000
0!
02

#83835000
1!
b10 %
12
b10 6

#83840000
0!
02

#83845000
1!
b1 %
12
b1 6

#83850000
0!
02

#83855000
1!
b0 %
12
b0 6

#83860000
0!
02

#83865000
1!
b1111 %
12
b1111 6

#83870000
0!
02

#83875000
1!
b1110 %
12
b1110 6

#83880000
0!
02

#83885000
1!
b1101 %
12
b1101 6

#83890000
0!
02

#83895000
1!
b1100 %
12
b1100 6

#83900000
0!
02

#83905000
1!
b1011 %
12
b1011 6

#83910000
0!
02

#83915000
1!
b1010 %
12
b1010 6

#83920000
0!
02

#83925000
1!
b1001 %
12
b1001 6

#83930000
0!
02

#83935000
1!
b1000 %
12
b1000 6

#83940000
0!
02

#83945000
1!
b111 %
12
b111 6

#83950000
0!
02

#83955000
1!
b110 %
12
b110 6

#83960000
0!
02

#83965000
1!
b101 %
12
b101 6

#83970000
0!
02

#83975000
1!
b100 %
12
b100 6

#83980000
0!
02

#83985000
1!
b11 %
12
b11 6

#83990000
0!
02

#83995000
1!
b10 %
12
b10 6

#84000000
0!
02

#84005000
1!
b1 %
12
b1 6

#84010000
0!
02

#84015000
1!
b0 %
12
b0 6

#84020000
0!
02

#84025000
1!
b1111 %
12
b1111 6

#84030000
0!
02

#84035000
1!
b1110 %
12
b1110 6

#84040000
0!
02

#84045000
1!
b1101 %
12
b1101 6

#84050000
0!
02

#84055000
1!
b1100 %
12
b1100 6

#84060000
0!
02

#84065000
1!
b1011 %
12
b1011 6

#84070000
0!
02

#84075000
1!
b1010 %
12
b1010 6

#84080000
0!
02

#84085000
1!
b1001 %
12
b1001 6

#84090000
0!
02

#84095000
1!
b1000 %
12
b1000 6

#84100000
0!
02

#84105000
1!
b111 %
12
b111 6

#84110000
0!
02

#84115000
1!
b110 %
12
b110 6

#84120000
0!
02

#84125000
1!
b101 %
12
b101 6

#84130000
0!
02

#84135000
1!
b100 %
12
b100 6

#84140000
0!
02

#84145000
1!
b11 %
12
b11 6

#84150000
0!
02

#84155000
1!
b10 %
12
b10 6

#84160000
0!
02

#84165000
1!
b1 %
12
b1 6

#84170000
0!
02

#84175000
1!
b0 %
12
b0 6

#84180000
0!
02

#84185000
1!
b1111 %
12
b1111 6

#84190000
0!
02

#84195000
1!
b1110 %
12
b1110 6

#84200000
0!
02

#84205000
1!
b1101 %
12
b1101 6

#84210000
0!
02

#84215000
1!
b1100 %
12
b1100 6

#84220000
0!
02

#84225000
1!
b1011 %
12
b1011 6

#84230000
0!
02

#84235000
1!
b1010 %
12
b1010 6

#84240000
0!
02

#84245000
1!
b1001 %
12
b1001 6

#84250000
0!
02

#84255000
1!
b1000 %
12
b1000 6

#84260000
0!
02

#84265000
1!
b111 %
12
b111 6

#84270000
0!
02

#84275000
1!
b110 %
12
b110 6

#84280000
0!
02

#84285000
1!
b101 %
12
b101 6

#84290000
0!
02

#84295000
1!
b100 %
12
b100 6

#84300000
0!
02

#84305000
1!
b11 %
12
b11 6

#84310000
0!
02

#84315000
1!
b10 %
12
b10 6

#84320000
0!
02

#84325000
1!
b1 %
12
b1 6

#84330000
0!
02

#84335000
1!
b0 %
12
b0 6

#84340000
0!
02

#84345000
1!
b1111 %
12
b1111 6

#84350000
0!
02

#84355000
1!
b1110 %
12
b1110 6

#84360000
0!
02

#84365000
1!
b1101 %
12
b1101 6

#84370000
0!
02

#84375000
1!
b1100 %
12
b1100 6

#84380000
0!
02

#84385000
1!
b1011 %
12
b1011 6

#84390000
0!
02

#84395000
1!
b1010 %
12
b1010 6

#84400000
0!
02

#84405000
1!
b1001 %
12
b1001 6

#84410000
0!
02

#84415000
1!
b1000 %
12
b1000 6

#84420000
0!
02

#84425000
1!
b111 %
12
b111 6

#84430000
0!
02

#84435000
1!
b110 %
12
b110 6

#84440000
0!
02

#84445000
1!
b101 %
12
b101 6

#84450000
0!
02

#84455000
1!
b100 %
12
b100 6

#84460000
0!
02

#84465000
1!
b11 %
12
b11 6

#84470000
0!
02

#84475000
1!
b10 %
12
b10 6

#84480000
0!
02

#84485000
1!
b1 %
12
b1 6

#84490000
0!
02

#84495000
1!
b0 %
12
b0 6

#84500000
0!
02

#84505000
1!
b1111 %
12
b1111 6

#84510000
0!
02

#84515000
1!
b1110 %
12
b1110 6

#84520000
0!
02

#84525000
1!
b1101 %
12
b1101 6

#84530000
0!
02

#84535000
1!
b1100 %
12
b1100 6

#84540000
0!
02

#84545000
1!
b1011 %
12
b1011 6

#84550000
0!
02

#84555000
1!
b1010 %
12
b1010 6

#84560000
0!
02

#84565000
1!
b1001 %
12
b1001 6

#84570000
0!
02

#84575000
1!
b1000 %
12
b1000 6

#84580000
0!
02

#84585000
1!
b111 %
12
b111 6

#84590000
0!
02

#84595000
1!
b110 %
12
b110 6

#84600000
0!
02

#84605000
1!
b101 %
12
b101 6

#84610000
0!
02

#84615000
1!
b100 %
12
b100 6

#84620000
0!
02

#84625000
1!
b11 %
12
b11 6

#84630000
0!
02

#84635000
1!
b10 %
12
b10 6

#84640000
0!
02

#84645000
1!
b1 %
12
b1 6

#84650000
0!
02

#84655000
1!
b0 %
12
b0 6

#84660000
0!
02

#84665000
1!
b1111 %
12
b1111 6

#84670000
0!
02

#84675000
1!
b1110 %
12
b1110 6

#84680000
0!
02

#84685000
1!
b1101 %
12
b1101 6

#84690000
0!
02

#84695000
1!
b1100 %
12
b1100 6

#84700000
0!
02

#84705000
1!
b1011 %
12
b1011 6

#84710000
0!
02

#84715000
1!
b1010 %
12
b1010 6

#84720000
0!
02

#84725000
1!
b1001 %
12
b1001 6

#84730000
0!
02

#84735000
1!
b1000 %
12
b1000 6

#84740000
0!
02

#84745000
1!
b111 %
12
b111 6

#84750000
0!
02

#84755000
1!
b110 %
12
b110 6

#84760000
0!
02

#84765000
1!
b101 %
12
b101 6

#84770000
0!
02

#84775000
1!
b100 %
12
b100 6

#84780000
0!
02

#84785000
1!
b11 %
12
b11 6

#84790000
0!
02

#84795000
1!
b10 %
12
b10 6

#84800000
0!
02

#84805000
1!
b1 %
12
b1 6

#84810000
0!
02

#84815000
1!
b0 %
12
b0 6

#84820000
0!
02

#84825000
1!
b1111 %
12
b1111 6

#84830000
0!
02

#84835000
1!
b1110 %
12
b1110 6

#84840000
0!
02

#84845000
1!
b1101 %
12
b1101 6

#84850000
0!
02

#84855000
1!
b1100 %
12
b1100 6

#84860000
0!
02

#84865000
1!
b1011 %
12
b1011 6

#84870000
0!
02

#84875000
1!
b1010 %
12
b1010 6

#84880000
0!
02

#84885000
1!
b1001 %
12
b1001 6

#84890000
0!
02

#84895000
1!
b1000 %
12
b1000 6

#84900000
0!
02

#84905000
1!
b111 %
12
b111 6

#84910000
0!
02

#84915000
1!
b110 %
12
b110 6

#84920000
0!
02

#84925000
1!
b101 %
12
b101 6

#84930000
0!
02

#84935000
1!
b100 %
12
b100 6

#84940000
0!
02

#84945000
1!
b11 %
12
b11 6

#84950000
0!
02

#84955000
1!
b10 %
12
b10 6

#84960000
0!
02

#84965000
1!
b1 %
12
b1 6

#84970000
0!
02

#84975000
1!
b0 %
12
b0 6

#84980000
0!
02

#84985000
1!
b1111 %
12
b1111 6

#84990000
0!
02

#84995000
1!
b1110 %
12
b1110 6

#85000000
0!
02

#85005000
1!
b1101 %
12
b1101 6

#85010000
0!
02

#85015000
1!
b1100 %
12
b1100 6

#85020000
0!
02

#85025000
1!
b1011 %
12
b1011 6

#85030000
0!
02

#85035000
1!
b1010 %
12
b1010 6

#85040000
0!
02

#85045000
1!
b1001 %
12
b1001 6

#85050000
0!
02

#85055000
1!
b1000 %
12
b1000 6

#85060000
0!
02

#85065000
1!
b111 %
12
b111 6

#85070000
0!
02

#85075000
1!
b110 %
12
b110 6

#85080000
0!
02

#85085000
1!
b101 %
12
b101 6

#85090000
0!
02

#85095000
1!
b100 %
12
b100 6

#85100000
0!
02

#85105000
1!
b11 %
12
b11 6

#85110000
0!
02

#85115000
1!
b10 %
12
b10 6

#85120000
0!
02

#85125000
1!
b1 %
12
b1 6

#85130000
0!
02

#85135000
1!
b0 %
12
b0 6

#85140000
0!
02

#85145000
1!
b1111 %
12
b1111 6

#85150000
0!
02

#85155000
1!
b1110 %
12
b1110 6

#85160000
0!
02

#85165000
1!
b1101 %
12
b1101 6

#85170000
0!
02

#85175000
1!
b1100 %
12
b1100 6

#85180000
0!
02

#85185000
1!
b1011 %
12
b1011 6

#85190000
0!
02

#85195000
1!
b1010 %
12
b1010 6

#85200000
0!
02

#85205000
1!
b1001 %
12
b1001 6

#85210000
0!
02

#85215000
1!
b1000 %
12
b1000 6

#85220000
0!
02

#85225000
1!
b111 %
12
b111 6

#85230000
0!
02

#85235000
1!
b110 %
12
b110 6

#85240000
0!
02

#85245000
1!
b101 %
12
b101 6

#85250000
0!
02

#85255000
1!
b100 %
12
b100 6

#85260000
0!
02

#85265000
1!
b11 %
12
b11 6

#85270000
0!
02

#85275000
1!
b10 %
12
b10 6

#85280000
0!
02

#85285000
1!
b1 %
12
b1 6

#85290000
0!
02

#85295000
1!
b0 %
12
b0 6

#85300000
0!
02

#85305000
1!
b1111 %
12
b1111 6

#85310000
0!
02

#85315000
1!
b1110 %
12
b1110 6

#85320000
0!
02

#85325000
1!
b1101 %
12
b1101 6

#85330000
0!
02

#85335000
1!
b1100 %
12
b1100 6

#85340000
0!
02

#85345000
1!
b1011 %
12
b1011 6

#85350000
0!
02

#85355000
1!
b1010 %
12
b1010 6

#85360000
0!
02

#85365000
1!
b1001 %
12
b1001 6

#85370000
0!
02

#85375000
1!
b1000 %
12
b1000 6

#85380000
0!
02

#85385000
1!
b111 %
12
b111 6

#85390000
0!
02

#85395000
1!
b110 %
12
b110 6

#85400000
0!
02

#85405000
1!
b101 %
12
b101 6

#85410000
0!
02

#85415000
1!
b100 %
12
b100 6

#85420000
0!
02

#85425000
1!
b11 %
12
b11 6

#85430000
0!
02

#85435000
1!
b10 %
12
b10 6

#85440000
0!
02

#85445000
1!
b1 %
12
b1 6

#85450000
0!
02

#85455000
1!
b0 %
12
b0 6

#85460000
0!
02

#85465000
1!
b1111 %
12
b1111 6

#85470000
0!
02

#85475000
1!
b1110 %
12
b1110 6

#85480000
0!
02

#85485000
1!
b1101 %
12
b1101 6

#85490000
0!
02

#85495000
1!
b1100 %
12
b1100 6

#85500000
0!
02

#85505000
1!
b1011 %
12
b1011 6

#85510000
0!
02

#85515000
1!
b1010 %
12
b1010 6

#85520000
0!
02

#85525000
1!
b1001 %
12
b1001 6

#85530000
0!
02

#85535000
1!
b1000 %
12
b1000 6

#85540000
0!
02

#85545000
1!
b111 %
12
b111 6

#85550000
0!
02

#85555000
1!
b110 %
12
b110 6

#85560000
0!
02

#85565000
1!
b101 %
12
b101 6

#85570000
0!
02

#85575000
1!
b100 %
12
b100 6

#85580000
0!
02

#85585000
1!
b11 %
12
b11 6

#85590000
0!
02

#85595000
1!
b10 %
12
b10 6

#85600000
0!
02

#85605000
1!
b1 %
12
b1 6

#85610000
0!
02

#85615000
1!
b0 %
12
b0 6

#85620000
0!
02

#85625000
1!
b1111 %
12
b1111 6

#85630000
0!
02

#85635000
1!
b1110 %
12
b1110 6

#85640000
0!
02

#85645000
1!
b1101 %
12
b1101 6

#85650000
0!
02

#85655000
1!
b1100 %
12
b1100 6

#85660000
0!
02

#85665000
1!
b1011 %
12
b1011 6

#85670000
0!
02

#85675000
1!
b1010 %
12
b1010 6

#85680000
0!
02

#85685000
1!
b1001 %
12
b1001 6

#85690000
0!
02

#85695000
1!
b1000 %
12
b1000 6

#85700000
0!
02

#85705000
1!
b111 %
12
b111 6

#85710000
0!
02

#85715000
1!
b110 %
12
b110 6

#85720000
0!
02

#85725000
1!
b101 %
12
b101 6

#85730000
0!
02

#85735000
1!
b100 %
12
b100 6

#85740000
0!
02

#85745000
1!
b11 %
12
b11 6

#85750000
0!
02

#85755000
1!
b10 %
12
b10 6

#85760000
0!
02

#85765000
1!
b1 %
12
b1 6

#85770000
0!
02

#85775000
1!
b0 %
12
b0 6

#85780000
0!
02

#85785000
1!
b1111 %
12
b1111 6

#85790000
0!
02

#85795000
1!
b1110 %
12
b1110 6

#85800000
0!
02

#85805000
1!
b1101 %
12
b1101 6

#85810000
0!
02

#85815000
1!
b1100 %
12
b1100 6

#85820000
0!
02

#85825000
1!
b1011 %
12
b1011 6

#85830000
0!
02

#85835000
1!
b1010 %
12
b1010 6

#85840000
0!
02

#85845000
1!
b1001 %
12
b1001 6

#85850000
0!
02

#85855000
1!
b1000 %
12
b1000 6

#85860000
0!
02

#85865000
1!
b111 %
12
b111 6

#85870000
0!
02

#85875000
1!
b110 %
12
b110 6

#85880000
0!
02

#85885000
1!
b101 %
12
b101 6

#85890000
0!
02

#85895000
1!
b100 %
12
b100 6

#85900000
0!
02

#85905000
1!
b11 %
12
b11 6

#85910000
0!
02

#85915000
1!
b10 %
12
b10 6

#85920000
0!
02

#85925000
1!
b1 %
12
b1 6

#85930000
0!
02

#85935000
1!
b0 %
12
b0 6

#85940000
0!
02

#85945000
1!
b1111 %
12
b1111 6

#85950000
0!
02

#85955000
1!
b1110 %
12
b1110 6

#85960000
0!
02

#85965000
1!
b1101 %
12
b1101 6

#85970000
0!
02

#85975000
1!
b1100 %
12
b1100 6

#85980000
0!
02

#85985000
1!
b1011 %
12
b1011 6

#85990000
0!
02

#85995000
1!
b1010 %
12
b1010 6

#86000000
0!
02

#86005000
1!
b1001 %
12
b1001 6

#86010000
0!
02

#86015000
1!
b1000 %
12
b1000 6

#86020000
0!
02

#86025000
1!
b111 %
12
b111 6

#86030000
0!
02

#86035000
1!
b110 %
12
b110 6

#86040000
0!
02

#86045000
1!
b101 %
12
b101 6

#86050000
0!
02

#86055000
1!
b100 %
12
b100 6

#86060000
0!
02

#86065000
1!
b11 %
12
b11 6

#86070000
0!
02

#86075000
1!
b10 %
12
b10 6

#86080000
0!
02

#86085000
1!
b1 %
12
b1 6

#86090000
0!
02

#86095000
1!
b0 %
12
b0 6

#86100000
0!
02

#86105000
1!
b1111 %
12
b1111 6

#86110000
0!
02

#86115000
1!
b1110 %
12
b1110 6

#86120000
0!
02

#86125000
1!
b1101 %
12
b1101 6

#86130000
0!
02

#86135000
1!
b1100 %
12
b1100 6

#86140000
0!
02

#86145000
1!
b1011 %
12
b1011 6

#86150000
0!
02

#86155000
1!
b1010 %
12
b1010 6

#86160000
0!
02

#86165000
1!
b1001 %
12
b1001 6

#86170000
0!
02

#86175000
1!
b1000 %
12
b1000 6

#86180000
0!
02

#86185000
1!
b111 %
12
b111 6

#86190000
0!
02

#86195000
1!
b110 %
12
b110 6

#86200000
0!
02

#86205000
1!
b101 %
12
b101 6

#86210000
0!
02

#86215000
1!
b100 %
12
b100 6

#86220000
0!
02

#86225000
1!
b11 %
12
b11 6

#86230000
0!
02

#86235000
1!
b10 %
12
b10 6

#86240000
0!
02

#86245000
1!
b1 %
12
b1 6

#86250000
0!
02

#86255000
1!
b0 %
12
b0 6

#86260000
0!
02

#86265000
1!
b1111 %
12
b1111 6

#86270000
0!
02

#86275000
1!
b1110 %
12
b1110 6

#86280000
0!
02

#86285000
1!
b1101 %
12
b1101 6

#86290000
0!
02

#86295000
1!
b1100 %
12
b1100 6

#86300000
0!
02

#86305000
1!
b1011 %
12
b1011 6

#86310000
0!
02

#86315000
1!
b1010 %
12
b1010 6

#86320000
0!
02

#86325000
1!
b1001 %
12
b1001 6

#86330000
0!
02

#86335000
1!
b1000 %
12
b1000 6

#86340000
0!
02

#86345000
1!
b111 %
12
b111 6

#86350000
0!
02

#86355000
1!
b110 %
12
b110 6

#86360000
0!
02

#86365000
1!
b101 %
12
b101 6

#86370000
0!
02

#86375000
1!
b100 %
12
b100 6

#86380000
0!
02

#86385000
1!
b11 %
12
b11 6

#86390000
0!
02

#86395000
1!
b10 %
12
b10 6

#86400000
0!
02

#86405000
1!
b1 %
12
b1 6

#86410000
0!
02

#86415000
1!
b0 %
12
b0 6

#86420000
0!
02

#86425000
1!
b1111 %
12
b1111 6

#86430000
0!
02

#86435000
1!
b1110 %
12
b1110 6

#86440000
0!
02

#86445000
1!
b1101 %
12
b1101 6

#86450000
0!
02

#86455000
1!
b1100 %
12
b1100 6

#86460000
0!
02

#86465000
1!
b1011 %
12
b1011 6

#86470000
0!
02

#86475000
1!
b1010 %
12
b1010 6

#86480000
0!
02

#86485000
1!
b1001 %
12
b1001 6

#86490000
0!
02

#86495000
1!
b1000 %
12
b1000 6

#86500000
0!
02

#86505000
1!
b111 %
12
b111 6

#86510000
0!
02

#86515000
1!
b110 %
12
b110 6

#86520000
0!
02

#86525000
1!
b101 %
12
b101 6

#86530000
0!
02

#86535000
1!
b100 %
12
b100 6

#86540000
0!
02

#86545000
1!
b11 %
12
b11 6

#86550000
0!
02

#86555000
1!
b10 %
12
b10 6

#86560000
0!
02

#86565000
1!
b1 %
12
b1 6

#86570000
0!
02

#86575000
1!
b0 %
12
b0 6

#86580000
0!
02

#86585000
1!
b1111 %
12
b1111 6

#86590000
0!
02

#86595000
1!
b1110 %
12
b1110 6

#86600000
0!
02

#86605000
1!
b1101 %
12
b1101 6

#86610000
0!
02

#86615000
1!
b1100 %
12
b1100 6

#86620000
0!
02

#86625000
1!
b1011 %
12
b1011 6

#86630000
0!
02

#86635000
1!
b1010 %
12
b1010 6

#86640000
0!
02

#86645000
1!
b1001 %
12
b1001 6

#86650000
0!
02

#86655000
1!
b1000 %
12
b1000 6

#86660000
0!
02

#86665000
1!
b111 %
12
b111 6

#86670000
0!
02

#86675000
1!
b110 %
12
b110 6

#86680000
0!
02

#86685000
1!
b101 %
12
b101 6

#86690000
0!
02

#86695000
1!
b100 %
12
b100 6

#86700000
0!
02

#86705000
1!
b11 %
12
b11 6

#86710000
0!
02

#86715000
1!
b10 %
12
b10 6

#86720000
0!
02

#86725000
1!
b1 %
12
b1 6

#86730000
0!
02

#86735000
1!
b0 %
12
b0 6

#86740000
0!
02

#86745000
1!
b1111 %
12
b1111 6

#86750000
0!
02

#86755000
1!
b1110 %
12
b1110 6

#86760000
0!
02

#86765000
1!
b1101 %
12
b1101 6

#86770000
0!
02

#86775000
1!
b1100 %
12
b1100 6

#86780000
0!
02

#86785000
1!
b1011 %
12
b1011 6

#86790000
0!
02

#86795000
1!
b1010 %
12
b1010 6

#86800000
0!
02

#86805000
1!
b1001 %
12
b1001 6

#86810000
0!
02

#86815000
1!
b1000 %
12
b1000 6

#86820000
0!
02

#86825000
1!
b111 %
12
b111 6

#86830000
0!
02

#86835000
1!
b110 %
12
b110 6

#86840000
0!
02

#86845000
1!
b101 %
12
b101 6

#86850000
0!
02

#86855000
1!
b100 %
12
b100 6

#86860000
0!
02

#86865000
1!
b11 %
12
b11 6

#86870000
0!
02

#86875000
1!
b10 %
12
b10 6

#86880000
0!
02

#86885000
1!
b1 %
12
b1 6

#86890000
0!
02

#86895000
1!
b0 %
12
b0 6

#86900000
0!
02

#86905000
1!
b1111 %
12
b1111 6

#86910000
0!
02

#86915000
1!
b1110 %
12
b1110 6

#86920000
0!
02

#86925000
1!
b1101 %
12
b1101 6

#86930000
0!
02

#86935000
1!
b1100 %
12
b1100 6

#86940000
0!
02

#86945000
1!
b1011 %
12
b1011 6

#86950000
0!
02

#86955000
1!
b1010 %
12
b1010 6

#86960000
0!
02

#86965000
1!
b1001 %
12
b1001 6

#86970000
0!
02

#86975000
1!
b1000 %
12
b1000 6

#86980000
0!
02

#86985000
1!
b111 %
12
b111 6

#86990000
0!
02

#86995000
1!
b110 %
12
b110 6

#87000000
0!
02

#87005000
1!
b101 %
12
b101 6

#87010000
0!
02

#87015000
1!
b100 %
12
b100 6

#87020000
0!
02

#87025000
1!
b11 %
12
b11 6

#87030000
0!
02

#87035000
1!
b10 %
12
b10 6

#87040000
0!
02

#87045000
1!
b1 %
12
b1 6

#87050000
0!
02

#87055000
1!
b0 %
12
b0 6

#87060000
0!
02

#87065000
1!
b1111 %
12
b1111 6

#87070000
0!
02

#87075000
1!
b1110 %
12
b1110 6

#87080000
0!
02

#87085000
1!
b1101 %
12
b1101 6

#87090000
0!
02

#87095000
1!
b1100 %
12
b1100 6

#87100000
0!
02

#87105000
1!
b1011 %
12
b1011 6

#87110000
0!
02

#87115000
1!
b1010 %
12
b1010 6

#87120000
0!
02

#87125000
1!
b1001 %
12
b1001 6

#87130000
0!
02

#87135000
1!
b1000 %
12
b1000 6

#87140000
0!
02

#87145000
1!
b111 %
12
b111 6

#87150000
0!
02

#87155000
1!
b110 %
12
b110 6

#87160000
0!
02

#87165000
1!
b101 %
12
b101 6

#87170000
0!
02

#87175000
1!
b100 %
12
b100 6

#87180000
0!
02

#87185000
1!
b11 %
12
b11 6

#87190000
0!
02

#87195000
1!
b10 %
12
b10 6

#87200000
0!
02

#87205000
1!
b1 %
12
b1 6

#87210000
0!
02

#87215000
1!
b0 %
12
b0 6

#87220000
0!
02

#87225000
1!
b1111 %
12
b1111 6

#87230000
0!
02

#87235000
1!
b1110 %
12
b1110 6

#87240000
0!
02

#87245000
1!
b1101 %
12
b1101 6

#87250000
0!
02

#87255000
1!
b1100 %
12
b1100 6

#87260000
0!
02

#87265000
1!
b1011 %
12
b1011 6

#87270000
0!
02

#87275000
1!
b1010 %
12
b1010 6

#87280000
0!
02

#87285000
1!
b1001 %
12
b1001 6

#87290000
0!
02

#87295000
1!
b1000 %
12
b1000 6

#87300000
0!
02

#87305000
1!
b111 %
12
b111 6

#87310000
0!
02

#87315000
1!
b110 %
12
b110 6

#87320000
0!
02

#87325000
1!
b101 %
12
b101 6

#87330000
0!
02

#87335000
1!
b100 %
12
b100 6

#87340000
0!
02

#87345000
1!
b11 %
12
b11 6

#87350000
0!
02

#87355000
1!
b10 %
12
b10 6

#87360000
0!
02

#87365000
1!
b1 %
12
b1 6

#87370000
0!
02

#87375000
1!
b0 %
12
b0 6

#87380000
0!
02

#87385000
1!
b1111 %
12
b1111 6

#87390000
0!
02

#87395000
1!
b1110 %
12
b1110 6

#87400000
0!
02

#87405000
1!
b1101 %
12
b1101 6

#87410000
0!
02

#87415000
1!
b1100 %
12
b1100 6

#87420000
0!
02

#87425000
1!
b1011 %
12
b1011 6

#87430000
0!
02

#87435000
1!
b1010 %
12
b1010 6

#87440000
0!
02

#87445000
1!
b1001 %
12
b1001 6

#87450000
0!
02

#87455000
1!
b1000 %
12
b1000 6

#87460000
0!
02

#87465000
1!
b111 %
12
b111 6

#87470000
0!
02

#87475000
1!
b110 %
12
b110 6

#87480000
0!
02

#87485000
1!
b101 %
12
b101 6

#87490000
0!
02

#87495000
1!
b100 %
12
b100 6

#87500000
0!
02

#87505000
1!
b11 %
12
b11 6

#87510000
0!
02

#87515000
1!
b10 %
12
b10 6

#87520000
0!
02

#87525000
1!
b1 %
12
b1 6

#87530000
0!
02

#87535000
1!
b0 %
12
b0 6

#87540000
0!
02

#87545000
1!
b1111 %
12
b1111 6

#87550000
0!
02

#87555000
1!
b1110 %
12
b1110 6

#87560000
0!
02

#87565000
1!
b1101 %
12
b1101 6

#87570000
0!
02

#87575000
1!
b1100 %
12
b1100 6

#87580000
0!
02

#87585000
1!
b1011 %
12
b1011 6

#87590000
0!
02

#87595000
1!
b1010 %
12
b1010 6

#87600000
0!
02

#87605000
1!
b1001 %
12
b1001 6

#87610000
0!
02

#87615000
1!
b1000 %
12
b1000 6

#87620000
0!
02

#87625000
1!
b111 %
12
b111 6

#87630000
0!
02

#87635000
1!
b110 %
12
b110 6

#87640000
0!
02

#87645000
1!
b101 %
12
b101 6

#87650000
0!
02

#87655000
1!
b100 %
12
b100 6

#87660000
0!
02

#87665000
1!
b11 %
12
b11 6

#87670000
0!
02

#87675000
1!
b10 %
12
b10 6

#87680000
0!
02

#87685000
1!
b1 %
12
b1 6

#87690000
0!
02

#87695000
1!
b0 %
12
b0 6

#87700000
0!
02

#87705000
1!
b1111 %
12
b1111 6

#87710000
0!
02

#87715000
1!
b1110 %
12
b1110 6

#87720000
0!
02

#87725000
1!
b1101 %
12
b1101 6

#87730000
0!
02

#87735000
1!
b1100 %
12
b1100 6

#87740000
0!
02

#87745000
1!
b1011 %
12
b1011 6

#87750000
0!
02

#87755000
1!
b1010 %
12
b1010 6

#87760000
0!
02

#87765000
1!
b1001 %
12
b1001 6

#87770000
0!
02

#87775000
1!
b1000 %
12
b1000 6

#87780000
0!
02

#87785000
1!
b111 %
12
b111 6

#87790000
0!
02

#87795000
1!
b110 %
12
b110 6

#87800000
0!
02

#87805000
1!
b101 %
12
b101 6

#87810000
0!
02

#87815000
1!
b100 %
12
b100 6

#87820000
0!
02

#87825000
1!
b11 %
12
b11 6

#87830000
0!
02

#87835000
1!
b10 %
12
b10 6

#87840000
0!
02

#87845000
1!
b1 %
12
b1 6

#87850000
0!
02

#87855000
1!
b0 %
12
b0 6

#87860000
0!
02

#87865000
1!
b1111 %
12
b1111 6

#87870000
0!
02

#87875000
1!
b1110 %
12
b1110 6

#87880000
0!
02

#87885000
1!
b1101 %
12
b1101 6

#87890000
0!
02

#87895000
1!
b1100 %
12
b1100 6

#87900000
0!
02

#87905000
1!
b1011 %
12
b1011 6

#87910000
0!
02

#87915000
1!
b1010 %
12
b1010 6

#87920000
0!
02

#87925000
1!
b1001 %
12
b1001 6

#87930000
0!
02

#87935000
1!
b1000 %
12
b1000 6

#87940000
0!
02

#87945000
1!
b111 %
12
b111 6

#87950000
0!
02

#87955000
1!
b110 %
12
b110 6

#87960000
0!
02

#87965000
1!
b101 %
12
b101 6

#87970000
0!
02

#87975000
1!
b100 %
12
b100 6

#87980000
0!
02

#87985000
1!
b11 %
12
b11 6

#87990000
0!
02

#87995000
1!
b10 %
12
b10 6

#88000000
0!
02

#88005000
1!
b1 %
12
b1 6

#88010000
0!
02

#88015000
1!
b0 %
12
b0 6

#88020000
0!
02

#88025000
1!
b1111 %
12
b1111 6

#88030000
0!
02

#88035000
1!
b1110 %
12
b1110 6

#88040000
0!
02

#88045000
1!
b1101 %
12
b1101 6

#88050000
0!
02

#88055000
1!
b1100 %
12
b1100 6

#88060000
0!
02

#88065000
1!
b1011 %
12
b1011 6

#88070000
0!
02

#88075000
1!
b1010 %
12
b1010 6

#88080000
0!
02

#88085000
1!
b1001 %
12
b1001 6

#88090000
0!
02

#88095000
1!
b1000 %
12
b1000 6

#88100000
0!
02

#88105000
1!
b111 %
12
b111 6

#88110000
0!
02

#88115000
1!
b110 %
12
b110 6

#88120000
0!
02

#88125000
1!
b101 %
12
b101 6

#88130000
0!
02

#88135000
1!
b100 %
12
b100 6

#88140000
0!
02

#88145000
1!
b11 %
12
b11 6

#88150000
0!
02

#88155000
1!
b10 %
12
b10 6

#88160000
0!
02

#88165000
1!
b1 %
12
b1 6

#88170000
0!
02

#88175000
1!
b0 %
12
b0 6

#88180000
0!
02

#88185000
1!
b1111 %
12
b1111 6

#88190000
0!
02

#88195000
1!
b1110 %
12
b1110 6

#88200000
0!
02

#88205000
1!
b1101 %
12
b1101 6

#88210000
0!
02

#88215000
1!
b1100 %
12
b1100 6

#88220000
0!
02

#88225000
1!
b1011 %
12
b1011 6

#88230000
0!
02

#88235000
1!
b1010 %
12
b1010 6

#88240000
0!
02

#88245000
1!
b1001 %
12
b1001 6

#88250000
0!
02

#88255000
1!
b1000 %
12
b1000 6

#88260000
0!
02

#88265000
1!
b111 %
12
b111 6

#88270000
0!
02

#88275000
1!
b110 %
12
b110 6

#88280000
0!
02

#88285000
1!
b101 %
12
b101 6

#88290000
0!
02

#88295000
1!
b100 %
12
b100 6

#88300000
0!
02

#88305000
1!
b11 %
12
b11 6

#88310000
0!
02

#88315000
1!
b10 %
12
b10 6

#88320000
0!
02

#88325000
1!
b1 %
12
b1 6

#88330000
0!
02

#88335000
1!
b0 %
12
b0 6

#88340000
0!
02

#88345000
1!
b1111 %
12
b1111 6

#88350000
0!
02

#88355000
1!
b1110 %
12
b1110 6

#88360000
0!
02

#88365000
1!
b1101 %
12
b1101 6

#88370000
0!
02

#88375000
1!
b1100 %
12
b1100 6

#88380000
0!
02

#88385000
1!
b1011 %
12
b1011 6

#88390000
0!
02

#88395000
1!
b1010 %
12
b1010 6

#88400000
0!
02

#88405000
1!
b1001 %
12
b1001 6

#88410000
0!
02

#88415000
1!
b1000 %
12
b1000 6

#88420000
0!
02

#88425000
1!
b111 %
12
b111 6

#88430000
0!
02

#88435000
1!
b110 %
12
b110 6

#88440000
0!
02

#88445000
1!
b101 %
12
b101 6

#88450000
0!
02

#88455000
1!
b100 %
12
b100 6

#88460000
0!
02

#88465000
1!
b11 %
12
b11 6

#88470000
0!
02

#88475000
1!
b10 %
12
b10 6

#88480000
0!
02

#88485000
1!
b1 %
12
b1 6

#88490000
0!
02

#88495000
1!
b0 %
12
b0 6

#88500000
0!
02

#88505000
1!
b1111 %
12
b1111 6

#88510000
0!
02

#88515000
1!
b1110 %
12
b1110 6

#88520000
0!
02

#88525000
1!
b1101 %
12
b1101 6

#88530000
0!
02

#88535000
1!
b1100 %
12
b1100 6

#88540000
0!
02

#88545000
1!
b1011 %
12
b1011 6

#88550000
0!
02

#88555000
1!
b1010 %
12
b1010 6

#88560000
0!
02

#88565000
1!
b1001 %
12
b1001 6

#88570000
0!
02

#88575000
1!
b1000 %
12
b1000 6

#88580000
0!
02

#88585000
1!
b111 %
12
b111 6

#88590000
0!
02

#88595000
1!
b110 %
12
b110 6

#88600000
0!
02

#88605000
1!
b101 %
12
b101 6

#88610000
0!
02

#88615000
1!
b100 %
12
b100 6

#88620000
0!
02

#88625000
1!
b11 %
12
b11 6

#88630000
0!
02

#88635000
1!
b10 %
12
b10 6

#88640000
0!
02

#88645000
1!
b1 %
12
b1 6

#88650000
0!
02

#88655000
1!
b0 %
12
b0 6

#88660000
0!
02

#88665000
1!
b1111 %
12
b1111 6

#88670000
0!
02

#88675000
1!
b1110 %
12
b1110 6

#88680000
0!
02

#88685000
1!
b1101 %
12
b1101 6

#88690000
0!
02

#88695000
1!
b1100 %
12
b1100 6

#88700000
0!
02

#88705000
1!
b1011 %
12
b1011 6

#88710000
0!
02

#88715000
1!
b1010 %
12
b1010 6

#88720000
0!
02

#88725000
1!
b1001 %
12
b1001 6

#88730000
0!
02

#88735000
1!
b1000 %
12
b1000 6

#88740000
0!
02

#88745000
1!
b111 %
12
b111 6

#88750000
0!
02

#88755000
1!
b110 %
12
b110 6

#88760000
0!
02

#88765000
1!
b101 %
12
b101 6

#88770000
0!
02

#88775000
1!
b100 %
12
b100 6

#88780000
0!
02

#88785000
1!
b11 %
12
b11 6

#88790000
0!
02

#88795000
1!
b10 %
12
b10 6

#88800000
0!
02

#88805000
1!
b1 %
12
b1 6

#88810000
0!
02

#88815000
1!
b0 %
12
b0 6

#88820000
0!
02

#88825000
1!
b1111 %
12
b1111 6

#88830000
0!
02

#88835000
1!
b1110 %
12
b1110 6

#88840000
0!
02

#88845000
1!
b1101 %
12
b1101 6

#88850000
0!
02

#88855000
1!
b1100 %
12
b1100 6

#88860000
0!
02

#88865000
1!
b1011 %
12
b1011 6

#88870000
0!
02

#88875000
1!
b1010 %
12
b1010 6

#88880000
0!
02

#88885000
1!
b1001 %
12
b1001 6

#88890000
0!
02

#88895000
1!
b1000 %
12
b1000 6

#88900000
0!
02

#88905000
1!
b111 %
12
b111 6

#88910000
0!
02

#88915000
1!
b110 %
12
b110 6

#88920000
0!
02

#88925000
1!
b101 %
12
b101 6

#88930000
0!
02

#88935000
1!
b100 %
12
b100 6

#88940000
0!
02

#88945000
1!
b11 %
12
b11 6

#88950000
0!
02

#88955000
1!
b10 %
12
b10 6

#88960000
0!
02

#88965000
1!
b1 %
12
b1 6

#88970000
0!
02

#88975000
1!
b0 %
12
b0 6

#88980000
0!
02

#88985000
1!
b1111 %
12
b1111 6

#88990000
0!
02

#88995000
1!
b1110 %
12
b1110 6

#89000000
0!
02

#89005000
1!
b1101 %
12
b1101 6

#89010000
0!
02

#89015000
1!
b1100 %
12
b1100 6

#89020000
0!
02

#89025000
1!
b1011 %
12
b1011 6

#89030000
0!
02

#89035000
1!
b1010 %
12
b1010 6

#89040000
0!
02

#89045000
1!
b1001 %
12
b1001 6

#89050000
0!
02

#89055000
1!
b1000 %
12
b1000 6

#89060000
0!
02

#89065000
1!
b111 %
12
b111 6

#89070000
0!
02

#89075000
1!
b110 %
12
b110 6

#89080000
0!
02

#89085000
1!
b101 %
12
b101 6

#89090000
0!
02

#89095000
1!
b100 %
12
b100 6

#89100000
0!
02

#89105000
1!
b11 %
12
b11 6

#89110000
0!
02

#89115000
1!
b10 %
12
b10 6

#89120000
0!
02

#89125000
1!
b1 %
12
b1 6

#89130000
0!
02

#89135000
1!
b0 %
12
b0 6

#89140000
0!
02

#89145000
1!
b1111 %
12
b1111 6

#89150000
0!
02

#89155000
1!
b1110 %
12
b1110 6

#89160000
0!
02

#89165000
1!
b1101 %
12
b1101 6

#89170000
0!
02

#89175000
1!
b1100 %
12
b1100 6

#89180000
0!
02

#89185000
1!
b1011 %
12
b1011 6

#89190000
0!
02

#89195000
1!
b1010 %
12
b1010 6

#89200000
0!
02

#89205000
1!
b1001 %
12
b1001 6

#89210000
0!
02

#89215000
1!
b1000 %
12
b1000 6

#89220000
0!
02

#89225000
1!
b111 %
12
b111 6

#89230000
0!
02

#89235000
1!
b110 %
12
b110 6

#89240000
0!
02

#89245000
1!
b101 %
12
b101 6

#89250000
0!
02

#89255000
1!
b100 %
12
b100 6

#89260000
0!
02

#89265000
1!
b11 %
12
b11 6

#89270000
0!
02

#89275000
1!
b10 %
12
b10 6

#89280000
0!
02

#89285000
1!
b1 %
12
b1 6

#89290000
0!
02

#89295000
1!
b0 %
12
b0 6

#89300000
0!
02

#89305000
1!
b1111 %
12
b1111 6

#89310000
0!
02

#89315000
1!
b1110 %
12
b1110 6

#89320000
0!
02

#89325000
1!
b1101 %
12
b1101 6

#89330000
0!
02

#89335000
1!
b1100 %
12
b1100 6

#89340000
0!
02

#89345000
1!
b1011 %
12
b1011 6

#89350000
0!
02

#89355000
1!
b1010 %
12
b1010 6

#89360000
0!
02

#89365000
1!
b1001 %
12
b1001 6

#89370000
0!
02

#89375000
1!
b1000 %
12
b1000 6

#89380000
0!
02

#89385000
1!
b111 %
12
b111 6

#89390000
0!
02

#89395000
1!
b110 %
12
b110 6

#89400000
0!
02

#89405000
1!
b101 %
12
b101 6

#89410000
0!
02

#89415000
1!
b100 %
12
b100 6

#89420000
0!
02

#89425000
1!
b11 %
12
b11 6

#89430000
0!
02

#89435000
1!
b10 %
12
b10 6

#89440000
0!
02

#89445000
1!
b1 %
12
b1 6

#89450000
0!
02

#89455000
1!
b0 %
12
b0 6

#89460000
0!
02

#89465000
1!
b1111 %
12
b1111 6

#89470000
0!
02

#89475000
1!
b1110 %
12
b1110 6

#89480000
0!
02

#89485000
1!
b1101 %
12
b1101 6

#89490000
0!
02

#89495000
1!
b1100 %
12
b1100 6

#89500000
0!
02

#89505000
1!
b1011 %
12
b1011 6

#89510000
0!
02

#89515000
1!
b1010 %
12
b1010 6

#89520000
0!
02

#89525000
1!
b1001 %
12
b1001 6

#89530000
0!
02

#89535000
1!
b1000 %
12
b1000 6

#89540000
0!
02

#89545000
1!
b111 %
12
b111 6

#89550000
0!
02

#89555000
1!
b110 %
12
b110 6

#89560000
0!
02

#89565000
1!
b101 %
12
b101 6

#89570000
0!
02

#89575000
1!
b100 %
12
b100 6

#89580000
0!
02

#89585000
1!
b11 %
12
b11 6

#89590000
0!
02

#89595000
1!
b10 %
12
b10 6

#89600000
0!
02

#89605000
1!
b1 %
12
b1 6

#89610000
0!
02

#89615000
1!
b0 %
12
b0 6

#89620000
0!
02

#89625000
1!
b1111 %
12
b1111 6

#89630000
0!
02

#89635000
1!
b1110 %
12
b1110 6

#89640000
0!
02

#89645000
1!
b1101 %
12
b1101 6

#89650000
0!
02

#89655000
1!
b1100 %
12
b1100 6

#89660000
0!
02

#89665000
1!
b1011 %
12
b1011 6

#89670000
0!
02

#89675000
1!
b1010 %
12
b1010 6

#89680000
0!
02

#89685000
1!
b1001 %
12
b1001 6

#89690000
0!
02

#89695000
1!
b1000 %
12
b1000 6

#89700000
0!
02

#89705000
1!
b111 %
12
b111 6

#89710000
0!
02

#89715000
1!
b110 %
12
b110 6

#89720000
0!
02

#89725000
1!
b101 %
12
b101 6

#89730000
0!
02

#89735000
1!
b100 %
12
b100 6

#89740000
0!
02

#89745000
1!
b11 %
12
b11 6

#89750000
0!
02

#89755000
1!
b10 %
12
b10 6

#89760000
0!
02

#89765000
1!
b1 %
12
b1 6

#89770000
0!
02

#89775000
1!
b0 %
12
b0 6

#89780000
0!
02

#89785000
1!
b1111 %
12
b1111 6

#89790000
0!
02

#89795000
1!
b1110 %
12
b1110 6

#89800000
0!
02

#89805000
1!
b1101 %
12
b1101 6

#89810000
0!
02

#89815000
1!
b1100 %
12
b1100 6

#89820000
0!
02

#89825000
1!
b1011 %
12
b1011 6

#89830000
0!
02

#89835000
1!
b1010 %
12
b1010 6

#89840000
0!
02

#89845000
1!
b1001 %
12
b1001 6

#89850000
0!
02

#89855000
1!
b1000 %
12
b1000 6

#89860000
0!
02

#89865000
1!
b111 %
12
b111 6

#89870000
0!
02

#89875000
1!
b110 %
12
b110 6

#89880000
0!
02

#89885000
1!
b101 %
12
b101 6

#89890000
0!
02

#89895000
1!
b100 %
12
b100 6

#89900000
0!
02

#89905000
1!
b11 %
12
b11 6

#89910000
0!
02

#89915000
1!
b10 %
12
b10 6

#89920000
0!
02

#89925000
1!
b1 %
12
b1 6

#89930000
0!
02

#89935000
1!
b0 %
12
b0 6

#89940000
0!
02

#89945000
1!
b1111 %
12
b1111 6

#89950000
0!
02

#89955000
1!
b1110 %
12
b1110 6

#89960000
0!
02

#89965000
1!
b1101 %
12
b1101 6

#89970000
0!
02

#89975000
1!
b1100 %
12
b1100 6

#89980000
0!
02

#89985000
1!
b1011 %
12
b1011 6

#89990000
0!
02

#89995000
1!
b1010 %
12
b1010 6

#90000000
0!
02

#90005000
1!
b1001 %
12
b1001 6

#90010000
0!
02

#90015000
1!
b1000 %
12
b1000 6

#90020000
0!
02

#90025000
1!
b111 %
12
b111 6

#90030000
0!
02

#90035000
1!
b110 %
12
b110 6

#90040000
0!
02

#90045000
1!
b101 %
12
b101 6

#90050000
0!
02

#90055000
1!
b100 %
12
b100 6

#90060000
0!
02

#90065000
1!
b11 %
12
b11 6

#90070000
0!
02

#90075000
1!
b10 %
12
b10 6

#90080000
0!
02

#90085000
1!
b1 %
12
b1 6

#90090000
0!
02

#90095000
1!
b0 %
12
b0 6

#90100000
0!
02

#90105000
1!
b1111 %
12
b1111 6

#90110000
0!
02

#90115000
1!
b1110 %
12
b1110 6

#90120000
0!
02

#90125000
1!
b1101 %
12
b1101 6

#90130000
0!
02

#90135000
1!
b1100 %
12
b1100 6

#90140000
0!
02

#90145000
1!
b1011 %
12
b1011 6

#90150000
0!
02

#90155000
1!
b1010 %
12
b1010 6

#90160000
0!
02

#90165000
1!
b1001 %
12
b1001 6

#90170000
0!
02

#90175000
1!
b1000 %
12
b1000 6

#90180000
0!
02

#90185000
1!
b111 %
12
b111 6

#90190000
0!
02

#90195000
1!
b110 %
12
b110 6

#90200000
0!
02

#90205000
1!
b101 %
12
b101 6

#90210000
0!
02

#90215000
1!
b100 %
12
b100 6

#90220000
0!
02

#90225000
1!
b11 %
12
b11 6

#90230000
0!
02

#90235000
1!
b10 %
12
b10 6

#90240000
0!
02

#90245000
1!
b1 %
12
b1 6

#90250000
0!
02

#90255000
1!
b0 %
12
b0 6

#90260000
0!
02

#90265000
1!
b1111 %
12
b1111 6

#90270000
0!
02

#90275000
1!
b1110 %
12
b1110 6

#90280000
0!
02

#90285000
1!
b1101 %
12
b1101 6

#90290000
0!
02

#90295000
1!
b1100 %
12
b1100 6

#90300000
0!
02

#90305000
1!
b1011 %
12
b1011 6

#90310000
0!
02

#90315000
1!
b1010 %
12
b1010 6

#90320000
0!
02

#90325000
1!
b1001 %
12
b1001 6

#90330000
0!
02

#90335000
1!
b1000 %
12
b1000 6

#90340000
0!
02

#90345000
1!
b111 %
12
b111 6

#90350000
0!
02

#90355000
1!
b110 %
12
b110 6

#90360000
0!
02

#90365000
1!
b101 %
12
b101 6

#90370000
0!
02

#90375000
1!
b100 %
12
b100 6

#90380000
0!
02

#90385000
1!
b11 %
12
b11 6

#90390000
0!
02

#90395000
1!
b10 %
12
b10 6

#90400000
0!
02

#90405000
1!
b1 %
12
b1 6

#90410000
0!
02

#90415000
1!
b0 %
12
b0 6

#90420000
0!
02

#90425000
1!
b1111 %
12
b1111 6

#90430000
0!
02

#90435000
1!
b1110 %
12
b1110 6

#90440000
0!
02

#90445000
1!
b1101 %
12
b1101 6

#90450000
0!
02

#90455000
1!
b1100 %
12
b1100 6

#90460000
0!
02

#90465000
1!
b1011 %
12
b1011 6

#90470000
0!
02

#90475000
1!
b1010 %
12
b1010 6

#90480000
0!
02

#90485000
1!
b1001 %
12
b1001 6

#90490000
0!
02

#90495000
1!
b1000 %
12
b1000 6

#90500000
0!
02

#90505000
1!
b111 %
12
b111 6

#90510000
0!
02

#90515000
1!
b110 %
12
b110 6

#90520000
0!
02

#90525000
1!
b101 %
12
b101 6

#90530000
0!
02

#90535000
1!
b100 %
12
b100 6

#90540000
0!
02

#90545000
1!
b11 %
12
b11 6

#90550000
0!
02

#90555000
1!
b10 %
12
b10 6

#90560000
0!
02

#90565000
1!
b1 %
12
b1 6

#90570000
0!
02

#90575000
1!
b0 %
12
b0 6

#90580000
0!
02

#90585000
1!
b1111 %
12
b1111 6

#90590000
0!
02

#90595000
1!
b1110 %
12
b1110 6

#90600000
0!
02

#90605000
1!
b1101 %
12
b1101 6

#90610000
0!
02

#90615000
1!
b1100 %
12
b1100 6

#90620000
0!
02

#90625000
1!
b1011 %
12
b1011 6

#90630000
0!
02

#90635000
1!
b1010 %
12
b1010 6

#90640000
0!
02

#90645000
1!
b1001 %
12
b1001 6

#90650000
0!
02

#90655000
1!
b1000 %
12
b1000 6

#90660000
0!
02

#90665000
1!
b111 %
12
b111 6

#90670000
0!
02

#90675000
1!
b110 %
12
b110 6

#90680000
0!
02

#90685000
1!
b101 %
12
b101 6

#90690000
0!
02

#90695000
1!
b100 %
12
b100 6

#90700000
0!
02

#90705000
1!
b11 %
12
b11 6

#90710000
0!
02

#90715000
1!
b10 %
12
b10 6

#90720000
0!
02

#90725000
1!
b1 %
12
b1 6

#90730000
0!
02

#90735000
1!
b0 %
12
b0 6

#90740000
0!
02

#90745000
1!
b1111 %
12
b1111 6

#90750000
0!
02

#90755000
1!
b1110 %
12
b1110 6

#90760000
0!
02

#90765000
1!
b1101 %
12
b1101 6

#90770000
0!
02

#90775000
1!
b1100 %
12
b1100 6

#90780000
0!
02

#90785000
1!
b1011 %
12
b1011 6

#90790000
0!
02

#90795000
1!
b1010 %
12
b1010 6

#90800000
0!
02

#90805000
1!
b1001 %
12
b1001 6

#90810000
0!
02

#90815000
1!
b1000 %
12
b1000 6

#90820000
0!
02

#90825000
1!
b111 %
12
b111 6

#90830000
0!
02

#90835000
1!
b110 %
12
b110 6

#90840000
0!
02

#90845000
1!
b101 %
12
b101 6

#90850000
0!
02

#90855000
1!
b100 %
12
b100 6

#90860000
0!
02

#90865000
1!
b11 %
12
b11 6

#90870000
0!
02

#90875000
1!
b10 %
12
b10 6

#90880000
0!
02

#90885000
1!
b1 %
12
b1 6

#90890000
0!
02

#90895000
1!
b0 %
12
b0 6

#90900000
0!
02

#90905000
1!
b1111 %
12
b1111 6

#90910000
0!
02

#90915000
1!
b1110 %
12
b1110 6

#90920000
0!
02

#90925000
1!
b1101 %
12
b1101 6

#90930000
0!
02

#90935000
1!
b1100 %
12
b1100 6

#90940000
0!
02

#90945000
1!
b1011 %
12
b1011 6

#90950000
0!
02

#90955000
1!
b1010 %
12
b1010 6

#90960000
0!
02

#90965000
1!
b1001 %
12
b1001 6

#90970000
0!
02

#90975000
1!
b1000 %
12
b1000 6

#90980000
0!
02

#90985000
1!
b111 %
12
b111 6

#90990000
0!
02

#90995000
1!
b110 %
12
b110 6

#91000000
0!
02

#91005000
1!
b101 %
12
b101 6

#91010000
0!
02

#91015000
1!
b100 %
12
b100 6

#91020000
0!
02

#91025000
1!
b11 %
12
b11 6

#91030000
0!
02

#91035000
1!
b10 %
12
b10 6

#91040000
0!
02

#91045000
1!
b1 %
12
b1 6

#91050000
0!
02

#91055000
1!
b0 %
12
b0 6

#91060000
0!
02

#91065000
1!
b1111 %
12
b1111 6

#91070000
0!
02

#91075000
1!
b1110 %
12
b1110 6

#91080000
0!
02

#91085000
1!
b1101 %
12
b1101 6

#91090000
0!
02

#91095000
1!
b1100 %
12
b1100 6

#91100000
0!
02

#91105000
1!
b1011 %
12
b1011 6

#91110000
0!
02

#91115000
1!
b1010 %
12
b1010 6

#91120000
0!
02

#91125000
1!
b1001 %
12
b1001 6

#91130000
0!
02

#91135000
1!
b1000 %
12
b1000 6

#91140000
0!
02

#91145000
1!
b111 %
12
b111 6

#91150000
0!
02

#91155000
1!
b110 %
12
b110 6

#91160000
0!
02

#91165000
1!
b101 %
12
b101 6

#91170000
0!
02

#91175000
1!
b100 %
12
b100 6

#91180000
0!
02

#91185000
1!
b11 %
12
b11 6

#91190000
0!
02

#91195000
1!
b10 %
12
b10 6

#91200000
0!
02

#91205000
1!
b1 %
12
b1 6

#91210000
0!
02

#91215000
1!
b0 %
12
b0 6

#91220000
0!
02

#91225000
1!
b1111 %
12
b1111 6

#91230000
0!
02

#91235000
1!
b1110 %
12
b1110 6

#91240000
0!
02

#91245000
1!
b1101 %
12
b1101 6

#91250000
0!
02

#91255000
1!
b1100 %
12
b1100 6

#91260000
0!
02

#91265000
1!
b1011 %
12
b1011 6

#91270000
0!
02

#91275000
1!
b1010 %
12
b1010 6

#91280000
0!
02

#91285000
1!
b1001 %
12
b1001 6

#91290000
0!
02

#91295000
1!
b1000 %
12
b1000 6

#91300000
0!
02

#91305000
1!
b111 %
12
b111 6

#91310000
0!
02

#91315000
1!
b110 %
12
b110 6

#91320000
0!
02

#91325000
1!
b101 %
12
b101 6

#91330000
0!
02

#91335000
1!
b100 %
12
b100 6

#91340000
0!
02

#91345000
1!
b11 %
12
b11 6

#91350000
0!
02

#91355000
1!
b10 %
12
b10 6

#91360000
0!
02

#91365000
1!
b1 %
12
b1 6

#91370000
0!
02

#91375000
1!
b0 %
12
b0 6

#91380000
0!
02

#91385000
1!
b1111 %
12
b1111 6

#91390000
0!
02

#91395000
1!
b1110 %
12
b1110 6

#91400000
0!
02

#91405000
1!
b1101 %
12
b1101 6

#91410000
0!
02

#91415000
1!
b1100 %
12
b1100 6

#91420000
0!
02

#91425000
1!
b1011 %
12
b1011 6

#91430000
0!
02

#91435000
1!
b1010 %
12
b1010 6

#91440000
0!
02

#91445000
1!
b1001 %
12
b1001 6

#91450000
0!
02

#91455000
1!
b1000 %
12
b1000 6

#91460000
0!
02

#91465000
1!
b111 %
12
b111 6

#91470000
0!
02

#91475000
1!
b110 %
12
b110 6

#91480000
0!
02

#91485000
1!
b101 %
12
b101 6

#91490000
0!
02

#91495000
1!
b100 %
12
b100 6

#91500000
0!
02

#91505000
1!
b11 %
12
b11 6

#91510000
0!
02

#91515000
1!
b10 %
12
b10 6

#91520000
0!
02

#91525000
1!
b1 %
12
b1 6

#91530000
0!
02

#91535000
1!
b0 %
12
b0 6

#91540000
0!
02

#91545000
1!
b1111 %
12
b1111 6

#91550000
0!
02

#91555000
1!
b1110 %
12
b1110 6

#91560000
0!
02

#91565000
1!
b1101 %
12
b1101 6

#91570000
0!
02

#91575000
1!
b1100 %
12
b1100 6

#91580000
0!
02

#91585000
1!
b1011 %
12
b1011 6

#91590000
0!
02

#91595000
1!
b1010 %
12
b1010 6

#91600000
0!
02

#91605000
1!
b1001 %
12
b1001 6

#91610000
0!
02

#91615000
1!
b1000 %
12
b1000 6

#91620000
0!
02

#91625000
1!
b111 %
12
b111 6

#91630000
0!
02

#91635000
1!
b110 %
12
b110 6

#91640000
0!
02

#91645000
1!
b101 %
12
b101 6

#91650000
0!
02

#91655000
1!
b100 %
12
b100 6

#91660000
0!
02

#91665000
1!
b11 %
12
b11 6

#91670000
0!
02

#91675000
1!
b10 %
12
b10 6

#91680000
0!
02

#91685000
1!
b1 %
12
b1 6

#91690000
0!
02

#91695000
1!
b0 %
12
b0 6

#91700000
0!
02

#91705000
1!
b1111 %
12
b1111 6

#91710000
0!
02

#91715000
1!
b1110 %
12
b1110 6

#91720000
0!
02

#91725000
1!
b1101 %
12
b1101 6

#91730000
0!
02

#91735000
1!
b1100 %
12
b1100 6

#91740000
0!
02

#91745000
1!
b1011 %
12
b1011 6

#91750000
0!
02

#91755000
1!
b1010 %
12
b1010 6

#91760000
0!
02

#91765000
1!
b1001 %
12
b1001 6

#91770000
0!
02

#91775000
1!
b1000 %
12
b1000 6

#91780000
0!
02

#91785000
1!
b111 %
12
b111 6

#91790000
0!
02

#91795000
1!
b110 %
12
b110 6

#91800000
0!
02

#91805000
1!
b101 %
12
b101 6

#91810000
0!
02

#91815000
1!
b100 %
12
b100 6

#91820000
0!
02

#91825000
1!
b11 %
12
b11 6

#91830000
0!
02

#91835000
1!
b10 %
12
b10 6

#91840000
0!
02

#91845000
1!
b1 %
12
b1 6

#91850000
0!
02

#91855000
1!
b0 %
12
b0 6

#91860000
0!
02

#91865000
1!
b1111 %
12
b1111 6

#91870000
0!
02

#91875000
1!
b1110 %
12
b1110 6

#91880000
0!
02

#91885000
1!
b1101 %
12
b1101 6

#91890000
0!
02

#91895000
1!
b1100 %
12
b1100 6

#91900000
0!
02

#91905000
1!
b1011 %
12
b1011 6

#91910000
0!
02

#91915000
1!
b1010 %
12
b1010 6

#91920000
0!
02

#91925000
1!
b1001 %
12
b1001 6

#91930000
0!
02

#91935000
1!
b1000 %
12
b1000 6

#91940000
0!
02

#91945000
1!
b111 %
12
b111 6

#91950000
0!
02

#91955000
1!
b110 %
12
b110 6

#91960000
0!
02

#91965000
1!
b101 %
12
b101 6

#91970000
0!
02

#91975000
1!
b100 %
12
b100 6

#91980000
0!
02

#91985000
1!
b11 %
12
b11 6

#91990000
0!
02

#91995000
1!
b10 %
12
b10 6

#92000000
0!
02

#92005000
1!
b1 %
12
b1 6

#92010000
0!
02

#92015000
1!
b0 %
12
b0 6

#92020000
0!
02

#92025000
1!
b1111 %
12
b1111 6

#92030000
0!
02

#92035000
1!
b1110 %
12
b1110 6

#92040000
0!
02

#92045000
1!
b1101 %
12
b1101 6

#92050000
0!
02

#92055000
1!
b1100 %
12
b1100 6

#92060000
0!
02

#92065000
1!
b1011 %
12
b1011 6

#92070000
0!
02

#92075000
1!
b1010 %
12
b1010 6

#92080000
0!
02

#92085000
1!
b1001 %
12
b1001 6

#92090000
0!
02

#92095000
1!
b1000 %
12
b1000 6

#92100000
0!
02

#92105000
1!
b111 %
12
b111 6

#92110000
0!
02

#92115000
1!
b110 %
12
b110 6

#92120000
0!
02

#92125000
1!
b101 %
12
b101 6

#92130000
0!
02

#92135000
1!
b100 %
12
b100 6

#92140000
0!
02

#92145000
1!
b11 %
12
b11 6

#92150000
0!
02

#92155000
1!
b10 %
12
b10 6

#92160000
0!
02

#92165000
1!
b1 %
12
b1 6

#92170000
0!
02

#92175000
1!
b0 %
12
b0 6

#92180000
0!
02

#92185000
1!
b1111 %
12
b1111 6

#92190000
0!
02

#92195000
1!
b1110 %
12
b1110 6

#92200000
0!
02

#92205000
1!
b1101 %
12
b1101 6

#92210000
0!
02

#92215000
1!
b1100 %
12
b1100 6

#92220000
0!
02

#92225000
1!
b1011 %
12
b1011 6

#92230000
0!
02

#92235000
1!
b1010 %
12
b1010 6

#92240000
0!
02

#92245000
1!
b1001 %
12
b1001 6

#92250000
0!
02

#92255000
1!
b1000 %
12
b1000 6

#92260000
0!
02

#92265000
1!
b111 %
12
b111 6

#92270000
0!
02

#92275000
1!
b110 %
12
b110 6

#92280000
0!
02

#92285000
1!
b101 %
12
b101 6

#92290000
0!
02

#92295000
1!
b100 %
12
b100 6

#92300000
0!
02

#92305000
1!
b11 %
12
b11 6

#92310000
0!
02

#92315000
1!
b10 %
12
b10 6

#92320000
0!
02

#92325000
1!
b1 %
12
b1 6

#92330000
0!
02

#92335000
1!
b0 %
12
b0 6

#92340000
0!
02

#92345000
1!
b1111 %
12
b1111 6

#92350000
0!
02

#92355000
1!
b1110 %
12
b1110 6

#92360000
0!
02

#92365000
1!
b1101 %
12
b1101 6

#92370000
0!
02

#92375000
1!
b1100 %
12
b1100 6

#92380000
0!
02

#92385000
1!
b1011 %
12
b1011 6

#92390000
0!
02

#92395000
1!
b1010 %
12
b1010 6

#92400000
0!
02

#92405000
1!
b1001 %
12
b1001 6

#92410000
0!
02

#92415000
1!
b1000 %
12
b1000 6

#92420000
0!
02

#92425000
1!
b111 %
12
b111 6

#92430000
0!
02

#92435000
1!
b110 %
12
b110 6

#92440000
0!
02

#92445000
1!
b101 %
12
b101 6

#92450000
0!
02

#92455000
1!
b100 %
12
b100 6

#92460000
0!
02

#92465000
1!
b11 %
12
b11 6

#92470000
0!
02

#92475000
1!
b10 %
12
b10 6

#92480000
0!
02

#92485000
1!
b1 %
12
b1 6

#92490000
0!
02

#92495000
1!
b0 %
12
b0 6

#92500000
0!
02

#92505000
1!
b1111 %
12
b1111 6

#92510000
0!
02

#92515000
1!
b1110 %
12
b1110 6

#92520000
0!
02

#92525000
1!
b1101 %
12
b1101 6

#92530000
0!
02

#92535000
1!
b1100 %
12
b1100 6

#92540000
0!
02

#92545000
1!
b1011 %
12
b1011 6

#92550000
0!
02

#92555000
1!
b1010 %
12
b1010 6

#92560000
0!
02

#92565000
1!
b1001 %
12
b1001 6

#92570000
0!
02

#92575000
1!
b1000 %
12
b1000 6

#92580000
0!
02

#92585000
1!
b111 %
12
b111 6

#92590000
0!
02

#92595000
1!
b110 %
12
b110 6

#92600000
0!
02

#92605000
1!
b101 %
12
b101 6

#92610000
0!
02

#92615000
1!
b100 %
12
b100 6

#92620000
0!
02

#92625000
1!
b11 %
12
b11 6

#92630000
0!
02

#92635000
1!
b10 %
12
b10 6

#92640000
0!
02

#92645000
1!
b1 %
12
b1 6

#92650000
0!
02

#92655000
1!
b0 %
12
b0 6

#92660000
0!
02

#92665000
1!
b1111 %
12
b1111 6

#92670000
0!
02

#92675000
1!
b1110 %
12
b1110 6

#92680000
0!
02

#92685000
1!
b1101 %
12
b1101 6

#92690000
0!
02

#92695000
1!
b1100 %
12
b1100 6

#92700000
0!
02

#92705000
1!
b1011 %
12
b1011 6

#92710000
0!
02

#92715000
1!
b1010 %
12
b1010 6

#92720000
0!
02

#92725000
1!
b1001 %
12
b1001 6

#92730000
0!
02

#92735000
1!
b1000 %
12
b1000 6

#92740000
0!
02

#92745000
1!
b111 %
12
b111 6

#92750000
0!
02

#92755000
1!
b110 %
12
b110 6

#92760000
0!
02

#92765000
1!
b101 %
12
b101 6

#92770000
0!
02

#92775000
1!
b100 %
12
b100 6

#92780000
0!
02

#92785000
1!
b11 %
12
b11 6

#92790000
0!
02

#92795000
1!
b10 %
12
b10 6

#92800000
0!
02

#92805000
1!
b1 %
12
b1 6

#92810000
0!
02

#92815000
1!
b0 %
12
b0 6

#92820000
0!
02

#92825000
1!
b1111 %
12
b1111 6

#92830000
0!
02

#92835000
1!
b1110 %
12
b1110 6

#92840000
0!
02

#92845000
1!
b1101 %
12
b1101 6

#92850000
0!
02

#92855000
1!
b1100 %
12
b1100 6

#92860000
0!
02

#92865000
1!
b1011 %
12
b1011 6

#92870000
0!
02

#92875000
1!
b1010 %
12
b1010 6

#92880000
0!
02

#92885000
1!
b1001 %
12
b1001 6

#92890000
0!
02

#92895000
1!
b1000 %
12
b1000 6

#92900000
0!
02

#92905000
1!
b111 %
12
b111 6

#92910000
0!
02

#92915000
1!
b110 %
12
b110 6

#92920000
0!
02

#92925000
1!
b101 %
12
b101 6

#92930000
0!
02

#92935000
1!
b100 %
12
b100 6

#92940000
0!
02

#92945000
1!
b11 %
12
b11 6

#92950000
0!
02

#92955000
1!
b10 %
12
b10 6

#92960000
0!
02

#92965000
1!
b1 %
12
b1 6

#92970000
0!
02

#92975000
1!
b0 %
12
b0 6

#92980000
0!
02

#92985000
1!
b1111 %
12
b1111 6

#92990000
0!
02

#92995000
1!
b1110 %
12
b1110 6

#93000000
0!
02

#93005000
1!
b1101 %
12
b1101 6

#93010000
0!
02

#93015000
1!
b1100 %
12
b1100 6

#93020000
0!
02

#93025000
1!
b1011 %
12
b1011 6

#93030000
0!
02

#93035000
1!
b1010 %
12
b1010 6

#93040000
0!
02

#93045000
1!
b1001 %
12
b1001 6

#93050000
0!
02

#93055000
1!
b1000 %
12
b1000 6

#93060000
0!
02

#93065000
1!
b111 %
12
b111 6

#93070000
0!
02

#93075000
1!
b110 %
12
b110 6

#93080000
0!
02

#93085000
1!
b101 %
12
b101 6

#93090000
0!
02

#93095000
1!
b100 %
12
b100 6

#93100000
0!
02

#93105000
1!
b11 %
12
b11 6

#93110000
0!
02

#93115000
1!
b10 %
12
b10 6

#93120000
0!
02

#93125000
1!
b1 %
12
b1 6

#93130000
0!
02

#93135000
1!
b0 %
12
b0 6

#93140000
0!
02

#93145000
1!
b1111 %
12
b1111 6

#93150000
0!
02

#93155000
1!
b1110 %
12
b1110 6

#93160000
0!
02

#93165000
1!
b1101 %
12
b1101 6

#93170000
0!
02

#93175000
1!
b1100 %
12
b1100 6

#93180000
0!
02

#93185000
1!
b1011 %
12
b1011 6

#93190000
0!
02

#93195000
1!
b1010 %
12
b1010 6

#93200000
0!
02

#93205000
1!
b1001 %
12
b1001 6

#93210000
0!
02

#93215000
1!
b1000 %
12
b1000 6

#93220000
0!
02

#93225000
1!
b111 %
12
b111 6

#93230000
0!
02

#93235000
1!
b110 %
12
b110 6

#93240000
0!
02

#93245000
1!
b101 %
12
b101 6

#93250000
0!
02

#93255000
1!
b100 %
12
b100 6

#93260000
0!
02

#93265000
1!
b11 %
12
b11 6

#93270000
0!
02

#93275000
1!
b10 %
12
b10 6

#93280000
0!
02

#93285000
1!
b1 %
12
b1 6

#93290000
0!
02

#93295000
1!
b0 %
12
b0 6

#93300000
0!
02

#93305000
1!
b1111 %
12
b1111 6

#93310000
0!
02

#93315000
1!
b1110 %
12
b1110 6

#93320000
0!
02

#93325000
1!
b1101 %
12
b1101 6

#93330000
0!
02

#93335000
1!
b1100 %
12
b1100 6

#93340000
0!
02

#93345000
1!
b1011 %
12
b1011 6

#93350000
0!
02

#93355000
1!
b1010 %
12
b1010 6

#93360000
0!
02

#93365000
1!
b1001 %
12
b1001 6

#93370000
0!
02

#93375000
1!
b1000 %
12
b1000 6

#93380000
0!
02

#93385000
1!
b111 %
12
b111 6

#93390000
0!
02

#93395000
1!
b110 %
12
b110 6

#93400000
0!
02

#93405000
1!
b101 %
12
b101 6

#93410000
0!
02

#93415000
1!
b100 %
12
b100 6

#93420000
0!
02

#93425000
1!
b11 %
12
b11 6

#93430000
0!
02

#93435000
1!
b10 %
12
b10 6

#93440000
0!
02

#93445000
1!
b1 %
12
b1 6

#93450000
0!
02

#93455000
1!
b0 %
12
b0 6

#93460000
0!
02

#93465000
1!
b1111 %
12
b1111 6

#93470000
0!
02

#93475000
1!
b1110 %
12
b1110 6

#93480000
0!
02

#93485000
1!
b1101 %
12
b1101 6

#93490000
0!
02

#93495000
1!
b1100 %
12
b1100 6

#93500000
0!
02

#93505000
1!
b1011 %
12
b1011 6

#93510000
0!
02

#93515000
1!
b1010 %
12
b1010 6

#93520000
0!
02

#93525000
1!
b1001 %
12
b1001 6

#93530000
0!
02

#93535000
1!
b1000 %
12
b1000 6

#93540000
0!
02

#93545000
1!
b111 %
12
b111 6

#93550000
0!
02

#93555000
1!
b110 %
12
b110 6

#93560000
0!
02

#93565000
1!
b101 %
12
b101 6

#93570000
0!
02

#93575000
1!
b100 %
12
b100 6

#93580000
0!
02

#93585000
1!
b11 %
12
b11 6

#93590000
0!
02

#93595000
1!
b10 %
12
b10 6

#93600000
0!
02

#93605000
1!
b1 %
12
b1 6

#93610000
0!
02

#93615000
1!
b0 %
12
b0 6

#93620000
0!
02

#93625000
1!
b1111 %
12
b1111 6

#93630000
0!
02

#93635000
1!
b1110 %
12
b1110 6

#93640000
0!
02

#93645000
1!
b1101 %
12
b1101 6

#93650000
0!
02

#93655000
1!
b1100 %
12
b1100 6

#93660000
0!
02

#93665000
1!
b1011 %
12
b1011 6

#93670000
0!
02

#93675000
1!
b1010 %
12
b1010 6

#93680000
0!
02

#93685000
1!
b1001 %
12
b1001 6

#93690000
0!
02

#93695000
1!
b1000 %
12
b1000 6

#93700000
0!
02

#93705000
1!
b111 %
12
b111 6

#93710000
0!
02

#93715000
1!
b110 %
12
b110 6

#93720000
0!
02

#93725000
1!
b101 %
12
b101 6

#93730000
0!
02

#93735000
1!
b100 %
12
b100 6

#93740000
0!
02

#93745000
1!
b11 %
12
b11 6

#93750000
0!
02

#93755000
1!
b10 %
12
b10 6

#93760000
0!
02

#93765000
1!
b1 %
12
b1 6

#93770000
0!
02

#93775000
1!
b0 %
12
b0 6

#93780000
0!
02

#93785000
1!
b1111 %
12
b1111 6

#93790000
0!
02

#93795000
1!
b1110 %
12
b1110 6

#93800000
0!
02

#93805000
1!
b1101 %
12
b1101 6

#93810000
0!
02

#93815000
1!
b1100 %
12
b1100 6

#93820000
0!
02

#93825000
1!
b1011 %
12
b1011 6

#93830000
0!
02

#93835000
1!
b1010 %
12
b1010 6

#93840000
0!
02

#93845000
1!
b1001 %
12
b1001 6

#93850000
0!
02

#93855000
1!
b1000 %
12
b1000 6

#93860000
0!
02

#93865000
1!
b111 %
12
b111 6

#93870000
0!
02

#93875000
1!
b110 %
12
b110 6

#93880000
0!
02

#93885000
1!
b101 %
12
b101 6

#93890000
0!
02

#93895000
1!
b100 %
12
b100 6

#93900000
0!
02

#93905000
1!
b11 %
12
b11 6

#93910000
0!
02

#93915000
1!
b10 %
12
b10 6

#93920000
0!
02

#93925000
1!
b1 %
12
b1 6

#93930000
0!
02

#93935000
1!
b0 %
12
b0 6

#93940000
0!
02

#93945000
1!
b1111 %
12
b1111 6

#93950000
0!
02

#93955000
1!
b1110 %
12
b1110 6

#93960000
0!
02

#93965000
1!
b1101 %
12
b1101 6

#93970000
0!
02

#93975000
1!
b1100 %
12
b1100 6

#93980000
0!
02

#93985000
1!
b1011 %
12
b1011 6

#93990000
0!
02

#93995000
1!
b1010 %
12
b1010 6

#94000000
0!
02

#94005000
1!
b1001 %
12
b1001 6

#94010000
0!
02

#94015000
1!
b1000 %
12
b1000 6

#94020000
0!
02

#94025000
1!
b111 %
12
b111 6

#94030000
0!
02

#94035000
1!
b110 %
12
b110 6

#94040000
0!
02

#94045000
1!
b101 %
12
b101 6

#94050000
0!
02

#94055000
1!
b100 %
12
b100 6

#94060000
0!
02

#94065000
1!
b11 %
12
b11 6

#94070000
0!
02

#94075000
1!
b10 %
12
b10 6

#94080000
0!
02

#94085000
1!
b1 %
12
b1 6

#94090000
0!
02

#94095000
1!
b0 %
12
b0 6

#94100000
0!
02

#94105000
1!
b1111 %
12
b1111 6

#94110000
0!
02

#94115000
1!
b1110 %
12
b1110 6

#94120000
0!
02

#94125000
1!
b1101 %
12
b1101 6

#94130000
0!
02

#94135000
1!
b1100 %
12
b1100 6

#94140000
0!
02

#94145000
1!
b1011 %
12
b1011 6

#94150000
0!
02

#94155000
1!
b1010 %
12
b1010 6

#94160000
0!
02

#94165000
1!
b1001 %
12
b1001 6

#94170000
0!
02

#94175000
1!
b1000 %
12
b1000 6

#94180000
0!
02

#94185000
1!
b111 %
12
b111 6

#94190000
0!
02

#94195000
1!
b110 %
12
b110 6

#94200000
0!
02

#94205000
1!
b101 %
12
b101 6

#94210000
0!
02

#94215000
1!
b100 %
12
b100 6

#94220000
0!
02

#94225000
1!
b11 %
12
b11 6

#94230000
0!
02

#94235000
1!
b10 %
12
b10 6

#94240000
0!
02

#94245000
1!
b1 %
12
b1 6

#94250000
0!
02

#94255000
1!
b0 %
12
b0 6

#94260000
0!
02

#94265000
1!
b1111 %
12
b1111 6

#94270000
0!
02

#94275000
1!
b1110 %
12
b1110 6

#94280000
0!
02

#94285000
1!
b1101 %
12
b1101 6

#94290000
0!
02

#94295000
1!
b1100 %
12
b1100 6

#94300000
0!
02

#94305000
1!
b1011 %
12
b1011 6

#94310000
0!
02

#94315000
1!
b1010 %
12
b1010 6

#94320000
0!
02

#94325000
1!
b1001 %
12
b1001 6

#94330000
0!
02

#94335000
1!
b1000 %
12
b1000 6

#94340000
0!
02

#94345000
1!
b111 %
12
b111 6

#94350000
0!
02

#94355000
1!
b110 %
12
b110 6

#94360000
0!
02

#94365000
1!
b101 %
12
b101 6

#94370000
0!
02

#94375000
1!
b100 %
12
b100 6

#94380000
0!
02

#94385000
1!
b11 %
12
b11 6

#94390000
0!
02

#94395000
1!
b10 %
12
b10 6

#94400000
0!
02

#94405000
1!
b1 %
12
b1 6

#94410000
0!
02

#94415000
1!
b0 %
12
b0 6

#94420000
0!
02

#94425000
1!
b1111 %
12
b1111 6

#94430000
0!
02

#94435000
1!
b1110 %
12
b1110 6

#94440000
0!
02

#94445000
1!
b1101 %
12
b1101 6

#94450000
0!
02

#94455000
1!
b1100 %
12
b1100 6

#94460000
0!
02

#94465000
1!
b1011 %
12
b1011 6

#94470000
0!
02

#94475000
1!
b1010 %
12
b1010 6

#94480000
0!
02

#94485000
1!
b1001 %
12
b1001 6

#94490000
0!
02

#94495000
1!
b1000 %
12
b1000 6

#94500000
0!
02

#94505000
1!
b111 %
12
b111 6

#94510000
0!
02

#94515000
1!
b110 %
12
b110 6

#94520000
0!
02

#94525000
1!
b101 %
12
b101 6

#94530000
0!
02

#94535000
1!
b100 %
12
b100 6

#94540000
0!
02

#94545000
1!
b11 %
12
b11 6

#94550000
0!
02

#94555000
1!
b10 %
12
b10 6

#94560000
0!
02

#94565000
1!
b1 %
12
b1 6

#94570000
0!
02

#94575000
1!
b0 %
12
b0 6

#94580000
0!
02

#94585000
1!
b1111 %
12
b1111 6

#94590000
0!
02

#94595000
1!
b1110 %
12
b1110 6

#94600000
0!
02

#94605000
1!
b1101 %
12
b1101 6

#94610000
0!
02

#94615000
1!
b1100 %
12
b1100 6

#94620000
0!
02

#94625000
1!
b1011 %
12
b1011 6

#94630000
0!
02

#94635000
1!
b1010 %
12
b1010 6

#94640000
0!
02

#94645000
1!
b1001 %
12
b1001 6

#94650000
0!
02

#94655000
1!
b1000 %
12
b1000 6

#94660000
0!
02

#94665000
1!
b111 %
12
b111 6

#94670000
0!
02

#94675000
1!
b110 %
12
b110 6

#94680000
0!
02

#94685000
1!
b101 %
12
b101 6

#94690000
0!
02

#94695000
1!
b100 %
12
b100 6

#94700000
0!
02

#94705000
1!
b11 %
12
b11 6

#94710000
0!
02

#94715000
1!
b10 %
12
b10 6

#94720000
0!
02

#94725000
1!
b1 %
12
b1 6

#94730000
0!
02

#94735000
1!
b0 %
12
b0 6

#94740000
0!
02

#94745000
1!
b1111 %
12
b1111 6

#94750000
0!
02

#94755000
1!
b1110 %
12
b1110 6

#94760000
0!
02

#94765000
1!
b1101 %
12
b1101 6

#94770000
0!
02

#94775000
1!
b1100 %
12
b1100 6

#94780000
0!
02

#94785000
1!
b1011 %
12
b1011 6

#94790000
0!
02

#94795000
1!
b1010 %
12
b1010 6

#94800000
0!
02

#94805000
1!
b1001 %
12
b1001 6

#94810000
0!
02

#94815000
1!
b1000 %
12
b1000 6

#94820000
0!
02

#94825000
1!
b111 %
12
b111 6

#94830000
0!
02

#94835000
1!
b110 %
12
b110 6

#94840000
0!
02

#94845000
1!
b101 %
12
b101 6

#94850000
0!
02

#94855000
1!
b100 %
12
b100 6

#94860000
0!
02

#94865000
1!
b11 %
12
b11 6

#94870000
0!
02

#94875000
1!
b10 %
12
b10 6

#94880000
0!
02

#94885000
1!
b1 %
12
b1 6

#94890000
0!
02

#94895000
1!
b0 %
12
b0 6

#94900000
0!
02

#94905000
1!
b1111 %
12
b1111 6

#94910000
0!
02

#94915000
1!
b1110 %
12
b1110 6

#94920000
0!
02

#94925000
1!
b1101 %
12
b1101 6

#94930000
0!
02

#94935000
1!
b1100 %
12
b1100 6

#94940000
0!
02

#94945000
1!
b1011 %
12
b1011 6

#94950000
0!
02

#94955000
1!
b1010 %
12
b1010 6

#94960000
0!
02

#94965000
1!
b1001 %
12
b1001 6

#94970000
0!
02

#94975000
1!
b1000 %
12
b1000 6

#94980000
0!
02

#94985000
1!
b111 %
12
b111 6

#94990000
0!
02

#94995000
1!
b110 %
12
b110 6

#95000000
0!
02

#95005000
1!
b101 %
12
b101 6

#95010000
0!
02

#95015000
1!
b100 %
12
b100 6

#95020000
0!
02

#95025000
1!
b11 %
12
b11 6

#95030000
0!
02

#95035000
1!
b10 %
12
b10 6

#95040000
0!
02

#95045000
1!
b1 %
12
b1 6

#95050000
0!
02

#95055000
1!
b0 %
12
b0 6

#95060000
0!
02

#95065000
1!
b1111 %
12
b1111 6

#95070000
0!
02

#95075000
1!
b1110 %
12
b1110 6

#95080000
0!
02

#95085000
1!
b1101 %
12
b1101 6

#95090000
0!
02

#95095000
1!
b1100 %
12
b1100 6

#95100000
0!
02

#95105000
1!
b1011 %
12
b1011 6

#95110000
0!
02

#95115000
1!
b1010 %
12
b1010 6

#95120000
0!
02

#95125000
1!
b1001 %
12
b1001 6

#95130000
0!
02

#95135000
1!
b1000 %
12
b1000 6

#95140000
0!
02

#95145000
1!
b111 %
12
b111 6

#95150000
0!
02

#95155000
1!
b110 %
12
b110 6

#95160000
0!
02

#95165000
1!
b101 %
12
b101 6

#95170000
0!
02

#95175000
1!
b100 %
12
b100 6

#95180000
0!
02

#95185000
1!
b11 %
12
b11 6

#95190000
0!
02

#95195000
1!
b10 %
12
b10 6

#95200000
0!
02

#95205000
1!
b1 %
12
b1 6

#95210000
0!
02

#95215000
1!
b0 %
12
b0 6

#95220000
0!
02

#95225000
1!
b1111 %
12
b1111 6

#95230000
0!
02

#95235000
1!
b1110 %
12
b1110 6

#95240000
0!
02

#95245000
1!
b1101 %
12
b1101 6

#95250000
0!
02

#95255000
1!
b1100 %
12
b1100 6

#95260000
0!
02

#95265000
1!
b1011 %
12
b1011 6

#95270000
0!
02

#95275000
1!
b1010 %
12
b1010 6

#95280000
0!
02

#95285000
1!
b1001 %
12
b1001 6

#95290000
0!
02

#95295000
1!
b1000 %
12
b1000 6

#95300000
0!
02

#95305000
1!
b111 %
12
b111 6

#95310000
0!
02

#95315000
1!
b110 %
12
b110 6

#95320000
0!
02

#95325000
1!
b101 %
12
b101 6

#95330000
0!
02

#95335000
1!
b100 %
12
b100 6

#95340000
0!
02

#95345000
1!
b11 %
12
b11 6

#95350000
0!
02

#95355000
1!
b10 %
12
b10 6

#95360000
0!
02

#95365000
1!
b1 %
12
b1 6

#95370000
0!
02

#95375000
1!
b0 %
12
b0 6

#95380000
0!
02

#95385000
1!
b1111 %
12
b1111 6

#95390000
0!
02

#95395000
1!
b1110 %
12
b1110 6

#95400000
0!
02

#95405000
1!
b1101 %
12
b1101 6

#95410000
0!
02

#95415000
1!
b1100 %
12
b1100 6

#95420000
0!
02

#95425000
1!
b1011 %
12
b1011 6

#95430000
0!
02

#95435000
1!
b1010 %
12
b1010 6

#95440000
0!
02

#95445000
1!
b1001 %
12
b1001 6

#95450000
0!
02

#95455000
1!
b1000 %
12
b1000 6

#95460000
0!
02

#95465000
1!
b111 %
12
b111 6

#95470000
0!
02

#95475000
1!
b110 %
12
b110 6

#95480000
0!
02

#95485000
1!
b101 %
12
b101 6

#95490000
0!
02

#95495000
1!
b100 %
12
b100 6

#95500000
0!
02

#95505000
1!
b11 %
12
b11 6

#95510000
0!
02

#95515000
1!
b10 %
12
b10 6

#95520000
0!
02

#95525000
1!
b1 %
12
b1 6

#95530000
0!
02

#95535000
1!
b0 %
12
b0 6

#95540000
0!
02

#95545000
1!
b1111 %
12
b1111 6

#95550000
0!
02

#95555000
1!
b1110 %
12
b1110 6

#95560000
0!
02

#95565000
1!
b1101 %
12
b1101 6

#95570000
0!
02

#95575000
1!
b1100 %
12
b1100 6

#95580000
0!
02

#95585000
1!
b1011 %
12
b1011 6

#95590000
0!
02

#95595000
1!
b1010 %
12
b1010 6

#95600000
0!
02

#95605000
1!
b1001 %
12
b1001 6

#95610000
0!
02

#95615000
1!
b1000 %
12
b1000 6

#95620000
0!
02

#95625000
1!
b111 %
12
b111 6

#95630000
0!
02

#95635000
1!
b110 %
12
b110 6

#95640000
0!
02

#95645000
1!
b101 %
12
b101 6

#95650000
0!
02

#95655000
1!
b100 %
12
b100 6

#95660000
0!
02

#95665000
1!
b11 %
12
b11 6

#95670000
0!
02

#95675000
1!
b10 %
12
b10 6

#95680000
0!
02

#95685000
1!
b1 %
12
b1 6

#95690000
0!
02

#95695000
1!
b0 %
12
b0 6

#95700000
0!
02

#95705000
1!
b1111 %
12
b1111 6

#95710000
0!
02

#95715000
1!
b1110 %
12
b1110 6

#95720000
0!
02

#95725000
1!
b1101 %
12
b1101 6

#95730000
0!
02

#95735000
1!
b1100 %
12
b1100 6

#95740000
0!
02

#95745000
1!
b1011 %
12
b1011 6

#95750000
0!
02

#95755000
1!
b1010 %
12
b1010 6

#95760000
0!
02

#95765000
1!
b1001 %
12
b1001 6

#95770000
0!
02

#95775000
1!
b1000 %
12
b1000 6

#95780000
0!
02

#95785000
1!
b111 %
12
b111 6

#95790000
0!
02

#95795000
1!
b110 %
12
b110 6

#95800000
0!
02

#95805000
1!
b101 %
12
b101 6

#95810000
0!
02

#95815000
1!
b100 %
12
b100 6

#95820000
0!
02

#95825000
1!
b11 %
12
b11 6

#95830000
0!
02

#95835000
1!
b10 %
12
b10 6

#95840000
0!
02

#95845000
1!
b1 %
12
b1 6

#95850000
0!
02

#95855000
1!
b0 %
12
b0 6

#95860000
0!
02

#95865000
1!
b1111 %
12
b1111 6

#95870000
0!
02

#95875000
1!
b1110 %
12
b1110 6

#95880000
0!
02

#95885000
1!
b1101 %
12
b1101 6

#95890000
0!
02

#95895000
1!
b1100 %
12
b1100 6

#95900000
0!
02

#95905000
1!
b1011 %
12
b1011 6

#95910000
0!
02

#95915000
1!
b1010 %
12
b1010 6

#95920000
0!
02

#95925000
1!
b1001 %
12
b1001 6

#95930000
0!
02

#95935000
1!
b1000 %
12
b1000 6

#95940000
0!
02

#95945000
1!
b111 %
12
b111 6

#95950000
0!
02

#95955000
1!
b110 %
12
b110 6

#95960000
0!
02

#95965000
1!
b101 %
12
b101 6

#95970000
0!
02

#95975000
1!
b100 %
12
b100 6

#95980000
0!
02

#95985000
1!
b11 %
12
b11 6

#95990000
0!
02

#95995000
1!
b10 %
12
b10 6

#96000000
0!
02

#96005000
1!
b1 %
12
b1 6

#96010000
0!
02

#96015000
1!
b0 %
12
b0 6

#96020000
0!
02

#96025000
1!
b1111 %
12
b1111 6

#96030000
0!
02

#96035000
1!
b1110 %
12
b1110 6

#96040000
0!
02

#96045000
1!
b1101 %
12
b1101 6

#96050000
0!
02

#96055000
1!
b1100 %
12
b1100 6

#96060000
0!
02

#96065000
1!
b1011 %
12
b1011 6

#96070000
0!
02

#96075000
1!
b1010 %
12
b1010 6

#96080000
0!
02

#96085000
1!
b1001 %
12
b1001 6

#96090000
0!
02

#96095000
1!
b1000 %
12
b1000 6

#96100000
0!
02

#96105000
1!
b111 %
12
b111 6

#96110000
0!
02

#96115000
1!
b110 %
12
b110 6

#96120000
0!
02

#96125000
1!
b101 %
12
b101 6

#96130000
0!
02

#96135000
1!
b100 %
12
b100 6

#96140000
0!
02

#96145000
1!
b11 %
12
b11 6

#96150000
0!
02

#96155000
1!
b10 %
12
b10 6

#96160000
0!
02

#96165000
1!
b1 %
12
b1 6

#96170000
0!
02

#96175000
1!
b0 %
12
b0 6

#96180000
0!
02

#96185000
1!
b1111 %
12
b1111 6

#96190000
0!
02

#96195000
1!
b1110 %
12
b1110 6

#96200000
0!
02

#96205000
1!
b1101 %
12
b1101 6

#96210000
0!
02

#96215000
1!
b1100 %
12
b1100 6

#96220000
0!
02

#96225000
1!
b1011 %
12
b1011 6

#96230000
0!
02

#96235000
1!
b1010 %
12
b1010 6

#96240000
0!
02

#96245000
1!
b1001 %
12
b1001 6

#96250000
0!
02

#96255000
1!
b1000 %
12
b1000 6

#96260000
0!
02

#96265000
1!
b111 %
12
b111 6

#96270000
0!
02

#96275000
1!
b110 %
12
b110 6

#96280000
0!
02

#96285000
1!
b101 %
12
b101 6

#96290000
0!
02

#96295000
1!
b100 %
12
b100 6

#96300000
0!
02

#96305000
1!
b11 %
12
b11 6

#96310000
0!
02

#96315000
1!
b10 %
12
b10 6

#96320000
0!
02

#96325000
1!
b1 %
12
b1 6

#96330000
0!
02

#96335000
1!
b0 %
12
b0 6

#96340000
0!
02

#96345000
1!
b1111 %
12
b1111 6

#96350000
0!
02

#96355000
1!
b1110 %
12
b1110 6

#96360000
0!
02

#96365000
1!
b1101 %
12
b1101 6

#96370000
0!
02

#96375000
1!
b1100 %
12
b1100 6

#96380000
0!
02

#96385000
1!
b1011 %
12
b1011 6

#96390000
0!
02

#96395000
1!
b1010 %
12
b1010 6

#96400000
0!
02

#96405000
1!
b1001 %
12
b1001 6

#96410000
0!
02

#96415000
1!
b1000 %
12
b1000 6

#96420000
0!
02

#96425000
1!
b111 %
12
b111 6

#96430000
0!
02

#96435000
1!
b110 %
12
b110 6

#96440000
0!
02

#96445000
1!
b101 %
12
b101 6

#96450000
0!
02

#96455000
1!
b100 %
12
b100 6

#96460000
0!
02

#96465000
1!
b11 %
12
b11 6

#96470000
0!
02

#96475000
1!
b10 %
12
b10 6

#96480000
0!
02

#96485000
1!
b1 %
12
b1 6

#96490000
0!
02

#96495000
1!
b0 %
12
b0 6

#96500000
0!
02

#96505000
1!
b1111 %
12
b1111 6

#96510000
0!
02

#96515000
1!
b1110 %
12
b1110 6

#96520000
0!
02

#96525000
1!
b1101 %
12
b1101 6

#96530000
0!
02

#96535000
1!
b1100 %
12
b1100 6

#96540000
0!
02

#96545000
1!
b1011 %
12
b1011 6

#96550000
0!
02

#96555000
1!
b1010 %
12
b1010 6

#96560000
0!
02

#96565000
1!
b1001 %
12
b1001 6

#96570000
0!
02

#96575000
1!
b1000 %
12
b1000 6

#96580000
0!
02

#96585000
1!
b111 %
12
b111 6

#96590000
0!
02

#96595000
1!
b110 %
12
b110 6

#96600000
0!
02

#96605000
1!
b101 %
12
b101 6

#96610000
0!
02

#96615000
1!
b100 %
12
b100 6

#96620000
0!
02

#96625000
1!
b11 %
12
b11 6

#96630000
0!
02

#96635000
1!
b10 %
12
b10 6

#96640000
0!
02

#96645000
1!
b1 %
12
b1 6

#96650000
0!
02

#96655000
1!
b0 %
12
b0 6

#96660000
0!
02

#96665000
1!
b1111 %
12
b1111 6

#96670000
0!
02

#96675000
1!
b1110 %
12
b1110 6

#96680000
0!
02

#96685000
1!
b1101 %
12
b1101 6

#96690000
0!
02

#96695000
1!
b1100 %
12
b1100 6

#96700000
0!
02

#96705000
1!
b1011 %
12
b1011 6

#96710000
0!
02

#96715000
1!
b1010 %
12
b1010 6

#96720000
0!
02

#96725000
1!
b1001 %
12
b1001 6

#96730000
0!
02

#96735000
1!
b1000 %
12
b1000 6

#96740000
0!
02

#96745000
1!
b111 %
12
b111 6

#96750000
0!
02

#96755000
1!
b110 %
12
b110 6

#96760000
0!
02

#96765000
1!
b101 %
12
b101 6

#96770000
0!
02

#96775000
1!
b100 %
12
b100 6

#96780000
0!
02

#96785000
1!
b11 %
12
b11 6

#96790000
0!
02

#96795000
1!
b10 %
12
b10 6

#96800000
0!
02

#96805000
1!
b1 %
12
b1 6

#96810000
0!
02

#96815000
1!
b0 %
12
b0 6

#96820000
0!
02

#96825000
1!
b1111 %
12
b1111 6

#96830000
0!
02

#96835000
1!
b1110 %
12
b1110 6

#96840000
0!
02

#96845000
1!
b1101 %
12
b1101 6

#96850000
0!
02

#96855000
1!
b1100 %
12
b1100 6

#96860000
0!
02

#96865000
1!
b1011 %
12
b1011 6

#96870000
0!
02

#96875000
1!
b1010 %
12
b1010 6

#96880000
0!
02

#96885000
1!
b1001 %
12
b1001 6

#96890000
0!
02

#96895000
1!
b1000 %
12
b1000 6

#96900000
0!
02

#96905000
1!
b111 %
12
b111 6

#96910000
0!
02

#96915000
1!
b110 %
12
b110 6

#96920000
0!
02

#96925000
1!
b101 %
12
b101 6

#96930000
0!
02

#96935000
1!
b100 %
12
b100 6

#96940000
0!
02

#96945000
1!
b11 %
12
b11 6

#96950000
0!
02

#96955000
1!
b10 %
12
b10 6

#96960000
0!
02

#96965000
1!
b1 %
12
b1 6

#96970000
0!
02

#96975000
1!
b0 %
12
b0 6

#96980000
0!
02

#96985000
1!
b1111 %
12
b1111 6

#96990000
0!
02

#96995000
1!
b1110 %
12
b1110 6

#97000000
0!
02

#97005000
1!
b1101 %
12
b1101 6

#97010000
0!
02

#97015000
1!
b1100 %
12
b1100 6

#97020000
0!
02

#97025000
1!
b1011 %
12
b1011 6

#97030000
0!
02

#97035000
1!
b1010 %
12
b1010 6

#97040000
0!
02

#97045000
1!
b1001 %
12
b1001 6

#97050000
0!
02

#97055000
1!
b1000 %
12
b1000 6

#97060000
0!
02

#97065000
1!
b111 %
12
b111 6

#97070000
0!
02

#97075000
1!
b110 %
12
b110 6

#97080000
0!
02

#97085000
1!
b101 %
12
b101 6

#97090000
0!
02

#97095000
1!
b100 %
12
b100 6

#97100000
0!
02

#97105000
1!
b11 %
12
b11 6

#97110000
0!
02

#97115000
1!
b10 %
12
b10 6

#97120000
0!
02

#97125000
1!
b1 %
12
b1 6

#97130000
0!
02

#97135000
1!
b0 %
12
b0 6

#97140000
0!
02

#97145000
1!
b1111 %
12
b1111 6

#97150000
0!
02

#97155000
1!
b1110 %
12
b1110 6

#97160000
0!
02

#97165000
1!
b1101 %
12
b1101 6

#97170000
0!
02

#97175000
1!
b1100 %
12
b1100 6

#97180000
0!
02

#97185000
1!
b1011 %
12
b1011 6

#97190000
0!
02

#97195000
1!
b1010 %
12
b1010 6

#97200000
0!
02

#97205000
1!
b1001 %
12
b1001 6

#97210000
0!
02

#97215000
1!
b1000 %
12
b1000 6

#97220000
0!
02

#97225000
1!
b111 %
12
b111 6

#97230000
0!
02

#97235000
1!
b110 %
12
b110 6

#97240000
0!
02

#97245000
1!
b101 %
12
b101 6

#97250000
0!
02

#97255000
1!
b100 %
12
b100 6

#97260000
0!
02

#97265000
1!
b11 %
12
b11 6

#97270000
0!
02

#97275000
1!
b10 %
12
b10 6

#97280000
0!
02

#97285000
1!
b1 %
12
b1 6

#97290000
0!
02

#97295000
1!
b0 %
12
b0 6

#97300000
0!
02

#97305000
1!
b1111 %
12
b1111 6

#97310000
0!
02

#97315000
1!
b1110 %
12
b1110 6

#97320000
0!
02

#97325000
1!
b1101 %
12
b1101 6

#97330000
0!
02

#97335000
1!
b1100 %
12
b1100 6

#97340000
0!
02

#97345000
1!
b1011 %
12
b1011 6

#97350000
0!
02

#97355000
1!
b1010 %
12
b1010 6

#97360000
0!
02

#97365000
1!
b1001 %
12
b1001 6

#97370000
0!
02

#97375000
1!
b1000 %
12
b1000 6

#97380000
0!
02

#97385000
1!
b111 %
12
b111 6

#97390000
0!
02

#97395000
1!
b110 %
12
b110 6

#97400000
0!
02

#97405000
1!
b101 %
12
b101 6

#97410000
0!
02

#97415000
1!
b100 %
12
b100 6

#97420000
0!
02

#97425000
1!
b11 %
12
b11 6

#97430000
0!
02

#97435000
1!
b10 %
12
b10 6

#97440000
0!
02

#97445000
1!
b1 %
12
b1 6

#97450000
0!
02

#97455000
1!
b0 %
12
b0 6

#97460000
0!
02

#97465000
1!
b1111 %
12
b1111 6

#97470000
0!
02

#97475000
1!
b1110 %
12
b1110 6

#97480000
0!
02

#97485000
1!
b1101 %
12
b1101 6

#97490000
0!
02

#97495000
1!
b1100 %
12
b1100 6

#97500000
0!
02

#97505000
1!
b1011 %
12
b1011 6

#97510000
0!
02

#97515000
1!
b1010 %
12
b1010 6

#97520000
0!
02

#97525000
1!
b1001 %
12
b1001 6

#97530000
0!
02

#97535000
1!
b1000 %
12
b1000 6

#97540000
0!
02

#97545000
1!
b111 %
12
b111 6

#97550000
0!
02

#97555000
1!
b110 %
12
b110 6

#97560000
0!
02

#97565000
1!
b101 %
12
b101 6

#97570000
0!
02

#97575000
1!
b100 %
12
b100 6

#97580000
0!
02

#97585000
1!
b11 %
12
b11 6

#97590000
0!
02

#97595000
1!
b10 %
12
b10 6

#97600000
0!
02

#97605000
1!
b1 %
12
b1 6

#97610000
0!
02

#97615000
1!
b0 %
12
b0 6

#97620000
0!
02

#97625000
1!
b1111 %
12
b1111 6

#97630000
0!
02

#97635000
1!
b1110 %
12
b1110 6

#97640000
0!
02

#97645000
1!
b1101 %
12
b1101 6

#97650000
0!
02

#97655000
1!
b1100 %
12
b1100 6

#97660000
0!
02

#97665000
1!
b1011 %
12
b1011 6

#97670000
0!
02

#97675000
1!
b1010 %
12
b1010 6

#97680000
0!
02

#97685000
1!
b1001 %
12
b1001 6

#97690000
0!
02

#97695000
1!
b1000 %
12
b1000 6

#97700000
0!
02

#97705000
1!
b111 %
12
b111 6

#97710000
0!
02

#97715000
1!
b110 %
12
b110 6

#97720000
0!
02

#97725000
1!
b101 %
12
b101 6

#97730000
0!
02

#97735000
1!
b100 %
12
b100 6

#97740000
0!
02

#97745000
1!
b11 %
12
b11 6

#97750000
0!
02

#97755000
1!
b10 %
12
b10 6

#97760000
0!
02

#97765000
1!
b1 %
12
b1 6

#97770000
0!
02

#97775000
1!
b0 %
12
b0 6

#97780000
0!
02

#97785000
1!
b1111 %
12
b1111 6

#97790000
0!
02

#97795000
1!
b1110 %
12
b1110 6

#97800000
0!
02

#97805000
1!
b1101 %
12
b1101 6

#97810000
0!
02

#97815000
1!
b1100 %
12
b1100 6

#97820000
0!
02

#97825000
1!
b1011 %
12
b1011 6

#97830000
0!
02

#97835000
1!
b1010 %
12
b1010 6

#97840000
0!
02

#97845000
1!
b1001 %
12
b1001 6

#97850000
0!
02

#97855000
1!
b1000 %
12
b1000 6

#97860000
0!
02

#97865000
1!
b111 %
12
b111 6

#97870000
0!
02

#97875000
1!
b110 %
12
b110 6

#97880000
0!
02

#97885000
1!
b101 %
12
b101 6

#97890000
0!
02

#97895000
1!
b100 %
12
b100 6

#97900000
0!
02

#97905000
1!
b11 %
12
b11 6

#97910000
0!
02

#97915000
1!
b10 %
12
b10 6

#97920000
0!
02

#97925000
1!
b1 %
12
b1 6

#97930000
0!
02

#97935000
1!
b0 %
12
b0 6

#97940000
0!
02

#97945000
1!
b1111 %
12
b1111 6

#97950000
0!
02

#97955000
1!
b1110 %
12
b1110 6

#97960000
0!
02

#97965000
1!
b1101 %
12
b1101 6

#97970000
0!
02

#97975000
1!
b1100 %
12
b1100 6

#97980000
0!
02

#97985000
1!
b1011 %
12
b1011 6

#97990000
0!
02

#97995000
1!
b1010 %
12
b1010 6

#98000000
0!
02

#98005000
1!
b1001 %
12
b1001 6

#98010000
0!
02

#98015000
1!
b1000 %
12
b1000 6

#98020000
0!
02

#98025000
1!
b111 %
12
b111 6

#98030000
0!
02

#98035000
1!
b110 %
12
b110 6

#98040000
0!
02

#98045000
1!
b101 %
12
b101 6

#98050000
0!
02

#98055000
1!
b100 %
12
b100 6

#98060000
0!
02

#98065000
1!
b11 %
12
b11 6

#98070000
0!
02

#98075000
1!
b10 %
12
b10 6

#98080000
0!
02

#98085000
1!
b1 %
12
b1 6

#98090000
0!
02

#98095000
1!
b0 %
12
b0 6

#98100000
0!
02

#98105000
1!
b1111 %
12
b1111 6

#98110000
0!
02

#98115000
1!
b1110 %
12
b1110 6

#98120000
0!
02

#98125000
1!
b1101 %
12
b1101 6

#98130000
0!
02

#98135000
1!
b1100 %
12
b1100 6

#98140000
0!
02

#98145000
1!
b1011 %
12
b1011 6

#98150000
0!
02

#98155000
1!
b1010 %
12
b1010 6

#98160000
0!
02

#98165000
1!
b1001 %
12
b1001 6

#98170000
0!
02

#98175000
1!
b1000 %
12
b1000 6

#98180000
0!
02

#98185000
1!
b111 %
12
b111 6

#98190000
0!
02

#98195000
1!
b110 %
12
b110 6

#98200000
0!
02

#98205000
1!
b101 %
12
b101 6

#98210000
0!
02

#98215000
1!
b100 %
12
b100 6

#98220000
0!
02

#98225000
1!
b11 %
12
b11 6

#98230000
0!
02

#98235000
1!
b10 %
12
b10 6

#98240000
0!
02

#98245000
1!
b1 %
12
b1 6

#98250000
0!
02

#98255000
1!
b0 %
12
b0 6

#98260000
0!
02

#98265000
1!
b1111 %
12
b1111 6

#98270000
0!
02

#98275000
1!
b1110 %
12
b1110 6

#98280000
0!
02

#98285000
1!
b1101 %
12
b1101 6

#98290000
0!
02

#98295000
1!
b1100 %
12
b1100 6

#98300000
0!
02

#98305000
1!
b1011 %
12
b1011 6

#98310000
0!
02

#98315000
1!
b1010 %
12
b1010 6

#98320000
0!
02

#98325000
1!
b1001 %
12
b1001 6

#98330000
0!
02

#98335000
1!
b1000 %
12
b1000 6

#98340000
0!
02

#98345000
1!
b111 %
12
b111 6

#98350000
0!
02

#98355000
1!
b110 %
12
b110 6

#98360000
0!
02

#98365000
1!
b101 %
12
b101 6

#98370000
0!
02

#98375000
1!
b100 %
12
b100 6

#98380000
0!
02

#98385000
1!
b11 %
12
b11 6

#98390000
0!
02

#98395000
1!
b10 %
12
b10 6

#98400000
0!
02

#98405000
1!
b1 %
12
b1 6

#98410000
0!
02

#98415000
1!
b0 %
12
b0 6

#98420000
0!
02

#98425000
1!
b1111 %
12
b1111 6

#98430000
0!
02

#98435000
1!
b1110 %
12
b1110 6

#98440000
0!
02

#98445000
1!
b1101 %
12
b1101 6

#98450000
0!
02

#98455000
1!
b1100 %
12
b1100 6

#98460000
0!
02

#98465000
1!
b1011 %
12
b1011 6

#98470000
0!
02

#98475000
1!
b1010 %
12
b1010 6

#98480000
0!
02

#98485000
1!
b1001 %
12
b1001 6

#98490000
0!
02

#98495000
1!
b1000 %
12
b1000 6

#98500000
0!
02

#98505000
1!
b111 %
12
b111 6

#98510000
0!
02

#98515000
1!
b110 %
12
b110 6

#98520000
0!
02

#98525000
1!
b101 %
12
b101 6

#98530000
0!
02

#98535000
1!
b100 %
12
b100 6

#98540000
0!
02

#98545000
1!
b11 %
12
b11 6

#98550000
0!
02

#98555000
1!
b10 %
12
b10 6

#98560000
0!
02

#98565000
1!
b1 %
12
b1 6

#98570000
0!
02

#98575000
1!
b0 %
12
b0 6

#98580000
0!
02

#98585000
1!
b1111 %
12
b1111 6

#98590000
0!
02

#98595000
1!
b1110 %
12
b1110 6

#98600000
0!
02

#98605000
1!
b1101 %
12
b1101 6

#98610000
0!
02

#98615000
1!
b1100 %
12
b1100 6

#98620000
0!
02

#98625000
1!
b1011 %
12
b1011 6

#98630000
0!
02

#98635000
1!
b1010 %
12
b1010 6

#98640000
0!
02

#98645000
1!
b1001 %
12
b1001 6

#98650000
0!
02

#98655000
1!
b1000 %
12
b1000 6

#98660000
0!
02

#98665000
1!
b111 %
12
b111 6

#98670000
0!
02

#98675000
1!
b110 %
12
b110 6

#98680000
0!
02

#98685000
1!
b101 %
12
b101 6

#98690000
0!
02

#98695000
1!
b100 %
12
b100 6

#98700000
0!
02

#98705000
1!
b11 %
12
b11 6

#98710000
0!
02

#98715000
1!
b10 %
12
b10 6

#98720000
0!
02

#98725000
1!
b1 %
12
b1 6

#98730000
0!
02

#98735000
1!
b0 %
12
b0 6

#98740000
0!
02

#98745000
1!
b1111 %
12
b1111 6

#98750000
0!
02

#98755000
1!
b1110 %
12
b1110 6

#98760000
0!
02

#98765000
1!
b1101 %
12
b1101 6

#98770000
0!
02

#98775000
1!
b1100 %
12
b1100 6

#98780000
0!
02

#98785000
1!
b1011 %
12
b1011 6

#98790000
0!
02

#98795000
1!
b1010 %
12
b1010 6

#98800000
0!
02

#98805000
1!
b1001 %
12
b1001 6

#98810000
0!
02

#98815000
1!
b1000 %
12
b1000 6

#98820000
0!
02

#98825000
1!
b111 %
12
b111 6

#98830000
0!
02

#98835000
1!
b110 %
12
b110 6

#98840000
0!
02

#98845000
1!
b101 %
12
b101 6

#98850000
0!
02

#98855000
1!
b100 %
12
b100 6

#98860000
0!
02

#98865000
1!
b11 %
12
b11 6

#98870000
0!
02

#98875000
1!
b10 %
12
b10 6

#98880000
0!
02

#98885000
1!
b1 %
12
b1 6

#98890000
0!
02

#98895000
1!
b0 %
12
b0 6

#98900000
0!
02

#98905000
1!
b1111 %
12
b1111 6

#98910000
0!
02

#98915000
1!
b1110 %
12
b1110 6

#98920000
0!
02

#98925000
1!
b1101 %
12
b1101 6

#98930000
0!
02

#98935000
1!
b1100 %
12
b1100 6

#98940000
0!
02

#98945000
1!
b1011 %
12
b1011 6

#98950000
0!
02

#98955000
1!
b1010 %
12
b1010 6

#98960000
0!
02

#98965000
1!
b1001 %
12
b1001 6

#98970000
0!
02

#98975000
1!
b1000 %
12
b1000 6

#98980000
0!
02

#98985000
1!
b111 %
12
b111 6

#98990000
0!
02

#98995000
1!
b110 %
12
b110 6

#99000000
0!
02

#99005000
1!
b101 %
12
b101 6

#99010000
0!
02

#99015000
1!
b100 %
12
b100 6

#99020000
0!
02

#99025000
1!
b11 %
12
b11 6

#99030000
0!
02

#99035000
1!
b10 %
12
b10 6

#99040000
0!
02

#99045000
1!
b1 %
12
b1 6

#99050000
0!
02

#99055000
1!
b0 %
12
b0 6

#99060000
0!
02

#99065000
1!
b1111 %
12
b1111 6

#99070000
0!
02

#99075000
1!
b1110 %
12
b1110 6

#99080000
0!
02

#99085000
1!
b1101 %
12
b1101 6

#99090000
0!
02

#99095000
1!
b1100 %
12
b1100 6

#99100000
0!
02

#99105000
1!
b1011 %
12
b1011 6

#99110000
0!
02

#99115000
1!
b1010 %
12
b1010 6

#99120000
0!
02

#99125000
1!
b1001 %
12
b1001 6

#99130000
0!
02

#99135000
1!
b1000 %
12
b1000 6

#99140000
0!
02

#99145000
1!
b111 %
12
b111 6

#99150000
0!
02

#99155000
1!
b110 %
12
b110 6

#99160000
0!
02

#99165000
1!
b101 %
12
b101 6

#99170000
0!
02

#99175000
1!
b100 %
12
b100 6

#99180000
0!
02

#99185000
1!
b11 %
12
b11 6

#99190000
0!
02

#99195000
1!
b10 %
12
b10 6

#99200000
0!
02

#99205000
1!
b1 %
12
b1 6

#99210000
0!
02

#99215000
1!
b0 %
12
b0 6

#99220000
0!
02

#99225000
1!
b1111 %
12
b1111 6

#99230000
0!
02

#99235000
1!
b1110 %
12
b1110 6

#99240000
0!
02

#99245000
1!
b1101 %
12
b1101 6

#99250000
0!
02

#99255000
1!
b1100 %
12
b1100 6

#99260000
0!
02

#99265000
1!
b1011 %
12
b1011 6

#99270000
0!
02

#99275000
1!
b1010 %
12
b1010 6

#99280000
0!
02

#99285000
1!
b1001 %
12
b1001 6

#99290000
0!
02

#99295000
1!
b1000 %
12
b1000 6

#99300000
0!
02

#99305000
1!
b111 %
12
b111 6

#99310000
0!
02

#99315000
1!
b110 %
12
b110 6

#99320000
0!
02

#99325000
1!
b101 %
12
b101 6

#99330000
0!
02

#99335000
1!
b100 %
12
b100 6

#99340000
0!
02

#99345000
1!
b11 %
12
b11 6

#99350000
0!
02

#99355000
1!
b10 %
12
b10 6

#99360000
0!
02

#99365000
1!
b1 %
12
b1 6

#99370000
0!
02

#99375000
1!
b0 %
12
b0 6

#99380000
0!
02

#99385000
1!
b1111 %
12
b1111 6

#99390000
0!
02

#99395000
1!
b1110 %
12
b1110 6

#99400000
0!
02

#99405000
1!
b1101 %
12
b1101 6

#99410000
0!
02

#99415000
1!
b1100 %
12
b1100 6

#99420000
0!
02

#99425000
1!
b1011 %
12
b1011 6

#99430000
0!
02

#99435000
1!
b1010 %
12
b1010 6

#99440000
0!
02

#99445000
1!
b1001 %
12
b1001 6

#99450000
0!
02

#99455000
1!
b1000 %
12
b1000 6

#99460000
0!
02

#99465000
1!
b111 %
12
b111 6

#99470000
0!
02

#99475000
1!
b110 %
12
b110 6

#99480000
0!
02

#99485000
1!
b101 %
12
b101 6

#99490000
0!
02

#99495000
1!
b100 %
12
b100 6

#99500000
0!
02

#99505000
1!
b11 %
12
b11 6

#99510000
0!
02

#99515000
1!
b10 %
12
b10 6

#99520000
0!
02

#99525000
1!
b1 %
12
b1 6

#99530000
0!
02

#99535000
1!
b0 %
12
b0 6

#99540000
0!
02

#99545000
1!
b1111 %
12
b1111 6

#99550000
0!
02

#99555000
1!
b1110 %
12
b1110 6

#99560000
0!
02

#99565000
1!
b1101 %
12
b1101 6

#99570000
0!
02

#99575000
1!
b1100 %
12
b1100 6

#99580000
0!
02

#99585000
1!
b1011 %
12
b1011 6

#99590000
0!
02

#99595000
1!
b1010 %
12
b1010 6

#99600000
0!
02

#99605000
1!
b1001 %
12
b1001 6

#99610000
0!
02

#99615000
1!
b1000 %
12
b1000 6

#99620000
0!
02

#99625000
1!
b111 %
12
b111 6

#99630000
0!
02

#99635000
1!
b110 %
12
b110 6

#99640000
0!
02

#99645000
1!
b101 %
12
b101 6

#99650000
0!
02

#99655000
1!
b100 %
12
b100 6

#99660000
0!
02

#99665000
1!
b11 %
12
b11 6

#99670000
0!
02

#99675000
1!
b10 %
12
b10 6

#99680000
0!
02

#99685000
1!
b1 %
12
b1 6

#99690000
0!
02

#99695000
1!
b0 %
12
b0 6

#99700000
0!
02

#99705000
1!
b1111 %
12
b1111 6

#99710000
0!
02

#99715000
1!
b1110 %
12
b1110 6

#99720000
0!
02

#99725000
1!
b1101 %
12
b1101 6

#99730000
0!
02

#99735000
1!
b1100 %
12
b1100 6

#99740000
0!
02

#99745000
1!
b1011 %
12
b1011 6

#99750000
0!
02

#99755000
1!
b1010 %
12
b1010 6

#99760000
0!
02

#99765000
1!
b1001 %
12
b1001 6

#99770000
0!
02

#99775000
1!
b1000 %
12
b1000 6

#99780000
0!
02

#99785000
1!
b111 %
12
b111 6

#99790000
0!
02

#99795000
1!
b110 %
12
b110 6

#99800000
0!
02

#99805000
1!
b101 %
12
b101 6

#99810000
0!
02

#99815000
1!
b100 %
12
b100 6

#99820000
0!
02

#99825000
1!
b11 %
12
b11 6

#99830000
0!
02

#99835000
1!
b10 %
12
b10 6

#99840000
0!
02

#99845000
1!
b1 %
12
b1 6

#99850000
0!
02

#99855000
1!
b0 %
12
b0 6

#99860000
0!
02

#99865000
1!
b1111 %
12
b1111 6

#99870000
0!
02

#99875000
1!
b1110 %
12
b1110 6

#99880000
0!
02

#99885000
1!
b1101 %
12
b1101 6

#99890000
0!
02

#99895000
1!
b1100 %
12
b1100 6

#99900000
0!
02

#99905000
1!
b1011 %
12
b1011 6

#99910000
0!
02

#99915000
1!
b1010 %
12
b1010 6

#99920000
0!
02

#99925000
1!
b1001 %
12
b1001 6

#99930000
0!
02

#99935000
1!
b1000 %
12
b1000 6

#99940000
0!
02

#99945000
1!
b111 %
12
b111 6

#99950000
0!
02

#99955000
1!
b110 %
12
b110 6

#99960000
0!
02

#99965000
1!
b101 %
12
b101 6

#99970000
0!
02

#99975000
1!
b100 %
12
b100 6

#99980000
0!
02

#99985000
1!
b11 %
12
b11 6

#99990000
0!
02

#99995000
1!
b10 %
12
b10 6

#100000000
0!
02

#100005000
1!
b1 %
12
b1 6

#100010000
0!
02

#100015000
1!
b0 %
12
b0 6

#100020000
0!
b0 $
02
b0 5

#100025000
1!
b1111 %
12
b1111 6

#100030000
0!
02

#100035000
1!
b1110 %
12
b1110 6

#100040000
0!
02

#100045000
1!
b1101 %
12
b1101 6

#100050000
0!
02

#100055000
1!
b1100 %
12
b1100 6

#100060000
0!
02

#100065000
1!
b1011 %
12
b1011 6

#100070000
0!
02

#100075000
1!
b1010 %
12
b1010 6

#100080000
0!
02

#100085000
1!
b1001 %
12
b1001 6

#100090000
0!
02

#100095000
1!
b1000 %
12
b1000 6

#100100000
0!
02

#100105000
1!
b111 %
12
b111 6

#100110000
0!
02

#100115000
1!
b110 %
12
b110 6

#100120000
0!
02

#100125000
1!
b101 %
12
b101 6

#100130000
0!
02

#100135000
1!
b100 %
12
b100 6

#100140000
0!
02

#100145000
1!
b11 %
12
b11 6

#100150000
0!
02

#100155000
1!
b10 %
12
b10 6

#100160000
0!
02

#100165000
1!
b1 %
12
b1 6

#100170000
0!
02

#100175000
1!
b0 %
12
b0 6

#100180000
0!
02

#100185000
1!
b1111 %
12
b1111 6

#100190000
0!
02

#100195000
1!
b1110 %
12
b1110 6

#100200000
0!
02

#100205000
1!
b1101 %
12
b1101 6

#100210000
0!
02

#100215000
1!
b1100 %
12
b1100 6

#100220000
0!
02

#100225000
1!
b1011 %
12
b1011 6

#100230000
0!
02

#100235000
1!
b1010 %
12
b1010 6

#100240000
0!
02

#100245000
1!
b1001 %
12
b1001 6

#100250000
0!
02

#100255000
1!
b1000 %
12
b1000 6

#100260000
0!
02

#100265000
1!
b111 %
12
b111 6

#100270000
0!
02

#100275000
1!
b110 %
12
b110 6

#100280000
0!
02

#100285000
1!
b101 %
12
b101 6

#100290000
0!
02

#100295000
1!
b100 %
12
b100 6

#100300000
0!
02

#100305000
1!
b11 %
12
b11 6

#100310000
0!
02

#100315000
1!
b10 %
12
b10 6

#100320000
0!
02

#100325000
1!
b1 %
12
b1 6

#100330000
0!
02

#100335000
1!
b0 %
12
b0 6

#100340000
0!
02

#100345000
1!
b1111 %
12
b1111 6

#100350000
0!
02

#100355000
1!
b1110 %
12
b1110 6

#100360000
0!
02

#100365000
1!
b1101 %
12
b1101 6

#100370000
0!
02

#100375000
1!
b1100 %
12
b1100 6

#100380000
0!
02

#100385000
1!
b1011 %
12
b1011 6

#100390000
0!
02

#100395000
1!
b1010 %
12
b1010 6

#100400000
0!
02

#100405000
1!
b1001 %
12
b1001 6

#100410000
0!
02

#100415000
1!
b1000 %
12
b1000 6

#100420000
0!
02

#100425000
1!
b111 %
12
b111 6

#100430000
0!
02

#100435000
1!
b110 %
12
b110 6

#100440000
0!
02

#100445000
1!
b101 %
12
b101 6

#100450000
0!
02

#100455000
1!
b100 %
12
b100 6

#100460000
0!
02

#100465000
1!
b11 %
12
b11 6

#100470000
0!
02

#100475000
1!
b10 %
12
b10 6

#100480000
0!
02

#100485000
1!
b1 %
12
b1 6

#100490000
0!
02

#100495000
1!
b0 %
12
b0 6

#100500000
0!
02

#100505000
1!
b1111 %
12
b1111 6

#100510000
0!
02

#100515000
1!
b1110 %
12
b1110 6

#100520000
0!
02

#100525000
1!
b1101 %
12
b1101 6

#100530000
0!
02

#100535000
1!
b1100 %
12
b1100 6

#100540000
0!
02

#100545000
1!
b1011 %
12
b1011 6

#100550000
0!
02

#100555000
1!
b1010 %
12
b1010 6

#100560000
0!
02

#100565000
1!
b1001 %
12
b1001 6

#100570000
0!
02

#100575000
1!
b1000 %
12
b1000 6

#100580000
0!
02

#100585000
1!
b111 %
12
b111 6

#100590000
0!
02

#100595000
1!
b110 %
12
b110 6

#100600000
0!
02

#100605000
1!
b101 %
12
b101 6

#100610000
0!
02

#100615000
1!
b100 %
12
b100 6

#100620000
0!
02

#100625000
1!
b11 %
12
b11 6

#100630000
0!
02

#100635000
1!
b10 %
12
b10 6

#100640000
0!
02

#100645000
1!
b1 %
12
b1 6

#100650000
0!
02

#100655000
1!
b0 %
12
b0 6

#100660000
0!
02

#100665000
1!
b1111 %
12
b1111 6

#100670000
0!
02

#100675000
1!
b1110 %
12
b1110 6

#100680000
0!
02

#100685000
1!
b1101 %
12
b1101 6

#100690000
0!
02

#100695000
1!
b1100 %
12
b1100 6

#100700000
0!
02

#100705000
1!
b1011 %
12
b1011 6

#100710000
0!
02

#100715000
1!
b1010 %
12
b1010 6

#100720000
0!
02

#100725000
1!
b1001 %
12
b1001 6

#100730000
0!
02

#100735000
1!
b1000 %
12
b1000 6

#100740000
0!
02

#100745000
1!
b111 %
12
b111 6

#100750000
0!
02

#100755000
1!
b110 %
12
b110 6

#100760000
0!
02

#100765000
1!
b101 %
12
b101 6

#100770000
0!
02

#100775000
1!
b100 %
12
b100 6

#100780000
0!
02

#100785000
1!
b11 %
12
b11 6

#100790000
0!
02

#100795000
1!
b10 %
12
b10 6

#100800000
0!
02

#100805000
1!
b1 %
12
b1 6

#100810000
0!
02

#100815000
1!
b0 %
12
b0 6

#100820000
0!
02

#100825000
1!
b1111 %
12
b1111 6

#100830000
0!
02

#100835000
1!
b1110 %
12
b1110 6

#100840000
0!
02

#100845000
1!
b1101 %
12
b1101 6

#100850000
0!
02

#100855000
1!
b1100 %
12
b1100 6

#100860000
0!
02

#100865000
1!
b1011 %
12
b1011 6

#100870000
0!
02

#100875000
1!
b1010 %
12
b1010 6

#100880000
0!
02

#100885000
1!
b1001 %
12
b1001 6

#100890000
0!
02

#100895000
1!
b1000 %
12
b1000 6

#100900000
0!
02

#100905000
1!
b111 %
12
b111 6

#100910000
0!
02

#100915000
1!
b110 %
12
b110 6

#100920000
0!
02

#100925000
1!
b101 %
12
b101 6

#100930000
0!
02

#100935000
1!
b100 %
12
b100 6

#100940000
0!
02

#100945000
1!
b11 %
12
b11 6

#100950000
0!
02

#100955000
1!
b10 %
12
b10 6

#100960000
0!
02

#100965000
1!
b1 %
12
b1 6

#100970000
0!
02

#100975000
1!
b0 %
12
b0 6

#100980000
0!
02

#100985000
1!
b1111 %
12
b1111 6

#100990000
0!
02

#100995000
1!
b1110 %
12
b1110 6

#101000000
0!
02

#101005000
1!
b1101 %
12
b1101 6

#101010000
0!
02

#101015000
1!
b1100 %
12
b1100 6

#101020000
0!
02
